Question,Gold Answer,minirag
When was the first time Li Hua had dinner with Wolfgang this year?,20260108,"The first recorded instance of Li Hua and Wolfgang having dinner together this year is detailed in Source 4, which mentions their dinner plans for May 14th at 22:00. In this conversation, Wolfgang suggests a restaurant they both love, and Li Hua expresses enthusiasm about the possibility of revisiting their favorite dining spot. This interaction indicates the earliest known dinner date between Li Hua and Wolfgang this year."
Did Adam Smith send Li Hua a reminder about the upcoming rent due date before Li Hua sent a message about having already transferred the rent on 20260301?,Yes,"No reminders were found in the records for the rent due date before Li Hua confirmed that she had already transferred the rent on March 1, 2026. The first record mentioning rent transfer occurs in the message dated March 1, 2026, at 10:00 AM. This indicates that there was no previous reminder sent by Adam Smith regarding the rent due date prior to Li Hua's confirmation of the payment."
Which game does Ileana mention for its unique world and storytelling?,Horizon Zero Dawn,"Ileana mentions ""Horizon Forbidden West"" for its unique world and storytelling. She describes how the stunning graphics and engaging storyline make the game immersive and highlights the engaging narrative and challenging gameplay mechanics."
What new flavor is LiHua looking for as he mentions to Hailey in their conversation on 20260714?,a matcha flavor,"In their conversation on July 14th, 2026 (Time: 20260714_12:00), LiHua expresses his interest in trying a new flavor, specifically mentioning a matcha flavor. This is highlighted in the following exchange:HaileyJohnson: Hey Li Hua! 🌟 Just wanted to check in and see what you thought about the new pastries - the sprinkled cake donuts and red velvet New York cheesecake. Your feedback really helps! 🍩🍰LiHua: Hey Hailey! I tried the sprinkled cake donuts and they were amazing! So soft and sweet. The red velvet cheesecake was rich and delicious too. Great job as always! Can’t wait for more! 😊HaileyJohnson: Yay! So glad to hear you loved them! 🎉 It really means a lot. If you have any other suggestions or flavors you'd like to see, let me know! Always looking to innovate for my customers! 🍽️💕LiHua: Will do! I’m always on the lookout for something new. Maybe a matcha flavor next time? That could be fun! 🍵✨HaileyJohnson: Love that idea! Matcha would be a fantastic twist! I'll definitely put that on my list for the next batch. Thanks for the suggestion! 💚👩‍🍳Therefore, LiHua is seeking a matcha-flavored item to try as part of his ongoing feedback and exploration of new flavors."
Which game's narrative does Bronwyn appreciate for its father-son dynamic?,God of War,"Based on the discussions in the conversations, Bronwyn appreciates the narrative of ""Detroit: Become Human"" for its father-son dynamic. Bronwyn emphasizes the intricate relationship between the two main characters, highlighting how their bond is explored through various moral choices and the consequences of those choices. She notes that the game allows for different storylines based on player decisions, creating a rich and layered narrative that resonates deeply with her. This approach to storytelling not only provides variety but also deepens the emotional connection with the characters, as evidenced by her reaction to the branching narratives and the moral dilemmas presented."
When did Li Hua inform Adam Smith that the rent was transferred?,20260301_10:00,"According to the records, Li Hua informed Adam Smith that the rent had been transferred multiple times. Specifically, on April 29th at 18:00, Li Hua stated, ""I've already transferred the rent through bank transfer. Let me know if you need anything else!"" This indicates that Li Hua updated Adam Smith about the rent transfer on April 29th. On February 27th at 18:30, Li Hua also mentioned transferring the rent, saying, ""I've transferred the rent. Sorry for the delay!"" This shows another instance of Li Hua informing Adam Smith about the rent transfer. Thus, the rent transfer notifications occurred on April 29th and February 27th."
What does Farrah admire about Rodri's play?,His ability to break up opposition plays and transition the ball,"Based on the dialogue provided, Farrah specifically praises Rodri's standout performance in the midfield, highlighting his significant contribution to Manchester City's momentum and strategic approach. This indicates that Farrah admires Rodri's skillful play and his crucial role in the team's success."
What did Li Hua enjoy the most about the restaurant that he and Wolfgang visited for dinner on 20260514?,The pasta dish and the dessert,"Based on the conversation, Li Hua enjoyed several aspects of the restaurant they visited on 20260514. He particularly appreciated the pasta dish he had, calling it ""amazing"" and saying he ""couldn't get enough of that pasta dish."" Additionally, he complimented the dessert, noting it was ""a nice treat too!"" However, the most detailed and positive comment came from Wolfgang, who said the pasta ""sounds amazing"" and he really liked the steak he had there. So, while Li Hua had positive reactions to multiple items, his standout enjoyment appears to be the pasta, which he seemed to particularly appreciate."
What is Wolfgang's preference for a burger patty's doneness?,well-done,"Based on the conversation between Wolfgang and LiHua, Wolfgang's preference for a burger patty's doneness leans towards well-done rather than medium rare. Wolfgang explains, ""I get the point of medium rare, but I think well-done is just safer and more flavorful."" However, he acknowledges that LiHua has a different preference for a juicier and more flavorful texture, which she enjoys in a medium rare patty. This indicates that while Wolfgang prefers a well-done patty, he respects LiHua's taste preferences as well."
What does LiHua say Cersei's power came at the price of?,Meaningful connections,"According to LiHua, Cersei's power came at the price of meaningful connections. This sentiment aligns with several points made in the discussion, including the idea that Cersei's choices led to her becoming isolated and that her need for control often caused her to push away those who cared about her. LiHua seems to believe that Cersei had the opportunity to build alliances, particularly with characters like Olenna Tyrell, but she chose a different path. This suggests that while Cersei may have had the potential to wield power effectively and maintain meaningful relationships, her focus on maintaining control and her reluctance to form genuine connections ultimately led to her isolation and downfall."
"What is Aisling's opinion on using traps in ""Octopath Traveler""?",They are a game changer,"In the discussions about strategies in ""Octopath Traveler,"" Aisling expressed enthusiasm for using traps. She stated, ""Traps are such a game changer! I’ve set up a few ambushes that worked out really well. I love the strategy it adds to the battles!"" This indicates that Aisling believes traps are a valuable addition to the gameplay, offering strategic depth and enhancing the overall experience."
Who offers to help with setting up for the garage sale?,AdamSmith,"In the discussion about the garage sale, AdamSmith offered to help with setting up for the event. Specifically, he mentioned, ""By the way, if anyone needs help with setting up for the garage sale, just let me know! I’d be happy to lend a hand."" This indicates that AdamSmith was willing to assist with any preparations required for the garage sale, which was a community event aimed at decluttering and connecting with the neighborhood."
What type of gameplay does Jareth enjoy after a big challenge?,Relaxing gameplay,"After a significant challenge, Jareth enjoys experimenting with different combinations of abilities during combat scenarios. He finds the potential for creative and satisfying outcomes to be very appealing. Jareth envisions a scenario where he might combine a water-based ability to create a pool, followed by casting an electric attack to electrify all the enemies within that area. This combination would not only be visually striking but also incredibly satisfying, leading to epic moments in the game. Such a dynamic and interactive combat experience would encourage him to continue exploring and refining his strategic approaches, adding excitement and engagement to the gameplay."
What does Emily think will happen next in the series in terms of story development?,The stakes will rise and alliances will evolve,"In the discussions regarding the future developments of the series, Emily Burnett expresses enthusiasm for the potential twists and turns that could shape the narrative. She is particularly interested in scenarios where new characters or factions emerge to challenge the established characters, such as Maeve and Dolores. Emily finds this idea thrilling, as it would introduce fresh dynamics and philosophical questions about freedom and choice, which could lead to impactful character decisions and complex plot developments. Additionally, she is eager to explore the consequences of the humans' actions and the emotional fallout that these decisions may cause, which could add depth and drama to the story. Emily believes that such twists and turns would captivate viewers, keeping them engaged with the drama and character evolution, and that the show's ability to blend action with deep character development and philosophical discussions is what truly makes it compelling."
What does Li Hua think about improvisation during the jam session?,Improvisation sounds great,"In the conversations recorded, Li Hua expresses enthusiasm for improvisation during the jam sessions. During one of the discussions, Li Hua mentions that they often bring ""inspiration"" to the sessions, suggesting that improvisation is a significant part of their musical process. Additionally, in another conversation, Li Hua indicates that they were ""jamming to some bass lines I found the other day,"" indicating that improvisational playing is a regular activity for them. Li Hua also seems eager to share these improvisations with the group, stating, ""I can already imagine us jamming to those with added jazz elements!"" This enthusiasm for improvisation underscores Li Hua's active participation and contribution to the musical sessions."
What were the specific requirements that the customers modified and how did Li Hua respond to each change?,Insufficient information,"In the conversations documented, there are several instances where customers requested modifications or adjustments to various aspects of their services or products. Firstly, in the interaction between Adam Smith and Li Hua on July 26th, Adam mentioned needing to discuss the warranty and maintenance plans for an air conditioner. Adam requested a meeting to discuss these matters further. Li Hua responded positively, stating she had reviewed the plans and found them acceptable but noted a few questions she had. She set a meeting time with Adam to discuss the specifics, indicating her willingness to address his concerns promptly.Secondly, Adam reminded Li Hua about the upcoming rent payments on January 27th. He reminded her that the rent was due soon and suggested discussing any payment options or addressing any questions she might have. Li Hua acknowledged the reminder and assured Adam that everything was in order on her end. She offered to contact him if any issues arose and thanked him for the offer. This interaction shows Li Hua's proactive approach to managing rental payments and her commitment to keeping her financial obligations clear.Lastly, in the interaction between Yuriko Yamamoto and Li Hua on July 26th, Yuriko requested assistance in designing a user feedback section on her studio homepage. She proposed including a simple form for users to submit comments or suggestions and a star rating system. Li Hua enthusiastically agreed to help and suggested adding testimonials as well. Li Hua confirmed that she would implement these features and also asked about any specific color schemes or design preferences Yuriko had in mind. Yuriko specified that she preferred a soft and calming color scheme, such as pastel colors, and expressed her desire to have the feedback section ready by the end of the following week. Li Hua agreed to work on the project and sent Yuriko a preview of the completed section once it was ready.In summary, Li Hua responded to each customer's request with a positive attitude and demonstrated her willingness to assist with modifications and improvements. Her responses were timely, professional, and reflected her dedication to meeting the needs of her clients."
What does ChaeSong-hwa suggest binaural tones could enhance?,The sound and listening experience for their audience,"In the discussions recorded, ChaeSong-hwa suggests that binaural tones could potentially enhance their sound and create a unique listening experience for their audience. He proposes experimenting with binaural tones during their next jam session, indicating that he believes these tones could add a new dimension to their music. Specifically, ChaeSong-hwa mentions that he and his fellow musicians could incorporate binaural tones into their practice and see how it transforms their original compositions, suggesting a fresh and innovative approach to their music."
Did Wolfgang ask Li Hua if she wants to have pizza for dinner after work today before he wondered if she wanted to have Sichuan hot pot for dinner tonight?,No,"Based on the information provided, Wolfgang did not ask Li Hua about her preferences for dinner options before suggesting either Sichuan hot pot or pizza. In the conversation regarding the Sichuan hot pot dinner, Wolfgang directly asks Li Hua about the timing and mentions that ""Sichuan is my fave,"" indicating that this suggestion was made independently without prior discussion about her preference for the cuisine. On the other hand, the conversation about the pizza dinner includes Wolfgang asking Li Hua about her favorite pizza place, and they discuss potential times and locations for the dinner. Thus, Wolfgang did not inquire about Li Hua's preference for Sichuan hot pot before proposing it as an option."
What does Sova plan to do to keep their cardio interesting?,Sova plans to mix it up with different types of cardio exercises,"In the conversation, Sova expresses that she always tries to remind herself of the progress being made collectively. This indicates that she likely plans to focus on maintaining a positive mindset and staying motivated as part of a supportive community. Additionally, Sova suggests setting gradual weight increases as a strategy to track progress and maintain motivation. She proposes that the group could set a target and support each other in achieving these goals, suggesting that Sova plans to keep her workouts fresh and interesting by challenging herself with consistent and achievable targets."
Who informs LiHua that the new software is almost done?,WolfgangSchulz,"In the conversation recorded under ID 1, WolfgangSchulz informs LiHua that the new software he has been working on is almost complete. He expresses excitement about LiHua getting to try it out once it is ready. Specifically, WolfgangSchulz says, ""Hey! Just wanted to let you know that the new software I’ve been working on is almost done. Can’t wait for you to try it out! 🎉"" LiHua responds positively, indicating enthusiasm for testing the software, saying, ""That sounds awesome! I'm really excited to check it out. Let me know when it's ready! 😄"""
What new components are being added to the garden project as Turalyon announces it on 20260806?,incorporating sustainable practices like recycling and composting into our renovation project,"On August 6th, 2026, Turalyon announced several new components for the community garden project. Specifically, he mentioned plans to add pathways within the garden layout to improve navigation and create a more pleasant flow throughout the space. Additionally, he suggested incorporating vibrant flower beds along the pathways to enhance visual appeal and make the area more inviting. These additions align with previous discussions where Rexxar Remar had proposed adding colorful flower beds along the pathways, which were met with approval by Turalyon and others. Furthermore, Turalyon emphasized the importance of considering seating areas near the flower beds for people to relax and enjoy the view, which was also supported by Arthas Menethil. Overall, these new components aim to transform the garden into a more functional and aesthetically pleasing space."
When is the construction of the garden supposed to start?,This Wednesday (20260520),"According to the information provided, construction on the garden renovation project is set to begin on Wednesday, as indicated by a message from Turalyon on May 18th, 2026 at 10:00 AM. This is the earliest start date for the construction phase of the garden renovation."
What does JenniferMoore congratulate LiHua for pn 20261022?,for pushing his limits with the planks this week,"In the conversation recorded on 20261022, JenniferMoore congratulates LiHua for smashing her pull-up personal record. She expresses her pride in LiHua's hard work and dedication, highlighting that she's seen many clients transform their lives through consistent effort. Jennifer encourages LiHua to continue pushing herself and reminds her that every little step counts."
Did Chae tell Li Hua that taking a warm shower before sleeping can improve the sleep quality before sharing the neuroscience article with her?,No,"In the conversation recorded on 20260926_10:30, ChaeSong-hwa informs LiHua about a scientific fact related to taking a warm shower before sleeping, stating, ""Hey Li Hua! Do you know that taking a warm shower before sleeping can improve the sleep quality? It’s amazing how much it helps! A nice warm shower really can really make a difference. 🌙🛁"". However, this exchange precedes his discussion about human memory formation and does not occur prior to the time mentioned in the question (20261218_18:00). Therefore, the answer is no, ChaeSong-hwa did not share this information about the warm shower with LiHua before discussing the article on human memory formation."
Which character does LiHua mention as their favorite and describe as inspiring?,Galadriel,"In the conversations recorded, LiHua expresses admiration for the character of Galadriel from the game ""Read Dead Redemption 2."" LiHua describes Galadriel as a character whose strength and determination are particularly inspiring, noting that she exhibits both strength and a sense of purpose in a manner that contrasts with her role as a leader. LiHua finds Galadriel's complex and multifaceted nature to be both intriguing and motivating."
What is LiHua's suggestion regarding pizza places?,to check out the new downtown place,"In one of the conversations, WolfgangSchulz asks LiHua what kind of pizza is his favorite. LiHua replies that he is a big fan of pepperoni pizza, appreciating its spiciness and extra cheese. However, the conversation does not detail any suggestions or preferences for pizza places. LiHua mentions that he loves having a refreshing lemonade with pizza, indicating a preference for pairing pizza with lemonade, but no specific pizza place is mentioned or discussed."
What joke does Wolfgang make as an April Fool's joke?,That Wolfgang bought a set of expensive drums,"On April Fool's Day, Wolfgang makes a playful joke by buying a set of expensive drums and jokingly claiming he has purchased them as a surprise gift. However, this turns out to be a prank as it is revealed to be an April Fool's joke. This humorous prank is detailed in the conversation between Wolfgang and LiHua, where LiHua was taken aback when Wolfgang announced his purchase, mistaking it for a genuine gift."
What does Li Hua want to have on Hailey's bakery shop anniversary event?,Sourdough and sweet pastries,"During Hailey's Bakery's anniversary event, which took place from April 15 to 17, Li Hua expressed a preference for the bakery's sourdough bread, stating, ""Oh, I love sourdough! Hope you have that!"" Additionally, Li Hua suggested adding some sweet pastries to complement the savory offerings. Li Hua clearly had high expectations for the event, wanting to enjoy both the newly introduced bread products and pastries, particularly the sourdough and sweet pastries."
What color did Li Hua decide to paint the walls of the basement after completing the renovation?,Insufficient information,"There is no information provided in the given data regarding which color Li Hua decided to paint the walls of the basement after the renovation. The conversation focuses primarily on logistical matters such as rent payments, basement usage, and the installation of curtains and sound-insulating pads. There is no mention of any decorative choices made for the basement interior."
When did Li Hua receive the curtains?,Yesterday (implied to be 20261011),"According to the conversation, Li Hua received the curtains ""yesterday"" when Adam Smith mentioned, ""I really like the patterns! And by the way, I have received it yesterday!"" However, the exact date of receipt is not specified in the given conversation."
"Did Wolfgang ask Li Hua about watching ""Star Wars: A New Hope"" after he asked Li Hua about going to see ""Overwatch 3""?",Yes,"In the conversations provided, Wolfgang does not specifically inquire about Li Hua watching ""Star Wars: A New Hope"" after asking about ""Overwatch 3"". Instead, Wolfgang mentions inviting Li Hua to watch ""Star Wars: A New Hope"" at his place after work, stating, ""Hey LiHua! Wanna hang out after work?"" and then adding, ""For sure! I'm down for it. What day are you thinking?"" This invitation comes after Wolfgang asks Li Hua if they want to watch ""Overwatch 3"" together, indicating that ""Overwatch 3"" was the initial topic of discussion. Therefore, Wolfgang did not ask Li Hua about watching ""Star Wars: A New Hope"" following his inquiry about ""Overwatch 3""."
What does Li Hua think about the rosemary focaccia?,Li Hua thinks the rosemary focaccia is amazing,"Li Hua expressed strong satisfaction with the rosemary focaccia. In a previous interaction, she explicitly stated, ""The rosemary focaccia was amazing! Loved the flavor and the texture. Definitely a hit!"" Furthermore, she went on to express her eagerness for more of the same, saying, ""I can’t wait to try more!"" This indicates that Li Hua thoroughly enjoyed the bread and is keen on trying more of the same variety from HaileyJohnson."
What is the topic of the online tutorial Yuriko shares with the group?,Advanced drum techniques,"In the conversation recorded on 20260825_10:45, ChaeSong-hwa recommends a ""super cool music theory tutorial"" that could help improve their skills. WolfgangSchulz expresses enthusiasm for learning from this tutorial, saying, ""I’m definitely down to check it out! Let’s up our game for the next jam session."" LiHua agrees, stating, ""Sounds great! Always looking to improve our sound."" It seems that the topic of the music theory tutorial is aimed at enhancing musical skills, likely covering various aspects of music theory that could be applied to their performances. Yuriko is also excited about the opportunity to learn new skills, saying, ""Learning some new skills could really bring fresh ideas for our sets."" Therefore, the topic of the online tutorial that Yuriko shares with the group pertains to music theory."
Which game does Helios suggest for tactical fun with a great story and character development?,Fire Emblem,"Based on the information provided, Helios suggests several games that fit the criteria of offering tactical gameplay with a strong storyline and character development. Specifically, Helios recommends ""Fire Emblem"" for its strategy elements and rich character development, as well as ""Persona 5 Royal,"" which combines RPG elements with social simulation, providing a unique and engaging narrative. Additionally, Helios mentions ""XCOM 2"" as another game with tactical gameplay that is highly strategic and rewarding. Therefore, among the games Helios discusses, ""Fire Emblem"" stands out as one that combines excellent character development and a compelling storyline with tactical gameplay."
What does LiHua want to know about WolfgangSchulz's pizza preference?,his favorite place for pizza,"In the conversations recorded, WolfgangSchulz expresses his preference for a classic margherita pizza, noting its simplicity and deliciousness. However, LiHua shares her own preferences, stating she is a fan of pepperoni pizza due to its spiciness and extra cheese. This indicates that WolfgangSchulz's favorite type of pizza is a classic margherita, while LiHua prefers pepperoni pizza. Neither person appears to have a strong desire to change their preferences, suggesting they both appreciate the distinct qualities of their preferred pizza styles."
What is Li Hua's preference for a burger patty's doneness?,Medium rare,"In the conversation recorded on August 28, 2026, at 10:00 AM, Li Hua expresses her preference for a medium-rare patty, describing it as where ""all the flavor is for me."" This indicates that Li Hua enjoys the juicy texture associated with a medium-rare patty. However, Wolfgang Schulz holds a different opinion, favoring a well-done patty for safety and additional flavor. This preference highlights the personal nature of food preferences and the differing opinions on ideal cooking temperatures for burgers."
How many times does Li Hua train per week now?,2,"Based on the conversations provided, there is no explicit mention of Li Hua's current training frequency. However, it appears that Jennifer Moore proposed a twice-weekly training plan for Li Hua, suggesting a change from whatever previous schedule she had. From the last interaction provided, Jennifer suggests a training session on Tuesdays and Thursdays. Therefore, according to the data given, Li Hua is now scheduled to train twice a week. Without additional information, we cannot determine if this represents a change from her previous schedule."
What does Bronwyn think about the idea of stealth missions?,it will be all about timing and communication,"Bronwyn expresses enthusiasm for the concept of stealth missions. She notes that having speed boosts would be particularly appealing, as they can significantly aid in avoiding enemy detection during combat scenarios. Bronwyn emphasizes that stealth mechanics can introduce a fresh layer of gameplay, allowing for strategic approaches to evade enemies and potentially execute surprise attacks. This could lead to both humorous and thrilling moments depending on the execution, enhancing the overall experience. She acknowledges that stealth missions would require careful planning and coordination within a team, highlighting the necessity for clear role assignments and effective communication to achieve success. Bronwyn looks forward to the possibility of immersive stealth gameplay, believing it could result in memorable and satisfying experiences, especially when played cooperatively with friends."
How does LiHua feel about the soreness in their arm muscles?,It feels good and they are ready for the next session,"Based on the discussions in the conversations, LiHua expresses varying levels of soreness in their arm muscles after their workouts. Initially, in a conversation dated 20261008_14:00, LiHua mentions they are ""a bit sore"" after their bench press session with Jennifer Moore. However, in another conversation from 20261211_11:00, LiHua reports feeling soreness after their recent workout and seeks tips from Jennifer Moore on relieving soreness. In yet another conversation from 20260206_16:00, LiHua asks for tips on dealing with muscle soreness after their workouts. These instances suggest that LiHua experiences soreness after their training sessions and seeks advice on managing it effectively."
What was the final match score of the 2025 UEFA Champions League final?,Insufficient information,"There is no information provided about the 2025 UEFA Champions League final in the given data. The available data only contains details about matches and events related to the 2011 Champions League Final, the 2013 UEFA Champions League match where Barcelona lost 4-0, the 2015 UEFA Champions League match where Barcelona won 7-1, and other discussions related to football clubs like Barcelona, Real Madrid, and Bayern Munich. Therefore, the score of the 2025 UEFA Champions League final cannot be determined from the provided information."
What time does LiHua propose for dinner on 20260930?,7 pm,"According to the events listed, on 20260930_16:00, LiHua and WolfgangSchulz arrange to meet for dinner at 6:00 PM. They also decide to go to a new burger place before heading to the event."
When is the anniversary event of Hailey Johnson's bakery shop?,April 15 to 17,"The anniversary event for Hailey Johnson's bakery shop is scheduled from April 15 to 17. This information is derived from the first entry in the conversation history, which mentions, ""Time: 20260413_21:00"" alongside the celebratory tone and details related to the event."
What moment does Rowan find mind-blowing in Arya's storyline?,When Arya confronts and takes down the Night King,"According to the data provided, Rowan finds the moment Arya Stark confronts the Night King and defeats him to be mind-blowing. This moment highlights Arya's significant character growth and showcases her skills effectively. Additionally, Rowan mentions that this confrontation was particularly unexpected and impactful."
Why does LiHua bring up Adam Smith in the band's conversation on 20260616?,LiHua thinks it is really nice for Mr. Smith to rent this basement to us for practice,"In the conversation on 20260616, LiHua brings up Adam Smith by asking him about the possibility of Adam joining the band as a potential volunteer for the community emergency response team. This suggests that LiHua sees Adam Smith's skills in data analysis and planning as valuable contributions to the band, particularly in the context of emergency preparedness. LiHua is interested in leveraging Adam's abilities beyond just the musical aspects of the band, highlighting the multifaceted roles individuals can play within a community setting."
Is the time interval more than 3 days between LiHua first asking Adam if he can buy a small fridge for the basement and Adam asking LiHua about the size of the fridge?,Yes,"The sequence of events indicates that LiHua initially asked Adam if he could get a small fridge for the basement, which occurred on November 10, 2026, at 11:00 AM. Adam then responded on November 23, 2026, at 23:00, asking LiHua about the size of the fridge she was thinking of getting. Therefore, the time interval between LiHua's initial request and Adam's follow-up inquiry is exactly 13 days, not more than three days. Thus, the time interval between these two events is less than or equal to three days."
What were the specific details of the negotiation between Jake Watson and Li Hua regarding player transfers from FC Barcelona to FC Bayern Munich?,Insufficient information,"There are no details provided in the given data tables about any negotiation between Jake Watson and Li Hua regarding player transfers from FC Barcelona to FC Bayern Munich. The conversations focus primarily on discussions about classic matches between FC Barcelona and FC Bayern Munich, as well as the teams' performances and upcoming matches. There is no information about player transfers or negotiations in these exchanges."
What specific measurements did Li Hua take for the window size before the installation of the curtain?,Insufficient information,"In the conversation recorded on 20260928_10:00, Li Hua informs Adam Smith that she has measured the window in the basement and provides the dimensions: ""Just measured it! The window is 150 cm wide and 120 cm high. Let me know if you need anything else!"" These measurements were crucial for Adam Smith to get the curtains tailored to fit the window properly."
What local dish did WolfgangSchulz try in Prague?,goulash,"In the conversation, WolfgangSchulz mentions trying goulash when he visited Prague. Specifically, he states, ""I didn't get a chance to try much when I was there, but I remember the goulash being really hearty and tasty!"" Thus, the local dish that WolfgangSchulz tried in Prague was goulash."
"Which boss did Gavriel struggle with the most in ""Octopath Traveler""?",The final boss,"In the conversation, Gavriel mentioned that he struggled with the final boss in ""Octopath Traveler."" Specifically, he stated, ""I struggled a lot with the final boss! It took me multiple tries to figure out the right strategy. Switching characters and adapting to their moves was key."" While the exact name of the final boss wasn't specified, Gavriel's description indicates that this was indeed a challenging encounter."
Who initiated the discussion about Cersei's journey in Game of Thrones?,EmilyBurnett,"The discussion about Cersei's journey in Game of Thrones appears to have been initiated by Emily Burnett. This can be inferred from the content of the message dated ""Time: 20260915_12:00,"" where Emily mentions her thoughts on Tyrion Lannister being a standout character, sparking a conversation about his character development. Additionally, the subsequent messages from other participants like Rowan, Kieran, and Tamara suggest that the topic of Cersei's journey and its complex nature was further explored in the comments following Emily's initial statement."
What does Saffron say Cersei was blinded by?,Her need for control,"According to the discussions provided, Saffron mentions that Cersei was ""blinded by her need for control."" This indicates that Cersei's strong desire to maintain her power and authority often led her to overlook other important aspects of her life and relationships, particularly her children. Saffron highlights this as a significant factor that contributed to Cersei's darker and more ruthless behavior throughout the series."
Is the time interval more than 7 days between Adam asking LiHua about the size of the fridge and Adam informing LiHua that the fridge will be delivered at 4pm next day?,Yes,"The sequence of events involves several interactions between Adam Smith and Li Hua regarding the fridge. Initially, Adam asks Li Hua about the size of the fridge they are considering, which occurs on November 16, 2026 (at 16:00). Later, Adam informs Li Hua that the fridge will be delivered the following day at 4 PM, which is November 23, 2026. Therefore, the time interval between Adam asking about the fridge size and informing Li Hua about the delivery date is exactly 7 days. Hence, the time interval is not more than 7 days."
What video does LiHua send to the band group chat on 20260624?,"a video of himself playing the intro to ""Stairway to Heaven""","There are no entries in the provided data that mention a video sent by LiHua to the band group chat on 20260624. The available data focuses on various conversations and events, including meetings, jam sessions, and other activities involving WolfgangSchulz, LiHua, and other individuals, but does not contain any information related to a video sent on that specific date."
"What aspect of ""Black Myth: Wukong"" does LiHua find the most impressive?",the visuals,"Based on the discussions provided, LiHua highlights several impressive aspects of ""Black Myth: Wukong."" Firstly, she mentions the game's stunning visuals, which she appreciates as evidenced by her statement, ""The graphics look insane, and the gameplay seems really fluid."" Additionally, LiHua commends the game's immersive story, referring to it as having ""a compelling storytelling."" This appreciation for the narrative suggests that the narrative elements of the game, including its compelling storyline, are among the most impressive features that LiHua finds in ""Black Myth: Wukong."""
What does HaileyJohnson want LiHua to taste?,a new bread recipe,"In one of the interactions, HaileyJohnson asks LiHua to taste a new bread recipe she has developed. This query appears in the conversation recorded under the timestamp `20261016_16:00`. Specifically, HaileyJohnson initiates this conversation by saying, ""Hey! I’ve been trying out a new bread recipe and would love for you to taste it. Are you free to come by the bakery?"" LiHua responds positively, indicating her willingness to taste the new recipe, thus confirming HaileyJohnson's request."
What is the opportunity that makes Wolfgang and Yuriko acquaitances?,LiHua introduce them to each other by saying that they can play music together every Sunday,"The opportunity that connects Wolfgang and Yuriko is their mutual involvement in music activities, specifically their participation in virtual conversations, sharing musical interests, and collaborating on jam sessions. From the data, we learn that Wolfgang and Yuriko are introduced to each other by LiHua, who suggests bringing Yuriko to a music jam session. Additionally, Wolfgang mentions that Yuriko has a bass skill, which fits well with Wolfgang’s drumming abilities, suggesting a potential synergy between their musical talents. Through these interactions, Wolfgang and Yuriko have developed a friendship based on shared musical experiences and potential collaboration."
"Who is LiHua's favorite character in the game ""Black Myth: Wukong""?",Wukong,"Based on the discussions provided, LiHua has expressed enthusiasm for ""Black Myth: Wukong,"" particularly praising its visuals and immersive story. However, the specific favorite character within the game is not explicitly mentioned in the given information. LiHua has talked about enjoying the gameplay and combat style, appreciating how it blends with the storyline, and finding the exploration aspects of the game very enjoyable. While there isn't direct mention of a favorite character, LiHua's overall positive feedback suggests that the diverse cast and their individual roles may contribute to the game's appeal."
When is the community meeting for the garden project scheduled according to the discussion on 20260507?,Saturday at 10 am,"According to the discussion dated 20260507_16:00, a community meeting for the garden project is planned to occur on a specific date and time. While the exact date and time were not explicitly stated, the participants expressed their intention to set up some times for community meetings to brainstorm and finalize their plans. They suggested considering a weekend for the first meeting, possibly a Saturday, and proposed setting it for the morning, perhaps around 10 am. Given the enthusiasm and engagement shown by the participants, it appears they intend to convene for the initial meeting on a Saturday at 10 am. However, the precise date has not been confirmed in the provided records."
What is the common interest between Li Hua and Jake Watson?,Soccer,"Li Hua and Jake Watson share a common interest in the sport of football, specifically in the classic matches between FC Barcelona (Barca) and Bayern Munich (Bayern), which are held during the UEFA Champions League (UCL). Jake Watson expresses admiration for these matches, highlighting the drama and emotion they bring, while Li Hua discusses the best defender in Barca's history, comparing Carles Puyol and Gerard Piqué. In a conversation about Messi, Jake mentions his appreciation for Messi's skills and the excitement surrounding his performances, while Li Hua shares her enjoyment of Messi's solo goal against Getafe in 2007, describing it as ""pure genius."" Their shared interest in these matches and the players involved demonstrates their passion for the sport and its rich history."
What percentage discount is Hailey Johnson offering for Mother's Day pastries?,15%,"For Mother's Day, Hailey Johnson is offering a 15% discount on all pastries and special cakes. This promotion applies to both in-store purchases and doorstep deliveries through Alice, who will be handling the orders for this special occasion. Li Hua expressed interest in taking advantage of this offer, indicating a willingness to purchase a dozen of each of the recommended raspberry-filled croissants and chocolate eclairs."
What is Jake's first tip for avoiding soccer injuries?,proper warm-up and stretching,"Jake Watson's first tip for avoiding soccer injuries involves proper warm-up and stretching routines before any game. He emphasizes the importance of these practices as they help to get the muscles ready and improve flexibility, both crucial steps in maintaining a healthy and injury-free playing condition. Additionally, staying hydrated is another essential part of his advice."
What songs does LiHua suggest adding to the karaoke playlist in his conversation with Chae?,"I Will Survive and ""Sweet Caroline""","In the conversations regarding the karaoke activities, LiHua suggests several songs for the playlist. Initially, in the first conversation, he proposes ""I Will Survive"" and ""Sweet Caroline"" as upbeat and crowd-pleasing choices. Later, in the second conversation, he expresses interest in including ""Sweet Home Alabama"" and ""Let It Be"" as classics, and suggests ""Shallow"" and ""Shake It Off"" as pop hits. In the third conversation, he recommends ""Dancing Queen"" and ""Sweet Home Alabama"" for a fun mix. Furthermore, in the fourth conversation, LiHua and Chae discuss potential songs for a medley, suggesting ""Hotel California,"" ""The Joker,"" ""Sweet Home Alabama,"" and ""Blackbird."" In the fifth conversation, LiHua adds ""Sparks Fly"" to the gentler setlist, emphasizing its nice feel. These songs reflect LiHua's preference for a mix of classic rock, soft pop, and upbeat tunes, aiming to create a diverse and enjoyable karaoke playlist."
How does LiHua feel about the bench press challenge proposed by JenniferMoore?,LiHua feels pretty strong and is up for the challenge,"In the conversation recorded on 20260924_20:00, JenniferMoore proposes a challenge to LiHua to increase the weight on the bench press next week, expressing confidence that LiHua is capable of handling it. LiHua responds positively, stating ""I feel pretty strong lately, so yeah, I'm up for the challenge! Let's do it! 🏋️‍♂️."" This indicates that LiHua is enthusiastic about the proposed challenge. However, there is no explicit mention of LiHua feeling nervous or uncertain about the challenge. Instead, his willingness to accept it suggests he believes he is ready for the increased difficulty."
Where was the first time Li Hua had dinner with Wolfgang this year?,the cozy café downtown,"The first recorded instance of Li Hua and Wolfgang having dinner together this year is from January 23rd, 2026. According to the conversation, they discussed meeting for dinner at a place Wolfgang knew, likely an Italian restaurant, around 7 PM. This marks the beginning of their dining relationship for the year."
Which moment involving Tyrion is Merrick's favorite?,When Tyrion blows up the Wildfire to save King's Landing,"According to the data provided, Merrick expresses his favorite moment involving Tyrion Lannister as the instance where Tyrion blows up the Wildfire to save King's Landing. This moment is described as ""so intense"" by Merrick and highlights Tyrion's cleverness and bravery."
What type of stretches does Sage prefer before hitting the gym?,Sage prefers dynamic stretches,"Based on the discussions in the conversations, Sage has not explicitly stated a preference for a specific type of stretch before hitting the gym. However, from the context, it appears that Sage focuses on hydration and incorporates various methods for recovery, including foam rolling and deep static stretches. Specifically, Sage mentioned targeting their calves and back with deep static stretches, suggesting a comprehensive approach rather than a singular type of stretch. Therefore, while Sage's preferred stretch might vary depending on the day, it seems likely that they engage in a combination of static stretches, possibly including calf and back stretches."
What specific brand of protein supplement does Jennifer recommend for Li Hua's weight loss journey?,Insufficient information,"Based on the conversations between Jennifer and Li Hua, Jennifer did not specifically mention a particular brand of protein supplement for Li Hua's weight loss journey. Instead, she recommended whey protein, pea protein, or rice protein as suitable options for his fitness goals. These recommendations were made in the context of helping Li Hua build lean mass and recover from workouts, rather than focusing on weight loss. Therefore, no specific brand recommendation was given for Li Hua's weight loss efforts."
Who will bring cones for drills at the match?,Farrah,"Based on the information provided, there is no mention of anyone specifically bringing cones for drills at the match. The drills discussed seem to be focused on shooting and passing practices rather than cones for field drills. Therefore, it is unclear who will bring the cones for the drills at the match."
Why are Wolfgang and LiHua going to the local music store?,check out some new gear and get inspired for our next jam session,"WolfgangSchulz and LiHua plan to visit the local music store as part of a music-related activity. Specifically, WolfgangSchulz suggests this as a way to check out some new gear and get inspired for their next jam session, which they both seem enthusiastic about. Their conversation indicates that they are looking forward to exploring the store and finding items that could enhance their musical experience."
Is the time interval between LiHua asking JakeWatson to help him with dribbling skills and Li Hua asking the group about classic must-watch UCL matches more than 2 days (restrict your search within August)?,Yes,"To determine if the time interval between LiHua asking JakeWatson to help him with dribbling skills and Li Hua asking the group about classic must-watch UCL matches is more than 2 days, let's examine the dates provided:1. **LiHua asking JakeWatson to help with dribbling skills:** This occurred on August 19th (record 7).2. **LiHua asking the group about classic must-watch UCL matches:** This took place on October 5th (record 2).The difference between these two dates is calculated as follows:- October 5th - August 19th = 41 days.Since 41 days is clearly more than 2 days, the answer is yes, the time interval between LiHua's requests is indeed more than 2 days."
Which game does Dyllan recommend for turn-based combat and art style?,Octopath Traveler,"Based on the conversation, Dyllan expressed a preference for turn-based combat over real-time strategy. However, no specific game recommendation was given for turn-based combat by Dyllan. The discussion revolved around games that Dyllan enjoys, such as ""Horizon Forbidden West,"" ""Octopath Traveler,"" and ""Persona 5 Royal,"" but none of these were explicitly recommended for turn-based combat. In terms of art style, Dyllan mentioned appreciating the art style in ""Horizon Forbidden West"" and ""Octopath Traveler."" No particular game was highlighted as the primary source of art style in the conversation. Therefore, without direct recommendation, we cannot pinpoint a specific game that Dyllan recommends for both turn-based combat and art style preferences."
Did Li Hua provide feedback to Jennifer Moore on his new meal plan before he asked her for advice on a healthy meal plan?,No,"There is no direct mention of Li Hua providing feedback to Jennifer Moore on his previous meal plan. In the conversation, Jennifer offers advice to Li Hua on creating a healthy meal plan for his new workout routine, suggesting a balance of lean proteins, whole grains, lots of vegetables, and healthy fats. She provides several meal ideas and asks if Li Hua needs more specific meal plans or recipes. This indicates that Jennifer was offering suggestions for a new meal plan rather than discussing an existing one. Therefore, there is no evidence to suggest that Li Hua had previously given feedback on his meal plan when he asked for further assistance."
What skill does Li Hua plan to improve with WolfgangSchulz's help?,Data analysis and coding related to AI tools,"Based on the conversations between Li Hua and WolfgangSchulz, it appears that Li Hua is planning to improve his skills in several areas, including his guitar abilities and his soccer game. Specifically, WolfgangSchulz encourages Li Hua to focus on his guitar playing and suggests they play together to help Li Hua improve. Additionally, Li Hua mentions his intention to ""improve my skills there"" in relation to soccer, indicating that he wants to enhance his soccer game under WolfgangSchulz's guidance. Therefore, WolfgangSchulz is helping Li Hua improve his musical and athletic skills through their jam sessions and practices."
What aspects of Sekiro: Shadows Die Twice does ThaneChambers highlight?,Unique combat system & timing & strategy & world design,"ThaneChambers highlights several aspects of Sekiro: Shadows Die Twice, emphasizing its unique combat system and challenging battles. He appreciates the game's intricate timing and strategic depth, noting that it requires thoughtful decision-making to succeed. Additionally, ThaneChambers commends the world design, describing it as ""super cool."" Furthermore, he mentions the game's engaging story, which he finds ""rich"" and having a ""great atmosphere."" Overall, ThaneChambers recommends the game for those interested in a challenging and immersive gaming experience."
What funny glitch did Fionnuala experience in the game Red Dead Redemption 2?,Arthur ended up floating in mid-air after a cutscene,"In the discussion about the game Red Dead Redemption 2, Fionnuala shared a humorous glitch that occurred during a mission. Specifically, she mentioned that while she was on a mission, Arthur (the player character) ended up floating in mid-air after a cutscene. Instead of dying, Arthur performed an epic roll and stood up as if nothing had happened. This glitch led to a comical situation and resulted in Fionnuala finding it hilarious, highlighting how unexpected moments in games can sometimes lead to amusing outcomes."
What were Li Hua's specific fitness goals and how did Jennifer's advice on nutrition influence them during his training for a marathon?,Insufficient information,"During Li Hua's fitness journey, his primary goal was to enhance his endurance for an upcoming marathon. This goal was influenced by Jennifer Moore's advice on nutrition and training, which emphasized the importance of proper hydration, balanced meals, and varied cardio activities. Specifically, Jennifer recommended longer cardio sessions, interval training, and a mix of different forms of exercise such as cycling, running, and swimming. Her guidance also included nutritional tips, suggesting Jennifer Moore's book ""The New Rules of Lifting"" and Precision Nutrition's online courses, which were beneficial for integrating diet with workout strategies. Jennifer's sessions often covered practical advice like proper hydration and nutrition, encouraging Li Hua to maintain a balanced diet and stay hydrated, particularly post-workout. She suggested healthy recipes from Jennifer Moore, which could help Li Hua plan nutritious meals that supported his training regimen.Regarding the marathon, Jennifer's advice on nutrition was crucial in helping Li Hua prepare adequately. She encouraged him to focus on proper hydration and nutrient intake to fuel his endurance training. During their conversations, Jennifer mentioned that she had recently attended a nutritionist's session, sharing tips and insights that further bolstered Li Hua's understanding of what he needed to eat and drink to support his marathon preparation. In summary, Jennifer's holistic approach to fitness, encompassing nutrition and training, played a significant role in Li Hua's marathon preparation. Her emphasis on nutrition was instrumental in ensuring he had the energy and stamina necessary to excel in his marathon training."
Does Jake agree to play as the goalkeeper?,Yes,"Based on the conversation, Jake Watson does agree to play as the goalkeeper for Li Hua's training session. Specifically, in the interaction recorded on October 3rd at 12:00, Li Hua suggests a time for the training, and Jake Watson responds enthusiastically, saying, ""That sounds awesome! I’d love to have you in goal. It'll be a good experience for you! What time are you thinking? 🥅⚽️"". Li Hua then proposes 10 am the next day, and Jake Watson confirms, stating, ""10 am works perfectly for me! Excited to see you in goal! Let’s make it a fun session! 🙌⚽️"". This clearly indicates that Jake is willing to play as the goalkeeper for Li Hua's training session planned for the following day at 10 am."
What day and time is the community bake sale taking place?,Sunday at 3 PM,"According to the dialogue provided, the community bake sale is scheduled to occur on Sunday, specifically at 3 PM. This event aims to support a local charity and is an opportunity for attendees to purchase baked goods while also contributing to a good cause."
Which game does Jareth praise for its storytelling in side quests?,The Witcher 3,"Based on the discussion, Jareth mentions ""Red Dead Redemption 2"" as a game he's particularly fond of, praising the richness of its quests and side stories. However, Jareth specifically highlights his enjoyment of the camp interactions within the game. In Red Dead Redemption 2, the player can spend time at a camp, where they can engage with other characters, contributing to the story through various tasks and conversations. These interactions often provide additional depth to the narrative, allowing the player to feel more connected to the world and its inhabitants. Jareth notes that these camp interactions do not alter the main storyline but do add more layers to the overall experience, making the game feel more alive and immersive."
What type of equipment does Wolfgang Schulz use when he works out at the gym?,Insufficient information,"There is no specific mention of the type of equipment Wolfgang Schulz uses when he works out at the gym within the provided data. The information available focuses primarily on his discussions regarding music, particularly his admiration for musicians like Jimi Hendrix, Queen, and Michael Jackson, and his preferences for drumming over dancing. Therefore, based on the details available, we cannot determine the type of equipment Wolfgang Schulz utilizes during his workouts."
Who does LiHua want to invite to the photo exhibition and who goes with him (during August)?,Wolfgang,"During the August photography exhibition, LiHua invites WolfgangSchulz to attend the event together. From the conversation, it is clear that WolfgangSchulz is enthusiastic about joining LiHua for the event, and they arrange to meet at 19:00, which coincides with the start time of the exhibition. Specifically, LiHua mentions, ""Hey Wolfgang! Just a quick reminder that we are going to the photography exhibition at 19:00 tonight!"", and WolfgangSchulz responds, ""Of course, not gonna forget about that!"". Thus, it is confirmed that LiHua wants WolfgangSchulz to join him for the photography exhibition during August."
Who suggested Li Hua keep a clear log of all the changes requested by the client?,Wolfgang Schulz,"There isn't any specific information in the provided conversation that indicates either Li Hua or Wolfgang Schulz suggested keeping a clear log of all the changes requested by the clients. The dialogue does not cover this topic, and it seems that Wolfgang Schulz mentioned setting clear expectations about changes, but he didn’t suggest creating a log of these changes. The frustration Li Hua expressed about clients changing requirements frequently might lead her to consider this, but it wasn’t discussed within the given context."
What does Adam Smith suggest Li Hua use to hang artwork without damaging the walls?,use removable hooks,"According to the interactions detailed in the conversation, Adam Smith advises Li Hua to use removable hooks when hanging artwork on the walls to ensure that the artwork is secure and the walls are not damaged. This advice suggests that Adam Smith has experience with such arrangements and provides guidance to avoid any potential issues."
What does Turalyon want to hear everyone's thoughts on?,the new benches,"Turalyon expressed his desire for everyone to share their thoughts on the specific types of plants they would like to see in the garden. He mentioned that the input from the group is ""super important"" and encouraged everyone to submit their votes for the plants they prefer. This includes options like bluebells, camellias, and various herbs, all of which could contribute to a diverse and visually appealing garden."
Where do they plan to meet for soccer practice?,the local park,"For the practice sessions mentioned, there is no specific mention of a particular location. However, there are references to a park and the usual spot being used for the practices. In one instance, Li Hua suggests meeting up at the park for a practice session, while Jake Watson mentions meeting at the usual spot. Given this information, it appears the practices are typically held at a local park, though the exact location may vary."
What is the name of the café Wolfgang Schulz recommends to Li Hua?,The Java Spot,"According to the interactions detailed in the conversation, Wolfgang Schulz recommends a cozy café located downtown for their lunch meeting. This café is specifically referred to as the ""cozy café downtown."" No other café names are mentioned in the conversations provided."
What does Kieran wish Jaime had done differently?,Chosen a different path after his character development,"Kieran expresses a desire for Jaime to have stayed true to the lessons he learned from Brienne of Tarth, suggesting that if Jaime had chosen to step away from Cersei completely, it could have showcased his growth more effectively. Kieran believes that staying true to these new values and distancing himself from Cersei would have allowed Jaime to achieve a more fulfilling life and potentially serve as a true protector of the realm. This scenario would have also inspired others positively, as their partnership would have helped rally the remaining houses together and create a more united front for Westeros."
What game is Helios currently playing and finds the world and gameplay mechanics stunning?,Horizon Forbidden West,"Based on the information provided, Helios is currently immersed in the game ""Horizon Forbidden West."" According to Helios, the world of Horizon Forbidden West is described as stunning, and the gameplay mechanics are praised as being top-notch. Helios also mentions that the story is very engaging in this game."
"What specific feedback did Yuriko give to Li Hua about the demo website during their meeting at the cafe ""Central Perk"" on Thursday morning, and how did Li Hua respond to her comments?",Insufficient information,"During their meeting at ""Central Perk"" on Thursday morning, Yuriko expressed her excitement about the demo website that Li Hua had prepared for her studio's homepage. Yuriko specifically praised the color scheme of the website, noting that it reflected the gentle vibe of the studio. She suggested adding a section for community outreach programs, believing it would highlight the impact of her work and provide a more comprehensive overview of her offerings. Yuriko also mentioned the possibility of including details about the programs she offers and testimonials from participants, along with some photos from past events, to enhance the website's engagement and credibility.Li Hua responded positively to Yuriko's feedback, expressing enthusiasm for implementing the suggested additions. He agreed to add the community outreach section and noted his willingness to brainstorm further ideas for it. Additionally, Li Hua mentioned that he would also incorporate testimonials and photos, recognizing their value in building trust with potential clients. Overall, both Yuriko and Li Hua seemed satisfied with the progress made and committed to enhancing the website further."
What cool thing does Wolfgang find that he wants to share with LiHua?,this awesome guitar Wolfgang found online,"In one of the conversations, Wolfgang finds a place that he loves to mention, which is a new pizza place downtown. He expresses his excitement about trying this place and suggests that they should meet there for dinner after work. This new pizza place appears to be a highlight for Wolfgang, as he believes it offers some amazing toppings and is worth trying. This discovery seems to be a fun and exciting update for Wolfgang to share with LiHua."
"What does LiHua predict will happen in ""The Rings of Power""?",Epic battles and alliances forming,"In the conversations documented, LiHua expresses several predictions for the direction of ""The Rings of Power."" Initially, LiHua mentions that he is really enjoying the series and finds the exploration of the lore fascinating. He anticipates that the series will delve into epic battles and the formation of alliances, suggesting that the story will become increasingly intense as it progresses. Additionally, LiHua shares his thoughts on the character development and character backstories, indicating that he is looking forward to learning more about the characters. These predictions reflect the growing anticipation and engagement of viewers like LiHua with the series. However, it is important to note that LiHua's predictions are based on the current viewing experience and may change as the series continues."
What song does Yuriko propose that the band can practice this weekend according to the band's discussion on 20260703?,Take Me Home Country Roads by John Denver,"According to the conversation dated 20260703, there is no specific song proposed by Yuriko for the band to practice this weekend. The discussion mainly revolves around the idea of trying out different arrangements for a classic song, such as ""Stand By Me,"" and possibly adding a twist to it to make it more unique for their jam session. No particular song was selected for practice."
How does Rowan describe Cersei's transformation throughout the series?,From vulnerable to ruthless,"According to Rowan's comments, Cersei's transformation is evident throughout the series. Initially portrayed as a love-struck girl, Cersei evolves into a power-hungry queen driven by fear and ambition. This transformation is marked by her ruthless actions, particularly after losing her children, which pushes her further into a position of power despite the personal cost. Rowan notes that this transformation is strikingly illustrated by how Cersei's relationship with power changes over time, highlighting the stark contrast between her vulnerability in the beginning and her ruthlessness later on. Rowan also points out the complexity of Cersei's character, emphasizing the idea that power often comes at a high cost, as evidenced by her achievement of her goals but the loss of meaningful connections along the way."
What does Briar think about Real Madrid's chances for the rest of the season?,They have a solid chance to challenge for every title,"According to JakeWatson's conversation, Briar believes that Real Madrid has a solid chance to maintain their momentum and perform well throughout the season. Briar sees several factors contributing to this belief, including the club's depth in the squad and the integration of new talent alongside experienced players. Additionally, Briar notes that Carlo Ancelotti, the current head coach, is adept at getting the best out of his players, particularly during critical moments. Briar is confident that Real Madrid can continue to play at a high level and potentially challenge for multiple titles."
What are some of the upcoming PS5 exclusives discussed?,Final Fantasy XVI & Marvel's Spider-Man 2 & Ghostwire: Tokyo,"In the conversations provided, there is no direct mention of specific upcoming PS5 exclusives. However, the context does hint at the interest in exploring new games on the platform. For instance, during a conversation between ThaneChambers and LiHua, they discuss potential purchases at a local game store, mentioning several titles including ""Spider-Man: Miles Morales"" and ""Demon's Souls."" While these are likely among the current releases or highly anticipated titles, they do not constitute upcoming exclusives. Additionally, ThaneChambers mentions ""Blood and Wine,"" which is an expansion for ""The Witcher 3: Wild Hunt,"" further reinforcing that many discussions revolve around existing and recently released games rather than upcoming exclusives. Therefore, based on the information available, there is no clear indication of specific upcoming PS5 exclusives being discussed."
What was the content of the first-ever delivery from Hailey to LiHua and what was LiHua's opinion about it?,a fresh sourdough loaf and a bottle of milk and LiHua praises Hailey's bread and milk,"The first-ever delivery from Hailey to LiHua occurred on March 14, 2026, and included fresh milk and bread. This delivery service was introduced by Hailey to provide convenience, especially for busy individuals who might not have the time to visit the bakery. Upon receiving the delivery, LiHua expressed her appreciation for the freshness and quality of the items, stating that ""Your delivery service sounds awesome, especially since I love fresh bread."" LiHua's positive reaction indicates that she was satisfied with the initial service, and this was likely a key factor in her deciding to sign up for the doorstep delivery service."
What does RexxarRemar suggest to have available to keep everyone hydrated during the picnic?,water and drinks,"During the discussion about the picnic, RexxarRemar suggested setting up a small drink station with water and other refreshments to ensure everyone stays hydrated, especially given the potential for warm weather. This aligns with the overall theme of maintaining hydration, which is emphasized through various discussions regarding workouts and fitness routines."
What feature on the PS5 does Ileana praise for making switching between games smoother?,Control Center,"According to the conversation, Fionnuala mentions that the Control Center makes switching between games and apps so much smoother. This aligns with what Ileana praised for improving her gaming experience."
What does Fionnuala think about matchmaking systems?,they can make or break the experience,"Based on the discussion, Fionnuala emphasizes the importance of a robust matchmaking system in enhancing the gameplay experience. She notes that such a system helps in finding the right team with shared goals and skill levels, which can prevent frustrating moments and make the game more enjoyable. Fionuala believes that a good matchmaking system is crucial because it aids in finding players who vibe well together, ensuring smoother interactions and balanced gameplay sessions."
What does LiHua think about the themes of Westworld?,They are thought-provoking by diving into consciousness and free will and what it means to be human,"In the conversations LiHua and Emily Burnett have, LiHua expresses a deep appreciation for the themes explored in Westworld. Specifically, LiHua highlights how the show delves into complex subjects such as consciousness, free will, and what it means to be human. These themes challenge viewers' perceptions of reality and morality, prompting profound reflection. LiHua finds the exploration of these concepts particularly relevant given the rapid advancements in artificial intelligence and robotics, raising important questions about the nature of humanity and our relationship with technology. LiHua seems particularly intrigued by the character of Dolores, noting the show's ability to reflect human experiences in a unique and thought-provoking manner. Overall, LiHua sees Westworld as a series that offers a rich tapestry of themes that resonate deeply with contemporary concerns about the future of technology and its impact on society."
What type of drink does LiHua suggest to have with hot pot?,Cold beer,"In one of the conversations, WolfgangSchulz mentions that he enjoys hot pot and specifically highlights that his favorite drink to pair with it is a cold beer. This preference aligns with LiHua's suggestion in another interaction where she notes that she usually goes for the drive-thru after gym sessions, indicating a preference for cold beverages. Therefore, based on the information provided, LiHua suggests having a cold beer with hot pot."
Why can't people sit on the benches when Turalyon informs the community that the benches have been installed on 20260604?,the paint isn't dry yet,"Based on the discussions in the provided messages, it appears that the benches were recently installed, but they are not yet suitable for sitting on due to lack of additional features. Initially, Turalyon mentioned the installation of the benches on 20260604, stating:> Time: 20260604_15:00> Turalyon: Hey everyone! Just wanted to inform you that the new benches we’ve installed are now available in the garden. However, the community was eager to hear about their functionality and potential improvements. In subsequent messages, the focus shifted to discussing enhancements for the benches. MuradinBronzebeard suggested adding cushions for comfort:> Time: 20260608_14:00> MuradinBronzebeard: Cushions sound like a nice idea! It could make hanging out at the garden even cozier. How about some colorful ones to match the flowers we're planning to plant?Following this, RexxarRemar proposed adding a small table or two near the benches for drinks or snacks:> Time: 20260608_14:00> RexxarRemar: Adding colorful cushions would definitely make the space feel more alive! Maybe we should also think about a small table or two near the benches for people to put down drinks or snacks while they relax. What do you all think?These discussions indicate that while the benches are installed, they currently lack features like cushions or tables necessary for comfortable seating. Therefore, it seems that people cannot immediately sit on the benches, and further discussions are ongoing to improve them."
"What payment method did Li Hua use to purchase groceries from the store on April 15, 2026?",Insufficient information,"There is no information provided in the given data regarding Li Hua purchasing groceries from a store on April 15, 2026. The data focuses primarily on communication related to rent payments, delivery of bread, and occasional mentions of ordering food items from Hailey's Bakery. There is no mention of Li Hua using any payment method for grocery purchases."
What time does WolfgangSchulz propose for going to the grocery store on 20260923?,Around 5:30,"On September 23, 2026, WolfgangSchulz suggested that he and LiHua go to the grocery store after work today. He proposed that they meet around 5:30 PM to ensure they have enough time to grab some snacks before their plans. LiHua agreed to meet at 5:30 PM."
What type of instrument does Li Hua play in the basement?,guitar,"In the conversations recorded, there is no explicit mention of Li Hua playing a specific instrument in the basement. However, Li Hua mentions that he enjoys playing guitar in the basement, stating, ""I really enjoy playing there!"" (Source: 20261118_20:00). This indicates that the instrument Li Hua plays in the basement is likely a guitar."
Who suggests going out for hot pot?,LiHua,"In the conversation recorded under timestamp ""20260930_16:00"", LiHua initiates the suggestion for going out for hot pot dinner. She proposes the idea to WolfgangSchulz, stating, ""Hey man! Wanna go have hot pot for dinner tonight? Let me know!"" This indicates that LiHua is the one who suggests going out for hot pot."
Who proposes creating a little garden area where kids can help plant flowers or vegetables?,GromHellscream,"Based on the discussions in the provided data, it appears that creating a little garden area where kids can help plant flowers or vegetables is not explicitly proposed by any single entity. However, there are several entities that suggest activities involving kids, which implies that such an area might be beneficial. For instance, Muradin Bronzebeard mentions, ""Maybe we could add some pathways to connect the benches? It could make the space more inviting. What do you all think?"" and Arthas Menethil suggests, ""Yeah, adding some vibrant flower beds would really brighten up the space! We could also think about having some seating areas near those beds for people to relax and enjoy the view. What do you all think?"" These comments indicate a focus on making the garden more accessible and enjoyable for children, though they do not specifically propose a dedicated area for them to plant flowers or vegetables."
What does MuradinBronzebeard think about the cushions idea?,It sounds like a nice idea,"In one of the discussions, MuradinBronzebeard expressed a positive opinion towards the idea of adding cushions to the benches. He suggested that cushions would make hanging out at the garden even more comfortable. Specifically, he mentioned that cushions could be colorful and match the flowers they planned to plant, enhancing the aesthetic appeal of the garden. Therefore, MuradinBronzebeard sees the addition of cushions as a nice enhancement to the benches."
Who reminds everyone to drink water before and during the match?,JakeWatson,"In the conversations provided, no direct mention is made of someone reminding others to drink water before and during the match. However, there are several references to staying hydrated and drinking water, particularly in relation to workouts and recovery. For instance, Jennifer Moore emphasizes the importance of staying hydrated during workouts, suggesting that everyone keeps track of their water intake and motivates each other. Additionally, Sova uses a water bottle with measurements to stay aware of their hydration levels, and Breach mentions setting reminders on their phones to ensure they drink water regularly. While these actions are beneficial for hydration, they do not explicitly state who is responsible for reminding others. Therefore, based on the information provided, there is no specific person identified as reminding everyone to drink water before and during the match."
What drink does JakeWatson recommend for hydration after a match?,Coconut water,"Based on the conversation between JakeWatson and Li Hua, JakeWatson emphasizes the importance of hydration after an intense game. While he suggests grabbing a snack with carbohydrates and protein, such as a banana with peanut butter, he also stresses the importance of drinking water or an electrolyte drink. Therefore, JakeWatson recommends drinking water or an electrolyte drink for hydration after a match."
What was the exact date and time when Cersei Lannister first met Jaime Lannister in the Game of Thrones series?,Insufficient information,"There is no specific date and time mentioned in the data for when Cersei Lannister first met Jaime Lannister in the Game of Thrones series. The data focuses more on Cersei's character development and her relationship with Jaime over the course of the series, including their pivotal moments. The meeting between Cersei and Jaime is described in the context of their complex relationship and the influence it has on both of them, but the exact timing of their first encounter is not provided."
What does Li Hua plan to do to clear their head?,go for a walk and find a new café,"In the conversations provided, there is no explicit mention of Li Hua planning a specific activity to clear their head. However, there are several references to activities that might serve as a means to relax and unwind, which could indirectly contribute to clearing one's mind. For instance, in a conversation dated 20260926_10:30, ChaeSong-hwa suggests taking a warm shower before sleeping as a way to improve sleep quality. Li Hua expresses interest in trying this method, indicating that it might be part of her strategy to unwind and relax before bedtime. Additionally, another suggestion from ChaeSong-hwa involves engaging in a jam session with music, which Li Hua looks forward to participating in. These activities suggest that Li Hua finds value in both physical and musical relaxation methods to manage stress and clear her mind."
Did Li Hua ask Yuriko to play music together before Wolfgang proposed to pause playing musical instruments?,Yes,"Based on the information provided, there is no explicit mention of Li Hua inviting Yuriko to play music together before Wolfgang proposed to pause playing musical instruments. The initial conversation between Li Hua and Wolfgang revolves around inviting Yuriko to join their Sunday jam session, which is proposed directly by Li Hua without referencing previous invitations. However, it seems that Wolfgang was concerned about Li Hua’s interest in playing instruments again, suggesting he might be considering resuming his own musical activities. There is no direct indication that Li Hua had previously asked Yuriko to participate in a jam session before Wolfgang brought up the topic of resuming instrument playing."
What food did Emily order for the group's discussion about Game of Thrones characters?,Insufficient information,"There is no information provided about Emily ordering food for the group's discussion about Game of Thrones characters. The conversation revolves around discussing the characters and their stories without mentioning any specific food orders. Therefore, based on the details available, we cannot determine what food Emily ordered for this particular discussion."
Who does EmilyBurnett think is a standout character in the Game of Thrones series?,Tyrion Lannister,"In the discussions provided, Emily Burnett expresses her admiration for Tyrion Lannister, describing him as a standout character in Game of Thrones. She appreciates his wit and intelligence, noting that his presence makes every scene compelling. Additionally, Emily finds his character development particularly engaging, highlighting Tyrion's journey from being a brash and arrogant knight to someone with deeper depth and complexity. This characterization underscores the intricate and multifaceted nature of the characters in Game of Thrones, contributing to the rich tapestry of the narrative."
What does Aisling find emotionally impactful about Red Dead Redemption 2's ending?,Arthur's realization of his fate and the music during the last ride,"Aisling finds the ending of Red Dead Redemption 2 to be particularly emotionally impactful. She mentions that she was ""heartbroken when Arthur realizes his fate and tries to make things right with John and his family."" This suggests that the ending includes a moment where Arthur attempts to reconcile with his son John and his family after facing significant challenges throughout the game. Additionally, Aisling notes that the music playing during the final ride was ""just perfect,"" highlighting the importance of the musical score in amplifying the emotional weight of the ending. Overall, Aisling seems to appreciate the game's ability to deliver a bittersweet and deeply emotional conclusion to Arthur's character arc."
Which stretches does JakeWatson recommend for soccer-specific areas?,Hamstring stretch and quad stretch,"In the conversation, JakeWatson mentions several stretches that are beneficial for soccer players, particularly focusing on warming up and maintaining flexibility. While he does not explicitly list these stretches, based on the context, we can infer the types of stretches recommended:1. **Warm-Up Stretches**: These are essential for getting the muscles ready for physical activity. JakeWatson suggests proper warm-up and stretching before any game to improve flexibility and prevent injuries. Examples of warm-up stretches could include dynamic movements such as arm circles, leg swings, and walking lunges.2. **Leg Stretches**: To support the legs and lower body, JakeWatson recommends squats, lunges, and planks. Squats target the quadriceps, hamstrings, and glutes, while lunges focus on the same muscles and also improve balance and stability. Planks are excellent for building core strength and stability, which is crucial for various soccer moves and defending actions.3. **Balance Exercises**: Given the importance of agility and quick changes in direction, JakeWatson suggests including balance exercises like single-leg stands. These help enhance coordination and proprioception, making it easier to maintain balance during quick movements and turns on the field.While specific names are not provided, these stretches collectively aim to prepare the body for optimal performance and injury prevention in soccer."
"What is Bronwyn's experience with going full support in tough fights in ""Octopath Traveler""?",It can be risky but totally viable,"Based on the discussions provided, Bronwyn has shared experiences with various gameplay aspects across several games. However, there is no specific mention of Bronwyn going full support in tough fights in ""Octopath Traveler."" The conversations revolve around different games such as ""Horizon Zero Dawn,"" ""Dishonored,"" ""Assassin's Creed Odyssey,"" and ""The Elder Scrolls V: Skyrim,"" among others. There is no data provided about Bronwyn's playstyle or experience with a full support role in ""Octopath Traveler."" Therefore, we cannot provide details about Bronwyn's experience with going full support in this particular game."
What tips does Jennifer give to LiHua about preventing muscle soreness after a tough workout?,make sure to warm up properly before workouts and cool down afterward & Stretching & Stay hydrated and consider foam rolling post-session to help with recovery,"Jennifer provides several tips for preventing muscle soreness after a tough workout to LiHua. Firstly, she emphasizes the importance of warming up properly before the workout to prepare the muscles and joints for exertion. Secondly, she suggests cooling down after the workout, which involves engaging in light activities like walking or gentle yoga, to aid in the recovery process. Additionally, Jennifer advises her on the significance of stretching, noting that it can help alleviate tension in the muscles and improve flexibility. She further recommends foam rolling as a technique that can effectively release tight spots and promote muscle recovery. Lastly, Jennifer stresses the importance of staying hydrated, as adequate fluid intake helps with recovery. Overall, Jennifer's advice focuses on combining a thorough warm-up and cool-down, incorporating stretching, foam rolling, and maintaining proper hydration to minimize muscle soreness post-exercise."
What books does Jennifer recommend to LiHua for deepening understanding of fitness nutrition?,"The New Rules of Lifting and ""Precision Nutrition""","Jennifer recommends two books for LiHua to deepen her understanding of fitness nutrition. First, she suggests ""The New Rules of Lifting"" by Lou Schuler and Alwyn Cosgrove, which combines diet with workout strategies. Additionally, Jennifer recommends ""Precision Nutrition,"" noting that it offers excellent online courses for those interested in diving deeper into nutrition topics."
What does Lachlan find haunting about Cersei's end?,How much she fought to hold onto her power,"Lachlan finds Cersei's end particularly haunting, especially given how much she fought to hold onto her power throughout the series. Despite achieving her goals and rising to the top, Cersei's character ultimately leads to her isolation, which is portrayed poetically in a tragic manner. Lachlan expresses a desire for more of Cersei confronting her past decisions and the consequences of her choices, as she fights to maintain her power even in the face of mounting challenges and losses. This sense of Cersei's final moments feeling like a culmination of her journey and a reflection of the cost of power is what Lachlan finds particularly impactful."
What could Jaime and Brienne have done to rebuild trust according to Merrick?,Worked on rebuilding trust through actions rather than just words,"According to Merrick's statements, if Jaime had stayed true to the lessons he learned from Brienne and embraced his new values, he could have potentially rebuilt trust and his legacy in Westeros. Specifically, Merrick suggests that Jaime could have shown his dedication to honor and duty, while Brienne’s reputation as a noble warrior would also help in gaining respect. Together, they could have focused on helping the common people, working on justice reform, and setting up a council to hear the grievances of the populace. This approach would have been revolutionary and could have led to a renaissance for Westeros, showcasing their commitment to change and fostering a more united front for the realm."
What team does JakeWatson admire for their comebacks?,Real Madrid,"In the conversation, JakeWatson expresses admiration for the comebacks between Barcelona and Bayern Munich during their UEFA Champions League (UCL) history. Specifically, he mentions a match where Barcelona lost 4-0 in 2013 but then won in 2015, showcasing the dramatic turn of events and the intense emotions tied to these matches. He highlights the comeback as one of the most thrilling aspects of the rivalry between these two teams."
"What time does Li Hua watch the movie ""Overwatch 3""?",20260122,"There is no mention of a movie titled ""Overwatch 3"" in the provided conversation or data. The context revolves around various activities such as hanging out, watching movies, attending a stand-up comedy show, switching classes, and planning meals. The only reference to a ""movie"" in the conversations is ""Star Wars: A New Hope"" discussed in conversation 3, which took place on October 9th at 7:00 PM at Li Hua's place. Therefore, there is no information regarding the timing of ""Overwatch 3."""
What is JenniferMoore's reminder to LiHua about on 20260919?,Getting enough protein after workouts,"There doesn't appear to be any entry specifically labeled ""20260919"" in the provided data. However, there is an entry dated ""20260920_16:00"" which mentions a conversation involving Thane Chambers and LiHua. This indicates that on September 20, 2026, at 16:00, Jennifer Moore might have reminded LiHua about something involving Thane Chambers. Without further details, it's not possible to specify exactly what Jennifer Moore reminded LiHua about."
What breathing technique does Jennifer Moore suggest for running?,Inhaling for 3 steps and exhaling for 2 steps,"According to the information provided, Jennifer Moore suggests a breathing technique for running that involves inhaling for three steps and exhaling for two steps. This technique is intended to help with stamina during long runs."
When is Wolfgang Schulz's promotion celebration dinner?,6 PM on the day after tomorrow (implied to be 2026-04-30),"According to the conversation, Wolfgang Schulz's promotion celebration dinner is scheduled for the day after tomorrow, specifically on the 23rd of January (as indicated by the timestamp ""Time: 20260119_09:30""). Li Hua confirms their eagerness to celebrate his promotion, and they discuss plans for a dinner together."
Who asks LiHua to measure the window in the basement?,AdamSmith,"In the conversation recorded under timestamp ""20260928_10:00"", AdamSmith asks LiHua to measure the size of the window in the basement for him. Specifically, AdamSmith states, ""Hey Li Hua, could you please measure the size of the window in the basement for me? I want to get some curtains made. Thanks!"" LiHua agrees to measure the window and sends the dimensions shortly thereafter."
What does Giselle emphasize about passing drills?,Accuracy is key in games,"Giselle emphasizes the importance of maintaining stamina during passing drills, as she mentions this in one of the entries. Additionally, she expresses eagerness to practice and learn together, highlighting her commitment to improving her passing skills and having fun while doing so. Another entry shows her providing reminders and advice for the upcoming practice session, indicating her proactive involvement in ensuring the session runs smoothly."
Who initiates the suggestion to go to the grocery store after work on 20260923?,WolfgangSchulz,"On September 23, 2026, WolfgangSchulz suggests that LiHua join him for a trip to the grocery store after work. Specifically, his message reads, ""Hey! Wanna hit the grocery store after work today? We can grab some snacks for our next jam!"" This indicates that WolfgangSchulz is the one initiating the suggestion."
What could have changed everything for Cersei if she had embraced it according to Tamara?,Her family ties,"According to Tamara, if Cersei had embraced her family ties without letting ambition overshadow them, she might have created a more stable rule. This could have led to a different outcome in her story, one that balanced her ambition with genuine connections. Tamara suggests that by nurturing her relationships instead of treating them as pawns, Cersei could have avoided the pitfalls that led to her isolation and downfall. This perspective emphasizes the importance of finding a balance between power and connection, highlighting the theme of power versus connection that is central to Cersei's character. It underscores the notion that her choices and the relationships she built (or failed to build) were pivotal in shaping her legacy."
What activities are being discussed for the community sports day?,Soccer and basketball and tug-of-war and sack race are mentioned as potential activities for the community sports day,"During the discussion about the upcoming Community Sports Day, several activities were mentioned that aim to engage the community and make the event enjoyable. The main focus was on sports activities, which are expected to bring people together and provide a fun day out for the community. Specifically, soccer, basketball, and other fun games for children were suggested. Additionally, there were plans to include friendly competitions among teams and perhaps some refreshments to keep everyone energized throughout the day. The goal was to have a day filled with both active and relaxed moments, ensuring that everyone had a blast while enjoying the newly renovated garden space."
Did Li Hua send a message to Jennifer asking if he can turn the Thursday class to Friday after he requested a change in his training schedule for Thursday?,Yes,"Based on the information provided in the sources, Li Hua did indeed request a change in his training schedule from Thursday to Friday. Specifically, in Source 4 dated 20260112_15:00, Li Hua mentions, ""Hey Jennifer! Thanks for understanding my situation. So do you think we can change a training plan? That would really help me balance work and fitness better. Let me know what you think!"" Jennifer Moore responds affirmatively by saying, ""Absolutely, I can adjust the schedule for you! How about training twice a week instead?"" This indicates that Li Hua was requesting a shift from a single training day (Thursday) to two training days (Tuesdays and Thursdays). However, there is no mention of him specifically requesting to move the class from Thursday to Friday. Therefore, we cannot confirm whether Li Hua sent a separate message asking to change the class from Thursday to Friday based solely on the information given in the sources."
"What type of feedback did Li Hua provide to Chae regarding the community medical knowledge lecture, and what is Wolfgang's role in the band rehearsal?",Insufficient information,"In the conversations documented, Li Hua provided feedback to Chae about the community medical knowledge lecture. She expressed that she found the lecture insightful and appreciated the clarity of Chae's presentation style, which made complex topics easier to understand. Additionally, Li Hua offered to provide any feedback they might have on the lecture itself. Regarding Wolfgang's role in the band rehearsal, the interactions suggest that Wolfgang is a regular participant in the virtual jamming sessions organized by Li Hua. He is described as someone whose ""ear for rhythm can suggest cool tracks for the jam session"" and who might attend the event along with Li Hua. Furthermore, Wolfgang is noted to have brought a ""cool perspective"" to the mix, and he looks forward to meeting the neurosurgeon friend that Li Hua is bringing to the jam session. These details imply that Wolfgang plays a supportive and collaborative role within the band, often providing suggestions and enhancing the experience through his musical insights and contributions."
How does TirionFordring emphasize the importance of balancing the garden renovation with supporting local vendors?,By stating that both aspects are important for the best outcome,"In the conversations provided, Tirion Fordring emphasizes the importance of balancing the garden renovation with supporting local vendors by highlighting the collaboration and involvement of local businesses in the project. During one of the meetings, Tirion Fordring mentions that local businesses are a part of the garden project, suggesting a network of businesses that can contribute to the community garden renovation efforts. Additionally, Tirion Fordring discusses the need for flexibility in rehearsal schedules due to the ongoing garden renovation project, indicating the potential impact on the business operations. Tirion Fordring also underscores the significance of prioritizing noise considerations in community planning, ensuring that the garden renovation does not disrupt the daily activities of local businesses. Overall, Tirion Fordring plays a role in keeping the team on track by emphasizing the importance of these factors, thereby balancing the garden renovation with the support of local vendors."
What type of pizza does WolfgangSchulz prefer?,margherita,"Based on the conversations provided, WolfgangSchulz expresses a preference for classic margherita pizza. He states, ""Bro, I’m all about that classic margherita. Simple but so good!"" This indicates that he appreciates the traditional flavors and simplicity of a margherita pizza. Additionally, his enthusiasm for craft beer suggests he enjoys a variety of pizza pairings, including something as simple as a cold drink. However, the primary type of pizza WolfgangSchulz prefers, according to the dialogue, is classic margherita."
Who does LiHua ask for help with installing a curtain?,AdamSmith,"In one of the interactions, LiHua asks AdamSmith for help installing a curtain on the basement window. Specifically, LiHua mentions, ""Hey Adam! Just wanted to let you know that I've already transferred this month's rent through the bank. Thanks!"" This interaction occurs in the context of discussing a future task, where LiHua suggests, ""Hey Adam, just let me know when you're free to get it done."" AdamSmith responds, ""Sure, I can help with that! Just let me know when you're free to get it done."" LiHua then asks, ""How about sometime this week? Just let me know what works for you."" AdamSmith offers, ""I'm free on Wednesday or Thursday afternoon. Which one is better for you?"" LiHua selects, ""Thursday afternoon works for me! Let’s plan for that."" This clearly indicates that AdamSmith is the person LiHua asks for help with installing the curtain."
Which match does JakeWatson remember for Real Madrid's comeback?,Champions League against Manchester City in 2022,"JakeWatson remembers the famous Champions League comeback against Manchester City in 2022 as one of the most impressive comebacks he has witnessed. Specifically, he points out that in the stoppage time, Rodrygo scored two goals in quick succession, turning a seemingly lost situation into a victory. This match exemplifies Real Madrid's ability to rise to challenges and their ""never-say-die"" attitude, showcasing their resilience and determination under pressure."
Does LiHua play the game solo or with friends?,Both,"Based on the conversations provided, LiHua has expressed both preferences for playing games solo and with friends. Initially, she mentions preferring to ""soak in the story"" when playing games alone, but she also indicates a willingness to play co-op with friends. Specifically, in one conversation, she discusses her enjoyment of playing ""Black Myth: Wukong"" with friends and expresses interest in a potential co-op session, saying, ""I mostly play solo to soak in the story, but I love teaming up with friends too! It’s super fun sharing those moments and strategies together."" Therefore, it appears that LiHua enjoys playing games both solo and with friends, depending on the context and preference."
What type of passes does Briar suggest adding to the practice?,Quick one-twos,"Based on the information provided, Briar suggests adding ""quick one-twos"" to the practice session. These are short passing combinations designed to keep stamina up during the practice, likely emphasizing rapid, efficient passing to maintain the team's energy levels throughout the session. However, the exact type of passes Briar recommends isn't specified in the given text."
What time do they agree to meet for pizza?,around 7,"In the conversation recorded under the timestamp ""Time: 20261017_17:00"", WolfgangSchulz suggests a time around 7pm for grabbing pizza for dinner after work, while LiHua agrees, stating ""7 works great for me! Can't wait to dig in and catch up! See ya there! 😄"". Therefore, they agree to meet at 7 pm for the pizza dinner."
What specific suggestions did Li Hua have regarding the construction schedule during the last community meeting?,Insufficient information,"There isn't any detailed information provided about the specific suggestions Li Hua made during the last community meeting related to the construction schedule. The provided data focuses primarily on various personal communications between Adam Smith and Li Hua, including reminders about maintenance work, an AC installation, curtain delivery, and upcoming meetings regarding the garden and the studio homepage. While the community meetings are described as planned events where community members gather to brainstorm and finalize plans for the garden, no specifics about the construction schedule were mentioned. Therefore, no concrete suggestions from Li Hua regarding the construction schedule can be inferred from the given information."
What color was the curtain that Li Hua chose for his living room?,Insufficient information,"There is no specific mention of the color of the curtain that Li Hua chose for his living room within the provided conversation logs. The interactions focus on scheduling a time for installation, confirming receipt, and providing installation assistance rather than discussing the design features such as color. Therefore, based on the information available, we cannot determine the color of the curtain."
What is on WolfgangSchulz's list for a future trip?,Italy,"Based on the conversations detailed in the data, WolfgangSchulz expressed interest in revisiting Europe, specifically mentioning Prague, the fjords in Norway, and the lavender fields in Provence. He also suggested checking out Cinque Terre, the colorful villages along the coast, which he described as ""amazing"" and worth visiting for their scenic appeal and charm. Additionally, WolfgangSchulz mentioned wanting to revisit coastal towns in Italy, indicating a desire to explore and experience more of the country's diverse landscapes and culinary offerings. These destinations align with WolfgangSchulz's appreciation for scenic locations and the gastronomic delights of various European cities."
"Did Yuriko tell Li Hua about booking a seat at the ""Central Perk"" cafe before Li Hua sent her a message to confirm the details of their next meeting?",Yes,"Based on the information provided, there is no explicit mention of Yuriko informing Li Hua about booking a seat at the ""Central Perk"" cafe before Li Hua confirmed the details of their meeting. In the recorded messages, Yuriko only mentions booking a seat at ""Central Perk"" for a Sunday jam session, which does not align with the previous meetings discussed. The earliest record of a meeting at ""Central Perk"" appears in message 4, where Yuriko informs Li Hua that she has booked a seat at ""Central Perk"" for a chat and brainstorming session on Thursday at 9 AM. Therefore, it seems that Yuriko did not inform Li Hua about her plans to meet at ""Central Perk"" prior to the confirmation message in message 4."
What is the name of the café where Li Hua and YurikoYamamoto first meeting to talk about Yuriko's website?,Central Perk,"The initial meeting between Li Hua and YurikoYamamoto to discuss Yuriko's studio's homepage took place at ""Central Perk"" café. This information can be found in the log entry dated 20260225_15:00, where YurikoYamamoto informs Li Hua about booking a seat at the café for a meeting scheduled for the following day at 3 PM."
What event is the community organizing?,a weekend picnic,"The community is planning various events and activities related to the community garden project, including community meetings, a community sports day, and the renovation of the garden. Additionally, they are organizing a Freelner Group Meeting and a Freelancer Gathering, both of which are scheduled gatherings where LiHua and Yuriko plan to share topics and discuss. The community is also hosting a Community Performance, which involves rehearsals and a performance by multiple participants. Furthermore, they are considering a community medical knowledge lecture and a collaboration with YurikoYamamoto to potentially create an original song with the group. Overall, the community is focused on bringing together their efforts to enhance the garden and foster a sense of unity and shared enjoyment among the community members."
What is the name of the song that Yuriko recommend to the band on 20260706?,Rolling in the Deep by Adele,"Based on the information provided, there is no mention of a song recommendation made by Yuriko on July 6, 2026 (as indicated by the id 2). The table entries seem to focus on discussions about different topics such as app usage, band practices, and band names. Therefore, there isn't any specific song recommendation from Yuriko on the date mentioned."
"What does LiHua appreciate about the series ""Chernobyl""?",the powerful storytelling and the cinematography,"Based on the discussions provided, LiHua appreciates several aspects of the series ""Chernobyl."" Firstly, he finds the way the series captures a significant historical event through powerful storytelling to be compelling. Additionally, he commends the series for effectively portraying the confusion and bravery of the individuals involved during the aftermath of the Chernobyl disaster. LiHua also highlights the exceptional cinematography of the series, emphasizing that it is visually impressive. Furthermore, he values the deep character development and the emotional weight of the stories, noting that these elements leave a lasting impression on viewers. Overall, LiHua appreciates the combination of historical accuracy, powerful storytelling, and emotional resonance in the series."
Who offers to help with the installation of the curtains?,AdamSmith,"In the conversation, AdamSmith offers to help with the installation of the curtains. Specifically, he mentions, ""Just let me know when you're free to get it done."" He further clarifies, ""I can help with that!"" This indicates that AdamSmith is willing to assist LiHua in setting up the curtains."
What does ThaneChambers love about the boss battles in Black Myth: Wukong?,The thrill of strategizing how to take them down and the breathtaking scenery,"According to the discussions provided, ThaneChambers appreciates several aspects of the boss encounters in Black Myth: Wukong. He emphasizes that the boss battles in the game are intense and require a lot of focus, adding that they make every victory feel particularly satisfying. ThaneChambers highlights that these boss battles are ""super intense,"" and he mentions that the thrill of strategizing how to defeat them is ""awesome."" Furthermore, he notes that the scenery during these boss fights is ""breathtaking,"" indicating that the visual and audio experiences enhance the overall immersion and enjoyment of the gameplay."
What player's midfield importance does Aurora highlight?,Rodri,"Aurora emphasizes the importance of several players in the midfield, particularly Mason Mount, who she mentions is ""really effective in the 4-2-3-1 when he plays for Manchester United."" She highlights Mount's work rate and ability to link up with the forwards, noting that his stamina is ""super valuable."" Additionally, she speculates about his potential to become a regular in the England squad, especially given the talent pool and the upcoming Euros. Through her discussions, Aurora underscores the significant contributions these players can make to a team, particularly in terms of strategic play and team cohesion."
"What type of protein supplements did Li Hua use after the workout on September 19, 2026?",Insufficient information,"Based on the conversation between Jennifer Moore and Li Hua on September 19, 2026, Jennifer recommended whey protein as a good option for muscle recovery and building lean mass. Additionally, she suggested that if Li Hua preferred plant-based proteins, pea or rice protein could also be good options. However, the exact type of protein supplement used by Li Hua after the workout is not specified in the provided data."
Did Li Hua ask Jennifer for advice on how to prevent muscle soreness after an intense workout session before he told her that he feels soreness in his arm muscles after the workout this week?,Yes,"Based on the information provided in the conversation, Li Hua did not specifically seek advice from Jennifer Moore about preventing muscle soreness before informing her that he felt soreness in his arm muscles after their recent workout session. Instead, Jennifer Moore offered suggestions on how to deal with muscle soreness in response to Li Hua's query about dealing with the soreness he experienced post-workout. Specifically, Jennifer suggested several methods such as hydration, active recovery, stretching, foam rolling, and rest. Li Hua appreciated the advice and mentioned giving these tips a try. Therefore, there is no record of Li Hua asking for advice on preventing muscle soreness before he expressed his soreness."
Who are JakeWatson's and LiHua's favorite defenders?,Carles Puyol and Gerard Piqué,"Based on the conversation, JakeWatson and LiHua both have strong opinions about the best defenders in the history of FC Barcelona. JakeWatson mentions Carles Puyol as a standout defender who had ""unmatched"" leadership and dedication. He also considers Gerard Piqué to be another exceptional player, praising his combination of skill and intelligence. LiHua shares similar sentiments, affirming Puyol's greatness and mentioning Piqué as a worthy mention alongside him. They both seem to hold Puyol and Piqué in very high regard as exemplary defenders for the club."
What song did Yuriko and Wolfgang decide to perform together after watching the drum tutorial?,Insufficient information,"Based on the information provided, there is no explicit mention of the song that Yuriko and Wolfgang decided to perform together after watching the drum tutorial. The conversation focuses primarily on their plans for upcoming jam sessions and Wolfgang's interest in drumming, but does not specify which song they chose to play together. Therefore, without additional details from later discussions or the jam session itself, it's not possible to determine the particular song they decided to perform."
What playing style is associated with Guardiola's Barcelona team?,Tiki-taka,"Based on the information provided, Pep Guardiola's Barcelona team, known as FC Barcelona, was characterized by a possession-based and counter-attacking style of play. This approach emphasized fluid movement, high pressing, and the utilization of quick transitions to attack. The team was known for their possession play, which allowed them to maintain control of the ball and dictate the tempo of the game. Additionally, they were adept at counter-attacking, leveraging their fast pace and tactical discipline to exploit gaps created by their opponents. These playing styles were often highlighted during matches like the 2011 Champions League final, where Barcelona demonstrated their mastery of possession and Xavi and Iniesta's exceptional technical abilities."
What drinks does WolfgangSchulz want to have while watching the movie?,Soda and juice,"In the conversation recorded at the time of October 9, 2026 (ID 1), WolfgangSchulz and LiHua discuss the type of snacks they will bring to the movie night. Specifically, WolfgangSchulz mentions that he wants to have a nice cold drink, suggesting that he might prefer something like soda or craft beer. However, he specifically asks LiHua what he wants, indicating that his preference is secondary to LiHua's."
Why is Chae Song-hwa unable to join the rehearsal?,She has to attend a medical lecture,"Chae Song-hwa informed the group that she has to attend a medical lecture this Sunday evening and therefore cannot join the rehearsal. She expressed her willingness to join another rehearsal or jam session at a different time, indicating that she hopes the group can regroup and plan their next sessions."
Did Hailey announce the new line of high-protein breads before inviting Li Hua to the special bakery event?,Yes,"No, Hailey did not mention the new line of high-protein breads prior to inviting Li Hua to the bakery's anniversary event. The announcement about the new high-protein breads was made separately, on April 19th, while the invitation to the event occurred on April 13th. Specifically, the conversation regarding the new high-protein breads took place on April 19th, where Hailey informed Li Hua, ""They're available starting next week! You can add them to your usual order when Alice comes by on Monday. Excited for you to taste them!"" This announcement came after the baker had already announced the upcoming bakery anniversary event on April 13th."
What topics will be covered in the community medical knowledge lecture?,Basics of common health issues and how to prevent them,"In the community medical knowledge lecture scheduled for Saturday at 7 PM, the speaker, ChaeSong-hwa, plans to cover some basics of common health issues and how to prevent them. This lecture aims to provide attendees with valuable insights and practical advice on maintaining good health. LiHua, who is invited to attend, expresses enthusiasm about the lecture and looks forward to learning more about health topics."
What does Giselle remind everyone to do before practice?,Stretch,"Based on the information provided, Giselle reminds everyone to bring a ball and water bottles to the practice session. This is mentioned in the conversation where Giselle expresses eagerness to participate in the game and mentions brushing up on her dribbling skills, suggesting she is also concerned about bringing the necessary equipment for a productive session."
What new pizza place does WolfgangSchulz suggest?,a new pizza place downtown,"In one of the conversations, WolfgangSchulz mentions a new pizza place downtown that he has been hearing good things about. Specifically, this conversation took place on October 17, 2026, at 17:00, during which LiHua inquired about WolfgangSchulz's favorite pizza place. WolfgangSchulz responded, ""I'm a fan of that new pizza place downtown. Heard they have some amazing toppings!"" Therefore, the new pizza place WolfgangSchulz suggests is the one located downtown."
Which regions in Witcher 3 did Li Hua and Thane Chambers discuss?,Skellige and Toussaint,"In the conversations recorded, Li Hua and Thane Chambers discussed several regions within the Witcher 3 universe. Specifically, they mentioned the stunning landscapes of Skellige and Toussaint. Li Hua particularly highlighted the beauty of Toussaint, emphasizing the vibrant castles and vineyards that make the area a memorable part of the game. Thane Chambers also commended the scenery in Skellige, describing the cliffs and ocean views as breathtaking. Both participants agreed that these regions offer rich and immersive gameplay experiences."
What offer does AdamSmith extend to LiHua regarding the basement?,It can be used for extra storage whenever LiHua is ready,"In one of the conversations, AdamSmith extends a reminder that the rent is due soon and offers to assist with any payment options or provide any necessary help if needed. Specifically, in the message dated 20260127_20:30, AdamSmith states, ""Hey Li Hua, just a friendly reminder that the rent is due soon. If you need to discuss any payment options or have any questions, feel free to reach out!"" This indicates that AdamSmith offers to assist with payment-related matters if LiHua needs help."
Who invites LiHua to taste a new bread recipe?,HaileyJohnson,"In the conversation recorded under timestamp ""20261016_16:00"", LiHua invites HaileyJohnson to taste a new bread recipe. HaileyJohnson responds positively, expressing interest in tasting what LiHua has made. This invitation and subsequent interest indicate that LiHua is the one inviting LiHua to taste the new bread recipe."
Who is the most hateable character in Game of Thrones in Merrick's opinion?,Cersei Lannister,"Based on the information provided, Merrick expresses his dislike for Cersei Lannister, citing her manipulative and arrogant traits. There is no indication that Merrick holds any other character in particularly low regard within the context of the discussion. Therefore, in Merrick's opinion, Cersei Lannister is the most hateable character according to his sentiments expressed."
Which upcoming PS5 exclusive game does Gavriel express curiosity about?,Ghostwire: Tokyo,"In the conversation, Gavriel expresses interest in exploring the upcoming PS5 exclusive game, which appears to be ""Demon's Souls."" This is evident from the dialogue where Gavriel mentions, ""Nice! I've heard a lot about """"Demon's Souls"""". I might give it a shot!"" Additionally, Thane Chambers suggests this game as a recommendation, saying, ""Nice! I've heard a lot about """"Demon's Souls"""". I might give it a shot!"" Given these comments, it seems ""Demon's Souls"" is the upcoming PS5 exclusive game that Gavriel is curious about and wants to explore."
What feedbacks does Hailey ask from LiHua in July?,feedback on the bread delivery service & customer feedback on a new line of artisanal donuts,"In July, Li Hua assisted Hailey Johnson in organizing a bread-tasting event at the bakery. During this event, Li Hua gathered feedback from customers regarding the different bread varieties. Specifically, Li Hua participated in chatting with customers and collecting their opinions on the various bread types. Additionally, Li Hua was asked to jot down some of the customer favorites, which would help Hailey Johnson in improving her offerings. This feedback was crucial for Hailey to understand the preferences of her customers and tailor her bread offerings accordingly."
Who does Jake believe has the potential to be a game-changer for Barca?,Pedri,"Based on Jake Watson's statements, he believes that Pedri has the potential to be a game-changer for Barca. Jake expresses admiration for Pedri's vision and control, noting that he reminds him of greats in the sport. He sees Pedri's development positively and speculates that if he continues to grow, there is significant potential for him to achieve great things in big matches."
Did Wolfgang's promotion announcement occur before he invited Li Hua for dinner on 20260430?,Yes,"Based on the information provided in the conversation, Wolfgang's promotion announcement took place on Time: 20260430_17:00, where he invites Li Hua for dinner at Venedia Grancaffe to celebrate his promotion. This indicates that Wolfgang's promotion announcement indeed occurred prior to his dinner invitation with Li Hua on the same day."
Question: Did Jennifer remind Li Hua to consume enough protein after the workout before she shared tips with the group members on common mistakes to avoid after an intense workout?,Answer: Yes,"In the conversations recorded, Jennifer does indeed mention the importance of protein consumption after workouts multiple times. In the initial interaction, Jennifer reminded Li Hua to ensure they were getting enough protein after their workouts, emphasizing its role in maintaining a fit body. Later, during a more detailed discussion about protein intake, Jennifer provided specific recommendations related to protein powder and its benefits. However, there is no explicit mention of Jennifer reminding Li Hua to consume enough protein before an intense workout. Therefore, based on the data provided, Jennifer did not specifically remind Li Hua to consume enough protein before the workout. Her primary emphasis was on ensuring adequate protein intake after the workout."
"What new species of flowers will be featured in the community garden renovation, according to the feedback provided by Li Hua during the progress reports?",Insufficient information,"During the discussions regarding the community garden renovation, Li Hua proposed several additions that will be included in the garden. Specifically, she mentioned that lavender and coneflowers should be added to the flower beds, which are native plants that are beneficial for pollinators. Additionally, she suggested including a small herb section with basil, mint, and rosemary, which would make the garden more useful and enjoyable. While the exact new species of flowers were not specified beyond these recommendations, it can be inferred that the renovation will feature native plants and potentially other locally-adapted species that align with ecological sustainability goals."
Which character's dynamic with Cersei is mentioned as complicated?,Jaime,"The dynamic between Cersei and Jaime Lannister is mentioned as particularly complicated. This relationship is described as showing the ""struggle of power versus connection and how one can affect the other."" Additionally, Cersei's relationship with Tyrion Lannister is noted to have potential for influencing her, highlighting the impact of external relationships on her character and choices."
What does EmilyBurnett think about the future relevance of Westworld's themes?,They will become even more crucial as technology advances,"According to the discussions captured, Emily Burnett expresses a strong interest in how the themes explored in Westworld remain relevant today, particularly concerning issues of free will and ethics, especially in light of advancements in artificial intelligence and technology. She believes that the themes of consciousness, free will, and human-machine relations are not only fascinating but also increasingly pertinent as we continue to advance technologically. Her excitement and engagement with these themes suggest that she anticipates the show's exploration of these topics will continue to resonate and provoke thought as society evolves."
When and where does JakeWatson propose to meet for the practice session according to the conversation on 20260925?,Saturday at 4 PM at the usual spot,"There doesn't appear to be a conversation on September 25th involving JakeWatson. However, based on the conversations provided, JakeWatson proposed a practice session focused on shooting at the park on Saturday, specifically at 3 PM. This was discussed on November 6th (20261106_20:00). Therefore, the proposed meeting time and location for the shooting practice session is Saturday at 3 PM at the park."
When does Li Hua ask Jennifer Moore about adjusting the protein in her meal plan?,20260122,"Li Hua reaches out to Jennifer Moore about adjusting the protein content in her meal plan specifically during one of their conversations in January 2026. This conversation took place on the 15th of January at 16:45, where Jennifer provided Li Hua with tips on meal planning and offered to help her create a more specific plan based on her preferences. During this session, Li Hua expressed interest in lean proteins and vegetables, and Jennifer suggested several meal ideas including breakfast, lunch, and snack options rich in lean proteins and vegetables."
What is Li Hua's opinion on the characters in Succession?,Intense family dynamics and business war,"Based on the conversations shared, Li Hua has expressed interest in discussing the main character Kendall's motivations within the context of the TV series Succession. Specifically, during a discussion with Emily Burnett, Li Hua noted the complexity of Kendall's character, highlighting how his struggle for power is tied to both proving himself and the immense pressure of the family legacy. Li Hua also observed the toxic nature of Kendall's relationship with his father, Logan, and discussed the possibility of reconciliation between them, suggesting that it seems unlikely given the history of betrayal and conflict. Li Hua emphasized the intensity of Kendall's journey, describing it as ""hard not to root for him despite everything."" However, Li Hua also expressed doubt about whether Kendall can ever truly overcome the self-destructive loop driven by his quest for power and the constant need for validation. Li Hua's opinions seem to focus on the character's internal struggles and the challenging dynamics within the family."
When does the special event at Hailey's bakery start according to Hailey and LiHua's conversation on 20260622?,The event starts at 10 AM this Saturday,"According to the conversation between HaileyJohnson and LiHua dated 20260622_13:30, the special event at Hailey's bakery is scheduled to start at 10 AM on Saturday. This is clearly stated in Hailey's invitation, where she mentions, ""The event starts at 10 AM this Saturday."""
What aspect of Guardiola's career does JakeWatson admire?,The transformation of the teams he's managed,"Based on the conversation, JakeWatson specifically praises Pep Guardiola's ability to motivate and develop players. Jake mentions that Ancelotti knows how to get the best out of his players, even in crunch moments, indicating admiration for Guardiola's coaching style and ability to foster a winning mentality within the team. Additionally, Jake expresses hope that the current generation of players can continue the winning culture established by Guardiola, suggesting that he appreciates the long-term impact of a coach's approach on the club's success."
What does ThaneChambers think about Sekiro: Shadows Die Twice?,It's amazing and worth grabbing,"According to the conversation, Thane Chambers expresses a highly positive opinion of Sekiro: Shadows Die Twice. He describes it as an ""amazing"" game with a unique combat system that requires strategic thinking and timing, praising its world design as ""super cool."" Thane also mentions that if one enjoys challenging games, they will definitely love Sekiro. Li Hua finds the game's story engaging and asks for advice on whether she should try it out immediately, to which Thane enthusiastically agrees, noting that the story is ""rich and has a great atmosphere"" and that players will likely become ""hooked pretty quickly."" He advises pacing oneself due to the game's difficulty but emphasizes that the experience is rewarding. Overall, Thane highly recommends Sekiro: Shadows Die Twice to those interested in a challenging and engaging gaming experience."
Which game does LiHua mention he's been playing on 20260920?,Call of Duty: Warzone,"There is no mention of LiHua playing a game on the specified date, 20260920. The text only indicates that this date was a specific time when the conversation took place, involving Thane Chambers and Li Hua. No details about a game LiHua was playing are provided."
Which kind of pastry does Li Hua express his interest in trying in his conversation with Hailey on 20260531?,the new banana durian cheesecake,"In the conversation recorded on 20260531, Li Hua expresses interest in learning how to make pastries. Specifically, he states, ""I’d love to learn how to make pastries if we can."" This indicates that pastries are the type of pastry that Li Hua would like to try learning to make. Li Hua clearly shows enthusiasm for the pastry category, suggesting that he enjoys trying new and diverse baked goods."
What is IllidanStormrage's suggestion to the ongoing garden construction according to the discussion on 20260522?,plan some quiet hours when the kids are playing,"According to the discussion on 20260522, IllidanStormrage suggested adding some shade options to the garden. He proposed including a few trees or larger plants to create some cool spots for relaxing during hot days. This idea was supported by RexxarRemar, who mentioned that having plants that attract pollinators could make the garden even more lively, and it would also support the ecosystem. These suggestions aim to enhance the garden's functionality and beauty, ensuring it remains comfortable and appealing throughout the year."
What game has Gavriel been hooked on recently for its blend of RPG elements and social simulation?,Persona 5 Royal,"Based on the conversation, Gavriel has been particularly interested in ""Persona 5 Royal."" This game stands out for its blend of RPG elements and social simulation, offering a rich narrative with deep character development and strategic gameplay. Additionally, the blend of RPG and social simulation elements provides a unique and engaging experience that allows players to balance their daily lives with their adventures within the game. Gavriel finds the blend of turn-based battles and social interactions appealing, as it offers a satisfying balance between strategic thinking and the social dynamics of the game world."
What pizza does LiHua like?,pepperoni with extra cheese,"Based on the conversations provided, LiHua has expressed a preference for pepperoni pizza. Specifically, she mentions that she ""can't resist that spiciness!"" when referring to pepperoni, indicating a fondness for this type of pizza. However, there isn't any explicit mention of a specific brand or type of pizza that LiHua likes. The preference for pepperoni aligns with Wolfgang's statement that he's a fan of the new pizza place downtown, suggesting that LiHua might appreciate the offerings at this establishment."
What are LiHua's favorite snacks for the game?,Nachos with cheese and spicy salsa,"Based on the conversations provided, there is no mention of LiHua discussing her favorite snacks specifically related to gaming. The interactions focus more on food-related topics such as desserts, drinks, and snacks for various activities like ice cream promotions, dim sum, and dim sum experiences. There is no information regarding her preferences for game-related snacks."
Why is Yuriko asking for LiHua's help on 20260807?,She has got ten logo designs for my speech therapy studio and she would love LiHua's opinion on which one stands out the most,"There is no mention of Yuriko seeking help from LiHua on August 7, 2026, based on the provided data. The records only indicate interactions between LiHua and Yuriko regarding a Sunday jam session and a meeting to discuss the homepage updates. There is no reference to Yuriko needing assistance from LiHua on the specified date."
Who will bring the tools for the curtain installation?,AdamSmith,"In the conversation, Adam Smith mentions that he will bring the tools for the curtain installation. Li Hua requested a time for the installation and Adam responded positively, saying, ""I'm free on Wednesday or Thursday afternoon. Which one is better for you?"" Li Hua then replied, ""Thursday afternoon works for me! Let’s plan for that."" Adam Smith followed up by stating, ""Sounds good! I’ll bring the tools, and we’ll get it done. Looking forward to it!"" Therefore, it is clear that Adam Smith will bring the tools for the curtain installation."
How does GromHellscream believe the local shops will benefit from the completed garden?,More foot traffic means more customers for them,"The provided conversations do not contain direct information about how local shops will specifically benefit from the completed garden. However, it is evident that the garden renovation aims to improve the overall quality of life for the community, which could indirectly benefit local businesses by enhancing the neighborhood's appeal and attractiveness. Additionally, the garden may serve as a gathering place for community events and activities, potentially attracting more foot traffic and encouraging local shopping. While these benefits are not explicitly stated, they can be inferred from the general discussions about improving the community environment and fostering a sense of community."
What does ChaeSong-hwa suggest for the garden once everything is set up?,a little gathering,"In the discussions regarding the future of the community garden, ChaeSong-hwa suggested that they organize a gathering once everything is set up. ChaeSong-hwa proposed that this could be a community event where everyone can enjoy the garden together. ChaeSong-hwa envisioned various activities for the gathering, including fun games for children and possibly flower planting workshops for everyone. Additionally, a potluck meal would be a great way for people to share their culinary specialties. ChaeSong-hwa believes that hosting such an event will not only create a memorable experience for the community but will also foster a sense of unity and enjoyment in the garden."
Who is the best midfielder in the past decade in JakeWatson's opinion?,Luka Modrić,"Based on JakeWatson's statements, his opinions have centered around a few key figures in the Premier League. In the discussion about the best football manager in the Premier League history, Jake mentioned Sir Alex Ferguson as his choice, highlighting the trophies he won with Manchester United. However, when asked about the best midfielder in the past decade, Jake did not specifically name any individual. Instead, he talked about formations and players he admires, such as Kevin De Bruyne, Bruno Fernandes, and Mason Mount. While these players have certainly been impactful and influential in recent years, Jake did not single out one player as the best midfielder in the past decade. Therefore, based solely on the provided conversation, it is not possible to definitively state who Jake Watson believes is the best midfielder in the past decade."
Who proposes that the band takes a break from jamming this week?,Wolfgang Schulz,There doesn't appear to be any proposal in the provided data for the band to take a break from jamming this week. Each entry focuses on plans to continue or organize future jam sessions.
What does Lachlan think about Jaime's final decision to protect Cersei?,It complicates his redemption and leaves mixed feelings,"Lachlan seems to have a complex view on Jaime's final decision to protect Cersei. In the discussion about Jaime's character, Lachlan emphasizes the emotional weight of Jaime's journey, noting the character's transformation from an arrogant knight to someone who eventually shows vulnerability and depth. Lachlan appreciates how Jaime's character is humanized over time and acknowledges the pivotal role Brienne plays in his evolution. Specifically, Lachlan points out a memorable scene from Season 6 where Jaime and Brienne are captured by the Bolton soldiers. This interaction reveals the depth of their relationship, showing tension and revelation about Jaime's character. Lachlan believes that this scene solidified a shift from Jaime being a self-centered knight to someone ready to fight for someone he respects.However, regarding Jaime's final decision to protect Cersei, Lachlan likely feels conflicted. He notes that Jaime had shown significant growth and made sacrifices, yet ultimately he returned to protecting Cersei, which Lachlan sees as a bittersweet end. Lachlan understands that it is a reflection of Jaime's internal struggle with loyalty and love, indicating that redemption may not be a straightforward path. Overall, Lachlan appears to recognize the complexity of Jaime's character and the challenging nature of his final choices."
What is Thane's favorite type of food that he enjoys while playing video games?,Insufficient information,"Based on the conversations detailed in the data, Thane Chambers expresses a particular fondness for burgers. Specifically, during a discussion about dining out, Thane mentions that he and Li Hua plan to meet at a new burger place near the cinema on Saturday morning. This indicates that burgers are a food item Thane enjoys while participating in gaming-related activities. No other specific food preferences for gaming-related events are highlighted in the provided data."
What is the proposed solution for making the garden more inviting on sunny days?,Adding shade with umbrellas or trees,"In the discussions regarding the garden renovation, several ideas were proposed to make the garden more comfortable during sunny days. Specifically, participants suggested adding a small water feature to the garden, which could serve as a soothing sound and attract wildlife. Additionally, the addition of some shade elements was recommended, such as a pergola or umbrellas, to make the seating areas cooler and more comfortable during the hotter parts of the day. This dual approach of enhancing the garden with a water feature and shade elements would contribute significantly to making the garden more inviting and enjoyable for community members."
What is the name of the song that Li Hua will sing at the karaoke on 20260425?,Insufficient information,"There isn't a specific mention of a song that Li Hua will sing at the karaoke activity scheduled for 20260425. The provided conversation focuses primarily on plans for future karaoke activities, including discussions about potential songs for upcoming events. Therefore, no particular song is named for this specific karaoke night."
Who does JakeWatson consider the best defender in the history of FC Barcelona?,Carles Puyol,"Based on the conversation, JakeWatson considers Carles Puyol and Gerard Piqué to be among the best defenders in the history of FC Barcelona. JakeWatson agrees with LiHua that it's challenging to single out just one player, highlighting Puyol's leadership and dedication, and Piqué's combination of skill and intelligence. Both players brought something special to the team, according to JakeWatson."
What does Thrall suggest they create to support local businesses?,A list of businesses they love to support,"In one of the discussions, Thrall suggests creating a flyer or a similar resource listing local businesses that the community can support alongside the garden project. This flyer could serve as a tool to spread awareness and involve more members of the community in the support of local vendors. Additionally, Thrall emphasizes the importance of gathering all the ideas and resources to create a solid plan for the garden project and the local vendors, highlighting that everyone's contributions are valuable."
What new song does the Jolly band decide to work on for the jam session according to their discussion on 20260410?,Stand By Me,"According to the conversation recorded on 20260410_11:00, the Jolly band decided to work on the classic song ""Stand By Me"" for their upcoming jam session. Both Wolfgang Schulz and Li Hua expressed enthusiasm about exploring this song, noting its ""great rhythm"" and the potential for all members to join in. Li Hua suggested they might want to add a little twist to the arrangement to make it more unique and fun, suggesting they should ""add our own flair."" This indicates that ""Stand By Me"" was chosen not only because of its appealing melody but also due to the possibility of creating a collaborative, engaging performance."
