Question,Gold Answer,minirag
When was the first time Li Hua had dinner with Wolfgang this year?,20260108,"The first recorded instance of Li Hua and Wolfgang having dinner together this year is detailed in Source 4, which mentions their dinner plans for May 14th at 22:00. In this conversation, Wolfgang suggests a restaurant they both love, and Li Hua expresses enthusiasm about the possibility of revisiting their favorite dining spot. This interaction indicates the earliest known dinner date between Li Hua and Wolfgang this year."
Did Adam Smith send Li Hua a reminder about the upcoming rent due date before Li Hua sent a message about having already transferred the rent on 20260301?,Yes,"No, based on the messages provided, Adam Smith did not send a reminder about the upcoming rent due date to Li Hua before she informed him that she had already transferred the rent on March 1st, 2026. In fact, the earliest message showing a rent-related communication is dated January 5th, 2026, where Li Hua checks in about the move-in process. The subsequent messages do not indicate any reminders from Adam Smith concerning rent payments until February 19th, 2026, where he reminds Li Hua to pick up the key for the basement at 9 am. Therefore, there is no evidence to suggest that Adam Smith sent a rent reminder to Li Hua before she indicated that she had already paid the rent on March 1st, 2026."
Which game does Ileana mention for its unique world and storytelling?,Horizon Zero Dawn,"Ileana mentions ""Horizon Forbidden West"" for its unique world and storytelling. She describes how the stunning graphics and engaging storyline make the game immersive and highlights the engaging narrative and challenging gameplay mechanics."
What new flavor is LiHua looking for as he mentions to Hailey in their conversation on 20260714?,a matcha flavor,"In their conversation on July 14th, 2026 (Time: 20260714_12:00), LiHua expresses his interest in trying new flavors, specifically mentioning a desire for a matcha flavor. He states, ""Maybe a matcha flavor next time? That could be fun!"" 🍵✨ This indicates that LiHua is seeking a new flavor, likely a matcha-flavored product, from Hailey's bakery."
Which game's narrative does Bronwyn appreciate for its father-son dynamic?,God of War,"Based on the discussions in the conversations, Bronwyn particularly appreciates the father-son dynamic in ""The Witcher 3."" She highlights the depth of the relationship between Geralt and the Bloody Baron, noting that the choices Geralt makes regarding the Baron significantly impact the story and characters. Bronwyn finds the emotional weight of these choices profound and impactful, indicating that the father-son dynamic is a key element she values in this game's narrative."
When did Li Hua inform Adam Smith that the rent was transferred?,20260301_10:00,"According to the records, Li Hua informed Adam Smith that the rent had been transferred multiple times. Specifically, on April 29th at 18:00, Li Hua updated Adam Smith that she had transferred the rent via bank transfer. This is indicated in the message:```LiHua: Hey Adam! Just wanted to let you know that I've transferred the rent via bank transfer. Let me know if you need anything else!AdamSmith: Great! I appreciate it. If you need any help with the basement or anything, just reach out!LiHua: Sure thing! Will do.AdamSmith: Glad to hear! Everything going well with settling in?```Additionally, on June 1st at 16:00, Li Hua informed Adam Smith that she had transferred the rent through bank transfer. This is evident in the following exchange:```LiHua: Hi Adam, just wanted to let you know that I've already transferred this month's rent through the bank. Thanks!AdamSmith: Great, thanks for the update! Glad to hear everything's sorted. Let me know if you need anything.LiHua: Will do! Hope you're having a good day!```Therefore, two instances were noted where Li Hua informed Adam Smith about the rent transfer."
What does Farrah admire about Rodri's play?,His ability to break up opposition plays and transition the ball,"Based on the dialogue provided, Farrah specifically praises Rodri's standout performance in the midfield, highlighting his significant contribution to Manchester City's momentum and strategic approach. This indicates that Farrah admires Rodri's skillful play and his crucial role in the team's success."
What did Li Hua enjoy the most about the restaurant that he and Wolfgang visited for dinner on 20260514?,The pasta dish and the dessert,"Based on the information provided, there is no specific mention of a dinner visit on 20260514. However, on 20260519, Li Hua mentioned enjoying a ""hawthorn and dried tangerine peel Basque burnt cheesecake"" and expressed excitement about trying it again during their dinner together the following weekend. There is no further detailed description of their dinner experience on other dates, so we cannot determine what Li Hua enjoyed the most about the restaurant Wolfgang suggested."
What is Wolfgang's preference for a burger patty's doneness?,well-done,"Based on the interactions detailed in the conversation, Wolfgang has a preference for a medium-rare patty. This is evident from the following exchange:```plaintextLiHua: I get the point of medium rare, but I think well-done is just safer and more flavorful. Plus, I like a little char on my burger! What do you think?WolfgangSchulz: I get that! But I think medium rare is just juicier and more flavorful. Plus, I prefer to keep it simple and let the burger flavor shine through. What about you?```In this dialogue, Wolfgang explicitly states his preference for a medium-rare patty, indicating that he values a more delicate and flavorful texture for his burger patty."
What does LiHua say Cersei's power came at the price of?,Meaningful connections,"According to LiHua, Cersei's power came at the price of meaningful connections. This sentiment aligns with broader themes discussed in the conversation, indicating that Cersei's relentless pursuit of power and control ultimately led her to isolate herself from genuine relationships, including those with her family members."
"What is Aisling's opinion on using traps in ""Octopath Traveler""?",They are a game changer,"In the discussion about strategies in ""Octopath Traveler,"" Aisling expressed enthusiasm for using traps. She stated, ""Traps are such a game changer! I’ve set up a few ambushes that worked out really well. I love the strategy it adds to the battles!"" This indicates that Aisling believes traps provide a strategic advantage in combat and enhance the gameplay experience by adding depth and complexity."
Who offers to help with setting up for the garage sale?,AdamSmith,"In the discussion about the garage sale, AdamSmith offered to help with setting up for the event. Specifically, he said, ""By the way, if anyone needs help with setting up for the garage sale, just let me know! I’d be happy to lend a hand."" This indicates that AdamSmith was willing to assist with the setup if needed."
What type of gameplay does Jareth enjoy after a big challenge?,Relaxing gameplay,"Based on the discussions, Jareth enjoys a more relaxed and laid-back experience after intense boss fights or challenging gameplay. This preference aligns with his statement that he ""enjoy[s] a chill moment now and then."" During these times, he tends to engage in activities such as wandering around, collecting items or side quests, and spending time leveling up his characters or experimenting with different party combinations. This indicates that Jareth values downtime to reset and relax after experiencing high-stakes and adrenaline-pumping gameplay scenarios."
What does Emily think will happen next in the series in terms of story development?,The stakes will rise and alliances will evolve,"In the conversations documented, Emily Burnett expresses enthusiasm for the potential of various story developments, particularly those that involve character growth, complex moral dilemmas, and philosophical discussions. Emily highlights the significance of shared challenges and character interactions that could foster meaningful dialogue about trust, growth, and redemption. She believes that such shared trials would add layers to the relationship between characters and provide captivating emotional moments. Emily also anticipates twists and turns that could make the narrative unpredictable and engaging, suggesting that the series could continue to deliver both action and thought-provoking content.Emily mentions that the themes of the show, such as consciousness, free will, and what it means to be human, are deeply thought-provoking and highly relevant, especially as technology continues to advance. She foresees that the show's exploration of these themes would remain relevant and perhaps even more pressing in the future. Additionally, Emily is intrigued by the idea of unexpected leaders taking charge, noting that different philosophies and approaches to problem-solving would lead to varied outcomes. This diversity in leadership styles adds depth to the storyline and keeps the narratives fresh and unpredictable. Overall, Emily's excitement is evident as she looks forward to the upcoming seasons and the potential for significant character development and narrative twists that could further explore the intricate themes of the series."
What does Li Hua think about improvisation during the jam session?,Improvisation sounds great,"In the conversations provided, there is no specific mention of Li Hua discussing improvisation during the jam sessions. However, Li Hua frequently expresses enthusiasm and excitement about the group's music-making activities, suggesting that he enjoys the collaborative process and the spontaneity involved. His comments often revolve around the positive effects of playing music together, such as feeling more motivated, focused, and inspired. While not explicitly discussed, it can be inferred that Li Hua likely appreciates the opportunity to improvise and experiment within the context of their jam sessions."
What were the specific requirements that the customers modified and how did Li Hua respond to each change?,Insufficient information,"In the conversations documented, there are several instances where customers requested modifications or additional features for various services. Specifically, we see interactions related to rental payments, air conditioning installations, and a user feedback section for a studio homepage.For rental payments, Adam Smith reminded Li Hua about the upcoming rent due date. Li Hua acknowledged the reminder and assured Adam that the payment would be taken care of promptly. This demonstrates a responsive and cooperative relationship between the customer and service provider.Regarding the air conditioner installation, Adam Smith communicated that the installation was set for Wednesday and asked Li Hua if she had any special requests. Li Hua responded that she didn't have any specific requests, just hoping for a smooth installation process. She appreciated Adam's follow-up and agreed to keep him informed of any updates. This interaction showcases the professional and communicative nature of their relationship.Lastly, Yuriko Yamamoto sought assistance in designing a user feedback section for her studio's homepage. She envisioned a simple form for users to submit comments or suggestions along with a star rating system. Li Hua readily offered her assistance and proposed adding testimonials to the feedback section. Both Yamamoto and Li Hua discussed the color scheme for the feedback section, agreeing on pastel colors to create a welcoming atmosphere. Yamamoto expressed a desire for the feedback section to be ready by the end of the following week. Li Hua assured her that she would aim to complete the design and design a preview for Yamamoto's review.In summary, Li Hua responded positively and efficiently to each customer's request, maintaining a cooperative and communicative tone in her interactions. Her responsiveness and willingness to collaborate ensured that each modification was addressed effectively."
What does ChaeSong-hwa suggest binaural tones could enhance?,The sound and listening experience for their audience,"In the discussions recorded, ChaeSong-hwa suggests that binaural tones could potentially enhance the sound and create a unique listening experience for their audience. He proposes experimenting with this technique during their next jam session, indicating a positive outlook on its potential benefits. Specifically, he mentions that incorporating binaural tones might give their original music a ""fresh feel,"" suggesting that it could introduce a new dimension to their musical performance. Additionally, ChaeSong-hwa notes that it could be a fun twist to their usual songs, emphasizing the potential for creativity and engagement."
Did Wolfgang ask Li Hua if she wants to have pizza for dinner after work today before he wondered if she wanted to have Sichuan hot pot for dinner tonight?,No,"Based on the information provided, Wolfgang did not directly inquire about Li Hua's preference regarding pizza versus Sichuan hot pot for dinner. In the conversation about Sichuan hot pot, Wolfgang mentions, ""I'm a fan of that new pizza place downtown. Heard they have some amazing toppings!"" This indicates that Wolfgang had already chosen a pizza place and was excited about the possibility of having pizza for dinner. However, there is no mention of Wolfgang asking Li Hua about her preference between pizza and Sichuan hot pot for their respective dinners. Instead, the discussion revolves around Wolfgang's enthusiasm for the new pizza place and his anticipation of enjoying spicy Sichuan cuisine. Therefore, Wolfgang did not ask Li Hua about her preference for either pizza or Sichuan hot pot before making plans for their respective dinners."
What does Sova plan to do to keep their cardio interesting?,Sova plans to mix it up with different types of cardio exercises,"In the conversation, Sova expresses that she always tries to remind herself of the progress being made collectively. This indicates that she likely plans to focus on maintaining a positive mindset and staying motivated as part of a supportive community. Additionally, Sova suggests setting gradual weight increases as a strategy to track progress and maintain motivation. She proposes that the group could set a target and support each other in achieving these goals, suggesting that Sova plans to keep her workouts fresh and interesting by challenging herself with consistent and achievable targets."
Who informs LiHua that the new software is almost done?,WolfgangSchulz,"In the conversation recorded under ID 7, WolfgangSchulz informs LiHua that the new software he has been working on is almost finished. He expresses excitement about LiHua being one of the first to use the new features and looks forward to her feedback."
What new components are being added to the garden project as Turalyon announces it on 20260806?,incorporating sustainable practices like recycling and composting into our renovation project,"There are no announcements made by Turalyon on August 6, 2026 regarding new components being added to the garden project. The most recent announcement by Turalyon on July 2, 2026 was focused on gathering votes for specific types of plants to be included in the garden. No new additions were specified in the conversation from that date."
When is the construction of the garden supposed to start?,This Wednesday (20260520),"According to the information provided, construction on the garden renovation project is set to begin on Wednesday, as indicated by a message from Turalyon on May 18th, 2026 at 10:00 AM. This is the earliest start date for the construction phase of the garden renovation."
What does JenniferMoore congratulate LiHua for pn 20261022?,for pushing his limits with the planks this week,"On October 22, 2026, JenniferMoore congratulates LiHua for smashing his pull-up personal record. Jennifer emphasizes the significant effort LiHua has put in and the noticeable improvement he has seen, expressing her belief that consistent effort is what leads to success. She encourages LiHua to continue pushing his limits and gives him positive reinforcement, mentioning that she intends to share LiHua's success story with other clients to inspire them. LiHua expresses gratitude and appreciation for Jennifer's support, confirming that he looks forward to the next session."
Did Chae tell Li Hua that taking a warm shower before sleeping can improve the sleep quality before sharing the neuroscience article with her?,No,"In the conversation recorded on 20260926_10:30, ChaeSong-hwa informs LiHua about a scientific fact related to taking a warm shower before bedtime, stating, ""Hey Li Hua! Do you know that taking a warm shower before sleeping can improve the sleep quality? It’s amazing how much it helps! A nice warm shower really can really make a difference. 🌙🛁"". This statement precedes the discussion about the neuroscience article. Therefore, it is clear that Chae did indeed share the information about warm showers with Li Hua before discussing the article on human memory formation."
Which character does LiHua mention as their favorite and describe as inspiring?,Galadriel,"In the conversations provided, LiHua expresses admiration for Galadriel, describing her as an inspiring figure due to her strength and determination, particularly noting her transformation into a warrior. LiHua appreciates how Galadriel embodies both leadership qualities and a warrior spirit, adding to the narrative's complexity and depth."
What is LiHua's suggestion regarding pizza places?,to check out the new downtown place,"In one of the conversations, WolfgangSchulz asks LiHua about her favorite pizza place. LiHua suggests that they should check out a new place downtown, which WolfgangSchulz also agrees to try. This indicates that LiHua recommends the new pizza place downtown for WolfgangSchulz to try. However, she does not specify any other favorite pizza places herself in the recorded conversations."
What joke does Wolfgang make as an April Fool's joke?,That Wolfgang bought a set of expensive drums,"On April Fool's Day, Wolfgang makes a playful joke about buying a set of expensive drums. This joke appears in the conversation where Wolfgang announces, ""Hey! I just bought a set of expensive drums! 🎉🥁 Can't wait to show them off!"" However, this announcement turns out to be an April Fool's prank because Li Hua and Yuriko react with surprise and disbelief, expressing their shock at Wolfgang's supposed purchase of such a significant item. Li Hua jokingly asks, ""Wait, what?! That's super surprising! How did you afford them? 😲"" and Wolfgang playfully adds, ""Haha, just kidding! It was an April Fool's joke! 😄"". This indicates that Wolfgang's claim was meant to be humorous and not taken literally, making it an April Fool's joke."
What does Li Hua want to have on Hailey's bakery shop anniversary event?,Sourdough and sweet pastries,"During Hailey's Bakery's anniversary event, which took place from April 15 to 17, Li Hua expressed interest in trying out the new products the bakery had introduced. Specifically, Li Hua mentioned that they particularly enjoyed the raspberry tart, which was a new pastry introduced for the event. Additionally, Li Hua suggested that future events should feature items like chocolate and caramel, indicating that they liked the combination. Li Hua also expressed enthusiasm for attending the event, suggesting that they would be bringing Wolfgang, who also enjoys good food. The bakery promised to prepare special treats just for Li Hua, highlighting the personal touch and attention to customer preferences during the anniversary celebration."
What color did Li Hua decide to paint the walls of the basement after completing the renovation?,Insufficient information,"There is no information provided in the given data regarding the color of the walls in the basement after the renovation. The conversations mention various topics such as decorations, furniture placement, and maintenance, but there is no specific discussion about the interior paint colors. Therefore, based on the information available, it is impossible to determine the color Li Hua chose for the basement walls."
When did Li Hua receive the curtains?,Yesterday (implied to be 20261011),"According to the conversation, Li Hua received the curtains ""yesterday."" Specifically, this is mentioned in the interaction where Adam Smith informs Li Hua, ""Yep, I have received it yesterday! Thanks so much, Adam!"""
"Did Wolfgang ask Li Hua about watching ""Star Wars: A New Hope"" after he asked Li Hua about going to see ""Overwatch 3""?",Yes,"In the conversations provided, Wolfgang asks Li Hua about ""Overwatch 3"" in a context related to a potential future event or activity. However, there is no mention of Wolfgang asking Li Hua about watching ""Star Wars: A New Hope."" Instead, Wolfgang invites Li Hua to watch ""Star Wars: A New Hope"" at his place after work, which occurs in a separate conversation (entry number 4) that predates the mention of ""Overwatch 3."" Therefore, Wolfgang did not ask Li Hua about watching ""Star Wars: A New Hope"" after discussing ""Overwatch 3."""
What does Li Hua think about the rosemary focaccia?,Li Hua thinks the rosemary focaccia is amazing,"Li Hua expressed strong satisfaction with the rosemary focaccia. In a previous interaction, she explicitly stated, ""The rosemary focaccia was amazing! Loved the flavor and the texture. Definitely a hit!"" Furthermore, she went on to express her eagerness for more of the same, saying, ""I can’t wait to try more!"" This indicates that Li Hua thoroughly enjoyed the bread and is keen on trying more of the same variety from HaileyJohnson."
What is the topic of the online tutorial Yuriko shares with the group?,Advanced drum techniques,"In the conversation recorded on 20260329_10:00, Yuriko shares an online tutorial on advanced drum techniques. She invites Wolfgang to check it out and share any cool drumming tips they might find useful. This tutorial aims to assist with practice and enhance drumming skills."
Which game does Helios suggest for tactical fun with a great story and character development?,Fire Emblem,"Based on the discussions provided, Helios suggests several games that fit the criteria of offering tactical gameplay with a strong narrative and character development. Specifically, Helios recommends ""Fire Emblem"" for its strategy elements and rich character stories. Additionally, Helios mentions ""Persona 5 Royal,"" which he describes as having a blend of RPG elements and social simulation, and he appreciates its storytelling and character development. Therefore, both ""Fire Emblem"" and ""Persona 5 Royal"" are suggested by Helios as games that offer tactical fun with compelling narratives and character arcs."
What does LiHua want to know about WolfgangSchulz's pizza preference?,his favorite place for pizza,"In the conversations recorded, LiHua expresses her interest in WolfgangSchulz's favorite type of pizza. Specifically, she asks him what kind of pizza he enjoys the most, inquiring whether it's a classic margherita, pepperoni, or something else. LiHua's interest in WolfgangSchulz's pizza preferences showcases her enthusiasm for learning about his tastes and potentially finding a mutual favorite. From the dialogue, it's clear that WolfgangSchulz favors classic margherita pizza, describing it as ""simple but so good."" LiHua, on the other hand, expresses a preference for pepperoni pizza, appreciating its spiciness and extra cheese."
What is Li Hua's preference for a burger patty's doneness?,Medium rare,"In the conversation recorded on August 28, 2026 at 10:00 AM, Li Hua expresses her preference for a medium-rare patty. She states, ""But I just love the juicy texture of a medium rare patty. That's where all the flavor is for me!"" This indicates that she appreciates the juicy texture that comes with a medium-rare patty. However, Wolfgang Schulz maintains his preference for a well-done patty due to its safety and flavor, stating, ""I think well-done is just safer and more flavorful."" Therefore, based on these conversations, Li Hua's preference for the doneness of a burger patty is medium-rare."
How many times does Li Hua train per week now?,2,"Based on the conversations documented, we can infer that Li Hua now trains twice a week. This conclusion is drawn from a conversation where Jennifer Moore suggests changing the training plan to twice a week, and Li Hua agrees enthusiastically, stating ""That sounds great! I'm all in for twice a week. Just let me know what days work best for you, and I’ll lock it in my calendar."" Later, Jennifer Moore proposes Tuesdays and Thursdays, and Li Hua confirms, saying ""Tuesdays and Thursdays work perfectly for me!"" This indicates a commitment to a bi-weekly training schedule. No other mention of training frequency is provided in the given data."
What does Bronwyn think about the idea of stealth missions?,it will be all about timing and communication,"Based on Bronwyn's previous comments, it appears she appreciates the depth and emotional impact that NPCs can bring to a game. Specifically, Bronwyn mentioned enjoying the side quests in ""The Witcher 3"" where NPCs had their own backstories and feelings, making the side quests feel like a vital part of the game. This suggests that Bronwyn would likely appreciate stealth missions that also involve engaging and emotionally resonant interactions with NPCs. However, Bronwyn did not directly comment on stealth missions in the given text. Therefore, we cannot definitively state what she thinks about the idea without additional information."
How does LiHua feel about the soreness in their arm muscles?,It feels good and they are ready for the next session,"Based on the discussions in the provided data, LiHua expresses a range of feelings regarding the soreness in their arm muscles. Initially, in a conversation recorded on December 11th, 2026, LiHua mentions that they are experiencing soreness after their workout, indicating a level of discomfort. This soreness is further acknowledged in another conversation from February 6th, 2026, where LiHua specifically asks for tips to deal with muscle soreness following their workout. In this instance, Jennifer Moore offers advice such as staying hydrated, engaging in light activities, stretching, using a foam roller, and resting, all aimed at alleviating the soreness. Additionally, LiHua appears to be receptive to this advice, expressing gratitude for the tips and mentioning plans to try the suggested methods. Overall, LiHua seems to be aware of and concerned about the soreness in their arm muscles, with a clear interest in managing and reducing it through various recommended practices."
What was the final match score of the 2025 UEFA Champions League final?,Insufficient information,"There is no information provided about the 2025 UEFA Champions League final in the given data. The available data only contains details about matches and events related to the 2011 Champions League Final, the 2013 UEFA Champions League match where Barcelona lost 4-0, the 2015 UEFA Champions League match where Barcelona won 7-1, and other discussions related to football clubs like Barcelona, Real Madrid, and Bayern Munich. Therefore, the score of the 2025 UEFA Champions League final cannot be determined from the provided information."
What time does LiHua propose for dinner on 20260930?,7 pm,"There are no events scheduled for dinner on 20260930 in the provided data. The closest event mentioned is a conversation taking place on 20260924 at 20:00, which doesn't specify a meal time. Therefore, no proposed dinner time for 20260930 can be determined from the given information."
When is the anniversary event of Hailey Johnson's bakery shop?,April 15 to 17,"The anniversary event for Hailey Johnson's bakery shop is scheduled from April 15 to 17. This information is derived from the first message in the conversation history, which mentions, ""Hey Li Hua! Just wanted to let you know that our bakery's anniversary event is coming up from April 15 to 17! 🎉""."
What moment does Rowan find mind-blowing in Arya's storyline?,When Arya confronts and takes down the Night King,"According to the discussions provided, Rowan finds the moment Arya Stark confronts the Night King and defeats him particularly mind-blowing. This moment showcases Arya's significant character growth and her exceptional skills, making it a standout part of her character development."
Why does LiHua bring up Adam Smith in the band's conversation on 20260616?,LiHua thinks it is really nice for Mr. Smith to rent this basement to us for practice,"In the conversation on 20260616, LiHua brings up Adam Smith by mentioning that he offers his skills in data analysis and planning as a potential volunteer for the community emergency response team. This context indicates that LiHua is familiar with Adam Smith's capabilities beyond just the band, suggesting a mutual recognition of his versatility and contributions to various aspects of the community. LiHua's inclusion of Adam Smith in the discussion highlights the diverse roles and talents within the band and the broader community, emphasizing the interconnectedness of these individuals' activities."
Is the time interval more than 3 days between LiHua first asking Adam if he can buy a small fridge for the basement and Adam asking LiHua about the size of the fridge?,Yes,"The sequence of events indicates that LiHua initially asked Adam if he could purchase a small fridge for the basement, which occurred on November 3, 2026, at 13:00. Adam then followed up with LiHua on November 16, 2026, at 16:00, asking about the size of the fridge. Therefore, the time interval between LiHua's initial request and Adam's inquiry about the fridge size is less than three days, specifically four days. Thus, the time interval is not more than three days."
What were the specific details of the negotiation between Jake Watson and Li Hua regarding player transfers from FC Barcelona to FC Bayern Munich?,Insufficient information,"There are no details provided in the given data tables about any negotiation between Jake Watson and Li Hua regarding player transfers from FC Barcelona to FC Bayern Munich. The conversations focus primarily on discussions about classic matches between FC Barcelona and FC Bayern Munich, as well as opinions on players, their performances, and the teams' strategies. No information about player transfers or negotiations is present in the text provided."
What specific measurements did Li Hua take for the window size before the installation of the curtain?,Insufficient information,"In the conversation recorded under timestamp ""20260928_10:00"", Li Hua mentioned that she had already measured the window size and informed Adam Smith that the window was 150 cm wide and 120 cm high. This measurement was necessary for Adam Smith to get the curtains tailored to fit the window correctly. Li Hua also expressed gratitude towards Adam Smith for handling the situation efficiently."
What local dish did WolfgangSchulz try in Prague?,goulash,"In the conversation, WolfgangSchulz mentions trying goulash when he visited Prague. Specifically, he states, ""I didn't get a chance to try much when I was there, but I remember the goulash being really hearty and tasty!"" Thus, the local dish that WolfgangSchulz tried in Prague was goulash."
"Which boss did Gavriel struggle with the most in ""Octopath Traveler""?",The final boss,"In the provided dialogue, Gavriel mentioned struggling with the final boss in ""Octopath Traveler."" Specifically, he stated, ""I struggled a lot with the final boss! It took me multiple tries to figure out the right strategy. Switching characters and adapting to their moves was key."" This indicates that Gavriel faced significant challenges with the final boss, requiring multiple attempts to successfully overcome it."
Who initiated the discussion about Cersei's journey in Game of Thrones?,EmilyBurnett,"The discussion about Cersei's journey in Game of Thrones began with Emily Burnett, who reviewed Cersei's character arc in the series. Specifically, Emily commented on how Cersei evolved from a love-struck girl to a power-hungry queen, highlighting her deep layers and the significant transformation she underwent. Emily expressed that Cersei's character represented the idea that power often comes with a high cost, as she achieved her goals but lost much along the way. Emily also pondered whether Cersei had moments of doubt and if her relationships with her children influenced her actions. The conversation continued with various opinions and insights from other participants, such as Rowan, Lachlan, Merrick, and Saffron, who shared their thoughts on Cersei's character development, particularly focusing on her relationships with her children, her interactions with other characters, and the impact of her father's influence."
What does Saffron say Cersei was blinded by?,Her need for control,"According to the data provided, Saffron mentions that Cersei Lannister was blinded by fear and ambition, highlighting her coldness and manipulation. Specifically, Saffron notes that Cersei's choices and actions were driven by these two forces, leading her to become power-hungry and ruthless. This indicates that Saffron views Cersei's character as being primarily motivated by fear and ambition, which blinded her to the consequences of her actions and led to her eventual downfall."
Is the time interval more than 7 days between Adam asking LiHua about the size of the fridge and Adam informing LiHua that the fridge will be delivered at 4pm next day?,Yes,"There is a gap of 1 day between Adam Smith asking Li Hua about the size of the fridge and informing her that the fridge will be delivered at 4 pm the following day. This does not exceed 7 days, which aligns with typical delivery times for large appliances such as refrigerators. Therefore, the time interval between these two events is less than 7 days."
What video does LiHua send to the band group chat on 20260624?,"a video of himself playing the intro to ""Stairway to Heaven""","There is no information provided in the given data regarding a video LiHua sends to a band group chat on 20260624. The available records do not mention any video sent to a band group chat by LiHua at that specific date. Therefore, based on the data available, it is not possible to determine what video, if any, LiHua sent."
"What aspect of ""Black Myth: Wukong"" does LiHua find the most impressive?",the visuals,"Based on the discussions provided, LiHua appears to find multiple aspects of ""Black Myth: Wukong"" impressive. In a conversation with ThaneChambers, LiHua mentions that the game has ""stunning visuals"" and a ""compelling storytelling."" Additionally, LiHua highlights the game's immersive story and enjoyable gameplay mechanics. Furthermore, the game's soundtrack, which blends traditional Chinese instruments with modern orchestration, is noted as another strong point. Given these comments, it seems that LiHua appreciates the visual spectacle, narrative depth, and overall immersive experience of ""Black Myth: Wukong,"" making it difficult to pinpoint a single most impressive aspect."
What does HaileyJohnson want LiHua to taste?,a new bread recipe,"In the conversations documented, HaileyJohnson has invited LiHua to taste a new bread recipe she has developed. This invitation comes as part of a regular exchange between the two, showcasing Hailey's commitment to ensuring her customers have a delightful experience. Specifically, HaileyJohnson mentions, ""Hey Li Hua! Just wanted to share some pics I took during my visit to your bakery today. The treats look amazing as always! 🍰📸"" and later, ""Hey Hailey! I love seeing all your captures. Did you try anything new today? 🥐😊"" indicating that LiHua visited Hailey's bakery. Following this, HaileyJohnson asks, ""Hey Hailey! I’ve been trying out a new bread recipe and would love for you to taste it. Are you free to come by the bakery? 🥖💛"". LiHua expresses her willingness to taste the new recipe, stating, ""Sounds awesome! I’d love to help out. What time is good for you? 😊"". This exchange demonstrates Hailey's efforts to involve her customers in the tasting process, allowing them to provide feedback and personal experiences with her creations."
What is the opportunity that makes Wolfgang and Yuriko acquaitances?,LiHua introduce them to each other by saying that they can play music together every Sunday,"The relationship between Wolfgang and Yuriko seems to have developed through their participation in virtual conversations and jam sessions organized by LiHua. Specifically, Wolfgang and Yuriko have interacted multiple times via these platforms, with Wolfgang suggesting that Yuriko join their Sunday jam session, which LiHua agreed to consider. Their collaboration in these virtual settings suggests that Wolfgang and Yuriko have formed a connection based on shared musical interests and enjoyment of jamming together. Additionally, Wolfgang introduced Yuriko to LiHua, indicating that their friendship may have begun due to Wolfgang's recommendation. Overall, the opportunity that makes Wolfgang and Yuriko acquaintances appears to be their mutual involvement in music-related activities facilitated by LiHua."
"Who is LiHua's favorite character in the game ""Black Myth: Wukong""?",Wukong,"Based on the discussions between LiHua and ThaneChambers, there isn't a specific mention of a favorite character within the game ""Black Myth: Wukong"". The conversations revolve around the game's visuals, story, and gameplay mechanics. However, LiHua describes the game as ""a blast"" and expresses enjoyment in the combat and storyline, suggesting that the character interactions may not be a central focus. There is no clear indication of a favorite character among those playing or discussing the game."
When is the community meeting for the garden project scheduled according to the discussion on 20260507?,Saturday at 10 am,"According to the discussion dated 20260507_16:00, a community meeting for the garden project is planned to occur on a specific date and time. While the exact date and time were not explicitly stated in the conversation, the participants expressed their interest in setting up community meetings to brainstorm and finalize their plans. They suggested that the meetings should be held on a weekend, specifically mentioning Saturday as a potential option. Therefore, the community meeting for the garden project is scheduled for a Saturday, likely around 10 am, although the exact date and time were not confirmed in the given conversation."
What is the common interest between Li Hua and Jake Watson?,Soccer,"The common interest between Li Hua and Jake Watson is their passion for classic matches between FC Barcelona (Barca) and Bayern Munich (Bayern), particularly those held in the UEFA Champions League (UCL). This is evident from Jake's statement in their conversation, where he expresses admiration for the ""drama and emotion"" in these matches, stating, ""Those matches are epic! The drama in those UCL games is unreal, especially the comebacks."" Li Hua echoes this sentiment by agreeing and reminiscing about classic matches, such as the 2015 match where Barca came back from a 4-0 deficit to win, which he considers one for the books. Their shared enthusiasm for these historic encounters showcases their mutual interest in the storied rivalry between Barca and Bayern."
What percentage discount is Hailey Johnson offering for Mother's Day pastries?,15%,"For Mother's Day, Hailey Johnson is offering a 15% discount on all pastries and special cakes. This promotion is available to customers who place their orders today, with the condition that Alice will deliver the items fresh to their doorstep. Li Hua expressed interest in this offer, specifically requesting a dozen of each of the raspberry-filled croissants and the chocolate eclairs."
What is Jake's first tip for avoiding soccer injuries?,proper warm-up and stretching,"Jake Watson's first tip for avoiding soccer injuries involves proper warm-up and stretching routines before any game. He emphasizes the importance of these practices as they help to get the muscles ready and improve flexibility, both crucial components in maintaining physical health and reducing the risk of injury. Additionally, staying hydrated and wearing the right footwear are also highlighted as significant factors in preventing injuries."
What songs does LiHua suggest adding to the karaoke playlist in his conversation with Chae?,"I Will Survive and ""Sweet Caroline""","In their conversations regarding the karaoke playlist, LiHua suggests several songs that he believes would be suitable additions. Initially, he proposes ""I Will Survive"" and ""Sweet Caroline"" as upbeat choices, which ChaeSong-hwa agrees to include. Later, they discuss including more upbeat songs for summer vibes. LiHua suggests ""Uptown Funk"" and ""Happy,"" which ChaeSong-hwa also finds appealing. Additionally, they consider ""Sweet Home Alabama"" and ""Let It Be"" as part of the classics to be included. In a subsequent conversation, they further suggest ""Dancing Queen"" and ""Shallow"" for their upcoming karaoke night, and ""Shake It Off"" as a pop hit. During another jam session planning conversation, LiHua mentions ""Sweet Home Alabama"" and ""Blackbird"" as potential additions to a medley of classic rock songs. These suggestions reflect LiHua's interest in a diverse range of genres and his enthusiasm for creating enjoyable and energetic karaoke and jam sessions."
How does LiHua feel about the bench press challenge proposed by JenniferMoore?,LiHua feels pretty strong and is up for the challenge,"Based on the conversations between JenniferMoore and LiHua, it appears that LiHua is generally enthusiastic about the bench press challenge proposed by JenniferMoore. In one instance, JenniferMoore encourages LiHua to push his limits with the bench press, stating ""I think you’ve got it in you!"" and asking ""Are you ready for the challenge?"" LiHua responds positively, saying ""Yeah, I'm up for the challenge!"" and ""Let's do it!"" This indicates that LiHua feels prepared and willing to accept the challenge. Additionally, JenniferMoore provides encouragement and advice for the upcoming session, suggesting they focus on form and adding progressive overload to gradually increase the weight. LiHua agrees to these suggestions, expressing his readiness for the next session. Overall, LiHua seems confident and ready to tackle the bench press challenge proposed by JenniferMoore."
Where was the first time Li Hua had dinner with Wolfgang this year?,the cozy café downtown,"The first recorded instance of Li Hua and Wolfgang having dinner together this year is from January 8, 2026, as detailed in entry number 5. In this entry, Wolfgang reminds Li Hua about their lunch at a cozy café downtown scheduled for 12:00. Li Hua expresses excitement about catching up and suggests they eat something warm and hearty, while Wolfgang mentions he's in the mood for a nice soup or sandwich. This marks the earliest dining occasion documented for the year."
Which moment involving Tyrion is Merrick's favorite?,When Tyrion blows up the Wildfire to save King's Landing,"According to the data provided, Merrick has mentioned several memorable moments involving Tyrion Lannister. Specifically, Merrick recalls two moments: one where Tyrion blows up the Wildfire to save King's Landing, and another where Tyrion Lannister displays his wit and intelligence in various scenes. Given that Merrick prefers to share his favorite memorable moments, we can infer that Merrick likely has a fondness for Tyrion's character and his moments of brilliance. However, since no specific moment is singled out as the favorite, Merrick's favorite Tyrion moment remains unspecified based on the information provided."
What type of stretches does Sage prefer before hitting the gym?,Sage prefers dynamic stretches,"Based on the discussions in the conversations, there isn't a direct mention of Sage's preferred stretches before hitting the gym. However, we can infer some preferences from the overall context and the types of activities discussed. For instance, Jennifer Moore suggested yoga and dynamic stretching techniques, which can be considered forms of stretching. Additionally, LiHua shared her preference for a combination of foam rolling and deep static stretches, especially targeting her calves and back. Since Sage didn't specifically mention their preferred stretches, it appears they may follow similar recommendations as others, possibly including yoga, dynamic stretching, and foam rolling. Without a direct statement from Sage about their preferred pre-gym stretches, we cannot pinpoint a specific type of stretch they prefer."
What specific brand of protein supplement does Jennifer recommend for Li Hua's weight loss journey?,Insufficient information,"Based on the conversation, Jennifer recommends whey protein for Li Hua's fitness goals related to muscle recovery and building lean mass. However, she also suggests plant-based protein options like pea or rice protein as alternatives, depending on individual preferences or dietary restrictions. There is no mention of a specific brand of protein supplement being recommended for Li Hua's weight loss journey. The focus appears to be on providing general advice on types of protein supplements and their benefits rather than endorsing a particular brand."
Who will bring cones for drills at the match?,Farrah,"Based on the information provided, there is no mention of anyone specifically bringing cones for drills at the match. The drills discussed seem to be focused on shooting and passing practices rather than cones drills. The main activities mentioned are shooting practice, passing drills, and soccer practice. Without additional details about the specific match or training session being referred to, it is not possible to determine who will bring the cones for drills."
Why are Wolfgang and LiHua going to the local music store?,check out some new gear and get inspired for our next jam session,"WolfgangSchulz and LiHua plan to visit the local music store as part of a music-related activity. According to the description in the ""Entities"" table, the local music store is the place where WolfgangSchulz and LiHua intend to go. In a conversation recorded on 20260901_10:00, WolfgangSchulz suggests visiting the local music store for a music-related activity, specifically mentioning that they could check out some new gear and get inspired for their next jam session. This indicates that the local music store serves as a location for WolfgangSchulz and LiHua to engage in musical activities and explore new musical items."
Is the time interval between LiHua asking JakeWatson to help him with dribbling skills and Li Hua asking the group about classic must-watch UCL matches more than 2 days (restrict your search within August)?,Yes,"To determine if the time interval between LiHua asking JakeWatson to help him with dribbling skills and Li Hua asking the group about classic must-watch UCL matches is more than 2 days, we need to identify these two instances within the given data.First, we locate the instance where LiHua asks JakeWatson to help with dribbling skills:- This occurs in entry 7, where LiHua asks JakeWatson on August 19th at 10:00 AM to help with dribbling skills on Saturday afternoon.Next, we find the instance where LiHua asks the group about classic must-watch UCL matches:- This happens in entry 4, where LiHua asks for recommendations on August 21st at 15:00.The difference between these dates is calculated as follows:- From August 19th to August 21st is exactly 2 days.Therefore, the time interval between LiHua asking JakeWatson to help him with dribbling skills and Li Hua asking the group about classic must-watch UCL matches is exactly 2 days, not more than 2 days."
Which game does Dyllan recommend for turn-based combat and art style?,Octopath Traveler,"Based on the conversation, Dyllan expressed a preference for turn-based combat games and noted that he loves the art style. In the discussion, Gavriel mentioned several games with turn-based combat, including ""XCOM 2"" and ""Persona 5 Royal."" Additionally, Dyllan highlighted ""Persona 5 Royal"" for its unique blend of RPG elements and social simulation, which he described as ""really well done"" and praised for its ""unique vibe."" Regarding the art style, Dyllan mentioned that ""Octopath Traveler"" has ""charming"" pixel art. Therefore, Dyllan recommends ""Persona 5 Royal"" for both turn-based combat and art style preferences."
Did Li Hua provide feedback to Jennifer Moore on his new meal plan before he asked her for advice on a healthy meal plan?,No,"Based on the conversation provided, there is no explicit mention of Li Hua providing feedback on his new meal plan before he asked Jennifer Moore for advice on a healthy meal plan. The dialogue starts with Li Hua expressing interest in a healthy meal plan and seeking advice from Jennifer, without mentioning any previous discussions or plans he may have made regarding his current meal plan. Therefore, we cannot infer that Li Hua had provided feedback to Jennifer prior to her suggestion of a balanced meal plan."
What skill does Li Hua plan to improve with WolfgangSchulz's help?,Data analysis and coding related to AI tools,"Based on the conversations between Li Hua and WolfgangSchulz, it appears that Li Hua plans to improve his drumming skills by focusing on them more this year. WolfgangSchulz expresses interest in getting back into drumming and mentions that he has been thinking about tightening up his drumming skills. Additionally, WolfgangSchulz suggests that they can use this improved drumming ability to enhance their music collaborations, possibly incorporating it into their next jam session. Therefore, the skill Li Hua plans to improve with WolfgangSchulz's help is drumming."
What aspects of Sekiro: Shadows Die Twice does ThaneChambers highlight?,Unique combat system & timing & strategy & world design,"In their conversations, ThaneChambers highlights several key aspects of Sekiro: Shadows Die Twice. Firstly, he praises the game's unique combat system, noting that it requires strategic timing and offers a highly engaging challenge. Additionally, ThaneChambers commends the world design, describing it as ""super cool"" and ""rich,"" which contributes to the immersive gameplay experience. He also mentions the story's atmospheric richness, calling it ""engaging"" and ""rich,"" suggesting a compelling narrative that hooks players quickly. Furthermore, ThaneChambers points out the stealth element of the game, referring to it as an ""eerie, stealthy vibe,"" which adds to the overall experience by providing a different approach to defeating enemies."
What funny glitch did Fionnuala experience in the game Red Dead Redemption 2?,Arthur ended up floating in mid-air after a cutscene,"In the discussion about the game Red Dead Redemption 2, Fionnuala shared a humorous glitch that occurred during a mission. Specifically, she mentioned that while she was on a mission, Arthur (the player character) ended up floating in mid-air after a cutscene. Instead of dying, Arthur performed an epic roll and stood up as if nothing had happened. This glitch led to a comical situation and resulted in Fionnuala finding it hilarious, highlighting how unexpected moments in games can sometimes lead to amusing outcomes."
What were Li Hua's specific fitness goals and how did Jennifer's advice on nutrition influence them during his training for a marathon?,Insufficient information,"During Li Hua's fitness journey, his primary goal was to enhance his endurance for an upcoming marathon. This goal was influenced by Jennifer Moore's advice on nutrition and training, which emphasized the importance of proper hydration and balanced meals. Jennifer recommended books and resources such as ""The New Rules of Lifting"" by Lou Schuler and Alwyn Cosgrove and ""Precision Nutrition"" for enhancing his fitness nutrition. Specifically, Jennifer suggested incorporating longer cardio sessions and interval training into his routine, and advised him to focus on proper hydration and nutrition. Her advice was crucial in guiding Li Hua's training regimen and ensuring he had the necessary nutritional support to sustain his marathon training. Additionally, her recommendation to maintain a balanced diet rich in proteins and healthy fats, coupled with regular hydration, played a significant role in his overall fitness improvement. These nutritional insights were instrumental in helping Li Hua prepare effectively for the marathon, thereby contributing to his successful completion of the training period."
Does Jake agree to play as the goalkeeper?,Yes,"Based on the conversation provided, Jake Watson expressed interest in playing as the goalkeeper for a soccer training session. In a message dated October 3rd, 2026, Li Hua invited Jake to participate as the goalkeeper for their upcoming soccer training. Jake responded positively, stating ""That sounds awesome! I’d love to have you in goal. It'll be a good experience for you! What time are you thinking? 🥅⚽️"" This indicates that Jake agreed to play as the goalkeeper for the training session proposed by Li Hua."
What day and time is the community bake sale taking place?,Sunday at 3 PM,"According to the conversation between AdamSmith and LiHua, the community bake sale is scheduled to occur on a Sunday at 3 PM."
Which game does Jareth praise for its storytelling in side quests?,The Witcher 3,"Based on the discussion, Jareth praises Red Dead Redemption 2 for its storytelling in side quests. Specifically, Jareth mentions spending hours fishing and hunting in the game, enjoying the little details like weather changes and wildlife interactions. Additionally, Jareth notes that the story is very engaging and the characters feel real. While Jareth focuses more on the immersive and realistic aspects of the game, it is clear that he appreciates the game's ability to tell compelling stories through its side quests."
What type of equipment does Wolfgang Schulz use when he works out at the gym?,Insufficient information,"Based on the information provided, Wolfgang Schulz does not explicitly mention any specific equipment he uses during his workouts. However, we can infer that he engages in a variety of activities, including cardio (such as treadmill or bike) and strength training. The details about his workouts are primarily focused on the types of exercises he performs rather than the equipment used. Therefore, we cannot definitively state the type of equipment he uses, but it is likely that he utilizes various pieces of gym equipment commonly found in a typical fitness center, such as dumbbells, resistance bands, weight machines, and possibly free weights."
Who does LiHua want to invite to the photo exhibition and who goes with him (during August)?,Wolfgang,"In the provided data, there is no specific mention of LiHua inviting anyone to the photography exhibition that he plans to attend in August. However, during a conversation in January, WolfgangSchulz mentions that LiHua had previously suggested a photography walk around 3 PM, which indicates that LiHua was likely planning to go alone or with someone he invited. Additionally, in the context of the photography exhibition scheduled for August 1st, WolfgangSchulz suggests attending it together, but there is no indication of whom LiHua specifically wants to invite. Thus, based on the available information, it appears LiHua intends to go to the August photography exhibition alone or with WolfgangSchulz, without specifying any particular invitees."
Who suggested Li Hua keep a clear log of all the changes requested by the client?,Wolfgang Schulz,"There doesn't appear to be any information in the provided data regarding who suggested Li Hua maintain a clear log of all changes requested by clients. The interactions discussed involve discussions about client feedback forms, architectural changes, and the need for testimonials on the studio homepage, but none specifically mention keeping a log of client requests. Therefore, based on the available information, we cannot determine who suggested this practice."
What does Adam Smith suggest Li Hua use to hang artwork without damaging the walls?,use removable hooks,"According to the interactions detailed in the records, Adam Smith suggests using removable hooks to hang Li Hua's artwork without causing damage to the walls. This advice comes from a conversation between Adam Smith and Li Hua regarding the hanging of artwork in Li Hua's apartment."
What does Turalyon want to hear everyone's thoughts on?,the new benches,"Turalyon expressed his desire for everyone to share their thoughts on the specific types of plants they would like to see in the garden. He mentioned that their input is ""super important"" and encouraged others to participate in the decision-making process for the garden. Specifically, Turalyon stated, ""Hey everyone! I want to put together a resident vote for the specific types of plants that you want in the garden. Your input is super important, so let's get those votes in! 🌼🌷💙"""
Where do they plan to meet for soccer practice?,the local park,"Based on the information provided, there are several instances where the group discusses meeting up for soccer practice. In the interaction between LiHua and Jasper on November 5, 2026, at 3 PM, they decide to meet at a park for practice. Specifically, LiHua mentions, ""How about we meet at the park and have some fun on the field. Let me know what time works for you!"" and Jasper responds, ""This weekend works for me! How about Saturday at 10 AM? We can make the most of the morning."" LiHua agrees, ""This weekend works for me! How about Saturday at 10 AM? We can make the most of the morning."" However, the most specific mention is during a conversation on September 25, 2026, where Jake Watson suggests, ""Let’s meet at the park and have some fun on the field. Let me know what time works for you!"" LiHua confirms, ""This weekend works for me! How about Saturday at 10 AM? We can make the most of the morning."" Therefore, the primary location for their soccer practice sessions seems to be a park, and the specific time is often around 10 AM on weekends."
What is the name of the café Wolfgang Schulz recommends to Li Hua?,The Java Spot,"According to the information provided, Wolfgang Schulz recommends visiting the cozy café downtown for their lunch meeting. Additionally, Wolfgang mentions a new Thai spot that he discovered, which he describes as ""super good and budget-friendly."" However, there is no mention of a specific café recommendation made by Wolfgang Schulz to Li Hua outside of their lunch meeting."
What does Kieran wish Jaime had done differently?,Chosen a different path after his character development,"Kieran expresses a desire for Jaime to have stayed true to the lessons he learned from Brienne of Tarth, suggesting that if Jaime had chosen to step away from Cersei completely, it could have showcased his growth more effectively. Kieran believes that staying true to these new values and distancing himself from Cersei would have allowed Jaime to achieve a more fulfilling life and potentially serve as a true protector of the realm. This scenario would have also inspired others positively, as their partnership would have helped rally the remaining houses together and create a more united front for Westeros."
What game is Helios currently playing and finds the world and gameplay mechanics stunning?,Horizon Forbidden West,"Based on the information provided, Helios is currently immersed in the game ""Horizon Forbidden West."" According to Helios, the world of Horizon Forbidden West is described as stunning, and the gameplay mechanics are praised as being top-notch. Helios also mentions that the story is very engaging in this game."
"What specific feedback did Yuriko give to Li Hua about the demo website during their meeting at the cafe ""Central Perk"" on Thursday morning, and how did Li Hua respond to her comments?",Insufficient information,"During their meeting at Central Perk on Thursday morning, Yuriko expressed her enthusiasm for the demo website and shared that she loved the final product, describing it as ""coming together beautifully."" She specifically praised the color scheme, noting that it reflected the gentle vibe of her studio, which she appreciated. Additionally, Yuriko suggested adding a section for community outreach programs, which Li Hua enthusiastically agreed to. Li Hua responded positively to these comments, expressing his willingness to brainstorm ideas for the community outreach section and outlining plans to incorporate testimonials and photos from past events to highlight the impact of her work. Li Hua also indicated his readiness to help with the layout and presentation of the community outreach section, emphasizing that he was eager to see it come together."
What cool thing does Wolfgang find that he wants to share with LiHua?,this awesome guitar Wolfgang found online,"In one of the conversations, Wolfgang mentions discovering a new place for pizza downtown. He expresses excitement about the potential of trying some new flavors together. This discovery seems to be a novel culinary experience that Wolfgang wishes to share with LiHua. This interaction showcases Wolfgang's enthusiasm for trying new things and his desire to introduce LiHua to interesting dining options."
"What does LiHua predict will happen in ""The Rings of Power""?",Epic battles and alliances forming,"In the conversations recorded, LiHua expresses several predictions for the direction of ""The Rings of Power."" Initially, during a discussion with Emily Burnett, LiHua comments positively on the series, describing the visuals as stunning and finding the exploration of lore fascinating. He also mentions being eager to delve deeper into the characters' stories, indicating an interest in following the development of various characters. Specifically, LiHua discusses his favorite character, Galadriel, highlighting her strength and determination. He predicts that the series will likely feature significant battles and alliances forming, which will build up the tension and suggest that things are about to become more intense. LiHua's excitement suggests that he is looking forward to the unfolding story and anticipates exciting developments as the series progresses. However, it is Emily Burnett who shares her own predictions, suggesting that the stakes will rise due to dark forces, and that the characters will face evolving alliances and challenging situations. This indicates that both viewers and creators seem to anticipate a complex and dramatic storyline."
What song does Yuriko propose that the band can practice this weekend according to the band's discussion on 20260703?,Take Me Home Country Roads by John Denver,"According to the conversation recorded on 20260703, WolfgangSchulz suggested that the band should keep their practice sessions on Sundays to ensure they have ample time for preparation. Specifically, WolfgangSchulz mentioned that LiHua proposed including ""Sweet Home Alabama"" and suggested that Yuriko could pick a bass-heavy track for the practice session. Therefore, based on this discussion, Yuriko proposes that the band should include a bass-heavy track in their repertoire for the upcoming Sunday jam session."
How does Rowan describe Cersei's transformation throughout the series?,From vulnerable to ruthless,"According to Rowan's comments, Cersei's transformation is evident throughout the series, starting from a vulnerable and love-struck girl to becoming a ruthless and power-hungry queen. Rowan highlights how Cersei's vulnerability initially contrasts with her eventual ruthlessness, particularly after losing her children, which appears to drive her to adopt a more aggressive and cruel demeanor to maintain her power. This transformation is portrayed as a stark contrast, showing how the harsh realities of Westeros mold her into a more hardened and strategic figure."
What does Briar think about Real Madrid's chances for the rest of the season?,They have a solid chance to challenge for every title,"According to JakeWatson's conversation, Briar believes that Real Madrid has a solid chance to maintain their momentum and perform well throughout the season. Briar sees several factors contributing to this belief, including the club's depth in the squad and the integration of new talent alongside experienced players. Additionally, Briar notes that Carlo Ancelotti, the current head coach, is adept at getting the best out of his players, particularly during critical moments. Briar is confident that Real Madrid can continue to play at a high level and potentially challenge for multiple titles."
What are some of the upcoming PS5 exclusives discussed?,Final Fantasy XVI & Marvel's Spider-Man 2 & Ghostwire: Tokyo,"In the conversations provided, there is no direct mention of specific upcoming PS5 exclusives. However, the context does hint at the interest in exploring new games on the platform. For instance, during a conversation between ThaneChambers and LiHua, they discuss potential purchases and preferences, including Spider-Man: Miles Morales and Demon's Souls. These titles are indeed PS5 exclusives, suggesting that LiHua and ThaneChambers are interested in acquiring and playing these games. Additionally, the discussion about the PS5 Game Enthusiasts group indicates a shared interest in the latest and upcoming games for the console. Therefore, while not explicitly stated, the interest in games like Spider-Man: Miles Morales and Demon's Souls implies that these are likely upcoming PS5 exclusives being discussed."
What was the content of the first-ever delivery from Hailey to LiHua and what was LiHua's opinion about it?,a fresh sourdough loaf and a bottle of milk and LiHua praises Hailey's bread and milk,"The first-ever delivery from Hailey to LiHua occurred on March 18, 2026, at 15:00. According to the conversation, LiHua expressed her enthusiasm for the delivery, stating, ""Your bread and milk are seriously amazing! 😋"" This indicates that LiHua was pleased with the freshness and quality of the items delivered. Her positive reaction suggests that this delivery was satisfactory and met her expectations."
What does RexxarRemar suggest to have available to keep everyone hydrated during the picnic?,water and drinks,"During the discussion about the picnic, RexxarRemar suggested having water and drinks available to keep everyone hydrated, especially since the weather might get warm outdoors. This recommendation aligns with the overall emphasis on hydration that is prevalent in the conversation, particularly in the context of workout recovery and maintaining health during fitness routines as mentioned in the ""HYDRATION"" entity. RexxarRemar’s suggestion ensures that attendees can stay properly hydrated, allowing them to maintain their energy levels and overall well-being during the enjoyable day ahead."
What feature on the PS5 does Ileana praise for making switching between games smoother?,Control Center,"According to the conversation, Fionnuala mentions that the Control Center makes switching between games and apps so much smoother. This aligns with what Ileana praised for improving her gaming experience."
What does Fionnuala think about matchmaking systems?,they can make or break the experience,"Based on the discussion, Fionnuala emphasizes the importance of a robust matchmaking system in enhancing the gameplay experience. She notes that such a system helps in finding the right team with shared goals and skill levels, which can prevent frustrating moments and make the game more enjoyable. Fionuala believes that a good matchmaking system is crucial because it aids in finding players who vibe well together, ensuring smoother interactions and balanced gameplay sessions."
What does LiHua think about the themes of Westworld?,They are thought-provoking by diving into consciousness and free will and what it means to be human,"In the conversations LiHua and Emily Burnett have, LiHua expresses a deep appreciation for the themes explored in Westworld. Specifically, LiHua highlights how the show delves into complex subjects such as consciousness, free will, and what it means to be human. These themes challenge viewers' perceptions of reality and morality, prompting profound reflection. LiHua finds the exploration of these concepts particularly relevant given the rapid advancements in artificial intelligence and robotics, raising important questions about the nature of humanity and our relationship with technology. LiHua seems particularly intrigued by the character of Dolores, noting the show's ability to reflect human experiences in a unique and thought-provoking manner. Overall, LiHua sees Westworld as a series that offers a rich tapestry of themes that resonate deeply with contemporary concerns about the future of technology and its impact on society."
What type of drink does LiHua suggest to have with hot pot?,Cold beer,"In the conversation recorded on 20260930_16:00, LiHua suggests picking up some drinks on the way to the hot pot restaurant. Specifically, LiHua states, ""Yeah, me too! Should we pick up some drinks on the way?"" WolfgangSchulz then replies with, ""Good idea! Let’s grab some drinks. What do you feel like having?"" LiHua adds, ""How about some cold beer to go with the hot pot? Sounds like a good combo!"" Therefore, according to their discussion, LiHua recommends having cold beer with the hot pot."
Why can't people sit on the benches when Turalyon informs the community that the benches have been installed on 20260604?,the paint isn't dry yet,"Based on the discussions in the conversations, it appears that the installation of the benches occurred on June 4, 2026. However, there seems to be no immediate mention of people being able to sit on the benches at that point. Instead, the community members express their thoughts on the benches' quality and suggest improvements. Specifically, MuradinBronzebeard suggests adding cushions for comfort, and RexxarRemar recommends a small table for drinks or snacks. MalfurionStormrage mentions the possibility of adding umbrellas for shade, which would make the space more comfortable on sunny days. Therefore, it was not possible to sit on the benches until these additional features were implemented based on the community's suggestions."
"What payment method did Li Hua use to purchase groceries from the store on April 15, 2026?",Insufficient information,"There is no information provided in the given data regarding Li Hua purchasing groceries from a store on April 15, 2026. The data focuses primarily on communication between Li Hua and various individuals including Adam Smith (landlord), Hailey Johnson (baker), Wolfgang Schulz (friend), and Alice (delivery person). This particular interaction does not mention any grocery purchases. Therefore, based on the available data, it is not possible to determine what payment method Li Hua used for any grocery purchases."
What time does WolfgangSchulz propose for going to the grocery store on 20260923?,Around 5:30,"On September 23, 2026, WolfgangSchulz suggested that he and LiHua go to the grocery store after work today. He proposed that they meet around 5:30 PM to ensure they have enough time to grab some snacks before their plans. LiHua agreed to meet at 5:30 PM."
What type of instrument does Li Hua play in the basement?,guitar,"In the conversation recorded on 20260227_18:30, Li Hua mentions that she appreciates the basement for its use as a space for her guitar practice. She states, ""Thanks, Adam! The basement has been perfect for my guitar practice. I really enjoy playing there!"" Therefore, based on this conversation, Li Hua plays the guitar in the basement."
Who suggests going out for hot pot?,LiHua,"In the conversation, LiHua initiates the suggestion for going out for hot pot, saying ""Hey man! Wanna go have hot pot for dinner tonight? Let me know!"" This is followed by WolfgangSchulz agreeing positively, with both of them discussing the timing and potential accompaniments for the meal."
Who proposes creating a little garden area where kids can help plant flowers or vegetables?,GromHellscream,"Based on the discussions provided, there is no explicit mention of proposing a specific area within the garden where kids can help plant flowers or vegetables. However, there are several references that suggest involvement of children in gardening activities:- In one conversation (Source 2), MuradinBronzebeard mentions ""Yeah, plants could help a lot! They’ll not only reduce noise but also make the garden look nicer. Maybe we can incorporate some tall shrubs or trees along the perimeter to act as a natural barrier. What does everyone think?"" While this comment suggests considering plant elements, it does not specifically address a space for children to engage in planting activities.- Another conversation (Source 4) indicates that RexxarRemar comments on the kids' play area being a ""fantastic addition!"" It says, ""The kids' play area is such a fantastic addition! It’ll keep them entertained while the adults relax. Definitely a win for the whole community!"" This suggests that the play area was considered beneficial for children but does not detail any plans for a dedicated garden area for them to participate in planting.Given the available information, it seems that while children are acknowledged as an important demographic to consider for community activities, there is no proposal explicitly outlining a designated garden area for them to assist in planting flowers or vegetables."
What does MuradinBronzebeard think about the cushions idea?,It sounds like a nice idea,"In one of the discussions, MuradinBronzebeard expressed a positive opinion towards the idea of adding cushions to the benches. He suggested that cushions would make hanging out at the garden even more comfortable. Specifically, he mentioned that cushions could be made in various colors to match the flowers they plan to plant. This shows that MuradinBronzebeard supports the idea of enhancing the seating areas with additional comfort elements like cushions."
Who reminds everyone to drink water before and during the match?,JakeWatson,"In the conversations provided, no direct mention is made of anyone reminding others to drink water before or during the match. However, there are several references to staying hydrated and drinking water, particularly after workouts and during recovery periods. For instance, Jennifer Moore encourages her friends to stay hydrated during workouts, suggesting they keep track of their water intake. She notes, ""Staying hydrated during workout is very important! Let's keep track of our water intake today and motivate each other."" Another participant, Sova, shares her method of using a water bottle with measurements and setting reminders on her phone to stay hydrated. She says, ""I usually just use a water bottle with measurements on it. It helps me stay aware of how much I’ve had throughout the day. Plus, I like to set little reminders on my phone!""While these suggestions are valuable for maintaining hydration, they do not specifically indicate that someone is reminding others to drink water before or during a match. Therefore, based on the available data, there is no clear indication of who reminds everyone to drink water before and during the match."
What drink does JakeWatson recommend for hydration after a match?,Coconut water,"Based on the conversation, JakeWatson recommends drinking water or an electrolyte drink for hydration after an intense game. This recommendation aligns with the general advice provided by Jennifer Moore in her interactions, emphasizing the importance of hydration, especially after physical activities."
What was the exact date and time when Cersei Lannister first met Jaime Lannister in the Game of Thrones series?,Insufficient information,"There is no specific date and time mentioned in the provided data for when Cersei Lannister first met Jaime Lannister. The information available focuses more on their relationship and development throughout the series, including their interactions and pivotal moments that influenced their character arcs. However, their initial meeting occurs early in the series, likely during Jaime's childhood, as they are siblings. Cersei and Jaime grow up together and share a complex sibling relationship that evolves into a romantic one."
What does Li Hua plan to do to clear their head?,go for a walk and find a new café,"Based on the interactions detailed in the messages, Li Hua plans to clear their head by taking a warm shower before bedtime. In a message dated 20260926_10:30, ChaeSong-hwa suggests that taking a warm shower before sleeping can improve sleep quality. Li Hua expresses interest in trying this method, saying ""I haven’t done it yet, but I’m definitely going to try it tonight! Sounds like a great way to relax before bed."" Li Hua also anticipates that it will make a significant difference, stating ""Sounds like a great way to relax before bed. Thanks for the tip! 😌✨"". Therefore, it appears that Li Hua plans to utilize a warm shower as a means of relaxing and clearing their mind before bedtime."
Did Li Hua ask Yuriko to play music together before Wolfgang proposed to pause playing musical instruments?,Yes,"Based on the information provided, there is no explicit mention of Li Hua asking Yuriko to play music together before Wolfgang proposed to pause playing musical instruments. In fact, Wolfgang's suggestion to pause playing musical instruments seems to have come after Li Hua introduced Yuriko to Wolfgang. The conversation indicates that Wolfgang was already aware of Yuriko and Li Hua's interactions, and he expressed interest in possibly joining their jam sessions. However, there is no direct indication that Li Hua had already invited Yuriko to play music before Wolfgang made his suggestion."
What food did Emily order for the group's discussion about Game of Thrones characters?,Insufficient information,"There is no information provided in the given data regarding Emily Burnett ordering food for a group discussion about Game of Thrones characters. The conversations mentioned involve Emily discussing shows with LiHua and sharing her thoughts on various TV series and characters, but there is no mention of food orders related to these discussions. Therefore, based on the available information, we cannot determine what food Emily ordered for the group's discussion about Game of Thrones characters."
Who does EmilyBurnett think is a standout character in the Game of Thrones series?,Tyrion Lannister,"In the discussions about the Game of Thrones series, Emily Burnett expresses admiration for Tyrion Lannister, highlighting his wit and intelligence as significant aspects that make him a standout character. She emphasizes Tyrion's engaging character journey, stating that his wit and intelligence ""really make him shine in every scene."" Additionally, her comments suggest that she finds the character development and depth of Tyrion to be noteworthy. This indicates that Tyrion Lannister is viewed positively by Emily Burnett as a standout character within the series."
What does Aisling find emotionally impactful about Red Dead Redemption 2's ending?,Arthur's realization of his fate and the music during the last ride,"Based on the discussion, Aisling expresses a particularly strong emotional response to Red Dead Redemption 2's ending, emphasizing the weight of Arthur's journey and his final moments. Specifically, Aisling mentions that Arthur's ending ""really hits hard, especially when you see him trying to make amends for his past mistakes."" This highlights Aisling's appreciation for the character's redemption arc and his efforts to do what he believes is right, even in the face of tragedy. Additionally, Aisling notes that the contrast between Arthur's final moments and Dutch's fading morality is striking, suggesting a profound emotional impact from the nuanced portrayal of the characters' journeys."
Which stretches does JakeWatson recommend for soccer-specific areas?,Hamstring stretch and quad stretch,"Based on the conversations provided, JakeWatson recommends certain stretches to help prevent injuries and improve overall flexibility. In a conversation with LiHua on September 14, 2026, JakeWatson mentioned that proper warm-up and stretching are key before any game. While he didn't specify particular stretches, he did mention that staying hydrated and wearing the right footwear are also crucial for injury prevention. For strengthening, JakeWatson suggested strength training exercises, including squats, lunges, and planks, which are effective for building core and leg strength. These exercises can help improve stability and endurance on the field, providing an extra boost when running for the ball. However, the exact stretches recommended by JakeWatson were not detailed in the provided conversations. Generally, soccer-specific stretches might include dynamic stretches like leg swings, hip openers, ankle rotations, and hamstring stretches to prepare the body for activity."
"What is Bronwyn's experience with going full support in tough fights in ""Octopath Traveler""?",It can be risky but totally viable,"Bronwyn has shared her thoughts on the viability of a full-support strategy in ""Octopath Traveler."" She mentioned that she hasn't gone full support in a while, but she had some success with it in tougher fights. Bronwyn explained that mixing in some damage-dealing skills along with healing can keep the momentum going. This approach allows for more flexibility and ensures that her party can survive while still dealing significant damage. She noted that trying different approaches and ensuring her characters are well-equipped can greatly aid in overcoming tough battles. Bronwyn's experience suggests that balancing healing with damage-dealing skills can indeed be a viable strategy in ""Octopath Traveler,"" especially when facing challenging foes."
What tips does Jennifer give to LiHua about preventing muscle soreness after a tough workout?,make sure to warm up properly before workouts and cool down afterward & Stretching & Stay hydrated and consider foam rolling post-session to help with recovery,"Jennifer provides several tips for LiHua to help prevent muscle soreness after a tough workout. First, she emphasizes the importance of warming up properly before exercising to prepare the muscles and joints for activity. Additionally, she stresses the significance of cooling down and stretching after workouts to aid in muscle recovery. Jennifer also recommends staying well-hydrated, which plays a critical role in muscle recovery and overall health. She suggests that LiHua should consider foam rolling post-workout to help with muscle tightness and recovery. Lastly, Jennifer advises LiHua to listen to her body and take it easy if needed, recognizing that adequate recovery is equally important as pushing oneself during workouts."
What books does Jennifer recommend to LiHua for deepening understanding of fitness nutrition?,"The New Rules of Lifting and ""Precision Nutrition""","Jennifer recommends two resources for LiHua to deepen her understanding of fitness nutrition. First, she suggests the book ""The New Rules of Lifting"" by Lou Schuler and Alwyn Cosgrove, which provides a comprehensive guide combining diet with workout strategies. Additionally, Jennifer recommends the online course platform ""Precision Nutrition,"" noting its excellent content for those who prefer digital learning materials. Both resources are aimed at helping LiHua enhance her fitness knowledge and skills."
What does Lachlan find haunting about Cersei's end?,How much she fought to hold onto her power,"Lachlan finds Cersei's end particularly haunting, especially given how much she fought to hold onto her power throughout the series. Despite her attempts to maintain her grip on the throne, the narrative concludes with her losing control, which resonates as poetic in a tragic manner. Lachlan expresses a desire to see more of Cersei confronting her past decisions and the consequences of her actions, highlighting the complexity of her character and the themes of power, loss, and love explored throughout the series."
What could Jaime and Brienne have done to rebuild trust according to Merrick?,Worked on rebuilding trust through actions rather than just words,"According to the discussions in the table, Merrick mentions that Jaime Lannister and Brienne of Tarth could have worked on rebuilding trust through actions rather than just words. Merrick suggests that Jaime could have shown his dedication to honor and duty, while Brienne's reputation as a noble warrior would help too. Together, they could have focused on helping the common people. Merrick also notes that they could have rallied the remaining houses together, creating a more united front for Westeros, which would have inspired people and potentially reshaped their legacy. Their partnership could have inspired a renaissance in Westeros, showing compassion and strong leadership. However, Merrick does not provide specific scenarios or detailed plans for how they might achieve these goals."
What team does JakeWatson admire for their comebacks?,Real Madrid,"In one of the conversations, JakeWatson mentions that the comebacks between Barcelona (FC Barca) and Bayern Munich are among the most dramatic in UEFA Champions League (UCL) history. He highlights a particular instance where Barca lost 4-0 in 2013 but then won 7-0 in 2015, showcasing the team's resilience and skill. This example clearly indicates that JakeWatson admires Barcelona for their ability to turn defeats into victories through remarkable comebacks."
"What time does Li Hua watch the movie ""Overwatch 3""?",20260122,"Based on the conversations provided, there is no mention of Li Hua watching ""Overwatch 3."" The events discussed involve WolfgangSchulz inviting LiHua to various activities including a movie night, stand-up comedy, a yoga class, and a photography exhibition. There is no indication that ""Overwatch 3"" is a movie that Li Hua watches, nor is there any reference to a movie night featuring this event. Therefore, there is insufficient information to determine the time at which Li Hua watches ""Overwatch 3."""
What is JenniferMoore's reminder to LiHua about on 20260919?,Getting enough protein after workouts,"There doesn't appear to be any entry in the provided data for a reminder from Jennifer Moore to Li Hua on 20260919. The reminders and messages mentioned in the data pertain to various events, dates, and interactions between the individuals involved, but not specifically on September 19th. Therefore, there is no information available regarding a reminder from Jennifer Moore on that particular date."
What breathing technique does Jennifer Moore suggest for running?,Inhaling for 3 steps and exhaling for 2 steps,"Jennifer Moore suggests a specific breathing technique for running, which involves inhaling for 3 steps and exhaling for 2 steps. This technique is described as a ""cool breathing technique for running"" that helps with stamina during long runs. She emphasizes the importance of focusing on controlled breaths to maximize its effectiveness."
When is Wolfgang Schulz's promotion celebration dinner?,6 PM on the day after tomorrow (implied to be 2026-04-30),"According to the conversation in the source data, Wolfgang Schulz's promotion celebration dinner is scheduled for the day after tomorrow, which is indicated as Time: 20260124_17:00. This aligns with the context given in the message where Wolfgang invites Li Hua to grab dinner together the day following his promotion announcement."
Who asks LiHua to measure the window in the basement?,AdamSmith,"In the conversation recorded under ID 9, AdamSmith asks LiHua to measure the size of the window in the basement for him. This request is made because AdamSmith wants to get some curtains made to fit the window."
What does Giselle emphasize about passing drills?,Accuracy is key in games,"Giselle emphasizes several key points about passing drills. She mentions adding quick one-twos to the practice session, highlighting the importance of maintaining stamina, and expressing excitement for the upcoming practice session. Additionally, she looks forward to improving together with friends and encourages teammates to maintain accuracy in their passing. Giselle also provides reminders and advice for the upcoming practice session and supports Caspian's suggestion regarding the importance of accuracy in passing drills. Through these remarks, it is evident that Giselle is actively engaged in improving the team's passing skills and looks forward to the practice session."
Who initiates the suggestion to go to the grocery store after work on 20260923?,WolfgangSchulz,"On the event scheduled for 20260923_16:00, WolfgangSchulz initiates the suggestion to go to the grocery store after work. He proposes the idea by saying, ""Hey man! Wanna hit the grocery store after work today?"" This indicates that WolfgangSchulz is the one suggesting this activity with LiHua."
What could have changed everything for Cersei if she had embraced it according to Tamara?,Her family ties,"According to Tamara, if Cersei had embraced the influence of characters like Tyrion Lannister and Brienne of Tarth earlier in her journey, her path could have been vastly different. Specifically, Tamara suggests that if Cersei had formed a stronger bond with Tyrion, it might have guided her toward a more rational and less ruthless approach to power. Tamara believes that Tyrion’s perspective could have helped Cersei see the consequences of her actions and perhaps led her to prioritize her relationships and the well-being of others over her ambition. Furthermore, Tamara points out that if Cersei had allied herself more closely with Brienne, she might have avoided the tragic outcomes that unfolded. Brienne’s influence could have provided Cersei with a different outlook on life, one that valued honor, compassion, and the importance of genuine connections over the pursuit of power alone. This hypothetical scenario would have allowed Cersei to carve a path that was more balanced and less isolating, potentially leading to a more fulfilling life and a different legacy. However, Tamara acknowledges that despite these influences, Cersei’s need for control often led her to push away those who cared about her, resulting in a power dynamic that ultimately turned against her."
What activities are being discussed for the community sports day?,Soccer and basketball and tug-of-war and sack race are mentioned as potential activities for the community sports day,"During the discussion about the upcoming Community Sports Day, participants express excitement about various activities that could enhance the event. They mention the possibility of team sports like soccer or basketball, which they believe can bring everyone together and pump up the crowd. Additionally, they suggest including fun games specifically designed for children, highlighting the importance of engaging different age groups. The community seems enthusiastic about the idea of fostering a sense of community and bonding among residents through this annual event."
Did Li Hua send a message to Jennifer asking if he can turn the Thursday class to Friday after he requested a change in his training schedule for Thursday?,Yes,"No, based on the information provided in the sources, Li Hua did not directly ask Jennifer to change his class from Thursday to Friday. Instead, Jennifer Moore responded positively to Li Hua's request for a change in his training schedule. In the conversation dated 20260204_15:00, Jennifer Moore suggests changing Li Hua's class to Friday and proposes Tuesdays and Thursdays as the training days. Li Hua agrees with this suggestion, confirming that ""Tuesdays and Thursdays work perfectly for me! Looking forward to our sessions and making the most out of them. Thanks again for your help!"" This indicates that the change was agreed upon by both parties rather than Li Hua sending a separate request."
"What type of feedback did Li Hua provide to Chae regarding the community medical knowledge lecture, and what is Wolfgang's role in the band rehearsal?",Insufficient information,"In the provided data, Li Hua expressed her satisfaction with the community medical knowledge lecture, stating that she found it ""really insightful"" and that ChaeSong-hwa's ""presentation style made complex topics easy to understand."" She also indicated that she would love to receive any feedback from attendees, suggesting she was open to suggestions and willing to learn from the experience.Regarding Wolfgang's role in the band rehearsal, it appears that Wolfgang is a member of the band, as evidenced by his participation in various rehearsals and discussions. Specifically, Wolfgang expresses interest in playing musical instruments, discusses his experiences with playing and jamming, and collaborates with other band members on choosing songs for rehearsals. He also mentions his eagerness to participate in the next jam session, indicating his active involvement in the band's activities."
How does TirionFordring emphasize the importance of balancing the garden renovation with supporting local vendors?,By stating that both aspects are important for the best outcome,"In the conversations documented, Tirion Fordring plays a significant role in ensuring that the community garden renovation is not only environmentally conscious but also supports local businesses. During the initial stages of the garden renovation, Tirion Fordring discusses the importance of collaboration and encourages everyone to participate in the emergency response team. Additionally, he mentions the involvement of local vendors in the project, which indicates a commitment to fostering economic growth within the community.Later, in the discussion about the types of plants to be used in the garden, Tirion Fordring suggests considering native plant species, which are known for their ability to thrive in local conditions and support local wildlife. He emphasizes that choosing native plants aligns with the broader goal of enhancing the community garden's ecological balance and sustainability. Furthermore, during the planning stages, Tirion Fordring suggests incorporating seating areas that blend well with the surrounding environment, including materials that are eco-friendly and complement the plants. This highlights his dedication to creating a garden that not only looks aesthetically pleasing but also promotes sustainable practices.Overall, Tirion Fordring's emphasis on balancing the garden renovation with supporting local vendors underscores the importance of a holistic approach to community development. By integrating local businesses and promoting sustainable practices, the garden renovation project aims to benefit both the environment and the local economy."
What type of pizza does WolfgangSchulz prefer?,margherita,"Based on the conversations provided, WolfgangSchulz expresses a preference for classic margherita pizza. He states, ""Bro, I’m all about that classic margherita. Simple but so good!"" This indicates that he appreciates the traditional flavors and simplicity of a margherita pizza. Additionally, his enthusiasm for craft beer suggests he enjoys a variety of pizza pairings, including something as simple as a cold drink. However, the primary type of pizza WolfgangSchulz prefers, according to the dialogue, is classic margherita."
Who does LiHua ask for help with installing a curtain?,AdamSmith,"LiHua reaches out to Adam Smith for help with installing a curtain on the basement window. This communication occurs in entries 7 and 9 of the provided data, where Adam Smith offers his assistance to LiHua, agreeing to help with the installation of the curtain on the basement window."
Which match does JakeWatson remember for Real Madrid's comeback?,Champions League against Manchester City in 2022,"According to JakeWatson, one of the standout comebacks he remembers for Real Madrid involves the famous Champions League comeback against Manchester City in 2022. This particular match featured a stoppage-time goal by Rodrygo that led to Real Madrid scoring two goals in quick succession, turning the match around and securing a victory despite being down by two goals initially. JakeWatson describes it as ""pure drama"" and notes that the stoppage-time goal ""just shows their belief and determination."""
Does LiHua play the game solo or with friends?,Both,"Based on the conversations provided, LiHua has expressed both preferences for playing games solo and with friends. Initially, she mentions preferring to ""soak in the story"" when playing games alone, but she also indicates a willingness to play co-op with friends. Specifically, in one conversation, she discusses her enjoyment of playing ""Black Myth: Wukong"" with friends and expresses interest in a potential co-op session, saying, ""I mostly play solo to soak in the story, but I love teaming up with friends too! It’s super fun sharing those moments and strategies together."" Therefore, it appears that LiHua enjoys playing games both solo and with friends, depending on the context and preference."
What type of passes does Briar suggest adding to the practice?,Quick one-twos,"Based on the information provided, Briar suggests adding ""quick one-twos"" to the practice session. These are short passing combinations designed to keep stamina up during the practice, likely emphasizing rapid, efficient passing to maintain the team's energy levels throughout the session. However, the exact type of passes Briar recommends isn't specified in the given text."
What time do they agree to meet for pizza?,around 7,"Based on the conversations provided, WolfgangSchulz and LiHua have agreed to meet for pizza at 7 PM. Specifically, WolfgangSchulz suggests meeting around 7 PM for dinner after work, and LiHua agrees to this time, indicating that they plan to meet at that hour for their dinner outing."
What specific suggestions did Li Hua have regarding the construction schedule during the last community meeting?,Insufficient information,"There is no information provided in the given data tables about a specific community meeting or the suggestions Li Hua made regarding the construction schedule. The data focuses primarily on various tasks, appointments, and conversations between Li Hua and other individuals, particularly Adam Smith, Yuriko Yamamoto, Wolfgang Schulz, Turalyon, Muradin Bronzebeard, Grom Hellscream, Rexxar Remar, Illidan Stormrage, Thrall, Tirion Fordring, Malfurion Stormrage, and Muradin Bronzebeard. Without detailed records from a community meeting, it is not possible to provide specific suggestions made by Li Hua concerning the construction schedule."
What color was the curtain that Li Hua chose for his living room?,Insufficient information,"There is no information provided about the color of the curtain that Li Hua chose for his living room. The conversations listed focus primarily on logistics and maintenance of the apartment rather than furnishing details. Therefore, we cannot determine the color of the chosen curtain based on the given data."
What is on WolfgangSchulz's list for a future trip?,Italy,"In WolfgangSchulz's conversations, he mentions several potential destinations for future trips. He expresses interest in revisiting Prague, describing it as a charming old town square with magical architecture. Additionally, WolfgangSchulz indicates a desire to visit Cinque Terre, noting the colorful villages along the coast and the possibility of hiking between them. Furthermore, WolfgangSchulz shows enthusiasm for trying new pizza places, suggesting he might try the new downtown pizza place mentioned during a conversation. However, the primary destination WolfgangSchulz expresses interest in for his future travel plans seems to be Europe, particularly the regions of Norway for its fjords and Provence for its lavender fields. He also mentions a plan to revisit Italy, specifically mentioning a desire to explore coastal towns."
"Did Yuriko tell Li Hua about booking a seat at the ""Central Perk"" cafe before Li Hua sent her a message to confirm the details of their next meeting?",Yes,"According to the conversation logs, Yuriko did indeed mention booking a seat at the ""Central Perk"" cafe for their upcoming meeting. Specifically, in the log entry dated 20260309_09:00, Yuriko informed Li Hua, ""Hey Li Hua! Just wanted to remind you about our chat and brainstorming session on Thursday at 9am at Central Perk. Looking forward to it! 😊"". This indicates that Yuriko had already confirmed her attendance at Central Perk for the meeting before Li Hua reached out to her to confirm the details."
What is the name of the café where Li Hua and YurikoYamamoto first meeting to talk about Yuriko's website?,Central Perk,"Based on the information provided in the data tables, Li Hua and YurikoYamamoto initially met to discuss Yuriko's website at the basement. However, there isn't a specific name mentioned for the café where this meeting took place. The only cafes referenced in the data are ""COZY CAFÉ DOWNTOWN"" and ""The Lighthouse Cafe."" Given that ""COZY CAFÉ DOWNTOWN"" is associated with the planned location for WolfgangSchulz and LiHua's lunch meeting, and ""The Lighthouse Cafe"" is described as a ""chill place with nice jazz music, described as perfect for working and relaxing,"" it seems plausible that they might have chosen ""The Lighthouse Cafe"" for their initial meeting to discuss Yuriko's website. Nonetheless, the exact name of the café where their first meeting took place is not explicitly stated in the given data."
What event is the community organizing?,a weekend picnic,"The community is planning various events and activities related to the community garden project, including community meetings, a community sports day, and the renovation of the garden. Additionally, they are organizing a Freelner Group Meeting and a Freelancer Gathering, both of which are scheduled gatherings where LiHua and Yuriko plan to share topics and discuss. The community is also hosting a Community Performance, which involves rehearsals and a performance by multiple participants. Furthermore, they are considering a community medical knowledge lecture and a collaboration with YurikoYamamoto to potentially create an original song with the group. Overall, the community is focused on bringing together their efforts to enhance the garden and foster a sense of unity and shared enjoyment among the community members."
What is the name of the song that Yuriko recommend to the band on 20260706?,Rolling in the Deep by Adele,"Based on the information provided in the table, there is no mention of a song recommendation from Yuriko on July 6, 2026 (20260706). The table contains details about conversations and activities related to the band's practices and jam sessions, but it does not specify a song recommendation from Yuriko on that particular date. Therefore, no song can be definitively identified based on the given data."
"What does LiHua appreciate about the series ""Chernobyl""?",the powerful storytelling and the cinematography,"Based on the discussions provided, LiHua appreciates the powerful storytelling and powerful depiction of human resilience that ""Chernobyl"" offers. This is highlighted by his comment that the series effectively captures a significant historical event, conveying the confusion and bravery of the people involved. Additionally, he commends the series' cinematography, describing it as ""amazing."" LiHua seems particularly moved by the series' ability to immerse viewers deeply into the historical context, making the events feel both real and emotionally resonant."
Who offers to help with the installation of the curtains?,AdamSmith,"Adam Smith offers to help with the installation of the curtains. This is evident from the conversation between Adam Smith and Li Hua, where Adam Smith mentions, ""Just let me know when you're ready, and I’ll help you with the installation."""
What does ThaneChambers love about the boss battles in Black Myth: Wukong?,The thrill of strategizing how to take them down and the breathtaking scenery,"Based on the discussions provided, Thane Chambers has expressed admiration for the boss encounters in Black Myth: Wukong. Specifically, he highlights that the boss battles are intense and require a lot of strategic thinking, adding to the overall immersion and excitement of the game. Chambers describes the boss battles as ""intense and requiring a lot of focus"" and emphasizes that they ""make every victory feel so rewarding."" Additionally, he points out that the boss fights are ""super satisfying once you figure them out,"" indicating that they provide a sense of accomplishment and progression for players. Chambers further mentions that the boss battles in Black Myth: Wukong feel ""even more epic due to the eerie environments and the music,"" suggesting that the combination of visually striking settings and musical accompaniment enhances the player's experience during these critical moments."
What player's midfield importance does Aurora highlight?,Rodri,"Aurora emphasizes the importance of several players in the midfield, particularly Mason Mount, who she mentions is ""really effective in the 4-2-3-1 when he plays for Manchester United."" She highlights Mount's work rate and ability to link up with the forwards, noting that his stamina is ""super valuable."" Additionally, she speculates about his potential to become a regular in the England squad, especially given the talent pool and the upcoming Euros. Through her discussions, Aurora underscores the significant contributions these players can make to a team, particularly in terms of strategic play and team cohesion."
"What type of protein supplements did Li Hua use after the workout on September 19, 2026?",Insufficient information,"Based on the conversation between Jennifer Moore and Li Hua on September 19, 2026, Jennifer suggested that Li Hua should focus on taking protein supplements after workouts for muscle recovery and building lean mass. She recommended whey protein, which is particularly beneficial for muscle recovery, and also suggested plant-based options such as pea or rice protein. However, Jennifer advised checking the ingredients for added sugars or fillers. There was no specific mention of what type of protein supplement Li Hua used after the workout on that particular day, but Jennifer encouraged the use of protein supplements post-workout to aid in recovery."
Did Li Hua ask Jennifer for advice on how to prevent muscle soreness after an intense workout session before he told her that he feels soreness in his arm muscles after the workout this week?,Yes,"Based on the information provided in the conversation, Li Hua did not specifically seek advice from Jennifer on how to prevent muscle soreness prior to expressing his soreness after the workout this week. The first instance where Jennifer offered suggestions for preventing soreness was during their conversation on February 6th, 2026. At that time, Li Hua expressed that he had been feeling sore after their workouts, and Jennifer suggested several tips including hydration, active recovery, stretching, foam rolling, and rest. This indicates that after experiencing soreness, Li Hua then asked for advice on managing the soreness rather than seeking prevention strategies beforehand."
Who are JakeWatson's and LiHua's favorite defenders?,Carles Puyol and Gerard Piqué,"Based on the conversation, JakeWatson and LiHua both have strong opinions about the best defenders in the history of FC Barcelona. JakeWatson mentions Carles Puyol as a standout defender who had ""unmatched leadership and dedication."" LiHua agrees and adds that Gerard Piqué also deserves recognition, praising his combination of skill and intelligence in defense. Both individuals consider Puyol and Piqué as exceptional players who brought ""something special"" to the team. LiHua expresses her admiration for both, noting that having such legends like Puyol and Piqué inspires the entire team. She further elaborates on her favorite moments involving these players, such as the epic comeback against Paris Saint-Germain (PSG) and the intense El Clásico matches. While JakeWatson and LiHua both appreciate Puyol and Piqué, they seem to have different emphases on their contributions to the team. LiHua highlights Puyol's leadership and Piqué's tactical abilities and presence, whereas JakeWatson emphasizes Piqué's ability to read the game and scoring crucial goals. However, both individuals clearly recognize the immense value and impact of these two players on the team's history."
What song did Yuriko and Wolfgang decide to perform together after watching the drum tutorial?,Insufficient information,"Based on the information provided, there is no explicit mention of the song that Yuriko and Wolfgang decided to perform together after watching the drum tutorial. The conversation focuses primarily on their plans for upcoming jam sessions and Wolfgang's interest in drumming, but does not specify which song they chose to play together. Therefore, without additional details from later discussions or the jam session itself, it's not possible to determine the particular song they decided to perform."
What playing style is associated with Guardiola's Barcelona team?,Tiki-taka,"Based on the information provided, Pep Guardiola's Barcelona team, known as FC Barcelona, was characterized by a possession-based and counter-attacking style of play. This approach emphasized fluid movement, high pressing, and the utilization of quick transitions to attack. The team was known for their possession play, which allowed them to maintain control of the ball and dictate the tempo of the game. Additionally, they were adept at counter-attacking, leveraging their fast pace and tactical discipline to exploit gaps created by their opponents. These playing styles were often highlighted during matches like the 2011 Champions League final, where Barcelona demonstrated their mastery of possession and Xavi and Iniesta's exceptional technical abilities."
What drinks does WolfgangSchulz want to have while watching the movie?,Soda and juice,"In the conversation recorded at the time of October 9, 2026 (ID 1), WolfgangSchulz and LiHua discuss the movie they plan to watch together. During this discussion, WolfgangSchulz mentions he wants ""some cold drinks"" specifically, suggesting he prefers a beverage such as soda or perhaps craft beer. LiHua agrees and suggests bringing ""some chips,"" indicating they plan to snack on something while enjoying the movie. This exchange provides insight into WolfgangSchulz's preferred drink choice for their movie night."
Why is Chae Song-hwa unable to join the rehearsal?,She has to attend a medical lecture,"Chae Song-hwa informed the group that she has to attend a medical lecture this Sunday evening and therefore cannot join the rehearsal. She expressed her willingness to join another rehearsal or jam session at a different time, indicating that she hopes the group can regroup and plan their next sessions."
Did Hailey announce the new line of high-protein breads before inviting Li Hua to the special bakery event?,Yes,"Yes, Hailey did announce the new line of high-protein breads before inviting Li Hua to the special bakery event. This announcement came on April 13, 2026, as shown in the message: ""Hey Li Hua! Just wanted to let you know that our bakery's anniversary event is coming up from April 15 to 17! 🎉 We're having lots of discounts and new bread products. I’d love for you to stop by and celebrate with us!"" Prior to this, on April 11, Li Hua expressed interest in trying the new high-protein breads, and Hailey confirmed their availability starting the following week, saying, ""They're available starting next week! You can add them to your usual order when Alice comes by on Monday. Excited for you to taste them! 😊"""
What topics will be covered in the community medical knowledge lecture?,Basics of common health issues and how to prevent them,"In the community medical knowledge lecture scheduled for Saturday at 7 PM, the speaker, ChaeSong-hwa, plans to cover some basic health issues and preventive measures. This lecture aims to provide attendees with valuable information on maintaining their health and preventing common ailments. Since this is a lecture focused on the community, it likely covers general health tips and dispels common medical myths. As there are no additional details provided in the data, these are the anticipated topics for the lecture."
What does Giselle remind everyone to do before practice?,Stretch,"Based on the information provided, Giselle reminds everyone to bring a ball and water bottles to the practice session. This is mentioned in the conversation where Giselle expresses eagerness to participate in the game and mentions brushing up on her dribbling skills, suggesting she is also concerned about bringing the necessary equipment for a productive session."
What new pizza place does WolfgangSchulz suggest?,a new pizza place downtown,"In one of the conversations, WolfgangSchulz mentions a new pizza place downtown that he has been hearing good things about. Specifically, this conversation took place on October 17, 2026, at 17:00, during which LiHua inquired about WolfgangSchulz's favorite pizza place. WolfgangSchulz responded, ""I'm a fan of that new pizza place downtown. Heard they have some amazing toppings!"" Therefore, the new pizza place WolfgangSchulz suggests is the one located downtown."
Which regions in Witcher 3 did Li Hua and Thane Chambers discuss?,Skellige and Toussaint,"In their conversations, Li Hua and Thane Chambers primarily discussed several regions within the Witcher 3 universe, focusing particularly on Skellige and Toussaint. Li Hua mentioned that she finds the landscapes in Toussaint to be equally beautiful, praising the vibrant castles and vineyards. Thane Chambers highlighted the breathtaking scenery in Skellige, specifically pointing out the cliffs and ocean views. They also touched upon the Blood and Wine expansion, which takes place in the region of Toussaint, and discussed the immersive quests and memorable moments within the game."
What offer does AdamSmith extend to LiHua regarding the basement?,It can be used for extra storage whenever LiHua is ready,"In one of the messages, AdamSmith extends a payment option offer to LiHua regarding the rent. Specifically, AdamSmith mentions, ""If you need to discuss any payment options or have any questions, feel free to reach out!"" This indicates that AdamSmith offers various payment options to LiHua, acknowledging her needs and flexibility in handling the rent."
Who invites LiHua to taste a new bread recipe?,HaileyJohnson,"In the conversation recorded under timestamp ""20260411_21:00"", LiHua asks JakeWatson and Farrah about their opinions on the best football managers in the Premier League history. There is no mention of LiHua being invited to taste a new bread recipe in this conversation. However, in another entry dated ""20261016_16:00"", HaileyJohnson specifically invites LiHua to taste a new bread recipe she has developed. Therefore, HaileyJohnson is the one who invites LiHua to taste the new bread recipe."
Who is the most hateable character in Game of Thrones in Merrick's opinion?,Cersei Lannister,"Based on the information provided, Merrick expresses his dislike for Cersei Lannister, citing her manipulative and arrogant traits. This indicates that in Merrick's view, Cersei Lannister is the most hateable character in Game of Thrones. However, Merrick also appreciates Cersei's vulnerability and the relatability of her protective instincts towards her children. Merrick finds value in exploring complex character dynamics within the show."
Which upcoming PS5 exclusive game does Gavriel express curiosity about?,Ghostwire: Tokyo,"Based on the conversation provided, there is no specific mention of an upcoming PS5 exclusive game that Gavriel expresses curiosity about. The topics discussed include open-world games, character development in games like The Witcher 3, and emotional storytelling in various games. Gavriel and others talk about their preferences for certain games and their experiences with them, but there is no indication of a particular PS5 exclusive title that he is interested in."
What feedbacks does Hailey ask from LiHua in July?,feedback on the bread delivery service & customer feedback on a new line of artisanal donuts,"In July, LiHua provided feedback to Hailey regarding the artisanal donuts that Hailey had introduced. Specifically, LiHua stated, ""Hey Hailey! Yeah, I tried the artisanal donuts, and they were amazing! The flavors are so unique and delicious. Keep up the great work!"" Hailey appreciated this positive feedback and expressed gratitude, saying, ""So glad to hear that! Thanks so much for the feedback!"" Hailey also encouraged LiHua to continue providing feedback as she continued to develop new items, suggesting, ""Keep up the great work! Your support means a lot."""
Who does Jake believe has the potential to be a game-changer for Barca?,Pedri,"Based on Jake Watson's statements, he believes Pedri has the potential to be a game-changer for Barca. Jake expresses admiration for Pedri's vision and control, comparing them to greats in the sport. He sees Pedri as someone who can significantly impact big matches and believes that if he continues to develop, there is great potential for him to achieve significant milestones with the club."
Did Wolfgang's promotion announcement occur before he invited Li Hua for dinner on 20260430?,Yes,"Based on the information provided in the conversation records, Wolfgang's promotion announcement took place on 20260627, as evidenced by the message ""Congrats on the promotion! That's awesome! 🎉"" sent by Li Hua to Wolfgang on June 27th. The dinner invitation to celebrate his promotion was made on April 30th, which is later than the promotion announcement. Therefore, Wolfgang's promotion announcement did occur before he invited Li Hua for dinner on April 30th."
Question: Did Jennifer remind Li Hua to consume enough protein after the workout before she shared tips with the group members on common mistakes to avoid after an intense workout?,Answer: Yes,"In the conversations documented, Jennifer does indeed provide advice to Li Hua about protein consumption after workouts. Specifically, in the conversation recorded under ""Time: 20261120_20:00,"" Jennifer reminds Li Hua about the importance of sufficient protein intake, particularly post-workout. She mentions, ""Hey Li Hua! Just a quick reminder to make sure you're getting enough protein after our workouts. It's super important for keeping that body in shape! 💪🏽🥗"" This indicates that Jennifer did remind Li Hua about the necessity of protein after workouts before offering her tips to the group. Additionally, Jennifer advises Li Hua to consider protein powder, recommending that he should adjust his protein powder servings based on his daily protein needs, especially if he is training hard. Thus, it is clear that Jennifer was keenly aware of Li Hua's protein intake and made sure to remind him to ensure adequate protein consumption after their workouts."
"What new species of flowers will be featured in the community garden renovation, according to the feedback provided by Li Hua during the progress reports?",Insufficient information,"During the discussions regarding the community garden renovation, Li Hua proposed several additions that will contribute to the aesthetic and functional aspects of the garden. Specifically, Li Hua suggested including lavender and coneflowers as flower beds, as she noted these plants are ""beautiful and great for pollinators."" Additionally, Li Hua recommended the inclusion of a small herb section, which would allow residents to grow fresh herbs for their cooking. However, the table provided does not specify the exact new species of flowers that will be added. The focus was more on enhancing the existing garden with seating areas, native plants, and potentially adding some herb beds. Therefore, based on the feedback given, the lavender and coneflowers are specifically mentioned as part of the proposed improvements."
Which character's dynamic with Cersei is mentioned as complicated?,Jaime,"The dynamic between Cersei and Jaime Lannister is mentioned as particularly complicated. Specifically, it is noted that Jaime's final decision to protect Cersei showcases his loyalty to her, which is a significant part of who he is, yet it also leaves room for questioning whether it aligns with his previous character development and growth. This complexity in their relationship adds depth to the narrative and highlights the multifaceted nature of their interactions throughout the series."
What does EmilyBurnett think about the future relevance of Westworld's themes?,They will become even more crucial as technology advances,"According to the discussions, Emily Burnett finds the themes explored in Westworld particularly relevant and thought-provoking. She emphasizes that the show delves deeply into subjects such as consciousness, free will, and what it means to be human, which are issues that are increasingly pertinent given the rapid advancements in artificial intelligence and technology. Emily mentions that as technology continues to advance, the ethical dilemmas and moral questions presented in the show will become even more pressing and relevant. She believes that the show’s examination of these topics is timely and reflective of contemporary concerns. Thus, Emily sees Westworld’s themes as having enduring significance and continued relevance in understanding the complexities of human-machine relations and the nature of free will and identity."
When and where does JakeWatson propose to meet for the practice session according to the conversation on 20260925?,Saturday at 4 PM at the usual spot,"Based on the conversation dated 20260925, there is no mention of JakeWatson proposing a meeting time or location for a practice session. The context provided only includes a single interaction regarding a practice session that took place on 20260903, where JakeWatson suggested meeting at the park on Saturday at 10:00 AM for shooting practice. There is no additional information about future meetings or practice sessions involving JakeWatson."
When does Li Hua ask Jennifer Moore about adjusting the protein in her meal plan?,20260122,"Li Hua reaches out to Jennifer Moore about adjusting the protein content in her meal plan when she is experiencing a need for more protein to support her fitness goals. This request comes during a conversation where Li Hua expresses that she feels like she needs a bit more protein for her workouts. Specifically, this interaction occurs in the conversation dated ""20260122_15:00"". In this message, Li Hua mentions, ""Hey Jennifer! Just wanted to say thank you for the new meal plan! I'm loving the variety so far, but I feel like I need a bit more protein for my workouts. Could we adjust that? Also, maybe a few more snack options? Thanks!"", indicating her desire to modify the protein levels in her meal plan."
What is Li Hua's opinion on the characters in Succession?,Intense family dynamics and business war,"Based on the conversations shared, Li Hua has expressed interest in discussing the main character Kendall's motivations within the context of the TV series Succession. However, there is no direct mention of Li Hua providing extensive opinions or analysis of the other characters in the show. Li Hua's comments focus primarily on discussing Kendall's complex journey and the dynamics within the family, particularly the intense power struggles and the pressure Kendall faces from his father and the rest of the family. Li Hua appreciates the intense and compelling nature of the show's plot, noting how it keeps viewers engaged and invested in the characters' journeys."
When does the special event at Hailey's bakery start according to Hailey and LiHua's conversation on 20260622?,The event starts at 10 AM this Saturday,"According to the conversation between HaileyJohnson and LiHua dated 20260622_13:30, the special event at the bakery is scheduled to start at 10 AM on Saturday. LiHua expresses enthusiasm for the event, stating that it will be a ""fun tasting session"" featuring the bakery's new line of healthy bread options."
What aspect of Guardiola's career does JakeWatson admire?,The transformation of the teams he's managed,"Based on the conversation, JakeWatson specifically praises Pep Guardiola's tactical abilities and his ability to motivate and lead players. JakeWatson mentions that Guardiola ""knows how to get the best out of his players, even in crunch moments."" Additionally, JakeWatson expresses admiration for Guardiola's winning culture, noting that ""their winning mentality is built into the club's DNA."" This admiration stems from Guardiola's proven track record of success and his ability to consistently deliver results at the highest levels of football."
What does ThaneChambers think about Sekiro: Shadows Die Twice?,It's amazing and worth grabbing,"According to the conversation, Thane Chambers expresses a highly positive opinion about Sekiro: Shadows Die Twice. He describes it as an ""amazing"" game with a unique combat system that requires timing and strategic thinking, praising its world design as ""super cool."" Thane also mentions that if one enjoys challenging games, they will definitely appreciate Sekiro. Li Hua finds Thane's recommendation appealing, as she loves a good challenge, and Thane encourages her to give it a try, suggesting she should ""get ready for an epic adventure!"""
Which game does LiHua mention he's been playing on 20260920?,Call of Duty: Warzone,"There is no specific game mentioned in the conversation on 20260920_16:00. The text discusses a meeting between Li Hua and Thane Chambers at this time, but does not mention any ongoing game that Li Hua is playing."
Which kind of pastry does Li Hua express his interest in trying in his conversation with Hailey on 20260531?,the new banana durian cheesecake,"In the conversation recorded on 20260531, Li Hua expresses interest in trying pastries. Specifically, he states, ""I’d love to learn how to make pastries if we can. That would be great!"" This indicates that pastries are the type of pastry Li Hua is keen on trying. Additionally, during a previous interaction (recorded on 20260618), Li Hua mentions his interest in learning pastry-making, showing a consistent interest in these types of pastries."
What is IllidanStormrage's suggestion to the ongoing garden construction according to the discussion on 20260522?,plan some quiet hours when the kids are playing,"According to the discussion dated 20260522, IllidanStormrage suggested that they should put up temporary barriers or use quieter tools during the early afternoon to minimize noise, which is a concern for many residents. Additionally, he proposed notifying residents a day in advance about any particularly loud work. This approach aims to ensure that residents can plan their activities around the construction schedule without disruption."
What game has Gavriel been hooked on recently for its blend of RPG elements and social simulation?,Persona 5 Royal,"Gavriel hasn't mentioned a specific game in his recent interactions, but he did share his enthusiasm for the emotional depth and storytelling in several games, including ""Gris,"" ""Journey,"" ""Celeste,"" and ""Spiritfarer."" Given these games, it's likely that he enjoys titles that combine narrative-driven gameplay with immersive art and music. One game that aligns well with this description is ""Life is Strange,"" which is known for its narrative-driven story and branching dialogue options. However, another standout title that Gavriel might be referring to is ""The Longest Journey."" This classic 3D adventure game offers a rich, role-playing experience combined with social simulation elements, allowing players to interact with the world and characters in a deep, personalized manner. The game's focus on emotional storytelling and the player's impact on the game world through decisions would certainly appeal to someone interested in blending RPG elements with social simulation."
What pizza does LiHua like?,pepperoni with extra cheese,"Based on the conversations provided, LiHua has expressed a preference for pepperoni pizza. Specifically, he states, ""I’m a big fan of pepperoni, can’t resist that spiciness!"" However, it's important to note that LiHua also enjoys a little extra cheese on his pepperoni pizza, indicating a balanced preference. There isn't any mention of LiHua favoring other types of pizza beyond pepperoni."
What are LiHua's favorite snacks for the game?,Nachos with cheese and spicy salsa,"Based on the conversations documented, WolfgangSchulz does not express a preference for any particular snacks. There is no mention of snacks being discussed in relation to his gaming activities. Therefore, we cannot determine LiHua's favorite snacks for the games based on the provided data."
Why is Yuriko asking for LiHua's help on 20260807?,She has got ten logo designs for my speech therapy studio and she would love LiHua's opinion on which one stands out the most,"There doesn't appear to be any record of Yuriko asking for LiHua's help on August 7, 2026 in the provided data. The records only mention interactions between LiHua and Yuriko regarding the Sunday jam sessions and brainstorming sessions for the studio homepage. There is no indication of any assistance Yuriko may have requested from LiHua on that specific date."
Who will bring the tools for the curtain installation?,AdamSmith,"In the conversation regarding the curtain installation, it is mentioned that AdamSmith will bring the tools. LiHua proposed that they plan for a Thursday afternoon for the installation, and AdamSmith confirmed that he would bring the tools, stating ""I’ll bring the tools, and we’ll get it done."""
How does GromHellscream believe the local shops will benefit from the completed garden?,More foot traffic means more customers for them,"The provided conversations do not contain direct information about how local shops will specifically benefit from the completed garden. However, based on the context, the garden renovation aims to enhance the community's overall quality of life and make it a pleasant place for residents to gather, relax, and engage. While it may not directly impact local shops financially, the garden could indirectly boost foot traffic by attracting more visitors to the area, which could lead to increased business for nearby establishments. Additionally, a well-maintained and attractive garden could potentially serve as a marketing tool for local businesses, drawing attention to the community and its amenities. Ultimately, the primary beneficiaries of the garden are likely to be the community members who will enjoy its improved aesthetics, quiet spaces, and enhanced recreational opportunities."
What does ChaeSong-hwa suggest for the garden once everything is set up?,a little gathering,"In one of the discussions, ChaeSong-hwa suggested the idea of planning a little gathering in the garden once everything is set up. This gathering was described as a great way to celebrate the hard work that had gone into creating the garden and to enjoy the space together. ChaeSong-hwa proposed that such a gathering could include fun games for children, flower planting workshops for everyone, and perhaps even a potluck where people could share their favorite dishes. Additionally, live music could be included to enhance the overall experience. The gathering was seen as a way to bring everyone together and make the garden feel like a welcoming and communal space."
Who is the best midfielder in the past decade in JakeWatson's opinion?,Luka Modrić,"Based on the conversation, JakeWatson expresses admiration for Kevin De Bruyne, praising his vision and passing ability, describing him as a ""game-changer"" for Manchester City. However, JakeWatson does not explicitly name a single best midfielder of the past decade but rather highlights De Bruyne as a standout figure. No other midfielder is singled out as the best in his opinion. Thus, among the figures mentioned, Kevin De Bruyne appears to be JakeWatson's choice for the best midfielder in the past decade."
Who proposes that the band takes a break from jamming this week?,Wolfgang Schulz,"There doesn't appear to be any proposal in the provided data for the band to take a break from jamming this week. Each entry focuses on plans to continue or arrange future jam sessions. Specifically, the entries mention activities like planning new songs, discussing arrangements, and confirming jam session schedules without any indication of a proposed break."
What does Lachlan think about Jaime's final decision to protect Cersei?,It complicates his redemption and leaves mixed feelings,"Lachlan expresses mixed feelings regarding Jaime's final decision to protect Cersei. Specifically, he notes that while it showed Jaime's loyalty to Cersei, it also seemed to reflect a return to his old ways, which troubled him. Lachlan finds it difficult to reconcile Jaime's earlier growth and the lessons he learned from Brienne with his ultimate choice. He wonders if this decision overshadowed all the character development Jaime had shown throughout the series. Overall, Lachlan finds Jaime's ending to be ""bittersweet"" and reflective of the complexities within the character, acknowledging that it's a reminder of how hard it is to truly break free from toxic ties."
What is Thane's favorite type of food that he enjoys while playing video games?,Insufficient information,"In the conversations recorded, Thane Chambers expresses a particular interest in video games, particularly mentioning his enjoyment of ""Black Myth: Wukong."" However, no direct statement regarding his favorite type of food while playing video games is provided. The data focuses more on his gaming activities and preferences rather than detailing his culinary interests during gameplay sessions."
What is the proposed solution for making the garden more inviting on sunny days?,Adding shade with umbrellas or trees,"In the discussions regarding the garden renovation project, one of the proposed solutions to enhance the garden's comfort on sunny days involves adding shade elements. Specifically, participants suggest including a pergola or umbrellas near the seating areas. Additionally, the inclusion of shade structures not only improves the usability of the garden during the hot season but also transforms it into a more inviting and relaxing spot."
What is the name of the song that Li Hua will sing at the karaoke on 20260425?,Insufficient information,"There isn't a specific song mentioned for the karaoke activity scheduled on 20260425 in the provided data. The details about the songs for that event were only discussed in a conversation regarding a karaoke night that Li Hua and ChaeSong-hwa planned for the following Saturday (20260429), not the earlier date. Therefore, we cannot determine which song Li Hua will sing at the karaoke activity on 20260425 based on the information given."
Who does JakeWatson consider the best defender in the history of FC Barcelona?,Carles Puyol,"Based on the conversation, JakeWatson considers Carles Puyol and Gerard Piqué to be among the best defenders in the history of FC Barcelona. JakeWatson agrees with LiHua that it's challenging to single out just one player, highlighting Puyol's leadership and dedication, and Piqué's combination of skill and intelligence. Both players brought something special to the team, according to JakeWatson."
What does Thrall suggest they create to support local businesses?,A list of businesses they love to support,"In one of the discussions, Thrall suggests creating a flyer or a similar resource that lists the local businesses they aim to support through their community garden renovation project. This would help in spreading awareness about these local vendors and encourage community involvement. Additionally, Thrall mentions the importance of highlighting the local shops when the garden is launched, which would serve as a great way to celebrate and support everyone."
What new song does the Jolly band decide to work on for the jam session according to their discussion on 20260410?,Stand By Me,"According to the conversation recorded on 20260410_11:00, the Jolly band decided to work on the song ""Stand By Me"" for their next jam session. WolfgangSchulz suggested this classic song because he believed it had a ""great rhythm"" that would be enjoyable to play together. LiHua agreed, stating that they could all join in and that it would be ""nice to play together."" They also planned to add a little twist to the arrangement, aiming to make it more unique and fun. This decision came after discussing various options and finding ""Stand By Me"" to be a suitable choice for the session."
