Question,Gold Answer,minirag
Did Adam Smith send a message to Li Hua about the upcoming building maintenance schedule before the administrators announced a temporary change in the construction schedule due to weather conditions?,Yes,"Based on the information provided, there is no explicit mention of Adam Smith sending a message to Li Hua regarding the upcoming building maintenance schedule before the administrators announced a temporary change due to weather conditions. The records focus primarily on Adam Smith providing Li Hua with updates on various maintenance needs such as water taps, power outages, and AC installations. There is no indication of communication related to a change in the construction schedule or any alterations to the previously communicated maintenance plans. Therefore, without additional context or messages, we cannot definitively conclude that Adam Smith sent a message about the maintenance schedule before the weather-related change was announced."
Did Li Hua agree to go out for dinner after Wolfgang first asked him if he wanted to go out for dinner?,Yes,"Based on the information provided in the conversations, Wolfgang initially suggested grabbing dinner together multiple times, but there isn't a clear instance where Li Hua explicitly agreed to go out for dinner right away after Wolfgang proposed the idea. In one conversation, Wolfgang suggested a restaurant, and Li Hua responded positively, expressing enthusiasm about the idea, saying ""That sounds perfect! I've been craving their pasta."" However, this doesn't confirm a mutual agreement right after Wolfgang made the suggestion. Instead, it seems Li Hua was receptive to the idea and looking forward to it. There is no direct confirmation that Li Hua agreed to go out for dinner immediately after Wolfgang first asked."
Did Li Hua send a message to Jennifer thanking her for the new training schedule before he requested a change in his training schedule for Thursday?,Yes,"No, there is no mention of Li Hua sending a thank-you message to Jennifer prior to requesting a change in his training schedule for Thursday. In the provided data, Li Hua only mentions thanking Jennifer for the new training schedule after she had already agreed to reschedule their session from 3 PM on the following day (Wednesday) to 10 AM on Friday. Therefore, there is no indication that Li Hua thanked Jennifer before suggesting a change in their scheduled meeting time."
Did Li Hua send a message to Jennifer asking for her opinion on protein supplements before he consulted her about his daily protein powder consumption?,Yes,"Yes, Li Hua did consult Jennifer about his daily protein powder consumption before seeking her opinion on protein supplements. In a conversation recorded on February 14, 2026, at 16:00, Li Hua asked Jennifer for her opinion on the best type of protein supplement that could help him achieve his fitness goals. This indicates that Li Hua had already discussed his protein powder usage and intake with Jennifer before inquiring about additional protein sources."
"Did Yuriko ask Li Hua for help with her studio's homepage before she booked a seat at the ""Central Perk"" cafe?",Yes,"According to the conversation records, Yuriko did indeed ask Li Hua for assistance regarding her studio's homepage improvements before they planned to meet at ""Central Perk"" café. Specifically, in one of the recorded meetings dated 20260225_15:00, Yuriko expressed her desire to book a seat at ""Central Perk"" café for their discussion, stating, ""Hey Li Hua! 😊 Just wanted to let you know I booked a seat at """"Central Perk"""" café for tomorrow at 3pm. Looking forward to our chat about my studio's homepage! See you then!"" Li Hua responded positively, saying, ""Sounds great! Central Perk is such a cozy place. Can't wait to meet up and brainstorm some ideas for your homepage. See you tomorrow! 🌟"". This indicates that Yuriko had already sought Li Hua's help with her studio's homepage prior to planning the meeting at ""Central Perk"" café."
Did Li Hua discuss his progress with the fitness plan before he shared a blog post about his recent fitness achievements?,Yes,"In the provided conversation snippets, there is no explicit mention of Li Hua discussing his progress with the fitness plan before sharing a blog post about his recent fitness achievements. However, several discussions revolve around his fitness journey and plans, indicating that he likely shares updates on his progress with his mentor, Jennifer Moore, before moving on to document them in a blog post. For example, Jennifer encourages Li Hua to focus on specific areas like increasing strength and flexibility, suggesting that she monitors his progress closely. Additionally, Jennifer reminds Li Hua to keep a consistent routine and stay motivated, which further implies ongoing communication regarding his fitness progress. Thus, while there isn't direct evidence linking a blog post to a prior discussion of his fitness plan, the context strongly suggests that such a discussion took place."
"Did Wolfgang Schulz recommend the band learns ""Viva la Vida"" by Coldplay after he and Li Hua discussed what song to play this Sunday?",Yes,"Yes, according to the records, Wolfgang Schulz suggested adding ""Viva la Vida"" by Coldplay to their set list for the upcoming jam session. This suggestion was made during a conversation between Wolfgang Schulz and Li Hua regarding the selection of a song to play during their Sunday jam session. Li Hua agreed with this recommendation, indicating that they would add it to their set list, considering it a ""super popular"" and crowd-pleasing choice."
Did Turalyon announce the construction updates and feedback from residents after Illidan Stormrage complained about the construction noise?,Yes,"Turalyon did indeed address feedback from residents regarding the construction noise, following Illidan Stormrage's initial complaint. In the conversation recorded on May 20th at 15:00, LiHua expressed frustration about the noisy construction, which had been affecting her ability to concentrate on her work. In response, ChaeSong-hwa suggested alternative locations for work, such as cafes or libraries, to mitigate the disturbance. Subsequently, Turalyon followed up on this issue in a later discussion on June 20th at 18:45. Adam Smith announced that noise reduction measures were being implemented, aiming to make the community a more peaceful space, especially beneficial for the upcoming garden renovations. This announcement was met with positive responses from several individuals, including Malfurion Stormrage, who noted the community's efforts to improve living conditions. The overall sentiment expressed was one of optimism and encouragement for continued positive feedback to ensure ongoing improvements.Thus, Turalyon did follow up on the construction updates and feedback from residents after Illidan Stormrage's initial complaint, ensuring that the community's concerns were addressed and acknowledged."
Did Li Hua ask Jennifer Moore for book recommendations on fitness nutrition before she announced the special guest speaker at the gym?,No,"No, Li Hua did not request book recommendations on fitness nutrition from Jennifer Moore before she announced the special guest speaker. This interaction took place at a later date, as evidenced by the subsequent conversation about the upcoming nutrition talk. Prior to that, Li Hua had asked Jennifer Moore for book and resource recommendations regarding fitness nutrition, which Jennifer Moore responded to by suggesting ""The New Rules of Lifting"" by Lou Schuler and Alwyn Cosgrove and mentioning ""Precision Nutrition"" for online courses (Source 1). Later, Jennifer Moore reminded Li Hua about the gym's membership feedback activity and encouraged her to participate (Source 2). Li Hua then expressed interest in attending a talk about nutrition for athletes scheduled to occur the following Wednesday at 6 PM (Source 5). This indicates that the announcement of the special guest speaker came after the initial discussion about fitness nutrition resources."
Did Jennifer remind Li Hua about proper nutrition and hydration before Jake shared his tips for staying hydrated during the match?,Yes,"In the conversations shared, Jennifer Moore did indeed provide advice on proper nutrition and hydration to Li Hua. This took place during one of their initial check-ins, where Jennifer encouraged Li Hua to focus on her endurance and reminded her to prioritize hydration and nutrition, especially after intense workout sessions. Jennifer specifically mentioned the importance of hydration, suggesting that Li Hua should aim to drink plenty of water and possibly consider using electrolyte drinks post-workout. However, there was no mention of Jennifer reminding Li Hua about hydration and nutrition specifically before Jake Watson shared his tips for staying hydrated during matches. Therefore, it appears that Jennifer’s guidance on hydration and nutrition came first, and Jake’s discussion on hydration during matches came later in the timeline."
Did the group members talk about their favorite characters in the TV series Game of Thrones after Emily started a vote on the most hateable character?,Yes,"After Emily Burnett sparked the discussion by asking for opinions on the most hateable character in Game of Thrones, the conversation quickly shifted to discussing various characters and their merits. Initially, the group was engaged in voting and debating among Joffrey Baratheon, Ramsay Bolton, and Cersei Lannister as the most hated characters. However, as the conversation progressed, the group's focus broadened beyond just hateability and into the overall character development and complexity within the show.The discussion then moved to exploring the complexities of other characters like Tyrion Lannister, Arya Stark, and Jaime Lannister. Emily Burnett praised Tyrion's wit and intelligence, highlighting his engaging character arc. Merrick mentioned a memorable moment involving Tyrion blowing up the Wildfire to save King's Landing. Rowan pointed out Arya Stark's transformation from an innocent girl in Winterfell to a fierce assassin, emphasizing the intriguing ""list of names"" and the ""revenge theme."" Phaedra noted the intensity of the moment when Tyrion blows up the wildfire.As the conversation continued, the group delved into the character arcs of other notable figures. Lachlan spoke about Joffrey Baratheon, describing him as ""the worst"" due to his cruel and manipulative nature. Merrick shared his preference for Ramsay Bolton, describing his sadistic behavior as ""making my skin crawl."" Tamara argued for Cersei Lannister, citing her manipulative ways and arrogance as reasons why she was ""annoying."" Orion and Tamara agreed that Cersei was indeed the most hated character among the group.However, the discussion did not stop there. The group also took a turn to explore the redeeming qualities of certain characters. Merrick and Tamara supported Ramsay Bolton's case, arguing that his twisted games and treatment of others made him a difficult character to forget. Meanwhile, Emily Burnett backed Cersei's hateability but added that they should consider the top three most hateable characters for voting. LiHua, Niamh, and Tamara agreed with this proposal, suggesting that Joffrey, Ramsay, and Cersei be the contenders for the top three hateable characters.Despite the initial focus on hateability, the conversation eventually branched out to discuss the overall character arcs and their complexities. Phaedra, for instance, expressed interest in hearing about memorable character arcs, leading the group to suggest a new topic centered around the best redemption arcs in TV shows. Merrick proposed that they discuss Jaime Lannister's transformation from being the ""Kingslayer"" to someone who values honor by the end of the series. This prompted a lively debate about the impact of Jaime's character arc and whether his final decision, choosing to protect Cersei, overshadowed his growth throughout the series.The group's exploration of character arcs and their complexities suggests that the initial focus on hateability was only part of the broader discussion about the rich tapestry of characters in Game of Thrones. The diverse perspectives and detailed analyses of various characters' journeys indicate that the conversation was multifaceted and deeply engaged with the show's narrative."
Did Li Hua ask Thane about his opinion on The Last of Us before he asked about Sekiro: Shadows Die Twice?,No,"No, Li Hua did not inquire about Thane's opinion on The Last of Us before asking about Sekiro: Shadows Die Twice. In the conversation, Li Hua first asks Thane about Sekiro: Shadows Die Twice, expressing interest in whether it is worth getting and if it offers a challenging experience. After receiving positive feedback about the game, Li Hua then asks about The Last of Us, suggesting he was already familiar with the game and was seeking recommendations based on his previous positive experience with it. There is no mention of Li Hua having previously asked Thane about The Last of Us."
Did Jake Watson and Li Hua discuss the classic matches between FC Barcelona and FC Bayern Munich before the group members discussed the classic matches between FC Barcelona and Real Madrid?,Yes,"Yes, Jake Watson and Li Hua had already discussed the classic matches between FC Barcelona and FC Bayern Munich. This conversation took place on October 26, 2026, at 16:00, where Li Hua expressed her admiration for these matches, mentioning matches such as the 2014 El Clásico where Barcelona defeated Real Madrid 4-3, and the 2015 Champions League final where Barcelona came back to win 7-1 against Bayern Munich. Jake Watson agreed with Li Hua, reiterating the dramatic nature of these matches and praising Bayern Munich's performance in the 2015 Champions League final, noting the teamwork and skills displayed during those matches. Li Hua asked Jake Watson about his favorite moments from these matches, prompting Jake to recall the incredible goal by Neymar in the 2015 match. In contrast, the discussion involving the classic matches between FC Barcelona and Real Madrid occurred later, specifically on October 5, 2026, at 10:05. During this conversation, Li Hua highlighted the dramatic nature of matches between Barca and Bayern Munich, emphasizing the comebacks and the emotional intensity of these games. She then shifted focus to matches between Barca and Real Madrid, asking Jake Watson about his favorite moments from those matches. This indicates that Jake Watson and Li Hua had already engaged in conversations about the matches between Barca and Bayern Munich before moving onto the discussions about Barca and Real Madrid."
Did the group members debate about the best football manager in the Premier League history after they debated if Pep Guardiola is the greatest soccer manager in football history?,Yes,"The conversation did not specifically revolve around debating the best football manager in the Premier League history after the initial discussion about whether Pep Guardiola was the greatest soccer manager in the world. Instead, the group members engaged in a lively debate about Pep Guardiola's impact on the game, discussing his tactical acumen and successes with Manchester City. This discussion led to additional comments on the impact of other managers, including Jurgen Klopp and Pep Guardiola, and their respective managerial styles and achievements. However, there is no direct mention of them comparing the best managers in the Premier League."
Did the discussion about Jaime Lannister's character occur after the discussion about Cersei Lannister's character?,Yes,"The conversation about Jaime Lannister's character arc does not explicitly mention whether it occurred after the discussion about Cersei Lannister's character. However, based on the context, it appears that the discussion about Jaime Lannister's character began after a broader discussion about the characters and their transformations in the series. This is indicated by the points made regarding Jaime's journey and the pivotal moments in his story, such as the scene where he confronts Cersei and his bond with Brienne. Therefore, it can be inferred that the discourse on Jaime Lannister's character likely followed the initial exploration of Cersei Lannister's character and the various aspects of their journeys within the show."
Did Jennifer challenge Li Hua to do 60 pull-ups in a training session after she challenged him to do 100 pushups?,Yes,"Yes, Jennifer did indeed challenge Li Hua to do 60 pull-ups in a training session following her earlier challenge of 100 push-ups. This can be inferred from the conversation details provided in the sources. In the interaction recorded in Source 2, dated 20261129_19:00, Jennifer specifically states, ""Hey Li Hua! Are you ready for this week's challenge? How about 60 pull-ups in a row? I know you can crush it! 💥💪 Let's aim high!"" This shows that after successfully completing 100 push-ups in the previous session, Jennifer now set a more challenging goal for Li Hua."
Did Jake share common knowledge about offside in soccer with Li Hua before he passed practical techniques to Li Hua on how to avoid offside for a forward?,Yes,"Yes, Jake did share common knowledge about the offside rule with Li Hua before giving her practical techniques. In a previous conversation recorded on November 9, 2026 at 09:00, Jake explained that ""Offside"" in soccer refers to a situation where a player is closer to the opponent's goal line than both the ball and the second-to-last defender when the ball is played to them. He clarified that it is a rule designed to maintain the flow of the game and prevent unfair advantages. Jake reiterated this rule during their follow-up conversation on November 30, 2026 at 11:30, emphasizing that staying level with the second-to-last defender is key to avoiding offside. After providing these basic rules, Jake then proceeded to offer practical advice on timing and positioning to ensure Li Hua could effectively avoid being offside during a game."
Did Wolfgang arrive in Hong Kong after he informed Li Hua about his upcoming trip?,Yes,"According to the conversation records, Wolfgang informed Li Hua about his upcoming trip to Hong Kong in one of the messages dated December 19, 2026, at 19:00. Specifically, Wolfgang said, ""Hey! Just a heads-up, I'm off to Hong Kong for a couple of days next week. Anything you want me to grab while I'm there?"" This indicates that Wolfgang did indeed inform Li Hua about his trip before arriving in Hong Kong. His arrival in Hong Kong was mentioned in another message dated December 23, 2026, at 23:00, where he wrote, ""Just touched down in Hong Kong! 😍 The city is incredible, so vibrant and full of life. Can’t wait to explore!"" Thus, Wolfgang arrived in Hong Kong after informing Li Hua about his trip."
"Who does Li Hua go to watch the movie ""Overwatch 3"" with?",Wolfgang,"In the conversation recorded on 20260121_13:00, Li Hua and WolfgangSchulz discuss watching ""Overwatch 3."" WolfgangSchulz suggests meeting at 7 PM to watch the movie, giving them enough time to grab some food beforehand. Li Hua agrees and mentions that he can bring some chips, while WolfgangSchulz requests soda and juice. They both express enthusiasm for the movie night, indicating that they will be watching ""Overwatch 3"" together at 7 PM."
Has Wolfgang ever been to Hong Kong?,Yes,"According to the data, Wolfgang has indeed been to Hong Kong. The first entry in the sources section indicates that WolfgangSchulz arrived in Hong Kong on December 23rd, 2026. Additionally, multiple entries detail his activities and interactions in Hong Kong, such as visiting Victoria Peak, trying dim sum, and attending dinner and jamming sessions. This confirms that Wolfgang has visited Hong Kong multiple times and has engaged in various activities during his trips there."
Who knows about Wolfgang going to Hong Kong?,LiHua & Chae & Yuriko,"According to the conversation records, several individuals are aware that Wolfgang is traveling to Hong Kong. Specifically, Wolfgang himself mentions his travel plans to Li Hua in multiple messages, stating, ""That's awesome! Hong Kong's views are stunning, especially at night! Got any plans for your first day? 🌆"" Wolfgang also informs Li Hua that he has a business trip to Hong Kong coming up, as seen in another message: ""Hey! Just a heads-up, I'm off to Hong Kong for a couple of days next week."" Additionally, Li Hua is aware of Wolfgang's trip and encourages him, saying, ""Ooh, nice trip! Maybe look for some cool snacks or a local souvenir? That would be awesome!"" and ""I'm sure whatever you find will be great!"" This indicates that Wolfgang is not only aware of his trip but also shares details and seeks recommendations from those he interacts with, including Li Hua."
Who wished Li Hua a happy Lunar New Year?,Adam Smith & Jennifer Moore & Wolfgang Schulz,"According to the data, both Adam Smith and Wolfgang Schulz wished Li Hua a happy Lunar New Year. Adam Smith sent a message wishing Li Hua a ""very happy Lunar New Year!"" and hoping she had a great time celebrating. Wolfgang Schulz also wished Li Hua a ""Happy Lunar New Year"" and expressed excitement for their upcoming celebration."
Who introduced the bread delivery service and recommend Alice for the delivery?,HaileyJohnson,"The bread delivery service was introduced by HaileyJohnson, who stated, ""I've got a new doorstep delivery service for fresh milk and bread. It's super convenient, especially for busy days!"" This service allows customers to order and receive their items directly to their doorstep. HaileyJohnson specifically recommended Alice for the delivery, noting, ""She's super friendly and will be taking care of your orders every Monday and Friday at 8am."" HaileyJohnson further explained, ""Alice is doing a wonderful job already! I think you'll really like her. If you have any suggestions or special requests for your orders, just let me know!"" Thus, Alice was recommended by HaileyJohnson for the delivery service due to her friendliness and dedication to the job."
What opportunity did LiHua create for Chae to meet Wolfgang and Yuriko?,LiHua introduced Chae to Wolfgang and Yuriko during the band's gathering on Sunday evening,"In one of the interactions, LiHua mentioned that they recently made a new friend named Yuriko, who shares her music preferences and collaborates on jam sessions. LiHua expressed interest in inviting Yuriko to join Wolfgang and LiHua for their Sunday jam sessions. However, no specific opportunity was created for Chae to meet Wolfgang and Yuriko directly through these interactions. The primary interaction between LiHua and Wolfgang and Yuriko centered around suggesting Yuriko for a potential jam session. There is no mention of a direct invitation for Chae to join Wolfgang and Yuriko."
What special offerings did Hailey have for her backery shop in the month of May?,a special Mother's Day bakery promotion & a special summer promotion on ice cream & a free baking class at the end of May & banana durian cheesecake,"In May, Hailey Johnson offered several special events and promotions at her bakery, Hailey's Bakery. One notable event was a 20% off bread promotion which began on May 30th. This promotion allowed customers to enjoy discounted bread at the bakery. Additionally, there was a free baking class hosted by Hailey Johnson on a weekend in May, providing an opportunity for attendees to learn and participate in baking activities. Another special event involved the launch of a new line of healthy bread options, which was scheduled for a Saturday in May, likely intended for a tasting session. These events highlight the variety of special offerings Hailey Johnson provides throughout the year to engage and delight her customers."
How long does it take in total from LiHua planning on getting the air-conditioner to the air-conditioner been installed?,about 27 days,"The timeline provided in the conversation indicates that LiHua initially inquired about installing an air-conditioner in the basement (referenced in message 2). After discussing the specifics of the installation, including the type of air-conditioner to be used (a split-type air-conditioner) and the need to consider the dimensions of the basement (message 3), AdamSmith proceeded to arrange for the installation. The installation was scheduled for Wednesday next week, as mentioned in message 6. However, the actual date and time of the installation were communicated in message 8, where AdamSmith reminded LiHua that the contractor team was coming to install the AC in the basement at 6 PM on the same day (message 8).Therefore, from LiHua's initial inquiry about the air-conditioner installation until the actual installation, the process took approximately two weeks. This includes the time spent discussing the details of the air-conditioner, arranging the installation, and the actual installation date."
Did it take more than 3 weeks from LiHua planning on getting the air-conditioner to the air-conditioner been actually installed?,Yes,"The timeline provided does not explicitly state when LiHua initially decided to get the air-conditioner or when the actual installation took place. However, based on the information given, we can trace the sequence of events:1. On July 16th, LiHua inquired about adding an air-conditioner in the basement.2. On August 10th, Adam Smith followed up on the warranty and maintenance plans.3. On July 23rd, Adam Smith suggested a split-type air-conditioner for the basement.4. On August 3rd, Adam Smith scheduled the installation for the following Wednesday.5. On August 9th, Adam Smith reached out to confirm LiHua's availability for the installation.6. On August 12th, the contractor team arrived at 6 PM to install the air-conditioner.Given these dates, the time span from when LiHua initially inquired about the air-conditioner (July 16th) to the actual installation (August 12th) is approximately 2 weeks and 6 days. This period is less than three weeks.Therefore, it did not take more than three weeks for the air-conditioner to be installed after LiHua planned on getting it."
Did it take more than a week from Adam asking LiHua about the ideal installation date to Adam reminding LiHua about the contractor team installing air-conditioner at 18:00?,Yes,"The timeline shows that Adam first asked LiHua about the ideal installation date for the air-conditioner on August 3rd at 13:00 (record 7). LiHua responded that she was flexible and could be available in the afternoon. Adam then reached out to the contractor and planned to inform LiHua about the specific installation time upon confirmation. The actual installation date was set for the following week, specifically mentioned in record 9, where Adam informed LiHua that the installation was scheduled for Wednesday, August 24th, at 19:00. Therefore, it took less than a week from Adam asking LiHua about the installation date to the installation taking place. The delay occurred because Adam needed to confirm the contractor's availability."
Is the time interval more than 3 days between LiHua asking Adam to help him install a curtain on the basement window and Adam asking LiHua to measure the size of the window?,Yes,"The conversation shows two distinct interactions between LiHua and Adam involving the basement window. Initially, on September 21st at 16:00 (recorded as Time: 20260921_16:00), LiHua asks Adam to help her install a curtain on the basement window. Following this, on September 28th at 10:00 (recorded as Time: 20260928_10:00), Adam asks LiHua to measure the size of the window in order to get curtains made. The time interval between these two events is exactly three days, which means there is not more than three days between LiHua asking Adam to help her install the curtain and Adam asking her to measure the window. Therefore, the time interval between their respective requests is precisely three days, not more than three days."
Is the time interval more than 7 days between Adam asking LiHua to measure the size of the window and Adam informing Li Hua that he has booked the curtain of the right size?,Yes,"The conversation shows a sequence of events where Adam Smith initially asks Li Hua to measure the size of the window on September 28, 2026, at 10:00 AM. Following this, Adam Smith informs Li Hua that he has booked the curtain in the right size by the end of the weekend, which is October 7, 2026, at 12:00 PM. Given that the end of the weekend typically falls within the next seven days following the start of the weekend, specifically between Saturday and Sunday, the interval between Adam asking Li Hua to measure the window size and him booking the curtain size does not exceed seven days. Therefore, the time interval between these two events is less than or equal to seven days."
Is the time interval more than 3 days between LiHua confirming that he has received the curtain and Adam asking LiHua if the curtain is all good?,Yes,"The conversation shows a relatively quick exchange between Adam Smith and Li Hua regarding the curtains. Specifically:- On October 7th at 12:00, Adam Smith informs Li Hua that the curtains are in the right size and will arrive by the end of the weekend.- On October 12th at 10:00, Li Hua confirms receipt of the curtains and expresses satisfaction with the patterns.- On October 19th at 20:00, Adam Smith checks in again to see if the curtains are still good since Li Hua has been using them for a while.Given these timestamps, the interval between Li Hua confirming receipt (October 12th) and Adam checking if the curtains are still good (October 19th) is approximately 7 days, which is more than three days. Therefore, the time interval between Li Hua receiving the curtains and Adam asking about the quality of the curtains is indeed more than three days."
Wolfgang suddenly becomes very concerned about good body shape and healthy food choices in December. What are the two conversations he had with LiHua in December that reflect this?,20261202_14:00 & 20261209_19:00,"In December, Wolfgang expressed significant interest in body shape and healthy eating habits in multiple interactions with LiHua. The first notable conversation occurred on December 2nd, where Wolfgang acknowledged LiHua's good body shape and expressed his desire to improve his own fitness. This prompted LiHua to suggest that Wolfgang should exercise more frequently, which he accepted. This conversation clearly shows Wolfgang's concern for his body shape and his openness to adopting healthier habits.The second important interaction happened on December 9th, where Wolfgang asked LiHua for recommendations on healthy breakfast options. This indicates his growing awareness of dietary choices and his willingness to learn from LiHua about maintaining a balanced diet. The dialogue led to a discussion about various healthy breakfast items, including avocado toast and oatmeal, showing Wolfgang's commitment to improving his nutritional intake.These two conversations highlight Wolfgang's evolving interest in his body shape and healthy eating practices, reflecting a shift in his priorities towards adopting a more active and mindful lifestyle."
Did Li Hua agree to have dinner with Wolfgang after he told Wolfgang about the lunch arrangement?,Yes,"Based on the conversation recorded, Wolfgang reminded Li Hua about their lunch at the cozy café downtown at 12:00, and Li Hua responded positively, stating, ""Thanks for the reminder! I'm really looking forward to it too!"" This indicates that Li Hua agreed to have lunch with Wolfgang at the specified time. However, no direct mention of dinner arrangements was made in the given data. Therefore, we cannot definitively conclude that Li Hua agreed to have dinner with Wolfgang based solely on the information available."
Did Li Hua ask Wolfgang Schulz for a recommendation on a gym or fitness center before asking Jennifer Moore for book recommendations on fitness nutrition?,Yes,"No, there is no mention of Li Hua asking Wolfgang Schulz for a recommendation on a gym or fitness center before seeking Jennifer Moore's advice on fitness nutrition books. The conversation with Wolfgang Schulz took place separately and pertained to recommending a gym, whereas the query about fitness nutrition books was directed at Jennifer Moore."
Did Li Hua ask Wolfgang Schulz if he wants to go to the gym together before Jennifer reminded Li Hua to participate in the gym's membership feedback activity?,Yes,"No, Li Hua did not specifically ask Wolfgang Schulz to join him at the gym before Jennifer reminded Li Hua about the membership feedback activity. The conversation regarding the gym membership feedback activity occurred between Jennifer Moore and Li Hua alone, without Wolfgang Schulz present. Wolfgang Schulz only joined the conversation later when Jennifer reminded Li Hua about the activity."
Did Li Hua send a message to Wolfgang Schulz saying that he has prepared all the delicious food for tonight's Chinese Lunar New Year before Wolfgang sent a message to Li Hua wishing him a happy Lunar New Year?,Yes,"Based on the information provided, there is no explicit mention of Li Hua sending a message to Wolfgang Schulz preparing all the delicious food for tonight's Chinese Lunar New Year before Wolfgang Schulz wished Li Hua a happy Lunar New Year. In the dialogue, Wolfgang Schulz initially sends a message wishing Li Hua a happy Lunar New Year, which Li Hua responds to by expressing excitement about catching up and enjoying some good food together. The detailed preparations for the Lunar New Year celebration seem to be discussed separately. For instance, in conversation 4, Wolfgang Schulz mentions planning to make dumplings for the celebration, but this is part of a broader discussion about future plans rather than a confirmation of preparation before the Lunar New Year itself. Therefore, we cannot definitively conclude that Li Hua sent a message arranging all the food before Wolfgang wished him a happy Lunar New Year."
Did Li Hua's complaint about the customer who modifies their requirements occur before Wolfgang comforted him?,No,"There is no information provided regarding a complaint Li Hua made to Wolfgang or any interaction involving a customer modifying their requirements. The interactions described involve Wolfgang inviting Li Hua to a dinner, Li Hua declining the invitation due to a freelance gathering, and a conversation about Wolfgang's workday and Li Hua's gardening. There is no mention of a customer modifying their orders or Li Hua complaining about such modifications. Therefore, based on the available data, it cannot be determined whether Li Hua's complaint occurred before Wolfgang comforted him."
Did Li Hua share a blog post about his recent fitness achievements after Jennifer sent him a motivational message?,Yes,"The data provided does not contain any information regarding Li Hua sharing a blog post about his recent fitness achievements following a motivational message from Jennifer Moore. Instead, there are several motivational messages exchanged between Jennifer and Li Hua, including updates on their fitness progress, upcoming training sessions, and discussions about maintaining motivation and consistency. No blog posts or additional content beyond these exchanges are mentioned."
Did Li Hua send a follow-up message to Jennifer before she asked him about his latest sleeping schedule?,Yes,"No specific follow-up message from Li Hua regarding his sleep improvement efforts has been recorded in the provided data. The conversation about sleep began directly when Jennifer asked about it, without any preceding interaction suggesting a follow-up message."
Did Li Hua ask Adam Smith about placing potted plants in the basement before he asked about decorating the basement?,No,"Yes, Li Hua first asked about adding decorations to the basement, specifically mentioning sound-insulating pads. After receiving approval from Adam Smith, she then inquired about placing potted plants in the basement, indicating she had already discussed the potential for decorations before moving on to the plants."
Did Li Hua ask Wolfgang for advice on renovating the basement before he invited Adam Smith to check the progress of the basement renovation?,Yes,"No, there is no mention of Li Hua asking Wolfgang for advice on renovating the basement before inviting Adam Smith to check the progress. The interaction between Wolfgang and Li Hua (recorded in entry 9) pertains to a stand-up comedy event, not the basement renovation. Additionally, the conversation between Li Hua and Adam Smith (recorded in entries 11 through 14) focuses on various aspects of the apartment, including the rent, basement maintenance, and additional amenities like a small fridge and an air conditioner. Therefore, there is no evidence to suggest that Li Hua asked Wolfgang for basement renovation advice prior to inviting Adam Smith to check the progress."
Did Li Hua tell Wolfgang about making a new friend before Yuriko reminded the group members to meet for the music festival?,Yes,"Li Hua did not mention making a new friend to Wolfgang before Yuriko reminded everyone about the upcoming music festival. In the conversation, Wolfgang asks Li Hua if they can bring a friend to their Sunday jam session. Li Hua responds positively, saying, ""Hey, I’ll introduce my friend tomorrow! Her name's Chae, she’s a neurosurgeon. Should be interesting!"" This indicates that Li Hua introduced his friend, Chae, to the group only after Yuriko brought up the music festival. Therefore, it appears that Yuriko was the one to remind everyone about the music festival, and Li Hua did not inform Wolfgang about making a new friend prior to this."
What time does Li Hua check in with Adam about moving in?,5:30 PM,"Li Hua initiates communication about the move-in event at a specific time, which is detailed in the conversation logs. In the first entry, dated 20260105 at 14:00 (2:00 PM), Li Hua reaches out to Adam Smith to inquire about the details surrounding the move-in. This indicates that Li Hua checks in with Adam about the move-in at 2:00 PM on January 5th, 2026."
What time is Li Hua's lunch with Wolfgang Schulz at the cozy café downtown?,20260108,"According to the conversation recorded on 20260108_11:00, Li Hua and Wolfgang Schulz have a lunch meeting scheduled at the cozy café downtown at 12:00. This can be seen from Wolfgang Schulz reminding Li Hua about the lunch, stating ""Hey! Just wanted to remind you about our lunch at the cozy café downtown at 12:00."" Li Hua responds positively, saying ""Thanks for the reminder! I'm really looking forward to it too!"" Thus, the lunch meeting is set for 12:00 PM."
What is the Wi-Fi password at Li Hua's house?,Family123,"Sorry, I'm not able to provide an answer to that question."
What does Adam say about having friends over?,having friends over occasionally is fine,"According to the conversation, Adam Smith is quite accommodating regarding guests. During a discussion with LiHua, LiHua asks if it's okay to have friends over occasionally, to which Adam responds positively, saying ""Yes, having friends over occasionally is fine, just try to keep the gatherings reasonable."" This indicates that Adam is supportive of friends visiting the house under certain conditions."
What house rule does Adam mention?,keep noise to a minimum during late hours,"According to the conversation, Adam mentions that LiHua should keep noise to a minimum during late hours and take good care of the property. Additionally, if LiHua has friends over, it should be kept reasonable. These are the primary house rules that Adam highlights."
What does Li Hua report to Adam on January 6th?,the water tab in the apartment is broken,"On January 6th, Li Hua communicated with Adam regarding the details for the move-in. Specifically, Li Hua asked when it would be a good time for her to come by to inspect the property. In response, Adam informed Li Hua that she could visit anytime after 5 PM on the same day, noting that she should let him know when she was on her way. Li Hua replied that she would arrive around 5:30 PM and expressed enthusiasm for seeing the place. Adam thanked her for her prompt arrival and offered to provide assistance if needed."
When does Adam confirm the plumber will arrive?,tomorrow at 10 AM,"According to the conversation, Adam Smith confirms that the plumber will be arriving the following day at 10 AM to fix the water tap. This information is shared during a call on January 6th at 3 PM."
What does Li Hua ask Adam about the door hinge?,a small repair,"In one of the conversations, Li Hua reaches out to Adam Smith regarding a repair issue with the door hinge. Specifically, Li Hua mentions that the door hinge has been squeaking quite a bit and inquires if it's possible to arrange a small repair. This request is made in a context where Li Hua is preparing to move into a new residence and is concerned about the functionality of various components of the house. Li Hua expresses flexibility about the timing, suggesting that Adam Smith should let her know when it would be best for the repair service to come. Adam Smith agrees to coordinate with the repair service and keeps Li Hua updated."
What is the name of the gym that Wolfgang recommended LiHua to go to?,FitZone,"According to the conversation, Wolfgang recommended LiHua to visit FitZone, which is described as a ""nice gym not too far from you. They have a bunch of classes and all the equipment you'd need."" Additionally, Wolfgang mentions that LiHua should check it out because the staff there is very helpful if LiHua needs anything."
When does Li Hua plan to celebrate Chinese Lunar New Year?,20260118,"According to the conversation, Li Hua plans to celebrate Chinese Lunar New Year at her place on January 18th. Specifically, she invites Wolfgang Schulz to join her for a celebration that includes a family dinner and enjoying traditional foods."
What does Li Hua plan to celebrate Chinese Lunar New Year?,dumplings,"Li Hua plans to celebrate Chinese Lunar New Year at her place on January 18th. She intends to invite Wolfgang Schulz to join the celebration, which will likely involve a family dinner, exchanging gifts, and enjoying traditional foods. Li Hua also mentions planning to visit a local festival to experience the local festivities, which would include tasting various traditional foods and possibly taking some photos."
Who does Li Hua plan to celebrate Chinese Lunar New Year with?,Wolfgang,"According to the conversation, Li Hua plans to celebrate Chinese Lunar New Year with WolfgangSchulz. They mention gathering and celebrating together, which is significant for their relationship. Li Hua also expresses interest in WolfgangSchulz' plans for the celebrations, indicating their close relationship."
Li Hua accidentally broke a light fixture once. What did Adam say about the light fixture?,I'll arrange for a professional to take a look,"In the conversation recorded on 20260108_19:00, Li Hua informed Adam Smith that she had accidentally broken a light fixture in the apartment. Li Hua asked Adam what she should do about it, whether she should repair it herself or have it handled by professionals. In response, Adam advised Li Hua not to attempt the repair herself, recommending instead that she should have a professional come to assess and fix the issue. He assured her that he would arrange for a professional to look at the fixture and keep her updated."
Li Hua has a difficult client. When did he solve that client's project?,20260209,"There is no mention of Li Hua solving a difficult client's project in any of the provided conversations. The conversation about securing a difficult client appears only once, on February 9th, 2026, at 21:00, but it does not specify when the project was solved. The other entries in the table discuss various topics including work pressures, personal achievements, community events, and hobbies, but none specifically address the resolution of a difficult client project."
When did Li Hua express frustration about a client changing requirements?,20260131_14:00,"There isn't any explicit mention of Li Hua expressing frustration about client changes causing issues in the recorded conversations. The interactions mostly revolve around routine matters such as reminders about upcoming appointments, discussing topics related to the work environment, and providing feedback on various aspects of their professional lives. However, there is a conversation where Li Hua mentions being ""swamped with client changes,"" which might imply a challenging situation, but it doesn't detail any frustration expressed. Therefore, based on the provided data, there is no specific instance where Li Hua expresses frustration about client changes causing inconvenience."
What did Wolfgang Schulz suggest Li Hua to do when Li Hua face a difficult client?,keep a clear log of all the changes requested by the client,"There isn't any direct mention of Wolfgang Schulz suggesting Li Hua what to do when dealing with a difficult client in the provided conversation. However, Wolfgang does provide support and encouragement, such as inviting Li Hua to a jam session after work, which can serve as a break from stressful situations and a positive outlet for relaxation. Additionally, Wolfgang mentions that they should plan a jam session together sometime, which Li Hua finds inspiring and beneficial. While Wolfgang does not directly offer advice for handling difficult clients, his support and invitation to engage in creative activities like jamming out can be interpreted as a form of encouragement and distraction during challenging times."
Can Li Hua hang his artworks on the wall?,Yes,"According to the conversation recorded, Li Hua asked Adam Smith whether there are any rules about hanging his new artwork on the walls. Adam Smith replied that Li Hua can hang his artwork as long as he does not damage the walls. He suggested using removable hooks for safety and convenience. Therefore, based on the information provided, Li Hua is allowed to hang his artworks on the walls without causing damage, as long as he uses removable hooks."
When did Li Hua change the training plan?,20260204,"Li Hua requested a change to the training plan around February 4th, as evidenced by the conversation recorded at Time: 20260204_15:00. In this interaction, Li Hua expressed his desire to alter the training schedule to better balance his work and fitness commitments. He suggested training twice a week instead of the originally proposed schedule, which Jennifer Moore agreed to adjust. Therefore, the change to the training plan occurred sometime between January and February 2026."
What days does Li Hua takes for the training sessions?,Tuesdays and Thursdays,"Based on the information provided, Li Hua's training sessions are typically scheduled on Tuesdays and Thursdays. This pattern was established in the conversation where Jennifer Moore suggests, ""How about we do Tuesdays and Thursdays? That way, you get a solid rhythm going without it interfering too much with your work."" This indicates that Li Hua and Jennifer Moore have decided on these two days for their training sessions."
When did Li Hua ask Jennifer Moore for tips on dealing with muscle soreness?,20260206_16:00,"Li Hua asked Jennifer Moore for tips on dealing with muscle soreness multiple times across different sessions. The first instance occurred on February 6, 2026, at 16:00, where Li Hua expressed that he had been feeling pretty sore after their workout sessions and sought advice from Jennifer. This request came after Jennifer had already provided her previous tips for relieving soreness, suggesting that Li Hua had previously experienced muscle soreness and had learned from Jennifer's advice. Another instance was recorded on December 11, 2026, at 11:00, where Li Hua again inquired about preventing muscle soreness after a tough workout."
What are some of Jennifer Moore's tips for dealing with muscle soreness?,hydration&active recovery&stretching&foam rolling&rest,"Jennifer Moore provides several practical tips for managing muscle soreness in her responses. Initially, she advises her friend Li Hua to stay hydrated, emphasizing that drinking plenty of water helps with recovery. She then suggests engaging in light activities like walking or gentle yoga, known as active recovery, which can aid in alleviating soreness. Additionally, Jennifer recommends spending time stretching muscles post-workout, which improves flexibility and reduces tension. She also advocates for the use of a foam roller, another effective tool for releasing muscle tightness and promoting recovery. Lastly, Jennifer emphasizes the importance of rest, stating that skipping recovery days can hinder muscle healing. Overall, Jennifer's advice focuses on a holistic approach to recovery, combining hydration, stretching, foam rolling, and adequate rest."
Why did Li Hua ask for extra exercises to do at home?,to complement his training schedule,"Li Hua reached out to Jennifer Moore seeking additional exercises to complement his existing training schedule, aiming to maximize his progress. This request indicates that Li Hua was looking to enhance his physical conditioning and wanted to explore various forms of exercise to strengthen different muscle groups and improve overall fitness. Jennifer responded positively, providing a list of five exercises that Li Hua could include at home: bodyweight squats, plank holds, push-ups, lunges, and glute bridges."
What exercises did Jennifer Moore suggest Li Hua do at home?,bodyweight squats& plank holds&push-ups&lunges&glute bridges,"Jennifer Moore suggested several home exercises for Li Hua to perform. She provided a list of five exercises that can be done at home, including:1. Bodyweight squats - This exercise targets the leg muscles and is great for building leg strength.2. Plank holds - This helps in maintaining core stability.3. Push-ups - This exercise is beneficial for the chest, arms, and core.4. Lunges - This is excellent for improving balance and leg strength.5. Glute bridges - This is a fantastic exercise for the glutes and lower back.Additionally, Jennifer advised aiming for three sets of ten to fifteen repetitions for each exercise. These exercises are designed to complement Li Hua's existing training schedule and can be mixed into her workout routine to provide variety and enhance her overall fitness."
What is Adam Smith's condition for Li Hua to add decorations to the basement?,must be reversible and not damage anything,"According to the conversation, Adam Smith is open to Li Hua adding decorations to the basement as long as they are reversible and do not cause any damage. Specifically, Adam mentions, ""As long as it’s reversible and doesn’t damage anything, I’m okay with it."" This indicates that Adam Smith is supportive of the idea, provided that Li Hua takes care to ensure the changes are reversible and do not affect the structural integrity of the basement."
When was the first time Wolfgang went to Li Hua's basement?,20260221,"The first documented interaction involving Wolfgang's visit to Li Hua's basement occurred on February 21st, 2026. In the conversation, Li Hua invites Wolfgang to come over and jam together in his newly finished basement. Wolfgang expresses interest in coming over and mentions he can bring his drums. They agree to meet up the following day at 3 PM to play for a couple of hours and catch up. This marks the first recorded instance of Wolfgang visiting Li Hua's basement."
What ideas did Wolfgang Schulz suggest for Li Hua's basement practice spot?,good lighting&soundproofing&a comfy chair,"In one of the interactions, Wolfgang Schulz offered several practical and creative ideas for transforming Li Hua's basement into a suitable guitar practice space. He suggested starting with good lighting to ensure the room remained bright, which is essential for practicing instruments. Additionally, he recommended adding soundproofing to minimize external noise disturbances. Wolfgang also proposed incorporating a comfortable chair, which would enhance Li Hua's comfort during extended practice sessions.To personalize the space, Wolfgang suggested hanging up posters of Li Hua's favorite bands or displaying framed album covers, which would serve as visual inspiration. He further recommended setting up a corkboard for motivational notes and artwork. Lastly, Wolfgang advised setting up a small shelf for Li Hua's musical equipment, ensuring that the space feels fully customized and conducive to practice."
Why did Adam remind Li Hua not to play guitar late at night?,a few neighbors have mentioned they're hearing guitar music late at night,"Adam reminded Li Hua not to play guitar late at night because several neighbors had reported hearing guitar music during those hours, causing disturbance. In a previous conversation, Adam had previously brought up this issue, stating, ""Hey Li Hua, hope you're doing well! Just wanted to bring up that a few neighbors have mentioned they’re hearing guitar music late at night. Can you try to keep it down during those hours? Thanks a lot!"" Li Hua responded positively, saying, ""No problem, I appreciate you letting me know. I’ll make sure to keep it down at night. Thanks for your understanding!"" This exchange indicates that Adam had already addressed this concern with Li Hua, leading to Li Hua's agreement to reduce the volume during late-night practice sessions."
What type of ambiance does YurikoYamamoto want for her studio's homepage?,more welcoming and engaging,"According to the conversation, YurikoYamamoto wants her studio's homepage to have a welcoming and engaging atmosphere. Specifically, she mentions wanting to include visuals that reflect the essence of speech therapy on the homepage. Additionally, she intends to add sections for resources and success stories, further emphasizing the goal of making the homepage both informative and visually appealing. There is no mention of a particular ambiance related to the color scheme, but the desire for a ""gentle vibe"" and the use of pastel colors suggests that the intended ambiance would be soft and calming, aligning with the goal of creating a welcoming environment."
When did Li Hua invite Adam Smith to check the basement renovation progress?,20260223_19:00,"According to the records, Li Hua invited Adam Smith to check the basement renovation progress at 7 PM on February 23, 2026, as detailed in entry number 4 from the log."
What is the essence of YurikoYamamoto Li Hua is helping with her homepage?,speech therapy,"The essence of YurikoYamamoto and Li Hua's collaboration revolves around improving and enhancing various aspects of her speech therapy studio's online presence, particularly focusing on the homepage. Their discussions cover several key areas including:- **Automatically scheduling available time**: In the first conversation, YurikoYamamoto seeks Li Hua's assistance in testing and providing feedback on a new feature that aims to streamline the scheduling process for clients on the homepage.  - **Adding a blog section**: In another discussion, YurikoYamamoto suggests integrating a blog to share insights about speech therapy and engage more with her audience. Li Hua offers ideas for potential blog topics and suggests including testimonials, interviews, and visual elements like videos or photos to enhance engagement.- **User feedback section**: YurikoYamamoto requests Li Hua's help in designing a user feedback section on the homepage. Li Hua proposes a simple form with comment fields and a star rating system, and they discuss the inclusion of testimonials.- **Logo redesign**: In a separate thread, YurikoYamamoto presents ten logo designs and asks Li Hua for his opinions on which one stands out the most. Li Hua provides feedback on the logos, suggesting designs that reflect the therapeutic and welcoming nature of the studio.Throughout these conversations, Li Hua consistently demonstrates his commitment to improving the functionality and aesthetics of YurikoYamamoto's studio's online presence, ensuring that her website effectively communicates her expertise and values to potential clients."
When did Adam Smith inform Li Hua about potential issues with the pipes in the basement?,20260301_13:00,"According to the records, Adam Smith informed Li Hua about potential issues with the pipes in the basement on January 6th, 2026, at 13:00. Li Hua responded positively, indicating she would keep an eye on it and let Adam know if anything unusual occurred."
When is the music concert that Wolfgang invites Li Hua to?,20260307_18:00,"Wolfgang invites Li Hua to a concert on March 7th at 6 PM. This concert is mentioned in the conversation where Wolfgang suggests joining him for a concert on March 7th at 6 PM. Li Hua expresses enthusiasm for the idea, stating, ""That sounds amazing! I'm totally in! Can't wait to catch up and enjoy some live music!"" This invitation appears in the timeline entry labeled ""Time: 20260302_18:00""."
What dish does Li Hua agree to bring to the neighborhood potluck dinner?,Homemade pasta salad,"In the conversation regarding the neighborhood potluck dinner, Li Hua expresses her intention to contribute by preparing homemade pasta salad. This aligns with the description of a ""potluck dinner"" provided in the entities table, where attendees bring dishes to share. Therefore, Li Hua agrees to bring the pasta salad she has prepared to the neighborhood potluck dinner."
Who is Li Hua meeting with to discuss homepage design updates?,Yuriko Yamamoto,"Li Hua is meeting with Yuriko Yamamoto to discuss the homepage design updates for her studio. This discussion takes place multiple times throughout the given events, with the first meeting occurring on March 6th at 2:00 PM. Each meeting revolves around refining and finalizing the design elements for the studio's homepage, which includes brainstorming ideas, sharing feedback, and planning future enhancements. Li Hua and Yuriko Yamamoto seem to collaborate closely, with Yuriko providing detailed requests and suggestions, while Li Hua executes these by designing the necessary changes. Their meetings occur on various dates, with the latest recorded meeting taking place on August 9th for a demo website presentation scheduled for the following morning at Central Perk. Throughout these meetings, Li Hua consistently demonstrates a willingness to assist Yuriko in making the homepage more engaging and user-friendly."
What new feature does Yuriko Yamamoto consider adding to her studio's homepage?,A blog section,"Yuriko Yamamoto considers adding a blog section to her studio's homepage. She believes that this could be a great way to share insights about speech therapy and connect with more people. Her ideas include sharing tips for parents, success stories, and possibly even music therapy insights. She also proposes including interviews with clients, highlighting different speech therapy techniques, and adding visual elements like videos or photos of therapy sessions. Yuriko Yamamoto and Li Hua plan to brainstorm further and develop a content calendar for the blog posts."
What time is the power outage in the neighborhood?,2 PM to 3 PM,"According to the conversation recorded, there are two instances of a power outage being discussed:1. In the first conversation dated 20260308_13:00, AdamSmith informs LiHua about a ""Power Outage"" scheduled for 2pm to 3pm today.2. In the second conversation dated 20260307_14:45, AdamSmith mentions another power outage scheduled for the afternoon of the next day, starting at 2pm and lasting until 3pm.Both instances indicate that the power outage will occur between 2pm and 3pm. Therefore, based on the available information, the power outage in the neighborhood is scheduled for 2pm to 3pm."
What suggestions does Li Hua give for promoting the new scheduling feature?,Showcase it on social media platforms and include a short tutorial and send out a newsletter to clients,"In one of the interactions, Li Hua offers several valuable suggestions for promoting the new scheduling feature on Yuriko Yamamoto's speech therapy studio homepage. Specifically, Li Hua recommends leveraging social media platforms to showcase the new feature prominently. Additionally, he suggests creating a short tutorial on how to use the new scheduling tool, which can be shared across various social media channels. Furthermore, Li Hua proposes sending out a newsletter to clients to highlight the new feature, emphasizing its convenience for scheduling appointments. By utilizing these strategies, the promotion of the new scheduling feature can be effectively enhanced, making it easier for clients to access and utilize the new capabilities."
Who invites Li Hua to join the community bake sale?,Adam Smith,"In the provided conversation, it is mentioned that Adam Smith invites Li Hua to join the community bake sale. This invitation is part of a conversation where Adam Smith informs Li Hua about a community bake sale happening this Sunday at 3 PM to support a local charity. Adam expresses his enthusiasm for Li Hua's participation, mentioning that it would be ""great if you could join"" and looking forward to it. Therefore, Adam Smith is the one who extends the invitation to Li Hua for the community bake sale."
When does Li Hua request a delivery from Hailey Johnson?,Tuesday,"According to the records, Li Hua has requested multiple deliveries from Hailey Johnson. Specifically, on March 29th, Li Hua expressed interest in a doorstep delivery service, stating that she would be interested in trying it out and even setting up a trial run for Tuesday. This indicates that Li Hua requested a delivery for the first time on March 29th. Additionally, there are subsequent requests and confirmations regarding regular deliveries and special requests for certain products, but the initial request for a doorstep delivery occurred on March 29th, 2026."
What is the address where Li Hua wants the bread delivery to be made?,123 Sunny Street,"In one of the records, Li Hua mentions a specific address for a bread delivery. This occurs in Interaction ID 14, where Li Hua states, ""My address is 123 Sunny Street."" Given this information, the address where Li Hua wants the bread delivery to be made is 123 Sunny Street."
What service does Hailey Johnson offer to Li Hua?,Doorstep delivery service for fresh milk and bread,"Hailey Johnson offers a doorstep delivery service for fresh milk and bread to Li Hua. This service allows Li Hua to receive her daily necessities directly at her doorstep, which is particularly convenient for busy individuals. In one of the interactions, Li Hua expresses interest in this service, stating, ""Your delivery service sounds awesome, especially since I love fresh bread. I might just take you up on that! How does it work?"" Hailey Johnson then explains the process, mentioning that she can deliver items a couple of times a week, depending on what Li Hua needs, and she can also arrange for a regular schedule if that is preferred. Li Hua specifically mentions that she would like to try this service, setting up a delivery for a sourdough loaf for Tuesday."
What time does Hailey Johnson start baking?,4 AM,"According to the conversation, Hailey Johnson starts baking very early, typically around 4 AM. This allows her to ensure that the bread is fresh and ready for the day."
Where does Li Hua plan to meet Yuriko Yamamoto to show the final website?,Central Perk café,"According to the conversation recorded, Li Hua mentioned that they would meet Yuriko Yamamoto at Central Perk café to show the final website. This decision was made on March 17th at 3 PM."
What does Li Hua suggest to Hailey regarding the frequency of bread delivery?,Twice a week on Mondays and Fridays at 8am,"In one of the interactions, Li Hua expresses interest in receiving bread more frequently. Specifically, during a conversation about her new doorstep delivery service, Li Hua asks Hailey if she could send her bread twice a week. Hailey responds positively, stating, ""I’ll definitely set you up for Monday and Friday deliveries at 8am."" This indicates that Li Hua suggests having bread delivered two days a week, specifically on Mondays and Fridays at 8am. Additionally, Li Hua mentions that she can add the new gluten-free bread option to her next delivery. Li Hua's preference for more frequent deliveries shows her satisfaction with the service and her desire to receive fresh bread regularly."
What does Li Hua agree to bring to the bonfire singing party hosted by Chae Song-hwa?,Li Hua will bring his guitar,"In the initial discussion about the bonfire singing party scheduled for 20260320 at 9 PM, Li Hua agrees to bring her guitar to the event. This detail is mentioned in the first message where Li Hua responds to Chae Song-hwa's invitation, stating, ""I’ll bring my guitar!"" This commitment to contribute her musical instrument highlights Li Hua's enthusiasm for participating in the planned gathering and the fun activities involved."
What is the focus of Li Hua's next month's fitness plan according to Jennifer?,Strengthening lower limbs,"According to the conversation recorded on 20260305_17:00, Li Hua's next fitness plan includes a focus on increasing her strength and possibly incorporating more flexibility through added yoga or stretching sessions. Jennifer suggested enhancing the existing workout routine with more resistance training for strength improvement and added flexibility exercises to complement the current regimen. Li Hua expressed enthusiasm about this adjustment, indicating that she is excited to try the new plan and looks forward to their next session."
What is the building's policy that Adam reminds Li Hua about?,Recycling policy,"In one of the messages, Adam reminds Li Hua about the building's recycling policy. Specifically, Adam mentions, ""Hey Li Hua, just a quick reminder about the building's recycling policy. It's really important for us to keep the environment in mind. Let’s all do our part by participating! Thanks!"" This indicates that the recycling policy is a significant aspect of the building's environmental practices that Adam encourages all residents to adhere to."
What is Wolfgang looking for in his new drums?,Something versatile that sounds good for both rock and softer tunes like The Beatles,"According to the conversation, Wolfgang is looking for a versatile set of drums that can accommodate both rock and softer tunes like The Beatles. He aims for something that sounds great in various musical contexts but also isn't too expensive. Specifically, he mentions being interested in finding a drum set that sounds good for both rock and softer tunes, such as those that can be used for The Beatles' music. Additionally, he notes that he wants the drums to be comfortable and suitable for him to use regularly. This indicates that Wolfgang is seeking a balance between quality, versatility, affordability, and comfort when choosing new drums."
What song does Li Hua suggest for the jam session on 20260405?,Viva la Vida,"On the jam session scheduled for 20260405_10:00, Li Hua proposed playing the song ""Viva la Vida"" by Coldplay. This suggestion was made during a conversation where Wolfgang Schulz also expressed interest in playing the song, and the group agreed it would be an excellent choice. Li Hua noted that the song is popular and the crowd usually enjoys it, which makes it a great addition to their set list. Additionally, Li Hua mentioned that the energetic nature of the song would complement their performance well and could be a fun song to play on the drums."
When does Li Hua confirm the rent transfer to Adam?,20260331_17:00,"According to the conversation, Li Hua confirms the rent transfer multiple times throughout the year. Specifically:- On January 27, 2026 (record 7), Li Hua sends a message saying, ""Hey Adam! Just wanted to let you know that I’ve transferred the rent through bank transfer. Please check when you can. Thanks!""- On February 27, 2026 (record 6), Li Hua says, ""Hi Adam! I've already transferred the rent. Sorry for the delay!""- On March 1, 2026 (record 1), Li Hua mentions, ""Hey Adam, just wanted to let you know that I've already transferred the rent through bank transfer. Thanks!""- On June 1, 2026 (record 4), Li Hua informs, ""Hi Adam, just wanted to let you know that I've transferred the rent. Sorry for the delay!""These messages indicate that Li Hua consistently confirms the rent transfers to Adam Smith."
Who is delivering the bread to Li Hua on 20260403?,Alice,"On the specified date, 20260403, Alice from Hailey's bakery is delivering the bread to Li Hua. This information is derived from the source content which states, ""Time: 20260403_08:00\n\nHaileyJohnson: Hey! Just a quick reminder that Alice is on her way to deliver your fresh bread this morning. Enjoy! 🥖💖\n\nLiHua: Thanks for the heads up! Always excited for some fresh bread. Can't wait to try it! 😋""."
When is ChaeSong-hwa hosting the community medical knowledge lecture?,7 PM on Saturday,"ChaeSong-hwa is hosting a community medical knowledge lecture scheduled for April 11th at 7 PM. This event comes from a conversation where ChaeSong-hwa reminded LiHua about the lecture, which LiHua eagerly agreed to attend. The lecture covers basic health tips and common medical myths, aiming to provide valuable information to the community."
What is Li Hua's feedback on Chae Song-hwa's medical knowledge lecture?,It is insightful and makes complex topics easy to understand,"In the provided data, there isn't a direct mention of Li Hua's feedback regarding Chae Song-hwa's medical knowledge lecture. However, from the context of previous interactions, it appears that Li Hua is supportive and interested in attending lectures related to health topics. Specifically, in a conversation dated 20260407_19:00, Li Hua expressed interest in attending Chae Song-hwa's upcoming community medical knowledge lecture, stating, ""Hey! I'd love to join the lecture this Saturday. What topics will you be covering?"" This indicates that Li Hua is likely to provide positive feedback on Chae Song-hwa's lecture, similar to her positive reaction to his earlier presentations and contributions to the group."
Why does Li Hua ask ChaeSong-hwa about whether neurosurgeons actually use test tubes in their work?,Li Hua is trying to get some insights for a website design,"Li Hua asks ChaeSong-hwa about whether neurosurgeons use test tubes in their work because she is designing a website and needs accurate information on the tools used in neurosurgery. This question demonstrates Li Hua's thorough approach to ensuring the content on her website is precise and reliable. She seeks clarification on the tools that are essential for neurosurgical procedures, as these details will be crucial for her audience's understanding and engagement with the material."
What suggestions does Li Hua propose to Adam Smith about the upcoming community garden renovation?,Add more seating areas for people to relax and enjoy the space and some flower beds with native plants,"During the community garden renovation discussions, Li Hua suggests several additions and improvements to the garden. Firstly, she recommends adding more seating areas for people to relax and enjoy the space. Additionally, Li Hua proposes the inclusion of flower beds with native plants, which she believes would be aesthetically pleasing and beneficial for attracting more butterflies and bees. She specifically mentions lavender and coneflowers as suitable flower choices because they are beautiful and effective for pollinators. Furthermore, Li Hua suggests integrating a small herb section, which would allow visitors to pick fresh herbs for their culinary uses. Basil, mint, and rosemary are examples of herbs that she considers ideal for such a section. These suggestions indicate Li Hua's commitment to enhancing the garden's usability and aesthetic appeal."
What kinds of flowers does Li Hua recommend to Adam Smith for the flower beds?,Lavender and coneflowers and fresh herbs,"According to the conversation, Li Hua suggests lavender and coneflowers for the flower beds. Li Hua mentions, ""How about some lavender or coneflowers? They’re both beautiful and great for pollinators. Plus, they don’t require too much maintenance!"" Adam Smith agrees, stating, ""Lavender and coneflowers sound perfect! They also smell amazing."" Therefore, lavender and coneflowers are the flowers recommended by Li Hua for the flower beds."
What will be a gift for Li Hua if he chooses to renew the fitness contract with Jennifer Moore?,A cool fitness bag as a gift for all the gym activities,"If Li Hua decides to renew his fitness contract with Jennifer Moore, he will receive a fitness bag as a gift for all the gym activities. This gift is offered as a part of the renewal package and is intended to enhance his gym experience. The fitness bag typically includes items like towels, water bottles, workout clothes, and other essentials that promote convenience and comfort during workouts."
When is the karaoke activity organized by ChaeSong-hwa?,Saturday at 7 PM,"ChaeSong-hwa organizes karaoke activities at various times throughout the year. From the provided conversations, two specific instances of karaoke activities are mentioned:1. In the conversation dated ""20260421_16:00"", ChaeSong-hwa invites Li Hua to join a karaoke activity he's planning for this Saturday at 7 PM.   2. Another karaoke activity is discussed in the conversation dated ""20261019_19:00"". Here, ChaeSong-hwa expresses his desire to organize another karaoke session soon, stating that it has been too long since their last one. The conversation ends with the plan to hold the karaoke night on Friday evening.Therefore, based on these conversations, the karaoke activities organized by ChaeSong-hwa occur on a Saturday at 7 PM (20260421) and on a Friday evening (20261019)."
Who is Li Hua bringing to the band's jam session according to their discussion on 20260425?,ChaeSong-hwa,"According to the conversation recorded on 20260425_21:00, Li Hua mentioned that he would be bringing a friend to the band's jam session the following day. In this context, Li Hua referred to his friend as Chae, who is described as a neurosurgeon. This indicates that Chae is joining the band for the upcoming jam session, bringing a unique perspective and possibly some interesting stories to share."
What garden-related activity is Thrall planning to organize?,A community planting day,"Thrall is organizing a community meeting to brainstorm and finalize plans for the garden. The purpose of this meeting is to gather input and ideas from various community members, aiming to make the garden a beautiful and vibrant space for everyone. Additionally, Thrall suggests setting up a couple of meetings to bounce around ideas and ensure everyone's input is considered. This includes planning the layout of the flowers, adding seating areas, and creating a plan for maintenance to keep the garden looking its best."
What is the main topic of the conversation on 2026-04-28 at 5 PM?,Breathing techniques and tips for squats during workouts,"There isn't a conversation specifically recorded for the time and date mentioned, which is 2026-04-28 at 5 PM. This suggests that the time was likely used for a different purpose or event. The conversations listed in the data primarily cover various topics such as health, fitness, social plans, and work-related matters. There is no mention of an event or meeting scheduled for that exact time and date."
What is the name of the Italian restaurant where Wolfgang and Li Hua are having dinner to celebrate Wolfgang's promotion?,Venedia Grancaffe,"Based on the conversation recorded, Wolfgang and Li Hua plan to have dinner at their ""favorite Italian place"" to celebrate Wolfgang's promotion. However, specific details about the restaurant's name are not provided in the given information."
What is Li Hua's suggestion for scheduling the water pipe repairs in the garden?,During off-peak hours,"In one of the conversations, Turalyon mentioned that they are looking into repairing the water pipes in the garden. During this discussion, Turalyon suggested planning the repairs during off-peak hours to reduce the impact on everyone. Specifically, Turalyon proposed, ""Planning it during off-peak hours could help reduce the impact on everyone."" Additionally, RexxarRemar suggested adding some temporary barriers or screens to minimize the noise during the repairs, and Li Hua agreed, stating, ""That sounds like a great plan! Anything to keep the noise down would be helpful."" This indicates that Li Hua is supportive of minimizing disruptions to the community during the repairs. However, regarding a specific scheduling suggestion, there isn't a direct statement from Li Hua about the ideal timing for the repairs. The focus was more on avoiding peak times when most people are out or busy. Therefore, based on the available information, Li Hua's contribution to the discussion pertains more to ensuring minimal disruption rather than providing a concrete scheduling proposal."
Which two specific pastries does Hailey Johnson recommend for Mother's Day?,Raspberry-filled croissants and chocolate eclairs,"During the Mother's Day promotion, Hailey Johnson offers a special deal where customers can purchase pastries at a discounted rate. Specifically, she recommends trying the raspberry-filled croissants and the chocolate eclairs. These pastries are highlighted as ""always a hit"" according to her feedback, and she encourages Li Hua to order a dozen of each for Mother's Day."
What type of stretches does JenniferMoore suggest before and after workouts?,Dynamic stretches before and static stretches after,"JenniferMoore suggests several types of stretches for both pre- and post-workouts. Before workouts, she recommends engaging in light activities like walking or gentle yoga to prepare the body. Post-workouts, she advises spending some time stretching the muscles to improve flexibility and relieve tension. No specific stretches are mentioned for before workouts beyond the light activities suggested. For post-workouts, she encourages active recovery, including stretching, which helps with muscle recovery and soreness reduction. She also recommends foam rolling, which involves using a foam roller on sore spots to help with muscle tightness. Overall, JenniferMoore focuses on hydration, active recovery, stretching, and foam rolling for both before and after workouts to aid in muscle recovery."
When is the web design seminar at Wolfgang's company happening?,Thursday at 3 PM,"The web design seminar is scheduled for Thursday at 3 PM. This event is hosted by WolfgangSchulz's company, as indicated in the description of the entity ""WEB DESIGN SEMINAR""."
What is Li Hua looking forward to trying from the summer promotion?,Fruity ice cream flavors and a mango-coconut pastry,"In the recent summer promotion announcement, Li Hua expressed enthusiasm for the fruity ice cream flavors and pastries that Hailey Johnson's bakery is planning to offer. Specifically, Li Hua indicated a preference for mango and coconut flavors, describing them as ""super refreshing for summer."" This suggests that Li Hua is particularly looking forward to sampling the fruity ice cream options and pastries featuring mango and coconut, which are highlighted as ideal for enjoying during the warmer months."
What type of lighting is preferred for the seating area in the community garden?,Soft white lights,"In the community garden discussions, several lighting preferences were mentioned. Initially, MuradinBronzebeard suggested adding soft white lights to create a warm and inviting atmosphere. Later, in another discussion, ArthasMenethil confirmed this preference, stating that soft white lights will definitely create a warm ambiance. Therefore, based on the recorded comments, the preferred type of lighting for the seating area in the community garden is soft white lights."
Which flowers does RexxarRemar suggest for a vibrant vibe?,Bluebell and Camellia and Tulip,"According to the conversation, RexxarRemar suggests a combination of Bluebell, Camellia, and Tulip for a vibrant and appealing garden vibe. He emphasizes that this combo would complement each other well and attract butterflies, making the garden even more vibrant and attractive."
How does RexxarRemar plan to spend time in the garden once it's done?,For family gatherings and relaxing afternoons,"According to the conversation, RexxarRemar envisions several ways he and others might spend time in the garden once it's completed. He suggests that the garden could serve as a great spot for family gatherings and relaxing afternoons. Additionally, RexxarRemar expresses his desire for a dedicated play area for children, which he believes will provide entertainment while adults can enjoy the garden's beauty and tranquility. This indicates that RexxarRemar anticipates the garden will be a multifunctional space that caters to various community members, ensuring it serves as a communal gathering place for relaxation and recreation."
What does LiHua find as a perfect place to work in his conversation with Chae?,The Lighthouse Cafe,"In the conversation between LiHua and Chae, LiHua expresses frustration with the ongoing construction in the neighborhood, which is disrupting his work environment. He mentions that he needs a quieter spot to focus, indicating that he currently finds the noisy construction site to be an unsuitable place to work. However, LiHua suggests that a café could be a suitable alternative for a change of vibe, as it can provide a more peaceful atmosphere conducive to concentration and productivity. This indicates that a café would be a perfect place for LiHua to work in, as it offers a quiet environment that is less likely to be disrupted by external noises compared to the current setting."
What songs does Chae propose to the Jolly band to try out on Sunday according to the conversation on 20260521?,"The Yellow Wind Rises and ""To the West""","In the conversation dated 20260521, there isn't any mention of a musical group named ""The Jolly Band"". However, the entities table suggests there is a band called ""The Jolly Band"" that LiHua aims to create an upbeat and cheerful vibe for the band's music. Based on the context from the conversations provided, the primary musical discussion seems to revolve around the plans for upcoming jam sessions and performances. In the second conversation (dated 20260617), LiHua mentions planning to attend a local music festival and suggests including upbeat songs for summer vibes. There is no specific song suggestion from Chae regarding ""The Jolly Band"".Therefore, the conversation on 20260521 does not provide any specific song suggestions from Chae for the Jolly Band. More detailed information about the Jolly Band's musical endeavors would be needed from another conversation or source."
What time does Turalyon plan to limit noisy activities?,From 2-3 pm,"According to the discussion, Turalyon plans to limit noisy activities from 2-3 pm. This restriction aims to minimize disturbance during that period."
Why does WolfgangSchulz inquire of the band members about health products?,Wolfgang is feeling very tired lately with the overtime and wants to boost up his energy,"WolfgangSchulz inquires about health products from his band members LiHua and ChaeSong-hwa because he has been feeling unusually tired due to the additional hours he has been working. He asks for advice on potential health supplements or lifestyle changes that might help boost his energy levels. Specifically, he mentions being interested in magnesium supplements and natural energy drinks, suggesting that these items might aid him in maintaining his usual high-energy state, particularly given his demanding schedule. This inquiry highlights the importance of maintaining physical and mental health, even when balancing multiple responsibilities, among the band members."
What is the name of the song LiHua suggests revisiting for the band's music session according to their conversation on 20260529?,The History of Everything,"According to the conversation recorded on 20260529, LiHua suggests revisiting the song ""Landslide"" for the band's music session. This suggestion is made during a discussion where they are planning their music setlist, indicating their intention to include this song in their upcoming jam session."
When did Li Hua inform Adam Smith that the rent for last month (implied to be May) had been transferred?,2026-06-02 at 10:00,"According to the conversation records, Li Hua informed Adam Smith that the rent for last month (May) had been transferred on June 1st, 2026. This can be seen in the log entry dated ""Time: 20260601_16:00"" where Adam Smith mentions noticing he hadn't received last month's rent yet, leading Li Hua to clarify that she had forgotten and needed to make sure to get it sorted out as soon as possible."
What is the name of Hailey Johnson's new weekly flavor cheese?,Hazelnut Basque Roasted Cheese,"In the conversations shared, there isn't a specific mention of Hailey Johnson introducing a new weekly flavor cheese. However, Hailey Johnson does discuss plans for a special summer promotion involving various ice cream and pastry flavors. Specifically, she mentions that for the promotion, they will be creating ""fruity ice cream flavors"" along with a ""mango-coconut pastry."" These seem to be the closest references to a new weekly flavor cheese from the data provided."
What is the phone number for the maintenance worker that Adam Smith provided to Li Hua for the broken streetlight?,314159,"According to the conversation recorded, Adam Smith provided Li Hua with the contact number for the maintenance worker in case any issues arose. Specifically, Adam Smith mentioned, ""The contact number for the maintenance worker is 314159. Feel free to reach out if you need any maintenance done."" Therefore, the phone number for the maintenance worker that Adam Smith provided to Li Hua for the broken streetlight is 314159."
When is the Freelancer Group Meeting scheduled for according to the conversation between LiHua and Yuriko?,This Wednesday at 3 pm,"According to the conversation recorded, the Freelancer Group Meeting is scheduled for Wednesday at 3 PM in 20260608_14:30. LiHua initiates the meeting by asking Yuriko if she plans to attend, and they both express their eagerness to catch up and share topics to discuss. Yuriko suggests sharing new therapy techniques she has been exploring, which LiHua agrees could be a valuable topic. They also mention that they had previously discussed the possibility of Yuriko contributing a track to the band's performance lineup for the Local Music Festival. The conversation does not provide further details on future meetings beyond this initial discussion."
What suggestions does Jennifer give to LiHua to help boost his endurance?,try incorporating longer cardio sessions and interval training into your routine,"In one of Jennifer Moore's interactions with LiHua, she provides specific advice to help improve his endurance. During a conversation where LiHua expresses a desire to focus on improving his endurance, Jennifer advises him to incorporate longer cardio sessions and interval training into his routine. She suggests mixing up these activities, such as cycling, running, or even swimming. Additionally, Jennifer emphasizes the importance of proper hydration and nutrition alongside exercise, reinforcing the holistic approach to fitness enhancement."
What new pastry does Hailey think is perfect for a fitness lover like Li Hua?,high-protein breads,"In one of the interactions, Li Hua mentions that Hailey Johnson has recently introduced a new line of high-protein breads, which are perfect for fitness enthusiasts like herself. This suggests that Hailey believes the high-protein breads are ideal for someone who prioritizes health and fitness. However, no specific new pastry designed for a fitness lover like Li Hua is mentioned in the given data. Therefore, based on the information available, the high-protein breads stand out as the new pastry that Hailey thinks is perfect for Li Hua, who is described as a fitness lover."
Who proposes adding some outdoor games or a small water feature to the children's play areain the community discussion?,Thrall,"In the community discussion, ArthasMenethil suggests adding a small water feature to the garden. He states, ""A nice spot to enjoy the flowers and herbs would be amazing. Maybe some benches or chairs around? 😊"" and later adds, ""I think a small pond or a fountain would work well! They’re not too complicated and can really enhance the overall feel of the garden."" Additionally, he proposes a water feature, stating, ""A water feature sounds lovely! It could be a nice focal point and bring some tranquility to the space.""Regarding outdoor games, Turalyon brings up the idea of adding some outdoor games to the Special Weekend Gym Class. He says, ""We could do a circle or semi-circle layout, so people can face each other and enjoy the view!"" and later adds, ""Playing games is suggested as an activity for the weekend."" Therefore, both ArthasMenethil and Turalyon propose adding outdoor games or a water feature to the community's planned spaces."
Who proposes adding picnic tables for families to enjoy some snacks after playing?,Li Hua,"In the discussions regarding the garden improvements, the proposal of adding picnic tables for families to enjoy some snacks after playing games or engaging in other activities was made by Muradin Bronzebeard. His suggestion included the idea of having picnic tables to accommodate family gatherings and to ensure that the space is conducive for both relaxation and communal dining. This aligns with the broader goal of enhancing the garden as a vibrant community space where everyone can enjoy and interact with one another."
What event does LiHua think is an opportunity for the Jolly band to perform in front of the crowd?,the poster saying that the town is holding a local music festival,"LiHua mentions seeing a poster about a local music festival and suggests that it could be an opportunity for the band to perform in front of a crowd. Specifically, he says, ""Time: 20260617_17:00\LiHua: Did you see the poster saying that our town is holding a local music festival? It looks like it can be an opportunity for our band to perform in front of the crowd!"" Thus, the local music festival is the event that LiHua perceives as an opportunity for the Jolly Band to showcase their music in front of an audience."
What dietary restrictions does LiHua have in his conversation with Hailey?,No dietary restrictions,"In the conversations between LiHua and Hailey, LiHua explicitly states that he has no dietary restrictions. This is evident in the following dialogue:```plaintextHaileyJohnson: Thanks for asking! No dietary restrictions here, I'm all set. Looking forward to the class! 🍰LiHua: Great! Looking forward to it! 🍰```Additionally, in another interaction regarding a special summer promotion on ice cream and pastries, LiHua asks about dietary options and confirms that he has none:```plaintextHaileyJohnson: Love those choices! Mango and coconut sound super refreshing for summer. 🍉 We're planning to whip up some fruity ice cream flavors and maybe a mango-coconut pastry! Plus, we'll have some chocolate treats too. Can't wait! What do you think? LiHua: Wow, that sounds amazing! I'm definitely looking forward to trying those fruity options you mentioned. Can’t wait to stop by and grab some of those treats! 🍰😋```Thus, based on these exchanges, LiHua does not have any specific dietary restrictions that Hailey needs to consider."
What will special guest speaker be talking about as Jennifer mentions to LiHua?,about nutrition for athletes,"JenniferMoore informs LiHua about a special guest speaker who will be discussing topics related to nutrition for athletes. Jennifer expresses her enthusiasm for sharing this opportunity with LiHua, indicating that it would likely inspire the other clients and encourage them to improve their athletic performance and recovery. The exact details of the speaker's presentation are not specified in the conversation, but it is clear that the content will be centered around nutritional advice and insights tailored to athletes."
What is the survey that Jennifer wants LiHua to fill out about?,the experience with our training sessions so far,"Jennifer Moore reached out to Li Hua requesting him to complete a quick survey about his experience with their training sessions. This survey was intended to provide Jennifer with valuable feedback which she could use to improve their training sessions. Specifically, Jennifer expressed her eagerness to hear Li Hua's thoughts on their sessions and acknowledged the importance of such feedback for enhancing the training program."
Waht song does Wolfgang propose adding to the band's practice set on 20260625?,Viva la Vida by Coldplay,"On June 25, 2026, Wolfgang proposed adding the song ""Viva la Vida"" by Coldplay to the band's set list. He mentioned that he had heard the song and found it to be very popular among crowds, suggesting it would be an excellent addition to their performance."
What is the main topic of the conversation between LiHua and ChaeSong-hwa on 20260626?,Chae and her team making a breakthrough in the research study and LiHua congratulating her,"On June 26th, 2026, LiHua and ChaeSong-hwa discussed a significant development in ChaeSong-hwa's research team. Specifically, they mentioned that their team had recently completed a substantial amount of research data gathering, which allowed them to proceed with testing their model. This was a notable achievement as it indicated that their hard work was bearing fruit, leading to an exciting breakthrough. LiHua expressed her pride and enthusiasm for the team's efforts, while ChaeSong-hwa acknowledged her support and looked forward to sharing more details about the breakthrough with LiHua. Additionally, they planned to celebrate the accomplishment together after a jam session, highlighting the importance of camaraderie and collaboration in achieving success."
Waht songs does Chae recommend in the band's group discussion on 20260629?,"Uptown Funk or ""Happy""","In the group discussion recorded on 20260629_16:00, ChaeSong-hwa expressed interest in collaborating on a medley of classic rock songs. Specifically, he mentioned two songs he would like to include: ""Hotel California"" by Eagles and ""Sweet Home Alabama"" by Lynyrd Skynyrd. These songs would complement the medley, showcasing a diverse range of classic rock styles and enhancing the overall musical experience. However, the exact medley they decided upon is not detailed in the given data, only the preferences for the types of songs they wanted to include."
What tip does Jennifer give to the gym members on 20260630?,Staying hydrated during workout is very important,"On June 30, 2026, at 18:00, Jennifer provides a tip related to scheduling future sessions. Specifically, she suggests starting the new flexibility and balance-focused workouts on their regular days, focusing on flexibility for a bit after their strength training sessions on Tuesdays and Thursdays. This tip aims to help Li Hua integrate the new routines without disrupting his existing fitness regimen."
Why deoes the construction have to be postponed according to Tirion Fordring?,the storm and the rain have been going on for days,"According to the conversation, the construction has been postponed due to an ongoing storm and heavy rainfall that has lasted for several days. Tirion Fordring mentions, ""As everyone can see, the storm and the rain have been going on for days! As a result, our construction has to be postponed, and hopefully, it will resume soon once the weather gets better!"" Despite the delay, Tirion Fordring remains optimistic, emphasizing the importance of prioritizing the community's well-being and encouraging everyone to be patient."
What kinds of Thai food does Wolfgang want to try out at the Thai restaurant on 20260702?,pad thai and maybe some spring rolls,"According to the conversation recorded on 20260702_15:00, WolfgangSchulz has expressed interest in trying the pad thai and some spring rolls at the Thai restaurant they plan to visit. Specifically, Wolfgang stated, ""Thinking of trying their pad thai and maybe some spring rolls."" Thus, Wolfgang is interested in both pad thai and spring rolls from the Thai restaurant."
Why are LiHua and Adam concerned about the basement in their conversation on 20260707?,They want to check if there were any issues in the basement after those rainstorms,"In the conversation dated 20260707, LiHua expresses concern about issues in the basement following recent rainstorms. She specifically asks Adam if everything is okay in the basement and advises him to keep an eye on it. Adam assures her that everything seems fine, but he suggests that LiHua should continue to monitor the situation for any unusual occurrences. He also offers to provide the contact information for the maintenance worker in case she notices any issues, emphasizing his commitment to ensuring the basement remains in good condition for LiHua's use. Their discussion highlights their shared responsibility for maintaining the basement's functionality and safety."
Why is Jennifer checking in in the gym group chat on 20260708?,She wants to hear how the members are all doing and offer some personalized advice.,"There is no mention of Jennifer checking in on 20260708 in the provided data. The events listed pertain to various dates including 20260601, 20260712, 20260725, and 20260728, but there is no record of a specific interaction occurring on July 8th, 2026. Jennifer's interactions are primarily noted around July 25th and 28th, 2026, where she schedules and participates in training sessions and messages related to fitness activities."
What is the article that Chae shares with LiHua about?,how to fall asleep faster at night,"Chae shared an article with LiHua about how human beings form short-term and long-term memories. This topic was particularly interesting to Chae because it highlights the intricacies of the human brain and how our brains process and store memories over time. LiHua found the content of the article quite surprising and remarked on how the article emphasized the importance of understanding memory in various fields, including therapy and education."
What is LiHua's feeback on Hailey's new artisanal donuts?,The flavors are so unique and delicious,"In the conversations shared, LiHua expressed positive feedback about Hailey's artisanal donuts. Specifically, LiHua stated, ""I really loved the chocolate hazelnut one! It had the perfect balance of sweetness."" This indicates that the chocolate hazelnut donut was particularly appreciated. Additionally, LiHua suggested adding seasonal fruit flavors like raspberry or lemon, which shows LiHua's willingness to provide constructive feedback and further suggestions for Hailey's product lineup."
Which performance does Chae want the band members to check out in their discussion on 20260715?,"the amazing live performance of ""Bohemian Rhapsody"" by Queen","There is no mention of Chae wanting the band members to check out a specific performance in the provided data. The discussions involve topics related to music and potential collaborations, but they do not specify a particular performance for review."
Why is LiHua praising Chae in their conversation on 20260717?,LiHua was really amazed by Chae's performance in the band last Sunday because Chae's singing has really leveled up,"There isn't any conversation specifically labeled as ""20260717"" in the provided data. However, we can find a conversation that might involve LiHua and Chae on July 17th, 2026, which is marked as ""20260712_16:00"". In this conversation, LiHua mentions, ""Hey Chae! I have been seeing some people walking their dogs without a leash lately in the neighborhood, and I totally oppose this behavior. What do you think?"" and ChaeSong-hwa responds with, ""I totally agree! It’s so important for the safety of both the dogs and others. Plus, it helps keep them from running off and getting into trouble."" From this exchange, it seems that LiHua is expressing their disapproval of certain behaviors related to dog walking and asking Chae for their opinion. There is no indication that LiHua is praising Chae in this particular conversation. LiHua and Chae seem to be discussing a topic related to pet care and safety rather than praising each other."
What tips on balancing work and personal hobbies does LiHua give to Chae?,try setting specific hours for work and separate times for your hobbies and don't forget to schedule some fun time for yourself,"In the conversation between LiHua and Chae, LiHua provides several tips on balancing work and personal hobbies. Specifically, LiHua suggests setting specific hours for work and separate times for hobbies. This recommendation is aimed at helping Chae prioritize his time effectively. Additionally, LiHua advises taking small breaks throughout the day, which can help maintain productivity and prevent burnout. Lastly, LiHua encourages Chae to schedule fun time for himself, emphasizing that it is important to care for one's mental health alongside professional responsibilities. LiHua's advice reflects a balanced approach to managing work and personal activities, highlighting the importance of organization, self-care, and maintaining a healthy work-life balance."
What is the size of the basement?,The basement is approximately 15 feet by 20 feet,"The exact size of the basement isn't explicitly mentioned in the provided messages. However, we do have some details that provide insight into its dimensions. In a conversation between Adam Smith and Li Hua on February 19th, Adam mentions that he wants to get curtains made for the basement, and Li Hua provides the measurements: ""The basement is approximately 15 feet by 20 feet."" This gives us a rough idea of the area, although it's important to note that this is a rough estimate rather than an official measurement."
What is Wolfgang's favorite superhero?,Iron Man,"Based on the information provided, Wolfgang is described as having a soft spot for Iron Man, despite Spider-Man being his favorite hero. However, there is no explicit mention of Wolfgang's favorite superhero. The information available focuses more on Wolfgang's interests and participation in music-related activities rather than his personal preferences regarding superheroes."
What is LiHua's favorite superhero?,Spider-Man,"Based on the conversations shared, LiHua expresses a preference for Spider-Man as his favorite superhero. In one conversation, LiHua says, ""I think Spider-Man is my fave! Love his story and all the web-slinging action."" Additionally, in another exchange, LiHua mentions, ""Spider-Man is awesome! I have a soft spot for Iron Man though. The tech and personality are just cool."" However, the most direct expression of LiHua's favorite superhero comes when he states his preference for Spider-Man."
What sports would LiHua like to see on the community sports day?,some team sports like soccer or basketball,"According to the conversation, LiHua expressed a preference for team sports such as soccer or basketball at the community sports day. Additionally, she suggested including fun games for children to cater to all age groups. LiHua's enthusiasm highlights her desire for a variety of activities that can engage both adults and children alike."
What new hobbies does Wolfgang Schulz propose to Li Hua?,Wolfgang Schulz proposes pottery or painting as a hobby to Li Hua,"In the provided data, Wolfgang Schulz proposes several new activities to Li Hua. Initially, Wolfgang suggests introducing his friend Chae to the jam session, which Li Hua agrees to do. This indicates a willingness to expand the social circle and engage with new people through music. Additionally, Wolfgang shows interest in trying a new game, specifically mentioning ""Overwatch 3"" which he wants to play the following day. This suggests that Wolfgang is open to exploring new hobbies and interests beyond just music. Furthermore, Wolfgang expresses a desire to focus more on his drumming in the coming year, which is a hobby he previously enjoyed but had taken a break from. Overall, Wolfgang Schulz appears to be keen on expanding his social horizons and engaging in new activities, including playing video games and possibly taking up new musical challenges."
What brands of air-conditioners does LiHua recommend to Wolfgang?,Mitsubishi and Daikin,"In the conversation, LiHua recommends inverter AC units to AdamSmith, emphasizing their energy efficiency and quiet operation. Specifically, she mentions two brands that are known for being quiet and efficient: Mitsubishi and Daikin. These recommendations were made in a context where AdamSmith was seeking advice on which air conditioner model to choose for the basement. However, no specific brands are mentioned as recommendations for Wolfgang directly."
Who is recommended by Jennifer to share some fitness tips in the gym group chat on 20260730?,LiHua,There is no mention of any recommendation for sharing fitness tips in the gym group chat on 20260730 within the provided data. The available entries pertain to various events and conversations related to fitness and wellness but do not specifically indicate a recommendation for sharing tips on that particular date.
What does Hailey Johnson want Li Hua to help with at the bakery according to their discussion on 20260731?,Hailey Johnson wants Li Hua to help gather feedback from customers at the bread-tasting event,"According to the conversation recorded on 20260731, Hailey Johnson is planning a bread-tasting event at the bakery and would like Li Hua to assist with gathering feedback from the customers. Specifically, Hailey Johnson mentions that Li Hua could chat with customers and collect their thoughts on the different breads being tasted. Additionally, Hailey Johnson proposes that Li Hua might jot down some of the favorite breads among the attendees. This assistance is aimed at improving the bakery's offerings and ensuring customer satisfaction."
What day do Li Hua and Wolfgang Schulz plan to visit the photography exhibition?,Li Hua and Wolfgang Schulz plan to visit the photography exhibition on Friday evening,"According to the conversation, Li Hua and Wolfgang Schulz plan to visit the photography exhibition on Friday evening. This arrangement was made during a discussion where Li Hua suggested visiting the exhibition on Friday evening, as it would be less crowded compared to other days. Wolfgang Schulz agreed to this suggestion, indicating his interest in attending the exhibition on that particular day."
When is Wolfgang and LiHua going to the photography exhibition on 20260805?,19:00,"According to the conversation recorded on 20260805_11:00, WolfgangSchulz informs LiHua that they are going to the photography exhibition at 19:00 that night. Therefore, the photography exhibition scheduled for August 5, 2026 is taking place at 7:00 PM."
When is the installation of the air-conditioner for the basement?,It's set for Wednesday next week,"The installation of the air-conditioner for the basement is scheduled for Wednesday at 6 PM. This was initially discussed in a conversation on August 12, 2026, at 11:00 AM, where Adam Smith reminded Li Hua about the upcoming installation. Li Hua confirmed her availability for that time, and Adam Smith assured her that he would ensure the installation is carried out successfully."
Why does Adam reach out to LiHua on 20260810?,To check if LiHua had a chance to look over the warranty and maintenance plans for the air conditioner,"On August 10, 2026, at 18:00, AdamSmith reaches out to LiHua to check if she has had a chance to review the warranty and maintenance plans for the air conditioner. This indicates that there might be some updates or questions related to the equipment's condition or future maintenance needs that both parties wish to discuss further. Adam offers to chat about these matters after dinner, suggesting that they may have other commitments during regular working hours."
When is the contractor team going to install the air-conditioner?,20260812 6PM,"According to the conversation records, the contractor team is scheduled to install the air-conditioner in the basement at 6 PM on August 12th, 2026. This information was shared by Adam Smith to Li Hua, who confirmed his availability at that time."
When is the garage sale being discussed?,20260814_15:00,"The discussion about the garage sale is referenced in multiple messages, starting with a message from Tirion Fordring on March 12, 2026, at 12:30 PM. This message suggests that the garage sale is scheduled to take place on Sunday at 3 PM. Another reference to the garage sale appears in a message from Rexxar Remar on April 27, 2026, at 15:00 PM, reminding attendees that the 20% off bread promo is ongoing and encouraging participation in the garage sale. The garage sale seems to be a recurring event aimed at raising funds and connecting the community."
What is the reason Thrall cannot participate in the garage sale?,Thrall has a lot happening with the garden renovations,"In the discussion regarding the garage sale, Thrall mentions that he cannot participate due to his current involvement in garden renovations. He states, ""I might sit this one out though, got a lot happening with the garden renovations right now."" This indicates that Thrall is focused on completing his gardening tasks and therefore cannot attend the garage sale."
What does RexxarRemar suggest to make the garage sale more enjoyable?,RexxarRemar suggests having snacks or drinks at the garage sale,"RexxarRemar suggests adding some decorations to the garage sale to make it more inviting and festive. He believes that a little effort in decorating could significantly brighten up the atmosphere, which would make the event more enjoyable for everyone involved. This aligns with the overall enthusiasm for making the garage sale a memorable event that showcases the community's spirit."
What does JenniferMoore suggest to improve performance and prevent injuries?,JenniferMoore suggests incorporating stretching techniques,"JenniferMoore emphasizes the importance of proper warm-up and stretching, which are crucial for preventing injuries and enhancing performance. She stresses the necessity of engaging in a comprehensive warm-up regimen that includes both strength training and flexibility exercises. Specifically, she recommends strength training, noting its role in building the muscles around joints and improving overall stability and endurance. Additionally, Jennifer suggests incorporating flexibility exercises such as yoga and dynamic stretching, which help improve flexibility and balance. These practices are particularly beneficial in complementing strength training and are recommended alongside it. Overall, her advice underscores the significance of a balanced approach to fitness that includes both strength and flexibility components."
What does Viper plan to do to increase their stamina?,Viper plans to focus on cardio,"According to the conversation, Viper mentioned that incorporating interval training into their cardio routines has helped them build endurance. Specifically, Viper suggested starting with shorter intervals and gradually increasing the intensity and duration as they become more comfortable. This strategy aims to keep workouts interesting and effective in maintaining or improving stamina."
How much discount is Hailey willing to give to LiHua according to their conversation on 20260816?,15% off,"According to the conversation recorded on 20260816, Hailey Johnson offered a special early bird discount to Li Hua. Specifically, Hailey stated, ""We're planning on some festive breads and pastries, plus personalized cakes for special occasions. I can give you 15% off your order if you order by the end of this week! ✨"" Therefore, Hailey is willing to give Li Hua a 15% discount on her order if she places it by the end of the current week."
Who does Li Hua mention as their favorite character from The Witcher 3?,Geralt,"In the chat session recorded on 20260818_10:00, Li Hua mentioned that she really likes Geralt from The Witcher 3. She praised Geralt for being a complex character with a no-nonsense attitude but also having a great sense of morality. Additionally, she highlighted Geralt's monster-slaying skills as ""just epic."" Li Hua also expressed admiration for Yennefer, mentioning that her backstory and dynamic with Geralt add significant depth to the game. Li Hua noted that Yennefer's character is intense and fiercely independent, and she particularly appreciated how their relationship evolves in the game."
Why does LiHua like Geralt from The Witcher 3?,He's such a complex character with that no-nonsense attitude but deep down he has a great sense of morality & his monster-slaying skills are just epic,"LiHua appreciates Geralt from The Witcher 3 because he finds the character to be deeply complex, with a no-nonsense attitude that belies a profound sense of morality. This dual nature makes Geralt an intriguing and relatable character for LiHua. Additionally, LiHua admires Geralt's extensive and impressive monster-slaying skills, which add to the richness of the game's narrative and gameplay. Through their interactions and the numerous side quests, Geralt's character development and the choices he makes throughout the game are highlighted, contributing significantly to the immersive atmosphere of the game."
What is Li Hua's opinion about Yennefer's character?,Intense & fiercely independent & her relationship with Geralt evolves,"Based on the conversation recorded, Li Hua expresses a very positive view of Yennefer's character. She states that Yennefer is ""intense and fiercely independent"" and praises her backstory and dynamic relationship with Geralt, noting that these aspects add significant depth to the game. Li Hua also highlights her favorite scene involving Yennefer, describing the early part of the game where Geralt is searching for her as a particularly brilliant piece of game design. This demonstrates that Li Hua appreciates Yennefer's character for her complexity, independence, and the impact she has on the narrative."
Which scene stood out for Li Hua in The Witcher 3?,"The ""Battle of Kaer Morhen""","Based on the conversation, Li Hua expressed several standout scenes in The Witcher 3. In the initial part of the game, she particularly appreciated how the game intertwined Geralt's past and present experiences, which set the stage for their complex relationship. Additionally, Li Hua highlighted the intense and emotional scene from the Battle of Kaer Morhen, noting that it showcased the impact of their relationships and teamwork. She also mentioned enjoying the tournament quest in Toussaint, describing it as ""so intense"" with memorable moments involving the knight characters and stunning visual effects. Overall, Li Hua seemed to appreciate the immersive storytelling and emotional depth in various parts of the game."
Which scene in The Witcher 3 does ThaneChambers consider as one of his favorites involving Yennefer?,The scene when Geralt is looking for Yennefer in the early part of the game,"According to the conversation recorded, Thane Chambers considers one of his favorite scenes involving Yennefer to be the one where Geralt is looking for Yennefer in the early part of the game. This scene is described as being ""brilliantly done"" by the game developers, intertwining Geralt's past and present with Yennefer in a manner that sets the stage for their complex relationship. This scene underscores the significant role and impact that Yennefer plays in the game's narrative and character development."
What is Li Hua's impression of the Blood and Wine expansion?,Incredible & new area is stunning & story feels like a mini-epic,"Li Hua expressed enthusiasm for the Blood and Wine expansion, describing it as ""incredible."" She noted that the new area of Toussaint is described as stunning, and the storytelling in the expansion is particularly praised. Li Hua shared that she found the quests in Toussaint to be immersive, akin to a storybook, highlighting the incorporation of the surrounding beauty into the gameplay. She mentioned that her favorite quest in the expansion was the one involving helping the knights in the tournament, appreciating the atmosphere and the characters involved. Overall, Li Hua seemed impressed with the expansion, finding it to be a highlight of the game experience."
What TV show does EmilyBurnett recommend to Li Hua after discussing Succession?,The Crown and Ted Lasso,"After discussing the TV show Succession, EmilyBurnett recommends several other shows to LiHua based on her personal preferences and the discussions they've had. Specifically, Emily mentions two shows: ""The Crown"" and ""Ted Lasso."" She suggests ""The Crown"" due to its historical drama and character depth, and ""Ted Lasso"" as something lighter and more humorous. Therefore, after watching Succession, EmilyBurnett recommends ""The Crown"" and ""Ted Lasso"" to LiHua."
When does Li Hua plan to meet JakeWatson for soccer practice?,Saturday afternoon at 3 PM,"According to the conversation, Li Hua and JakeWatson have several planned practices throughout the year. In one instance, Li Hua expressed interest in practicing dribbling skills with JakeWatson, and JakeWatson suggested a Saturday afternoon practice session starting around 3 PM. However, another notable practice is scheduled for a Saturday afternoon at 3 PM, which Li Hua specifically mentioned she would be available for. This indicates that Li Hua plans to meet JakeWatson for a practice session at 3 PM on a Saturday. Additionally, they have another practice session planned for Saturday, August 19th, at 10 AM. Given Li Hua's enthusiasm for these sessions, it seems likely that she intends to participate in these practices as well."
Which UCL match does Jasper recommend as a classic must-watch?,The 2005 final between Liverpool and AC Milan,"Jasper recommends the 2005 final between Liverpool and AC Milan as a classic match that he finds incredibly dramatic. In this match, Liverpool found themselves down 3-0 at halftime, but managed to pull off a miraculous comeback to win in penalties. This comeback is widely considered to be one of the most exciting and memorable moments in the history of football."
Who shared a music theory tutorial with the group?,Chae Song-hwa,"ChaeSong-hwa shared a music theory tutorial with the group, and he encouraged everyone to check it out and discuss their thoughts after going through the tutorial. He suggested that learning new skills could bring fresh ideas for their music sets."
What is Kendall's relationship with Logan like according to the group's discussion?,Toxic,"According to the group's discussion, Kendall's relationship with Logan is portrayed as deeply problematic and toxic. The group members express concern about the intense and negative dynamic between the two, noting that Logan exerts significant pressure on Kendall, making it difficult for Kendall to break free from the family legacy. They also mention the repeated betrayals Kendall experiences from Logan, suggesting that Kendall is caught in a cycle of self-destruction as he struggles to escape this destructive relationship. Despite Kendall's apparent desire for personal identity and freedom from Logan's influence, the group sees his actions as driven by a relentless pursuit of power rather than genuine reconciliation. Overall, the group views Kendall's journey as one marked by internal conflict and external pressures, highlighting the complexity of the narrative surrounding Kendall in ""Succession."""
What is the topic of discussion between Li Hua and Wolfgang Schulz on burger preferences?,Medium rare vs. well-done meat patty in a classic American,"In one of their interactions, Li Hua and Wolfgang Schulz discussed their preferences for different burger components. Specifically, Wolfgang expressed his preference for a classic cheeseburger with minimal toppings, focusing on ingredients like lettuce, tomato, and pickles. He mentioned that he prefers a little char on his burger and enjoys the simple combination of cheese and bacon. On the other hand, Li Hua suggested trying more adventurous options such as spicy jalapeño burgers or ones with BBQ sauce, emphasizing the importance of juiciness and flavor. This exchange highlights their differing tastes in burger toppings and overall preferences."
Why does Wolfgang prefer a well-done meat patty in a burger?,It is safer and more flavorful & he likes a little char on his burger,"In the conversation recorded at 20260828_10:00, Wolfgang explicitly states his preference for a well-done meat patty in a classic American cheeseburger. He explains, ""I think well-done is just safer and more flavorful. Plus, I like a little char on my burger!"" This preference is rooted in his desire for safety and an enjoyable taste profile, as opposed to the juiciness and tender texture that he associates with a medium-rare patty. Additionally, Wolfgang enjoys the char on his burger, which he finds adds an appealing depth of flavor."
What toppings does Wolfgang Schulz prefer on his burger?,Cheese and bacon,"Based on the conversations recorded, Wolfgang Schulz has expressed preferences for certain toppings on his burger. In one interaction, he mentions a preference for a classic cheeseburger with the usual toppings of lettuce, tomato, and pickles. Additionally, Wolfgang Schulz enjoys adding bacon to his burger. However, it's important to note that his preferences can vary depending on the context and the discussion topic. For instance, in another conversation, he indicates an openness to trying spicy toppings, suggesting that he is not strictly against including adventurous flavors like jalapeños or spicy sauces on his burger. Overall, while he leans towards classic and simple toppings, Wolfgang is open to exploring different flavor combinations."
What is the main theme of game group's discussion on 20260901_13:00?,Dutch van der Linde's character and leadership,"The conversation on 20260901_13:00 doesn't provide details about a specific theme for the game group's discussion. Instead, it focuses on scheduling an event related to a community medical knowledge lecture. This event is taking place at 7 PM on that day, and it covers basic health tips and dispels common medical myths. The participants seem excited about the informational value and the opportunity to learn together. There is no indication of a broader thematic discussion centered around a specific game or game-related topic."
Who is the most hateable character in Game of Thrones in Orion's opinion?,Ramsay Bolton,"According to Orion's opinion, Joffrey Baratheon and Ramsay Bolton are considered the most hateable characters in Game of Thrones. In the conversation, Orion expressed that Joffrey Baratheon is definitely up there, but Ramsay Bolton takes the cake for him. This sentiment aligns with the broader opinions shared among the group, which included Niamh who also found Joffrey and Ramsay to be among the most despised characters due to their cruel and manipulative behaviors."
What kind of songs are Li Hua and Chae Song-hwa considering adding to their playlist for babies?,Lullabies,"In the conversation involving Li Hua and Chae Song-hwa, they discuss the benefits of music for babies and begin brainstorming potential songs to include in a playlist. Specifically, Li Hua suggests classic lullabies, which are known for their soothing nature and ability to calm infants. Chae Song-hwa agrees, noting that lullabies are timeless and could contribute to creating a calming atmosphere for babies. Additionally, they consider adding gentle guitar melodies to complement the lullabies, aiming to provide a pleasant and engaging auditory experience for the infants."
What makes Wolfgang feel under a lot of pressure according to his conversation with LiHua on 20260905?,this new software project,"According to the conversation recorded on 20260905_14:00, WolfgangSchulz expresses feelings of being overwhelmed by the new software project he is working on, describing it as pushing him to ""constant pressure cooker"" levels. WolfgangSchulz mentions that the project is causing him to feel like he is ""constantly in a pressure cooker"" and that it feels ""overwhelming"" at times. LiHua offers encouragement and reassures WolfgangSchulz by saying, ""Just remember, this pressure won’t last forever. You're super talented, and I believe in you! Just take it one step at a time. 💪✨"". Despite the pressure, WolfgangSchulz still looks forward to their jam session the following day as a way to ""let off some steam!"" and relax."
Why does AdamSmith ask LiHua about the basement on 20260907?,check in and see how the basement held up after the storm,"On September 7, 2026, at 14:00, AdamSmith reaches out to LiHua to check on the condition of the basement following a storm. He specifically inquires whether there are any issues with water leakage, indicating his concern for the structural integrity and safety of the basement space. LiHua assures AdamSmith that the basement is all good, with only a bit of dampness but no major water leakage. This interaction demonstrates AdamSmith's proactive approach in ensuring the safety and functionality of the shared space, while also showing LiHua's cooperation in addressing any potential problems."
How is the basement after the storm?,The basement is all good no water leakage at all,"According to the conversation, after experiencing some rainstorms, Li Hua checked on the basement's condition. Adam Smith inquired about any issues with water leakage, to which Li Hua replied that the basement was ""all good"" with no water leakage, though it was just a bit damp. Both parties expressed relief at the absence of water-related problems."
What is the latest good news from Wolfgang as of 20260908?,software project finally made some significant progress,"According to the available data, the most recent interaction involving Wolfgang is dated 20260924_20:00. However, the detailed content of this interaction is not specified. Wolfgang appears to be engaged in a discussion about upcoming events or activities, suggesting he might be organizing or attending a social event or gathering. There is no explicit mention of the latest good news Wolfgang has shared as of 20260908, but based on the context, it seems Wolfgang may be involved in organizing or planning an upcoming event or activity."
What new songs are LiHua working on lately on his guitar as of 20260908?,"Blackbird and ""Hotel California""","According to the conversation recorded on 20260908_15:00, LiHua mentioned he has been working on two new songs recently. Specifically, he stated, ""I've been working on ""Blackbird"" and ""Hotel California"" lately."" These new compositions suggest that LiHua is actively developing his musical skills and exploring new material for future jam sessions."
What mission does Gavriel mention that shows Arthur's growth in the game?,the scene where Arthur tells John to take care of his family,"In the discussion, Gavriel specifically mentions a moment in the game where Arthur tells John to take care of his family. This scene highlights Arthur's growth from a rough outlaw into someone who genuinely cares about his loved ones. It underscores the character's transformation and serves as a powerful emotional moment in the narrative."
What side mission in Red Dead Redemption 2 resonated with Jareth?,the side mission with the widow in the honor system,"Based on the discussions, Jareth mentioned spending time helping the townsfolk as a significant aspect of the game. This side mission likely added depth to Arthur's character by showcasing his growth from a rough outlaw to someone who genuinely cares about his loved ones. This interaction highlights Arthur's transformation and underscores the game's focus on character development. Specifically, helping the townsfolk, particularly acts like assisting a widow in the honor system, allowed players to see Arthur's growth and empathy, which is a key part of the narrative."
What was ThaneChambers' favorite horse-related side quest in Red Dead Redemption 2?,the “troubled” horse,"Based on the conversation recorded, ThaneChambers mentioned several horse-related side quests that resonated with him. Specifically, he recalled an incident where he accidentally scared his horse while trying to fight off a bear. This led to the horse running away, causing ThaneChambers to faceplant in the mud. However, despite the mishap, he found this experience quite comical, highlighting the quirky and often amusing aspects of gameplay in Red Dead Redemption 2. This anecdote showcases the variety and sometimes unexpected elements found in side quests, adding to the overall appeal and immersion of the game."
What was the final showdown that Elara found unforgettable in Red Dead Redemption 2?,with Dutch and Micah,"In the discussion regarding the final moments of Red Dead Redemption 2, Elara shared an experience that she found particularly impactful. Specifically, she mentioned a scene where Arthur, having gone through immense personal turmoil and having made difficult choices, attempts to make amends for his past actions. This moment, which included Arthur trying to help John and his family, was described by Elara as deeply emotional and moving. It highlighted Arthur's journey from a rough outlaw to someone who genuinely cared about his loved ones. While the exact details of the final showdown may not have been elaborated upon in the snippet provided, it clearly encapsulated a pivotal point in Arthur's character arc and served as a powerful conclusion to his storyline."
How does Bronwyn describe the epilogue of the game Red Dead Redemption 2?,captivating after seeing John try to make a life for himself,"Based on the conversation recorded, Bronwyn described her emotional connection to the epilogue of Red Dead Redemption 2, emphasizing the balance of seriousness and humor in the storytelling. She mentioned finding those quiet moments particularly impactful, as they provided a glimpse into the characters’ personalities and helped her feel more invested in their relationships. Bronwyn highlighted how these moments contributed to making the world feel ""alive and meaningful."" Specifically, she recalled the campfire nights, noting that ""the dialogue and interactions felt so personal, it really connected me to the characters."" This intimate interaction allowed her to feel a stronger emotional resonance with the characters and their story."
Has LiHua ever met anyone like Shedlon Cooper in his real life?,No,"In the conversation, LiHua expresses that he hasn't encountered anyone as quirky and brilliant as Sheldon Cooper in real life. He mentions, ""Not really! I mean, he’s one of a kind, right? I do meet interesting people, but nobody quite like him!"" This indicates that LiHua has not personally met anyone who matches the unique qualities and eccentricities associated with Sheldon Cooper from the TV show ""Big Bang Theory."""
Has EmilyBurnett ever met anyone like Shedlon Cooper in her real life?,No,"In one of Emily Burnett's conversations, she mentioned that while she has met some really smart people, ""none with that level of... shall we say, eccentricity?"" This suggests that she has not encountered someone who matches the unique combination of intelligence and eccentricity she associates with Sheldon Cooper from the TV show ""The Big Bang Theory."" However, this does not mean that she has never met anyone as intriguing as Sheldon, just that she has not found someone quite like him in terms of both intellect and personality traits."
What games are LiHua and ThaneChambers planning to check out during their shopping trip according to their discussion on 20260911?,"Spider-Man: Miles Morales and ""Demon's Souls""","On September 11th, 2026, LiHua and ThaneChambers discussed their plans for a shopping trip together. During their conversation, ThaneChambers mentioned seeing some killer discounts on PlayStation 5 (PS5) games at a local game store. Specifically, he suggested two games that LiHua might be interested in: ""Spider-Man: Miles Morales"" and ""Demon's Souls."" ""Spider-Man: Miles Morales"" is described as a great choice by ThaneChambers due to its engaging storyline and rewarding gameplay. He also recommends ""Demon's Souls,"" another game known for its challenging but rewarding gameplay experience. Both games appear to be high-quality options that LiHua and ThaneChambers intend to purchase during their planned shopping trip."
How many servings of vegetables should LiHua aim for each day to keep body in good shape according to Jennifer?,at least 5 servings of veggies a day,"According to Jennifer's advice, LiHua should aim for at least 5 servings of vegetables each day. She recommends mixing different types of leafy greens such as spinach and kale, as well as bell peppers and broccoli, to ensure a diverse intake of nutrients."
What does LiHua ask Jake about soccer?,the best strategies for soccer players to avoid injuries during games,"In the conversations shared, LiHua asks Jake multiple questions related to various aspects of soccer. Initially, LiHua inquires about Jake's opinions on specific topics such as the best defenders in FC Barcelona's history, asking Jake to share his thoughts on whether Carles Puyol or Gerard Piqué is the better choice. LiHua also questions Jake about the best midfielders in the past decade, seeking Jake's insights on Luka Modrić and Kevin De Bruyne. Additionally, LiHua inquires about the best strategies to prevent injuries during games, and she seeks advice on proper warm-up and stretching routines, as well as the importance of strength training for injury prevention. Through these discussions, it becomes clear that LiHua is deeply engaged in learning more about the intricacies of the sport, particularly its tactical and defensive elements, as well as the physical demands and preventive measures."
What does Jake suggest to improve flexibility and prevent muscle issues?,staying hydrated,"Jake Watson, who is known for discussing classic matches between Barcelona and Bayern Munich, shares his expertise on fitness and injury prevention. In a conversation with Li Hua, Jake emphasizes the importance of flexibility as part of a comprehensive fitness routine. Specifically, he suggests incorporating strength training exercises, such as squats, lunges, and planks, into Li Hua's routine. These exercises not only build the muscles around joints but also enhance overall stability and endurance on the field. Additionally, Jake recommends including balance exercises like single-leg stands to further improve flexibility and balance. He also notes that staying hydrated and wearing appropriate footwear can significantly contribute to injury prevention. Overall, Jake's advice highlights the importance of a well-rounded fitness regimen that includes both strength and flexibility training."
Why is wearing the right footwear important in soccer?,to avoid slips or sprains,"In soccer, wearing the right footwear is crucial because it can significantly impact performance and reduce the risk of injuries. Jake Watson emphasized this point during a conversation with LiHua, highlighting that proper footwear can make a huge difference in preventing injuries during games. He explained that choosing the right shoes helps to avoid slipping or spraining the feet, which are common issues faced by players during the course of a game. This underscores the importance of selecting appropriate athletic footwear designed for sports activities, particularly for tackling and changing direction quickly on the field."
How does strength training help prevent soccer injuries?,It builds muscles around joints & reduces injury risk & improves stability and endurance,"Strength training plays a significant role in preventing soccer injuries by enhancing the overall stability and endurance of players. According to the discussions, Jake Watson emphasizes that strength training builds muscles around joints, which reduces the risk of injuries. This is because strong muscles provide better support to joints, making them less susceptible to strains and sprains. Additionally, strength training improves stability, helping players maintain their balance and control, especially under pressure during matches. Li Hua and Jennifer Moore further discuss how incorporating strength training into their routines has led to improved stamina and reduced injury risks. Specifically, they mention that strength training exercises like squats, lunges, and planks help build leg strength, which is crucial for soccer players who frequently run, jump, and change direction. These exercises also emphasize the importance of proper form to minimize the risk of muscle tears and other injuries. Overall, the benefits of strength training include increased muscle mass and strength, better joint support, and enhanced overall fitness, all of which contribute to reducing the likelihood of soccer-related injuries."
What type of exercises does Jake recommend for strength training?,squats & lunges & planks & balance exercises like single-leg stands,"Jake Watson recommends several exercises for strength training, based on the conversation he had with Li Hua. Specifically, Jake suggests squats and lunges as exercises that can help with leg strength, which can contribute to overall performance on the field. Additionally, Jake mentions the importance of including balance exercises, such as single-leg stands, to improve stability. While the conversation does not detail the exact number of repetitions or sets for these exercises, it underscores the benefits of incorporating these strength training exercises into one's routine to build muscles around joints and reduce the risk of injuries."
What is the purpose of starting with bodyweight exercises?,for those who are new to strength training,"The purpose of starting with bodyweight exercises is emphasized in the data, where it is described as a ""starting point for beginners in strength training."" This suggests that bodyweight exercises are ideal for individuals who are new to strength training and looking to build a foundation of strength without the use of equipment. These exercises can help individuals develop basic strength and muscular endurance before progressing to more advanced forms of training."
What does Lachlan appreciate about Arya Stark's character development?,Her transition from an innocent girl to a fierce assassin,"Lachlan appreciates Arya Stark's character development, highlighting how she transforms from an innocent girl in Winterfell to a fierce assassin. This journey is described as ""epic,"" emphasizing the dramatic and impactful changes in her persona. Additionally, Lachlan notes that the theme of revenge in Arya's story is particularly intriguing, further adding to the complexity and emotional depth of her character arc."
What memorable quote is mentioned by Phaedra?,"Jon Snow's ""You know nothing"" scene with Ygritte","Phaedra mentions several memorable quotes from the show ""Game of Thrones."" Among the ones highlighted are Tyrion Lannister's famous line, ""I drink and I know things,"" which succinctly captures his wit and intelligence. Additionally, Phaedra comments on Jon Snow's quote, ""You know nothing,"" which is a memorable moment that emphasizes their relationship and the tension between them. These quotes are significant as they reflect the rich tapestry of dialogue and character development within the series."
"What does Rowan love about Tyrion's ""I drink and I know things"" line?",It captures his cleverness,"According to the sources, Rowan particularly loves the line ""I drink and I know things."" This quote encapsulates Tyrion's wit, intelligence, and ability to gain insights through conversations and experiences. This line highlights Tyrion's unique character trait of being observant and insightful, qualities that are emphasized throughout the narrative."
What aspect of Jaime Lannister's storyline does Rowan find intriguing?,His transformation after meeting Brienne of Tarth,"Rowan finds several aspects of Jaime Lannister's storyline intriguing. Primarily, Rowan is fascinated by Jaime's character arc, noting how his transformation from an arrogant knight to someone who shows vulnerability and depth is remarkable. This journey is particularly highlighted by Rowan through specific moments such as his confrontation with Cersei, where he faces a moral dilemma, and his bond with Brienne of Tarth, which forces him to reflect deeply on his values and choices. Rowan appreciates how Jaime's character arc reveals his growth and complexity, making him a compelling and multi-dimensional figure in the series."
How does Phaedra view Jaime's character arc?,"Fascinating as he goes from ""Kingslayer"" to someone who values honor","Phaedra views Jaime Lannister's character arc with a mix of admiration and contemplation. Initially, Phaedra appreciates how Jaime evolves from being an arrogant knight into someone who displays vulnerability and depth. This transformation is evident through his interactions with Tyrion, particularly during the confrontation in Season 7, which Phaedra describes as a ""big turning point."" Phaedra also notes the significant role Brienne of Tarth plays in shaping Jaime's character, describing a scene where Jaime saves Brienne in a battle as ""so powerful."" This encounter forces Jaime to confront his identity as a warrior and emphasizes his growing emotional and moral complexity.However, Phaedra expresses a bittersweet sentiment regarding Jaime's final choices in the series. Phaedra feels that despite his significant growth and sacrifices, Jaime ultimately returns to Cersei, leading to a ""pretty bitter end"" for him. Phaedra acknowledges that while Jaime showed growth and made sacrifices, his final decision seems to reverse much of his character development, suggesting that true redemption may not have been within his grasp by the end of the series."
How does Saffron feel about Jaime's choice to protect Cersei?,Conflicted because it seems like he was slipping back into old ways,"Saffron expresses a sense of conflict regarding Jaime's final decision to protect Cersei. She acknowledges that it showcases his loyalty to her, which was a significant part of who he was. However, Saffron also notes that it seems like he slipped back into his old ways, implying that it overshadowed his growth throughout the series. This indicates that while Saffron recognizes the importance of Jaime's loyalty, she also feels that his choice to return to Cersei, despite his personal growth, detracts from his overall character development."
How does Niamh think Jaime could've ended up differently?,By staying true to the lessons he learned from Brienne,"Niamh speculates that if Jaime had remained true to the lessons he learned from Brienne of Tarth, he could have ended up being a true protector of the realm. She suggests that staying true to these values could have showcased his growth more positively and potentially avoided the tragic ending he faced. Specifically, Niamh proposes that Jaime might have chosen to step away from Cersei completely, allowing him to honor his newfound growth and ensure a safer future for everyone. This scenario would have been particularly beneficial given the political landscape and the lingering prejudices against Jaime due to his past as ""the Kingslayer."" By distancing himself from Cersei and embracing his new values, Jaime could have become a true leader and a force for good, inspiring others and leading Westeros towards a more unified and harmonious state."
"What is LiHua curious about regarding the ""Man in Black"" in Westworld?",The motive behind his character,"LiHua expressed curiosity about the motive behind the ""Man in Black"" character in Westworld. In a conversation with Emily Burnett, LiHua highlighted that the ""Man in Black"" is a complex character driven by a search for deeper meaning and fulfillment, influenced by his past. LiHua and Emily both agreed that the ""Man in Black's"" quest for meaning and pushing boundaries makes him intriguing, adding significant depth to the story. LiHua mentioned a particular moment of realization for the character as one of the most memorable. Emily Burnett recalled a moment when the ""Man in Black"" confronted the truth about himself and his choices, which served as a pivotal turning point in his character arc. LiHua appreciated the vulnerability displayed by the ""Man in Black"" during this moment, which offered a fresh perspective on his character."
"What does EmilyBurnett think is the main motive for the ""Man in Black""?",To find deeper meaning and fulfillment in Westworld	20260916_16:00,"According to the conversation recorded, EmilyBurnett believes that the main motive for the character ""Man in Black"" in Westworld is to find deeper meaning and fulfillment in the world of Westworld. She elaborates that he is searching for truth and experiences that push boundaries, though this quest is also tied to his own past and feelings of guilt. EmilyBurnett describes the character as ""a character lost in his own journey,"" highlighting the complexity and intrigue that this portrayal brings to the character."
"How does LiHua feel about the ""Man in Black's"" search for meaning?",Intrigued as it adds depth to the story,"Based on the conversation, LiHua expresses a strong appreciation for the complexity of the ""Man in Black"" character in Westworld. He agrees with Emily Burnett that the character is driven by a search for deeper meaning and fulfillment, which pushes boundaries and is influenced by his past. LiHua finds the character's journey both intriguing and compelling due to the layers of depth and the impact of his past experiences on his current actions. He particularly highlights moments that showcase the character's vulnerability and interactions with other characters, which add a new perspective to his character."
"What is EmilyBurnett's favorite moment of the ""Man in Black""?",When he confronts the truth about himself and his choices,"Based on the conversation, Emily Burnett does not explicitly mention a single favorite moment of the ""Man in Black"". However, she does express admiration for several moments related to the character. One particularly poignant moment that struck her was when the Man in Black shows vulnerability, as it adds a new perspective to his character. Another memorable moment was when he finally confronts the truth about himself and his choices, which Emily considers a significant turning point in his character arc. Therefore, while she doesn't have a singular favorite moment, Emily Burnett appreciates the character's moments of introspection and his ultimate confrontation with his past and truths."
"Which moment does LiHua find memorable for the ""Man in Black""?",When he shows vulnerability,"In the conversations shared, LiHua expresses particular fondness for the moment when the ""Man in Black"" shows vulnerability, which adds a new perspective to his character. This moment seems to be a significant point of interest for LiHua and highlights the character's depth and complexity. No other specific memorable moments are mentioned for the ""Man in Black"" in the provided dialogue."
Which theme of Westworld resonates the most for LiHua?,The exploration of free will and choice,"Based on the conversation, LiHua expresses a strong resonance with the themes of Westworld that explore free will and choice. Specifically, LiHua mentions, ""It’s wild to think about how our decisions shape our identities, just like in the show."" This aligns closely with the central theme of free will, which the series delves into deeply, challenging viewers to consider the extent of agency and autonomy in the context of being human or android. LiHua also notes that the exploration of these themes pushes the boundaries of the narrative and adds significant depth to the story. Therefore, the theme that resonates the most for LiHua is the examination of free will and choice."
What does WolfgangSchulz suggest incorporating into practice sessions according to the discussion on 20260916?,Improvisational solos,"Based on the discussion recorded on 20260916, WolfgangSchulz did not explicitly suggest any specific additions or changes to the practice sessions. The conversation revolved around their current practice routine and plans for the upcoming week. However, it appears that the participants were open to exploring new ideas for their rehearsals. Specifically, WolfgangSchulz mentioned wanting to brainstorm some fresh ideas for their next session, indicating an interest in potentially changing their approach to the practice sessions. LiHua also expressed enthusiasm for trying something new, suggesting that they might consider mixing up their usual activities or incorporating different types of exercises, like longer cardio sessions and interval training. Overall, while WolfgangSchulz did not provide concrete suggestions, the overall tone of the conversation suggests a willingness to experiment and try new things in their practice sessions."
How does LiHua feel about the idea of improvisation based on the chat on 20260916?,It will make sessions more fun and creative,"According to the conversation recorded on 20260916, LiHua expresses enthusiasm about the idea of improvisation. She views it as a ""great idea"" and believes it will make their practice sessions more fun and creative. LiHua looks forward to trying it out and appreciates the spontaneity and excitement that improvisation brings. She suggests going with the flow, which LiHua agrees is perfect for jamming and seeing what everyone brings to the table. LiHua's comments indicate a positive attitude towards incorporating improvisation into their practice sessions."
What does LiHua think about Gerard Piqué as a defender?,He deserves a mention for his skill and intelligence,"In the discussion regarding the best defender in the history of FC Barcelona, LiHua expresses admiration for Gerard Piqué, noting his ""combination of skill and intelligence in defense."" LiHua mentions that Piqué had a unique strength alongside Carles Puyol, who she also considers to be a top defender. LiHua and Jake Watson both appreciate Piqué's ability to read the game, which contributed significantly to the team's success. LiHua emphasizes that Piqué's leadership and fighting spirit made him stand out, adding that both Puyol and Piqué brought special qualities to the team."
What is JakeWatson's favorite memory of Puyol and Piqué playing together?,The comeback against PSG in the Champions League,"According to the conversation, Jake Watson's favorite memory of Puyol and Piqué playing together involves an epic comeback against Paris Saint-Germain (PSG) in the Champions League. During this match, Jake highlights Carles Puyol's exceptional leadership, noting that his presence inspired the team. Additionally, Gerard Piqué's solid performance at the back, making key interceptions, contributed significantly to the team's comeback victory. This match is described as ""insane"" due to the intensity and drama involved, and it stands out as one of Jake's favorite moments."
What match does JakeWatson cherish from the Champions League final against Manchester United?,The 2009 final,"In the conversation, JakeWatson shares a memorable moment from the Champions League final against Manchester United in 2009. He mentions that the lift of the trophy by Lionel Messi was ""such a proud moment"" and describes the goal as ""pure magic."" This goal is highlighted as being one of the standout moments in the match, showcasing Messi's exceptional skill and ability to score crucial goals that can change the course of a match."
What is LiHua's favorite match involving Barcelona?,The 2013 Champions League match against AC Milan,"Based on the conversation, LiHua expresses multiple favorite matches involving Barcelona. She mentions that she loves watching the team in El Clásico, highlighting the intense atmosphere and pivotal moments. Additionally, she shares fond memories of specific matches such as the 2017 match where Madrid edged out Barcelona 3-1 at the Bernabéu, emphasizing the electric atmosphere and Cristiano Ronaldo's goal. Furthermore, she also appreciates the 2013 match where Barça lost 4-0 to Bayern Munich but notes the 2015 match as one for the books, praising the teamwork and skills displayed by the team. Given her diverse and positive sentiments towards various Barcelona matches, it seems that no single match stands out as her absolute favorite. However, the 2015 match against Bayern Munich is particularly noted for its dramatic comeback and strong team performance."
Which goal does JakeWatson never forget from Messi?,Messi's solo goal against Getafe in 2007,"JakeWatson mentions several moments from Messi's career that he holds dear, including the 2007 goal against Getafe, where Messi displayed exceptional dribbling skills. However, the specific goal he refers to as one of the ""most unforgettable"" moments is the one scored during the 2014 World Cup against the Netherlands. In this match, Messi demonstrated his leadership and creative prowess, assisting in the winning goal during a highly competitive and dramatic match. This goal is often highlighted as a testament to Messi's ability to change the course of a game with his playmaking skills."
What is LiHua's favorite player moment from Messi?,When Messi scored a header against Manchester United in 2011,"Based on the conversation, LiHua has mentioned several favorite moments involving Messi, but she specifically cited two standout instances. One of her favorite moments was when Messi scored a solo goal against Real Madrid during an El Clásico match. She described this goal as ""mind-blowing"" and emphasized the unpredictability and brilliance of it. Another memorable moment for LiHua was Messi's header in the Champions League match against Manchester United in 2011, which she considered a ""beautiful moment."" Neither of these moments are explicitly identified as her favorite, but they highlight significant contributions by Messi that made a lasting impression on her."
What does LiHua think makes Messi the best?,His ability to create chances as well as his vision and work ethic and humility,"Based on the conversation recorded, LiHua believes that what makes Lionel Messi the best involves several key factors. LiHua emphasizes Messi's ability to create chances out of nothing and his vision on the field, which she considers to be exceptional. Additionally, LiHua points out Messi's incredible work ethic and his humility, describing these traits as inspiring. LiHua also highlights Messi's playmaking ability, suggesting it is on another level, and mentions his dribbling skills, noting that they are simply mesmerizing. Overall, LiHua sees Messi as a multifaceted player whose leadership, skill, and dedication inspire others, making him stand out as the best in her opinion."
How does JakeWatson view Messi's impact on future generations of players?,His dedication and consistency set the bar high for young players,"According to the conversation, JakeWatson believes that Messi's influence extends far beyond his own exceptional skill set. He emphasizes Messi's dedication, consistency, and approach to the game, noting that these qualities serve as role models for future generations of soccer players. JakeWatson states, ""Messi's influence is massive. He's not just about the skills; it's how he approaches the game. Young players now have someone to aspire to—his dedication and consistency set the bar high. It's going to shape how future stars play!"" This perspective underscores JakeWatson's belief in Messi's significant impact on inspiring and motivating younger athletes."
Who suggests hitting Starbucks after work on 20260918?,WolfgangSchulz,"On September 18, 2026, at 18:00, WolfgangSchulz suggests hitting Starbucks after work. This suggestion is made in the context of catching up and having a relaxing time before the weekend begins."
Why is protein important according to JenniferMoore?,For keeping the body in shape,"According to Jennifer Moore, protein is crucial for maintaining overall health and fitness. She emphasizes its importance for ""keeping the body in shape"" and highlights its role in muscle recovery and building lean mass. This underscores the significance of adequate protein intake for muscle repair and growth, which is particularly emphasized during and after workouts. Additionally, she suggests that a good rule of thumb for protein intake is about 1.6 to 2.2 grams of protein per kilogram of body weight, especially for individuals who engage in intense training."
What is ThaneChambers' question to LiHua on 20260920?,LiHua's favorite first-person shooter game,"There appears to be no interaction recorded between ThaneChambers and LiHua on September 20, 2026, based on the information provided in the given data sources. The interactions listed involve different dates: February 19, September 22, October 9, December 28, June 27, and October 3. Therefore, there is no question ThaneChambers asked LiHua on September 20, 2026."
"What does ThaneChambers say about ""Warzone""?",It's a blast,"In the conversation recorded on 20260920_16:00, ThaneChambers discusses his experience with ""Call of Duty: Warzone."" He expresses that he enjoys the game and particularly appreciates the battle royale mode, finding it to be very fun. ThaneChambers mentions that he has been playing ""Apex Legends"" recently, noting that the characters and abilities in ""Apex Legends"" make the game exciting. When asked about his favorite aspects of ""Warzone,"" ThaneChambers highlights the strategy involved, such as planning one's approach and working with teammates. He also mentions the adrenaline rush experienced during the final circle, describing it as unbeatable. ThaneChambers shares a personal anecdote about a clutch moment in a match where their team came back from a tough spot and secured the win at the last second, calling it a ""totally amazing moment.""Furthermore, ThaneChambers expresses anticipation for the upcoming updates in ""Warzone,"" hoping they will bring fresh maps and modes. He believes these changes will make the game ""exciting to see what new features they add,"" and he is excited to play again once the updates are released. He suggests that LiHua and others join him when the updates come out, indicating a desire to play together."
"What does LiHua like most about ""Warzone""?",The strategy involved and the adrenaline rush,"According to the conversation recorded, Li Hua enjoys the strategic aspects of ""Call of Duty: Warzone"". He finds it particularly enjoyable to plan his approach and work effectively with teammates. Additionally, Li Hua highlights the exhilarating feeling of being in the final circle during matches, describing it as an ""adrenaline rush"" that he finds unbeatable."
"What is ThaneChambers' memorable ""Warzone"" experience?",Coming back from a tough spot to win at the last second,"In one of their memorable experiences within the game ""Warzone,"" ThaneChambers shared a thrilling moment where they managed to come back from a tough spot and secure a victory at the last second. This instance exemplifies the high-stakes nature of the game, where players often face challenging situations and need to execute clutch maneuvers to triumph. ThaneChambers described the adrenaline rush they felt during these pivotal moments, highlighting the intense and suspenseful gameplay that characterizes ""Warzone."""
"What was LiHua's unforgettable match in ""Warzone""?",Being down to the last two and outsmarting the last team,"In one of LiHua's memorable matches in ""Call of Duty: Warzone,"" they were down to just two players, and they managed to outsmart the last team. The excitement was incredibly high during this match, and it was a great team effort. This match exemplified LiHua's love for strategy and teamwork in the game. No specific details about the opponents or the exact victory are provided in the given data, but the experience was undoubtedly thrilling."
"How does ThaneChambers feel about upcoming ""Warzone"" updates?",He's looking forward to them,"According to the conversation, ThaneChambers expresses enthusiasm and anticipation for the upcoming updates in ""Warzone."" Specifically, he states, ""Sounds epic! I’m looking forward to the updates! Hopefully, they’ll shake things up and bring some fresh maps and modes. It’ll be exciting to see what new features they add. You think you'll dive back in when they drop?"" This indicates that ThaneChambers is excited about the changes and innovations that the updates might bring, suggesting that he will likely participate once the new features are available."
"Does LiHua plan to play ""Warzone"" after the updates?",Yes because he loves exploring fresh content,"According to the conversation recorded, Li Hua expressed enthusiasm about diving back into ""Call of Duty: Warzone"" after the upcoming updates. Specifically, during their discussion about the game, Li Hua mentioned, ""Absolutely! I'm always up for something new in the game. I love exploring fresh content and teaming up with friends! Let’s hop on together when the updates roll out!"" This indicates that Li Hua plans to continue playing ""Warzone"" post-update, looking forward to the new content and modes that are expected to be introduced."
"What does ThaneChambers propose to do with the ""Warzone"" updates?",Hop on together and tackle the new stuff,"During the conversation, ThaneChambers suggests the possibility of doing a group purchase of games once the updates for Call of Duty: Warzone are released. He expresses excitement about potential new maps and modes, indicating that he believes the updates will bring fresh content to the game. ThaneChambers specifically asks if the group would be interested in participating in a group purchase, suggesting that this could be a fun and potentially cost-saving option for gamers."
Who initiated the discussion about the community garden renovation and its benefits to local businesses?,Turalyon,"The discussion about the community garden renovation and its benefits to local businesses was initiated by MalfurionStormrage, who emphasized the importance of supporting local vendors as a key aspect of the garden project. He highlighted the significance of this collaboration, stating, ""Our garden renovation is key, and supporting local businesses is essential."" This sentiment was echoed by other participants, fostering a collaborative approach to ensure the garden project not only improves the community garden itself but also strengthens ties with local businesses."
What idea did IllidanStormrage propose to help involve the community in supporting local businesses?,Putting together a flyer with a list of local businesses,"IllidanStormrage proposed creating a flyer or similar promotional material that lists local businesses to support. This idea was aimed at spreading the word about the local vendors who would be involved in the garden project and highlighting the importance of supporting them. This approach would help to foster a sense of community involvement and unity, as well as strengthen the connection between the garden project and local businesses."
What does ArthasMenethil describe the outcome of the garden project and supporting local vendors as?,A win-win,"In one of the discussions, ArthasMenethil expressed his excitement about the garden project and its connection to supporting local vendors. Specifically, he stated, ""It’s amazing how much energy we’re all bringing to this project! I’m really looking forward to seeing our ideas turn into reality! Let’s keep it going!"" This indicates that ArthasMenethil sees the garden project as a significant opportunity to implement and showcase local vendors' products and services, and he is enthusiastic about the project's potential impact. He believes that the garden will not only beautify the community but also support local businesses, which he considers an exciting development."
What does AdamSmith agree is crucial to align with the garden project schedule?,Support for local businesses,"According to the conversation, AdamSmith emphasizes the importance of flexibility in rehearsal schedules when it comes to the Garden Renovation Project. Specifically, he notes that the project is ongoing and requires adaptability in scheduling due to its nature. This indicates that any related activities, including those that might involve AdamSmith, must be prepared to adjust their plans to accommodate the evolving timeline of the Garden Renovation Project."
When does AdamSmith say he is available to help with the curtain installation?,Wednesday or Thursday afternoon,"According to the conversation recorded, AdamSmith is available to help with the curtain installation on Wednesday afternoons. LiHua suggests Thursday as a possible time, which AdamSmith agrees to. AdamSmith states, ""Wednesday at 5 pm sounds perfect. Looking forward to it!"" This indicates that Wednesday afternoons are his preferred availability for helping with the installation."
On which day do LiHua and AdamSmith agree to install the curtain?,Thursday afternoon,"According to the conversation recorded, LiHua and AdamSmith agreed to install the curtain together on Wednesday at 5 PM. This agreement was made during a series of conversations starting from October 7, 2026, where AdamSmith informed LiHua that he had booked the curtain in the correct size and estimated its arrival by the end of the weekend. Subsequently, LiHua suggested setting a time this week to install it together, and they eventually settled on Wednesday at 5 PM as the ideal installation date."
Who suggests exploring the PS5 settings for accessibility features and Game Help?,ThaneChambers,"Based on the information provided, there is no explicit mention of anyone suggesting to explore the PS5 settings for accessibility features or Game Help. The discussions revolve around topics such as gaming preferences, new releases, and community gatherings, but there is no direct indication of someone recommending these specific features."
How does Fionnuala describe the convenience of the Control Center's audio settings adjustment?,You can adjust audio settings on the fly without having to pause the game,"According to the conversation, Fionnuala highlighted the convenience of the Control Center's audio settings adjustment. She mentioned that it makes switching between games and apps ""so much smoother."" This indicates that Fionnuala finds the ability to quickly and easily adjust audio settings within the Control Center to be a valuable feature, enhancing her gaming experience by simplifying the process of tailoring sound preferences across different applications and games."
What aspect does ThaneChambers enjoy about sharing clips on the PS5?,It's a great way to relive intense moments with friends,"ThaneChambers appreciates the ability to share clips and highlights directly from the Control Center on the PS5, which allows players to relive and show off their epic gaming moments to friends. This feature enhances the social aspect of gaming and provides a fun way to celebrate and share achievements within the community."
Which game is LiHua currently obsessed with for its graphics and storytelling?,God of War,"Based on the conversation, LiHua is currently very enthusiastic about the game ""God of War."" She mentions being ""obsessed with the graphics and storytelling in 'God of War.'"" This indicates that she finds the visual aesthetics and narrative depth particularly compelling in this title."
"How does Dyllan describe the combat in ""Horizon Forbidden West""?",It can be tricky sometimes,"Dyllan describes the combat in ""Horizon Forbidden West"" as being challenging due to the diverse environments and the inclusion of various mechanical enemies. He appreciates how the combat mechanics offer a unique challenge and how the diverse environments provide different kinds of obstacles and adversaries. Dyllan mentions that the combat can be tricky at times, especially when dealing with flying machines, and he finds the Control Center very helpful for adjusting audio settings on the fly, enhancing the gaming experience. Additionally, Dyllan expresses enthusiasm about the possibility of sharing clips and highlights directly from the Control Center, indicating that he enjoys showcasing his gameplay moments with friends. Overall, Dyllan seems to find the combat in ""Horizon Forbidden West"" to be both engaging and challenging, adding excitement and replay value to the game."
"What strategy does Helios recommend for dealing with flying machines in ""Horizon Forbidden West""?",Using a bow with elemental arrows and focus to track their movements,"Helios recommends using a bow with elemental arrows to deal with flying machines in ""Horizon Forbidden West"". This approach allows players to stun the machines and then take them down more easily. Additionally, Helios advises utilizing the focus ability to track the movements of the flying machines, which can help in dodging their attacks. These strategies highlight the importance of adapting to the unique mechanics of the environment and the enemies encountered in the game."
What type of combat does Gavriel prefer in games?,Turn-based combat,"Based on the conversation, Gavriel expresses a preference for turn-based combat systems. He states, ""I really enjoy turn-based combat! It gives you time to think and plan your moves without feeling rushed. Plus, the tension builds up with each decision you make!"" Additionally, he mentions enjoying games that offer tactical gameplay, such as ""XCOM 2,"" which fits into the turn-based category. This preference aligns with his enthusiasm for strategic planning and thinking ahead, which are hallmarks of turn-based combat."
"Who is ThaneChambers' favorite character in ""Octopath Traveler""?",Primrose,"In the conversation regarding ""Octopath Traveler,"" ThaneChambers expressed a preference for both Geralt and Yennefer from The Witcher 3. However, he did not specifically identify a favorite character in ""Octopath Traveler."" Instead, he mentioned that he enjoyed exploring the game and noted several standout moments, including memorable scenes featuring Yennefer and interactions with Geralt. Specifically, ThaneChambers highlighted scenes such as the one where Geralt is looking for Yennefer in the early part of the game, emphasizing how well the intertwining of their past and present was handled. Additionally, he praised the Battle of Kaer Morhen, describing it as a powerful scene that showcased the impact of their relationships and teamwork. Overall, while he did not single out a favorite character from ""Octopath Traveler,"" ThaneChambers seemed to appreciate the game's ability to create engaging and emotionally resonant moments."
"How does Dyllan describe the importance of a balanced party in ""Octopath Traveler""?",It allows for more flexibility in battles and helps adapt to different challenges,"In discussing strategies within ""Octopath Traveler"", Dyllan emphasizes the importance of a balanced party. Specifically, Dyllan states, ""I like to mix it up! I usually go for a tank, a healer, and two damage dealers so I'm prepared for anything. Ensuring that I have someone who can take hits while also distributing damage and healing keeps battles interesting!"" This indicates that a balanced party composition is crucial because it provides versatility and adaptability, allowing players to handle different types of challenges that may arise during battles. Dyllan suggests having a mix of a tank (who can absorb damage), a healer (to maintain health), and two damage dealers (to deal significant harm), which helps in managing encounters effectively and ensures that no single aspect of the party becomes overburdened or ineffective."
What does Elara enjoy doing to unwind after intense battles in games?,Wander around and collect items or side quests,"Elara, who expressed a preference for intense boss fights, mentioned that after such challenging experiences, she enjoys exploring and collecting items or completing side quests to unwind. She also spends time leveling up her characters or experimenting with different party compositions. This indicates that she values a mix of action-packed gameplay and relaxation to maintain her engagement and enjoyment throughout her gaming sessions."
Who asks Emily if she has read The Lord of the Rings novels?,LiHua,"In the conversation recorded at Time: 20260922_17:00, LiHua initiates the query about whether Emily Burnett has read The Lord of the Rings novels. LiHua expresses curiosity about how the novels might tie into the series ""The Rings of Power"" and asks if Emily has read them."
What TV series does LiHua mention that they are curious about in relation to The Lord of the Rings?,The Rings of Power,"In the conversations shared, LiHua expresses curiosity about the TV series ""The Rings of Power."" This series, which is set in the world of Middle-earth and explores the lore surrounding The Lord of the Rings, appears to be the primary TV series that LiHua is interested in relating to the original narrative. LiHua shares his excitement about the visual aspects of the series and how it is delving into the rich background and lore of The Lord of the Rings, indicating that he sees ""The Rings of Power"" as a continuation or expansion of the story."
"What aspect of ""The Rings of Power"" does Emily appreciate in terms of visuals?",How they are bringing Middle-earth to life,"In the conversations shared, EmilyBurnett expresses admiration for the visual aspects of ""The Rings of Power."" Specifically, she mentions that the stunning visuals contribute significantly to the overall appeal of the series. This sentiment aligns with the description provided in the entities table, which states that ""Stunning visuals are a notable aspect of 'Gris', contributing to its overall appeal."" Although ""Gris"" is a different series, the enthusiasm displayed by Emily for the visuals in ""The Rings of Power"" suggests that similar attention to detail and production quality is evident in this series as well."
What aspect of Elrond's character does Emily appreciate?,His mix of wisdom and vulnerability,"Emily appreciates Elrond's character for his mix of wisdom and vulnerability, which adds depth to the story. She finds it fascinating how these traits allow for a more nuanced portrayal of the character, highlighting the complexities and layers that can enrich narratives. This appreciation for Elrond's multifaceted nature suggests that Emily is particularly drawn to characters who exhibit both admirable qualities and relatable struggles, as these elements contribute significantly to compelling storytelling."
What do LiHua and Emily agree on regarding the anticipation for the next episode?,They both can't wait for the next episode,"Based on the conversations recorded, LiHua and Emily both express strong anticipation for the next episode and seem to view the anticipation itself as an exciting aspect of the viewing experience. In a discussion about the suspenseful nature of the series ""The Rings of Power,"" LiHua states, ""It's hard not to root for [the characters] despite everything, especially when you see how hurt he is. It's going to be exciting! The wait is tough, but discussions like this make it so much more fun!"" Emily also echoes this sentiment, saying, ""The suspense makes it so much more thrilling."" When discussing ""Silicon Valley,"" LiHua comments on the surprise ending, mentioning, ""The way they wrapped everything up felt so rushed. I was expecting a bigger showdown or at least a more satisfying resolution for the characters. Did you have a favorite moment from the series?"" To which Emily responds, ""I know, right? The way they wrapped everything up felt so rushed. I was expecting a bigger showdown or at least a more satisfying resolution for the characters. Did you have a favorite moment from the series?"" This indicates that while they may not necessarily agree on the quality of the previous episode, they both find the anticipation for the next one to be an enjoyable and engaging part of the viewing experience."
What does LiHua suggest they should do as the series unfolds?,Keep sharing their thoughts,"As the series continues, LiHua suggests keeping a watchful eye on the unfolding events and discussions. They are encouraged to continue sharing their thoughts and theories, making the experience of watching the series even more engaging. LiHua believes that these shared insights and theories will help alleviate the waiting period and enhance the overall enjoyment of the series."
What does Emily say about the series making her feel like she is really getting to know the characters?,The emphasis on character development and their backstories,"Emily Burnett expresses that the emphasis on character development and backstory in a particular series is what allows her to really get to know the characters. She mentions that in the series she recently watched, ""The Rings of Power,"" the creators are focusing on these aspects, which she finds fascinating and enjoyable. This focus on character depth contributes to the immersive experience, allowing viewers to develop emotional connections with the characters over time."
What is the purpose of going to the grocery store on 20260923 according to WolfgangSchulz?,To grab some snacks for their next jam,"According to the conversation recorded on 20260923_16:00, WolfgangSchulz mentioned that they were planning to go to the grocery store after work to purchase snacks for their next jam session. Specifically, WolfgangSchulz stated, ""WolfgangSchulz: Wanna hit the grocery store after work today? We can grab some snacks for our next jam! 🥳"". This indicates that the primary purpose of going to the grocery store was to acquire items needed for their musical performance or practice session."
What exercises does JakeWatson recommend for leg strength?,Squats and lunges,"JakeWatson recommends several exercises for improving leg strength, particularly for soccer players. During a conversation with LiHua, JakeWatson suggested squats and lunges as beneficial for leg strength and to improve power on the field. He emphasized the importance of including these exercises in LiHua's routine. Additionally, JakeWatson recommended incorporating some balance exercises like single-leg stands to further enhance LiHua's overall stability and endurance. These exercises can help LiHua perform better during matches and maintain a higher level of physical readiness."
What additional advice does JakeWatson give for maintaining muscle flexibility?,Stretch after workouts,"In one of their conversations, JakeWatson provided several pieces of advice for maintaining muscle flexibility. He emphasized the importance of active recovery, suggesting engaging in light activities such as walking or gentle yoga immediately following intense workouts. This can help alleviate soreness and promote recovery. Additionally, JakeWatson recommended spending time stretching the muscles post-workout. He suggested holding each stretch for about 30 seconds, which can greatly improve flexibility and reduce tension in the muscles. Furthermore, he mentioned the use of a foam roller on sore spots as an effective method to release muscle tightness. Overall, JakeWatson highlighted the significance of combining various methods like stretching, foam rolling, and light recovery activities to maintain muscle flexibility and aid in recovery."
How long should each stretch be held according to JakeWatson?,About 30 seconds,"According to JakeWatson, each stretch should be held for approximately 30 seconds. He recommends this duration to ensure the muscles receive the benefit of increased flexibility and reduced tension."
What is LiHua's response to the suggestion of taking a warm shower before bed?,LiHua plans to try it tonight,"According to the conversation, LiHua expresses interest in the idea of taking a warm shower before bed. Specifically, she states, ""I haven’t done it yet, but I’m definitely going to try it tonight! Sounds like a great way to relax before bed."" This indicates that LiHua is open to the suggestion and looks forward to trying it out. LiHua also appreciates the advice, as evidenced by her comment, ""Thanks for the tip! 😌✨"". In summary, LiHua positively receives the suggestion and is excited to try taking a warm shower before bed to improve her sleep quality."
Why does AdamSmith want the window measured?,To get some curtains made,"AdamSmith requested that Li Hua measure the window in the basement because he wants to get some curtains made. In the conversation, AdamSmith mentions wanting to ""get some curtains made"" after Li Hua initially offered to measure the window dimensions. This indicates that AdamSmith intends to purchase new curtains for the window based on the measurements taken by Li Hua."
What are the dimensions of the window that LiHua measures?,150 cm wide and 120 cm high,"In one of the interactions, LiHua mentions that she measured the window in the basement and provides its dimensions. Specifically, she states, ""I'll measure the window and send you the dimensions shortly. Just give me a moment!"" followed by ""Just measured it! The window is 150 cm wide and 120 cm high."" Thus, the dimensions of the window that LiHua measured are 150 cm wide and 120 cm high."
Who initiates the discussion about binaural tones?,ChaeSong-hwa,"The discussion about binaural tones is initiated by ChaeSong-hwa, who expresses his interest in exploring this technique further. He mentions that he has been researching binaural tones and suggests testing them out in their next jam session. Specifically, his statement reads, ""Hey everyone! 🌟 I've been diving into some research on binaural tones. They could really enhance our sound and create a unique listening experience for our audience. What do you guys think about experimenting with this? 🎶"". Following his suggestion, LiHua agrees enthusiastically, stating, ""That sounds really interesting! I'd love to hear how those binaural tones can change our sound. 😄 Maybe we can test it out in our next jam session?"" and YurikoYamamoto adds her support, agreeing that it would add a ""whole new dimension to our music"" and expressing her excitement to try it out, saying, ""Absolutely! It could add a whole new dimension to our music. I’m excited to give it a try! Let's see how it blends with our instruments. 🎸🥁🎤"".Therefore, ChaeSong-hwa is the one initiating the discussion regarding the potential use of binaural tones in their musical performances."
How does YurikoYamamoto feel about adding a new dimension to their music with binaural tones?,Excited to give it a try,"YurikoYamamoto is enthusiastic about the idea of incorporating binaural tones into their music. She expresses excitement about the potential new dimension it could add to their music, saying ""Absolutely! It could add a whole new dimension to our music. I’m excited to give it a try! Let's see how it blends with our instruments. 🎸🥁🎤."" Her colleagues also show support, with ChaeSong-hwa suggesting they should ""think about how we can incorporate that into our practice"" and WolfgangSchulz stating that it would give their originals a ""fresh feel too."" Overall, there seems to be a strong positive sentiment among the group towards experimenting with binaural tones."
Who congratulates LiHua on pushing their limits with the bench press?,JenniferMoore,"JenniferMoore congratulates LiHua on pushing her limits with the bench press. This instance is noted in the log entry dated 20261012_14:00, where JenniferMoore expresses her congratulations to LiHua after she has made progress in her bench press performance. Specifically, JenniferMoore mentions, ""Hey Li Hua! 🎉 Just wanted to say congrats on pushing your limits with the bench press this week! You've been making awesome progress! Keep it up!"" This indicates that JenniferMoore is the one who recognizes and commends LiHua's efforts in increasing her bench press capacity."
What does LiHua express feeling after the encouragement from Jennifer?,Strong and motivated,"After receiving encouragement from Jennifer, LiHua expresses feeling strong and motivated. This feedback from Jennifer appears to bolster LiHua's confidence in her fitness journey, which is evident in her subsequent commitment to continuing her efforts."
What is the focus for the next session suggested by JenniferMoore on 20260930?,Form and control,"On September 30th, 2026, JenniferMoore encouraged LiHua to focus on form during their next session, particularly when engaging in the bench press exercise. This suggests that the upcoming session will emphasize proper technique and control over lifting weights, which is crucial for both safety and effective muscle development. Additionally, JenniferMoore reminded LiHua to rest and fuel up, indicating that nutrition and recovery are also important aspects of their training. By focusing on form and ensuring adequate recovery, the pair aims to maximize the benefits of their workouts and achieve their fitness goals."
What technique does JenniferMoore suggest to gradually increase weight of the bench press exercise?,Progressive overload,"JenniferMoore suggests a gradual approach to increase the weight in the bench press exercise. Specifically, she recommends focusing on form and control during the next session and gradually increasing the weight. This strategy ensures that Li Hua builds up strength steadily rather than risking injury by attempting to lift too much weight too quickly. JenniferMoore also mentions that they can add progressive overload to this plan, meaning gradually increasing the amount of weight lifted over time. This method allows for controlled progression in the weight lifted, helping Li Hua to safely increase his strength and endurance."
What type of hot pot does WolfgangSchulz prefer?,Sichuan,"According to the conversation, WolfgangSchulz mentioned that he prefers Sichuan cuisine, indicating that he enjoys hot pot dishes of the Sichuan style. However, no specific type of hot pot was mentioned directly."
Who comes up with the idea of picking up drinks on the way to hot pot?,LiHua,"The idea of picking up drinks on the way to the hot pot dinner comes from LiHua. In the conversation, LiHua mentions, ""Should we pick up some drinks on the way?"" This indicates that LiHua suggested buying drinks along with the preparation for the hot pot dinner activity."
What does Ivor do the day before a game to help with hydration?,Hydrate well,"Based on the conversation, Ivor does not specifically mention doing anything the day before a game to help with hydration. However, it is noted that Jake Watson advises making sure to hydrate well the day before a game, which suggests that hydration practices are taken seriously by both participants. Ivor and the others seem to prioritize hydration, as evidenced by Jake's recommendation and the general emphasis on hydration throughout the discussions. There is no mention of Ivor engaging in any particular hydration-related activity the day before a game."
What practice idea does Dacey suggest to improve passing skills?,Target practice with cones,"Dacey suggests adding target practice to the passing drills. Specifically, Dacey proposes setting up cones and aiming for them while passing, which she believes would help sharpen their skills. This idea was discussed during a practice session where they were focusing on accuracy during passing drills."
What does Briar remind everyone to bring to practice?,Water bottles,"In one of the practice sessions discussed, Briar specifically reminds everyone to bring their water bottles. This suggestion is made in order to ensure that everyone stays hydrated during the practice session. Additionally, throughout the conversations, various reminders about bringing necessary equipment and supplies are shared, indicating that these items are important for the success of the practice sessions."
Who is considering buying Sekiro: Shadows Die Twice and asks for ThaneChambers' opinion?,LiHua,"The user LiHua is the one considering buying Sekiro: Shadows Die Twice and is seeking the opinion of ThaneChambers. LiHua expresses interest in the game, mentioning that it has a unique combat system and challenging battles, traits that ThaneChambers highlights as being key aspects of the game. LiHua also mentions that the story is engaging and asks for advice on whether it's worth getting the game right away. ThaneChambers recommends it enthusiastically, noting that it's worth grabbing due to its challenging battles and rich story."
Does ThaneChambers recommend Sekiro: Shadows Die Twice to those who love a challenge?,Yes,"Yes, ThaneChambers highly recommends Sekiro: Shadows Die Twice to those who enjoy a challenging game. In one of his interactions with LiHua, he mentions that the game offers a unique combat system that requires careful timing and strategic thinking, and it presents players with numerous tough battles. ThaneChambers specifically states that if someone is into challenging games, ""you'll love it,"" indicating that he believes Sekiro: Shadows Die Twice is a worthy and enjoyable title for those seeking a difficult and rewarding gaming experience."
What game is ThaneChambers currently playing?,Black Myth: Wukong,"Based on the conversation, ThaneChambers is currently playing ""Black Myth: Wukong."" This was mentioned in a previous message where he expressed enthusiasm for the game, noting its stunning visuals and dynamic gameplay."
What does LiHua think about the graphics and gameplay of Black Myth: Wukong?,The graphics look insane and the gameplay seems really fluid,"According to the discussions, LiHua expresses strong positive opinions about the graphics and gameplay of Black Myth: Wukong. Specifically, she highlights the stunning visuals, describing them as ""insane"" and noting the vibrant art style and immersive world design. Additionally, LiHua mentions enjoying the dynamic and fresh gameplay mechanics, particularly praising how the combat blends well with the storyline. Her enjoyment of the game's visuals and gameplay suggests that she finds the game to be an enjoyable and immersive experience."
What part of Black Myth: Wukong does ThaneChambers like the most?,The fresh take on the classic tale and the unique combat mechanics,"According to the conversations recorded, ThaneChambers particularly enjoys the combat style and how it blends with the storyline in Black Myth: Wukong. He finds the combat mechanics unique and finds it fun. ThaneChambers also highlights that the storytelling in the game is top-notch and that the giant enemies encountered during the initial part of the game provide thrilling strategic encounters. He appreciates how the game's visual elements, such as the scenery during these fights, contribute to the immersive experience."
Which aspect of Black Myth: Wukong does LiHua find immersive?,The combat style and how it blends with the storyline,"According to the conversations, LiHua finds several aspects of Black Myth: Wukong immersive. Specifically, she mentions enjoying the exploration aspect, finding it fun to discover new areas and secrets within the game world. Additionally, she highlights the immersion brought by the game's compelling storyline and captivating combat style. LiHua particularly appreciates how the combat mechanics blend seamlessly with the narrative, leading to an immersive and engaging experience."
What is LiHua's reaction to the news about the new software?,LiHua is excited to check it out,"In the conversation recorded on December 8th, 2026, LiHua expresses enthusiasm about the news regarding advancements in Parkinson's treatment and the potential of AI in curing diseases. LiHua comments positively, stating, ""That's incredible news! It's amazing to see advancements in medical science. I can't wait to hear more about it!"" This indicates that LiHua is excited about the developments and optimistic about their implications for the future of medicine. However, there is no direct mention of her reaction specifically to the new software Wolfgang is working on."
Who asks Jake to play as the goalkeeper for soccer training?,LiHua,"According to the conversation, LiHua is the one who asks Jake Watson to play as the goalkeeper for the soccer training this weekend. This suggestion is made in a message dated Time: 20261003_12:00."
Who discusses classic matches between Barca and Bayern with Jake?,LiHua,"Jake Watson discusses classic matches between Barca and Bayern with LiHua. LiHua expresses admiration for these matches, noting the dramatic comebacks and intense emotions during the UEFA Champions League (UCL) games. Specifically, LiHua mentions a match where Barca lost 4-0 in 2013 but then won 5-0 in 2015, highlighting the dramatic turn of events and the rivalry between the two clubs. Jake Watson shares his personal opinions and memories of these matches, including his favorite moment being Neymar's goal in the 2015 match."
In which year did Barca lose 4-0 against Bayern as mentioned in the conversation?,2013,"According to the conversation, Barcelona (Barça) lost 4-0 to Bayern Munich in the UEFA Champions League (UCL) final in 2013. This match was part of the rich history of classic matches between Barça and Bayern, as discussed by LiHua and JakeWatson."
Which goal does Jake consider incredible from the 2015 match?,Neymar's goal,"Jake considers Neymar's goal in the 2015 match incredibly impressive. Specifically, he mentions that ""the way he finished it and sealed our place in the final was epic!"" This goal is highlighted as a standout moment from that historic match, showcasing Neymar's finishing ability and the team's determination."
What is LiHua looking forward to in the upcoming matches?,Seeing how Pedri and the team perform and if they can go far in the UCL,"In the recent conversations, LiHua expresses enthusiasm and anticipation for the upcoming matches, particularly focusing on the UEFA Champions League (UCL) fixtures. LiHua mentions that he is eager to catch more matches of Barcelona (Barca), highlighting his interest in observing the team's performances, especially given the presence of a rising star, Pedri. LiHua is also looking forward to the upcoming UCL season, hoping to see how Pedri and the rest of the team perform, and whether they can advance in the competition. Additionally, LiHua expresses a desire to watch more games with friends, indicating that he values the social aspect of enjoying matches together. This suggests that LiHua plans to engage in watch parties and enjoy the camaraderie that comes with shared viewing experiences. Overall, LiHua looks forward to the excitement and passion that soccer matches bring, particularly those involving his favorite football club, Barcelona."
What are Jake's go-to snacks for match days?,Chips and dip & pizza,"Based on the conversation recorded, Jake Watson's go-to snacks for match days include chips and dip. Additionally, he mentions pizza as a must-have item, as it keeps the energy up while cheering for his favorite team, Barcelona (Barca). This aligns with the previous exchange where Li Hua mentioned Jake's preference for chips and dip, as well as pizza, for match days."
Who does LiHua pick as the best football manager of all time?,Pep Guardiola,"In the discussion regarding the best football manager in the Premier League history, LiHua asked JakeWatson who they thought was the best. JakeWatson initially suggested Sir Alex Ferguson, highlighting Ferguson's significant contributions to Manchester United with numerous trophies. However, JakeWatson also expressed respect for other managers, mentioning Pep Guardiola, who has been influential with Manchester City. The conversation did not settle on a single manager, with JakeWatson adding Klopp as another manager deserving recognition, praising his transformative impact on Liverpool and his energizing presence. Therefore, no clear consensus was reached among the participants about the best football manager in the Premier League history."
"Which team's style of play does Farrah remember as ""Total football""?",Barcelona,"Based on the information provided, Farrah does not mention ""Total football"" or Pep Guardiola's style of play as ""Total football."" Instead, Farrah refers to Pep Guardiola's style of play as ""tiki-taka,"" which is a similar possession-based approach, but not exactly ""Total football."" Total football, as practiced by Ajax under the guidance of Johan Cruyff, involves a fluid and adaptable style where positions are interchangeable and the emphasis is on movement, pressing, and quick transitions. The style Farrah associates with Pep Guardiola is described as ""tiki-taka,"" which focuses on maintaining possession through short passes and exploiting spaces created by these passes. Therefore, there is no mention of ""Total football"" in the given text."
Which player's development under Guardiola does Jasper mention?,Phil Foden,"According to the data, Jasper mentions the development of Phil Foden under Pep Guardiola's player development. Specifically, Jasper provides commentary on how Guardiola has impacted players like Phil Foden and Rodri during practice sessions."
What will LiHua bring for everyone to enjoy after the match?,Snacks,"According to the conversation, LiHua has offered to take care of the pizza order for the watch party following the Liverpool vs. Manchester match. She mentioned that she will ensure to get a variety of toppings, including those preferred by the attendees. This includes Giselle's request for no pineapple. LiHua expressed her excitement about making it a fun match day for everyone."
Which match does Jasper mention that Manchester City played recently?,Against Chelsea in the Premier League,"According to the information provided, Jasper mentions a specific match involving Manchester City in his comments. Specifically, Jasper talks about a comeback by Manchester City against Real Madrid, which occurred in the 2022 Champions League. In this match, Real Madrid had been down by two goals but managed to score two goals in quick succession to come back and win the match, showcasing their ""never-say-die"" attitude and remarkable comeback ability."
Who scored a stunner in the Manchester City vs. Chelsea match as mentioned in the conversation?,Phil Foden,"The conversation provided does not contain details about a specific Manchester City vs. Chelsea match or a particular standout performance. Instead, it focuses on discussions surrounding various Premier League teams, including Manchester City, and their managers. There is no mention of a standout goal scorer or a particularly memorable moment in a Manchester City vs. Chelsea match within the given context. Therefore, no specific scorer can be identified based on the information provided."
What aspect of Rodri's performance does Henley praise?,His interceptions and passing,"Henley does not directly praise Rodri's performance in the given text. Instead, Henley highlights Rodri's contribution to Manchester City's momentum and strategy, which is attributed to Rodri by another entity. Henley focuses more on other aspects, such as praising Pep Guardiola's control of the game, discussing the Manchester City vs Chelsea match, and emphasizing the importance of hydration and high spirits during the practice session."
Who checks in with LiHua about their arm muscles after the bench press session?,JenniferMoore,"Jennifer Moore checks in with Li Hua about their arm muscles after the bench press session. This is evident from a conversation recorded on 20260924_20:00, where Jennifer asks Li Hua if he is ready to challenge himself with more weight on the bench press next week. She also offers encouragement and reminds him to focus on recovery for their next session. Additionally, another conversation on 20261211_11:00 shows Jennifer asking Li Hua about the soreness in his arm muscles following their workout, providing tips for relieving the soreness. Thus, Jennifer Moore is the one who regularly checks in with Li Hua about his arm muscles after bench press sessions."
What snack does LiHua agree to bring for the movie?,Chips,"In one of WolfgangSchulz and LiHua's movie nights, LiHua agreed to bring some chips as a snack for the evening. This decision was made during their conversation on November 13th at 13:00, where WolfgangSchulz suggested bringing some drinks and asked LiHua what drinks he wanted. LiHua responded by offering to bring some chips, stating ""I can bring some chips!"" and asking what drinks WolfgangSchulz wanted. Therefore, the snack that LiHua agreed to bring for the movie is chips."
Who will pick up the snacks and drinks on their way before the movie?,LiHua,"Based on the conversation, it appears that LiHua will be picking up the snacks and drinks on her way to WolfgangSchulz's place for the movie night. Specifically, WolfgangSchulz mentioned, ""I'll aim to be there around 6. Can't wait to celebrate with you! Do you need any help with anything? 🎊"" LiHua responded, ""Awesome, 6 it is! Just bring yourself and your appetite! 😄 Everything else is under control. Got any plans for after dinner?"" WolfgangSchulz replied, ""That sounds like a blast! I'll bring some drinks to go with your snacks. Looking forward to a fun night! 🥳 See you soon!"" From this exchange, it can be inferred that LiHua will be responsible for getting the snacks and drinks, while WolfgangSchulz will bring the drinks specifically for LiHua's snacks."
What significant event in Cersei's life does Saffron highlight as a turning point?,Losing her kids,"Saffron highlights the significant event of Cersei losing her children as a turning point in her character arc. This event is described as pushing Cersei over the edge, leading her to embrace cruelty to secure her power. It's noted that this loss deeply affected Cersei and made her more ruthless and less inclined towards compassion. This moment underscores the theme of the costs of power and the impact of personal tragedy on a character's development."
What idea does Rowan say Cersei represents?,Power comes at a cost,"According to Rowan, Cersei represents the idea that power comes at a cost. This notion is evident throughout the series as Cersei achieves her goals but ends up losing so much along the way, including her children and her sense of personal fulfillment. Rowan highlights how Cersei's relentless pursuit of power leads her to become ruthless and isolating, ultimately resulting in her demise. This idea underscores the theme of power and its consequences within the narrative."
What aspect of Cersei's character does Quillan say often shadows her vulnerability?,Her desperation for control,"According to Quillan, Cersei's desperation for control often shadows her vulnerability. This statement highlights a central theme in Cersei's character development throughout the series, where her relentless pursuit of power can overshadow her inherent softer side and the emotional depths she experiences. Despite her complex and multifaceted personality, her overwhelming desire for control and influence over others often leads her to act in ways that seem cold and distant, even when she is deeply affected by personal tragedies. This contrast between her outwardly ruthless demeanor and her inner turmoil is a significant aspect of her character that resonates strongly with audiences."
What relationship could have potentially changed Cersei's path according to Phaedra?,Her relationship with Tyrion,"According to Phaedra, a pivotal moment in Cersei's journey could have been if she had accepted Tyrion's advice over her internal pride. This suggestion aligns with the discussions in the sources, where Tyrion is mentioned as a character who had a significant influence on Cersei's choices and character development. Tyrion's advice might have offered Cersei a different perspective, allowing her to see the importance of alliances and relationships beyond just her own ambitions. This acceptance could have led Cersei to forge new alliances and possibly embrace a more balanced approach to power, avoiding the tragic downfall detailed in the show."
How does Kieran describe Tywin's influence on Cersei?,He taught her ruthless methods,"According to the sources, Kieran describes Tywin's influence on Cersei as significant. Specifically, Kieran states, ""For sure! Tywin’s methods were ruthless, and Cersei learned a lot from him. But it also set up that toxic idea of power as something you have to fight for at all costs. Having that kind of pressure must have kept her on edge."" This indicates that Tywin instilled in Cersei a mindset of power as something to fiercely defend and maintain, which likely contributed to Cersei's tendency towards isolation and ruthlessness."
What does Orion say about Cersei's mix of loyalty and fear towards Tywin?,It was a mix of both,"According to the discussions, Orion provides insight into Cersei's complex relationship with her father, Tywin Lannister. Specifically, Orion notes that Tywin instilled a strong sense of survival and resilience in Cersei, which led her to develop a ""toxic"" idea of power as something that must be fought for at all costs. This conditioning from Tywin seems to have contributed to Cersei's tendency to remain on high alert and to view allies as threats rather than assets. However, Orion also suggests that there was a ""weird mix of loyalty and fear"" in Cersei's relationship with Tywin. Despite his influence, Cersei still harbored resentment towards him, feeling that she had to carve her own path and that her independence came at the cost of meaningful connections. This independence made Cersei stronger in terms of her ability to pursue her ambitions, yet it also left her isolated and more vulnerable in the long run."
What does Rowan say about Cersei's independence?,It made her stronger but also more isolated,"According to Rowan, Cersei's independence made her a lot stronger! He points out that despite her independence, she became a ""fierce and isolated figure."" This independence allowed her to carve her own path and achieve her goals, but it also led to a state of isolation. Rowan suggests that while her independence gave her strength, it also left her feeling alone and cut off from meaningful connections. This sentiment aligns with broader discussions about Cersei's character, where her quest for power often came at the cost of her relationships and emotional depth."
What relationship could have shown Cersei a different perspective on power according to Lachlan?,Her relationship with Tyrion,"According to Lachlan, one relationship that could have shown Cersei a different perspective on power was her relationship with Tyrion Lannister. Lachlan notes that Tyrion always had a different perspective on power, and if Cersei had listened to him, it could have significantly influenced her character development. Lachlan points out that Tyrion understood the family dynamics better and could have helped Cersei see that power doesn't necessarily mean control over everyone and everything. This dynamic could have potentially led Cersei to make different choices, perhaps opting for alliances and connections over ruthless domination."
What does Tamara say Cersei's love led to?,Her downfall,"According to Tamara, Cersei's love for her family, particularly her children, was a driving force in her character but also led to her downfall. Tamara explains that her fierce protectiveness over her children turned into an obsession, causing her to make ruthless choices. This love, while powerful, became a ""weapon"" that destroyed her. Tamara suggests that if Cersei had found a balance, perhaps by nurturing her relationships instead of treating them as obstacles, she could have achieved both power and meaningful connections."
What does EmilyBurnett say Cersei's choices led to?,Her isolation,"EmilyBurnett highlights the consequences of Cersei's choices, emphasizing the complex interplay of power, ambition, and emotional depth in Game of Thrones. She notes that Cersei's relentless pursuit of power and her inability to form genuine connections led to her isolation and downfall. EmilyBurnett explains, ""Her story has so many layers, so it’ll be interesting to see how it evolves in the tales told after her fall."" She further elaborates on how Cersei's choices, driven by her need for control and her ambition, resulted in her losing meaningful connections and ultimately becoming a hollow figure. EmilyBurnett asserts, ""Even though she appeared so confident, I think she must’ve had moments of doubt. Her relationship with her children was everything to her, and once they were gone, it's like she became hollow."" EmilyBurnett believes that Cersei's choices led to a tragic ending where she lost the very things that could have brought her fulfillment."
What does Quillan suggest could have been a game-changer for Cersei?,Accepting Tyrion's advice,"Based on the information provided, Quillan suggests that if Cersei had accepted Tyrion Lannister's advice over her internal pride, it could have been a significant turning point. This advice would have potentially altered her perspective on power dynamics significantly. Additionally, Quillan points out that Cersei had multiple chances to build alliances, particularly with characters like Olenna Tyrell, yet she chose to pursue her own way, opting for relationships that she saw as threats instead of assets. This isolation further emphasized her need for control and her inability to form genuine connections, which likely contributed to her downfall."
Who initiates the discussion about game storytelling?,ThaneChambers,"The discussion about game storytelling begins with Thane Chambers in the third source entry, where he asks, ""Time: 20261229_20:30, ""Classic open-world games are the best! What are some of the best open-world games in your mind?"" This question sets the stage for a broader conversation that includes elements of storytelling and the emotional impact of games. Thane Chambers leads into a discussion about games like Skyrim, The Witcher 3, and Red Dead Redemption 2, highlighting the immersive aspects of open-world games and their ability to tell compelling stories. The subsequent sources delve deeper into the emotional and thematic elements of game storytelling, drawing examples from various games like Detroit: Become Human, The Last of Us, and Undertale."
What game does ThaneChambers consider their top choice for storytelling?,The Last of Us,"Based on the conversation, ThaneChambers highly recommends The Last of Us as a game with exceptional storytelling. This is evident from his comments like ""The Last of Us is a masterpiece! The story is super gripping and emotional. The characters are really well developed too."" He further emphasizes that it's one of the best games in terms of narrative quality, comparable to games like Witcher 3, which he also recommends. ThaneChambers clearly believes that The Last of Us stands out due to its compelling storyline and well-developed characters, making it a top choice for storytelling among the games he enjoys."
What game does Gavriel mention for its characters and plot twists?,Final Fantasy VII Remake,"Gavriel mentions ""The Witcher 3"" as a game that explores themes of choice, consciousness, and humanity through its rich and engaging story. The character development in the game, particularly with Geralt, is highlighted as noteworthy. Additionally, the branching narratives and the weight of moral choices that impact the game's outcomes are noted as thought-provoking elements. The game's ability to surprise players with unexpected plot twists and character dynamics is also mentioned, making it a standout title for storytelling in gaming."
Which game does ThaneChambers recommend for its choice-based storytelling?,Life is Strange,"Based on the conversation, ThaneChambers recommends ""The Last of Us"" for its strong choice-based storytelling. In a previous message, ThaneChambers expressed that ""The Last of Us"" is one of the best games out there due to its compelling narrative, which includes a mix of action and stealth gameplay, and offers players a variety of choices that significantly impact the story's progression. ThaneChambers also mentioned that if someone enjoys games with strong narratives like ""Witcher 3,"" they would likely enjoy ""The Last of Us"" as well."
What game does Elara mention for making her emotional?,Bioshock Infinite,"Elara mentions ""Journey"" as a game that made her emotional through its artistry and music, despite the game's seemingly straightforward gameplay at first glance. She highlights how the game's visual and auditory elements enhance the emotional journey it takes the player on, evoking profound feelings without relying heavily on dialogue."
What game does Dyllan describe as epic for its samurai culture?,Ghost of Tsushima,"Based on the conversation, Dyllan expresses enthusiasm for ""Horizon Forbidden West,"" particularly praising its stunning graphics, diverse environments, and engaging gameplay mechanics. While Dyllan does mention the game's samurai-like aesthetic, it appears that ""Horizon Forbidden West"" is described as epic for its portrayal of a fantasy world with advanced technology rather than as an epic representation of samurai culture in the traditional sense. There doesn't seem to be a game specifically mentioned as being epic for its samurai culture in the provided context."
Which game does Helios call a masterpiece for making players feel connected to the characters?,Red Dead Redemption 2,"Helios expresses strong admiration for several games, but in terms of making players feel deeply connected to the characters, ""Red Dead Redemption 2"" is singled out as a masterpiece. This game is noted for its rich storytelling, particularly the emotional bonds between characters like Arthur and John, which are depicted in poignant moments such as Arthur helping John out in the end. These moments are described as showing Arthur's growth from an outlaw to someone who genuinely cares for his loved ones, and they are remembered for evoking strong emotional responses from players. Additionally, the game's ability to immerse players in the rugged, snowy landscapes of the Wild West and its detailed attention to historical and cultural authenticity contribute to the overall immersive experience."
"What scene from ""Red Dead Redemption 2"" does Bronwyn mention as emotional?",The scene with Arthur and John on the mountain,"In the conversation, Bronwyn mentions that one of her stand-out moments in ""Red Dead Redemption 2"" was when Arthur and the crew were camping under the stars. She describes this scene as impactful because it allowed her to feel more invested in the characters' relationships and brought in a balance of seriousness and humor, which she found engaging. This scene seems to be a quiet and intimate moment that contrasts with the more dramatic and intense parts of the game, allowing players to connect more deeply with the characters through their personal interactions."
What game does Ileana say made her question the morality of her actions?,Red Dead Redemption 2,"In the discussion, Ileana mentions a specific part of the game where her choices led to significant consequences, particularly affecting the character of the Bloody Baron and his family. This suggests that Ileana likely refers to the Bloody Baron storyline within ""The Witcher 3: Wild Hunt."" This quest is known for its morally complex choices, where players must decide how to approach the Bloody Baron, a warlord with personal struggles and choices that affect Geralt and the world around him. The consequences of these choices can be quite profound, leading to different outcomes that resonate deeply with the player, prompting them to think carefully about their moral choices and their impact on the game's narrative."
Which game does Caelum mention for encouraging emotional engagement with the narrative?,Red Dead Redemption 2,"Caelum mentions several games that encourage emotional engagement with the narrative. He highlights games that elevate the emotional depth and investment in storytelling, suggesting that these elements contribute significantly to the overall gaming experience. Specifically, he refers to games like ""Undertale,"" which he describes as doing storytelling differently, and ""Life is Strange,"" which he notes starts off with typical high school drama but delves into deeper themes as the story progresses. These games demonstrate how games can express deep themes through gameplay alone, evoking strong emotions and making the player feel more invested in the story."
What game does Bronwyn say mixes daily life with deep story arcs?,Persona 5,"Based on the discussion, it appears that Bronwyn is referring to the game ""Firewatch,"" which she mentions several times during the conversation. Specifically, Bronwyn notes that ""Firewatch"" has an intimate narrative feel and draws her in through the dialogue between the main characters. She highlights how the game keeps her engaged with its mystery and mentions that the story feels both emotional and engaging. Therefore, it can be inferred that ""Firewatch"" is the game Bronwyn is referring to that blends daily life with deep story arcs."
What game does LiHua mention for exploring themes of choice & consciousness & humanity?,Detroit: Become Human,"LiHua mentions ""Detroit: Become Human"" as an example of a game that explores themes of choice, consciousness, and humanity in a thought-provoking manner. The game allows players to experience different perspectives and offers multiple endings that keep the impact of player decisions unpredictable. This branching narrative design makes the game feel fresh with each playthrough, as different choices can lead to distinct character fates."
Which game does Dyllan say raised interesting questions and moral dilemmas?,Detroit: Become Human,"Dyllan expressed interest in games that explore deep character relationships and moral struggles, indicating that he enjoys games that raise interesting questions and moral dilemmas. This suggests that Dyllan is particularly drawn to games like ""The Last of Us,"" where he appreciates the complex character dynamics and the philosophical debates surrounding the characters' moral choices and personal growth. While Dyllan did not name a specific game, it is clear from his comments that he values games that delve into these intricate and thought-provoking themes."
What game does Dyllan recall for its intimate feel and dialogue?,Firewatch,"Dyllan mentioned that ""Firewatch"" had an intimate feel and dialogue between the main characters that really drew him in. He found the game to be engaging and enjoyable, highlighting how well it can evoke an emotional experience through its storytelling and gameplay. Specifically, Dyllan noted that the mystery and the narrative of Firewatch kept him engaged throughout the gameplay, emphasizing the game's ability to maintain his interest and immersion."
Which game does LiHua mention for playing with various storytelling tropes?,The Stanley Parable,"LiHua mentions ""The Stanley Parable"" as a game that plays with various storytelling tropes, leaving her ""wild"" and intrigued by how it twists expectations and keeps her guessing."
What does Li Hua like about the curtains?,the patterns,"Li Hua expressed satisfaction with the curtains, indicating that they meet her expectations. She particularly liked the patterns, which she appreciated and found pleasing. There's no mention of any specific features or qualities she dislikes, suggesting her overall experience with the curtains has been positive."
What does MalfurionStormrage suggest for sunny days?,umbrellas for shade,"According to the conversation, Malfurion Stormrage suggests adding some shade elements to the garden to make it more comfortable during sunny days. Specifically, he proposes the inclusion of umbrellas or shade structures around the seating areas. Additionally, Malfurion mentions considering the placement of plants around the seating area, suggesting that plants could not only provide shade but also offer a sense of privacy and enhance the overall ambiance of the garden."
Who proposes the idea of adding tables near the benches?,RexxarRemar,"Based on the discussions provided, there is no explicit mention of someone proposing the idea of adding tables near the benches. The conversations revolve around various elements of the garden such as seating arrangements, shade structures, water features, and planting plans, but there isn't a clear proposal for adding tables adjacent to the benches."
What does GromHellscream suggest to brighten the area in the evening?,lanterns or string lights,"According to the conversation, GromHellscream suggests adding lanterns or string lights to the garden to create a magical and cozy atmosphere during the evenings. Specifically, GromHellscream mentions, ""Lanterns and lights would definitely give the garden a cozy atmosphere during the evenings. It’d be great for community gatherings too!"" Additionally, GromHellscream proposes, ""Let’s make sure to pick styles that blend in with the flowers too. It’ll be a beautiful addition, for sure!"" Thus, the idea of adding lanterns or string lights to the garden was proposed by GromHellscream to enhance the evening ambiance and make the garden a more welcoming space for community gatherings."
What type of lanterns does MalfurionStormrage recommend?,solar-powered lanterns,"According to the conversation, Malfurion Stormrage recommends solar-powered lanterns. He suggests that these lanterns would be eco-friendly and provide a lovely soft glow without any wiring hassles. Additionally, they can charge during the day while the garden is being worked in, making them convenient and suitable for the garden's theme."
Who is excited to see how the garden evolves?,Thrall,"According to the discussions, multiple individuals express excitement about the evolving garden. Some examples include Turalyon, who states, ""Loving all the enthusiasm! These suggestions are going to make our garden a fantastic community spot. Let’s keep the momentum going!"" Additionally, ChaeSong-hwa expresses her excitement by saying, ""I love the idea of making it a relaxation spot for everyone! Maybe we could plan a little gathering there once everything is set up?"" Furthermore, MuradinBronzebeard shows his enthusiasm when he says, ""Let’s keep the ideas flowing! How about adding some lanterns or string lights to brighten the area in the evening? It could make the garden feel magical at night! ✨"". Clearly, the garden is generating a lot of excitement among its community members."
What does Turalyon think about the suggestions?,They are going to make the garden a fantastic community spot,"Turalyon appears to be very enthusiastic about the suggestions made during the discussions. He supports the idea of organizing a weekend picnic to bring the community together, suggesting games, a potluck, and possibly some background music. His excitement is evident in his posts, as he expresses eagerness to see everyone there and looks forward to making memories.Regarding the garden renovation, Turalyon also supports the initial purchase of flowers like Bluebells, Camellias, and Tulips, indicating that he believes these additions will significantly improve the garden's appearance. He agrees with the idea of grouping flowers by color or height to enhance the visual appeal and suggests adding seating areas for relaxation and community gathering. In terms of maintenance, Turalyon emphasizes the importance of having a solid plan for upkeep, proposing a rotation for tasks like watering and maintenance, and considering involving the community through volunteer efforts. His comments indicate that he sees value in keeping the garden looking its best throughout the season and encourages community involvement, which he views as beneficial for both the physical and social aspects of the project.Overall, Turalyon consistently provides positive feedback and encouragement for the various ideas presented, showing his strong support for both the upcoming picnic and the garden renovation efforts."
What kind of activities does MalfurionStormrage suggest for the gathering?,games for kids & flower planting workshops & good food,"During the community gathering planned for the garden, MalfurionStormrage suggests several activities that could make the event more enjoyable and engaging. Initially, he proposes a potluck, which he describes as ""a great way for everyone to share their favorite dishes."" Additionally, he envisions adding live music or some form of entertainment to the gathering to enhance the atmosphere and make it lively. Malfurion also suggests considering games for children, which he believes would be a fun way to keep everyone entertained and active during the event. Overall, Malfurion's suggestions aim to create a fun, inclusive, and memorable gathering that brings the community together."
Who offers to check with friends for live music performance?,ArthasMenethil,"In the provided data, it appears that WolfgangSchulz offers to check with friends for live music performances. Specifically, during a conversation on March 26th at 16:00, WolfgangSchulz mentions wanting to explore new gear and get inspired for their next jam session, indicating he plans to check out a local music store. This suggests that WolfgangSchulz, alongside LiHua, is actively seeking new musical inspiration and opportunities for their musical endeavors. Additionally, his interest in exploring new music aligns with the broader theme of music exploration that YurikoYamamoto plans to delve into in her blog."
What does MuradinBronzebeard think about live music?,It would really enhance the experience,"MuradinBronzebeard believes that live music would significantly enhance the atmosphere and experience of an event, particularly when enjoyed alongside food and the garden setting. He suggests that it could create a lovely ambiance and encourages the group to continue brainstorming ideas for incorporating music into various events. His enthusiasm aligns with the broader sentiment expressed by ArthasMenethil, who also notes the potential for live performances to transform the garden into a vibrant community gathering spot."
Who suggests doing a group purchase of the new games?,ThaneChambers,"According to the conversation, Thane Chambers suggests doing a group purchase of the new games. He initiates the topic by noting that there are ""bunches of new games dropping soon on both the PS digital store and physical disc"" and proposes that it might be ""cool to do a group purchase."" He asks for feedback from others about which games they are excited about and hopes for potential discounts on the group purchase."
What does ThaneChambers think about the new games?,excited and interested,"In the conversations shared, ThaneChambers expresses enthusiasm for several upcoming games and their potential to deliver rich narratives and complex character arcs. Specifically, he mentions games that explore deep character relationships and moral struggles, such as RPGs focusing on choice and consequence, particularly in leadership roles. He also highlights the open-world game that seems to focus on these themes, indicating that it may delve into how player decisions shape group dynamics and storytelling. Additionally, ThaneChambers expresses interest in games that tackle complex character arcs and the exploration of themes like moral ambiguity, suggesting that these types of games will likely continue to resonate with players due to their ability to create compelling and emotionally resonant experiences. He also notes that modern games are increasingly emphasizing the importance of communication and collaboration in storytelling, which aligns with his own preferences for games that offer meaningful character interactions and nuanced narratives."
What feature are they hoping for in the new game?,co-op missions and shared loot system,"In the conversations provided, there isn't a specific mention of a feature they are hoping for in the new game. However, one instance discusses a water feature, which is suggested to enhance the garden's aesthetics and provide soothing sounds. This could imply that enhancing the garden with a water feature is a feature they might be hoping for, though it is not explicitly stated. Other topics in the conversations revolve around games, family activities, and character development rather than focusing on a particular feature for a new game."
What does Helios want to know about the game?,whether it will feature crossplay,"Based on the information provided, Helios appears to be interested in several aspects of the game ""Horizon Forbidden West."" Specifically, he mentions being particularly engrossed in the stunning world and gameplay mechanics, as well as the engaging story. Helios specifically highlights a challenging part of the game where players encounter flying machines, suggesting he finds these moments both difficult and intriguing. He proposes using a bow with elemental arrows and employing the focus ability to track and dodge attacks. Helios also expresses interest in any other games with good strategy elements, indicating a broader curiosity about games that require careful planning and strategic thinking."
What does Dyllan think about crossplay?,it was awesome and makes playing together much easier,"Based on the conversation, Dyllan hasn't specifically discussed crossplay preferences or opinions. However, he did mention his interest in upcoming games that aim to explore deep character relationships and moral struggles, indicating an appreciation for rich narratives and complex character arcs. This suggests that Dyllan values immersive and emotionally resonant experiences, which typically aligns with the types of games that may feature crossplay options, as these allow players from different regions to engage with the same content, potentially enriching the gaming community and experience. Without explicit comments on crossplay, we cannot definitively state Dyllan's stance on this topic, but his interest in games with deep narratives and character development points to an openness to features that enhance the gaming experience for a broader audience."
What does Ileana think is essential for the new game?,a robust matchmaking system,"In the conversation, Ileana expresses her interest in games that explore deep character relationships and moral struggles, akin to themes seen in ""The Last of Us."" She particularly appreciates games that allow for complex character arcs and meaningful narrative choices. Her thoughts suggest that she believes these elements are essential for new games aiming to engage players deeply and create memorable experiences. Specifically, Ileana emphasizes the importance of nuanced storytelling and rich character development, highlighting the impact of these elements on player engagement and emotional connection."
What does Helios think would be awesome for character development?,a deep skill tree or upgrade system,"Helios, a character who discusses various games and their themes, expresses excitement about the potential for intense moments in ""Final Fantasy XVI"" and the focus on action-oriented gameplay. He looks forward to the gaming chats and shares updates, indicating that he values these interactions for their potential to enhance character development and the narrative. Additionally, he mentions being excited about sharing updates, which suggests that he believes these conversations can contribute to a rich and evolving storyline. His enthusiasm for both the gameplay and the opportunities for character interaction highlights his interest in how character development can be enhanced within the context of video games."
What does Gavriel think about crafting systems?,they offer a chance to create unique weapons and gear,"Based on the conversation, Gavriel did not specifically address crafting systems in the context of the game. However, he mentioned having a variety of consumables, such as health potions, buffs, or crafting ingredients, as being beneficial to gameplay. He emphasized that these additions can enrich the strategy by allowing players to think about when and how to use them effectively. Without more detailed discussion about crafting systems, we cannot infer Gavriel's specific thoughts on this particular aspect of the game."
What does Elara think about resource management?,it always makes it feel more immersive,"Elara expresses enthusiasm about resource management, suggesting a variety of resources that could enhance gameplay. She mentions materials for crafting weapons and armor, rare items for upgrades, and in-game currency for trading. Elara also anticipates the inclusion of hidden treasures that could provide a surprise element, indicating that she believes thoughtful resource management could result in engaging and strategic gameplay."
What does Fionnuala think about potions and temporary boosts?,they are always helpful,"Based on the conversation, Fionnuala hasn't directly discussed her thoughts on potions and temporary boosts. However, she has shared her enthusiasm for certain moments and narratives in games, particularly those that enhance the emotional impact through music and storytelling. She has expressed appreciation for the music in games like ""The Last of Us"" and ""God of War,"" noting how it can deepen the emotional experience. Without specific mention of potions and temporary boosts, we cannot derive her opinion on these aspects directly from the given data."
What does ThaneChambers think about stealth boosts?,they add a whole new layer to gameplay,"During the discussion about the types of boosts players would like to see, ThaneChambers expressed enthusiasm for stealth boosts. He mentioned that stealth boosts, such as speed boosts, can really help in dodging attacks or quickly repositioning during combat, adding an adrenaline rush and allowing for a more strategic approach. ThaneChambers also highlighted the importance of stealth mechanics for creating unique gameplay experiences, noting that stealth adds a new dimension to the game and can significantly impact the way players approach missions. He emphasized the value of stealth in offering different ways to engage with the game, which he believes can create both fun and memorable experiences for players."
What does LiHua think about the potential for stealth in the game?,it could lead to some really engaging and strategic gameplay,"During the discussion, LiHua expressed enthusiasm about the possibility of stealth mechanics in the game. She stated, ""I'm optimistic about it! If the developers put thought into the resource management, it could lead to some really engaging and strategic gameplay. It'll definitely keep us on our toes!"" This indicates that LiHua sees potential for stealth to be an engaging and strategic element in the game, which could add depth and excitement to gameplay. Additionally, she mentioned, ""It would be exciting to explore and find hidden treasures that surprise us,"" suggesting that LiHua appreciates the discovery aspect that stealth gameplay can offer. Overall, LiHua seems supportive of the inclusion of stealth elements, viewing them as a valuable addition to the game's design."
What is one characteristic of Real Madrid that JakeWatson mentions?,they thrive under pressure,"JakeWatson emphasizes Real Madrid's ability to thrive under pressure and their ""never-say-die attitude."" He recalls a match where Real Madrid was trailing by two goals but managed to come back and score two goals in quick succession, showing their resilience and determination. Another characteristic mentioned by JakeWatson is the players' calmness and ability to make the right decisions under pressure, which he describes as ""insane."" Specifically, he points to the stoppage-time goal by Rodrygo in a Champions League comeback against Manchester City in 2022, highlighting their skill in turning the game around in dramatic fashion."
What was special about the match against Manchester City in 2022 according to the group discussion?,Rodrygo's stoppage-time goal,"According to the group discussion, the match against Manchester City in 2022 was particularly notable due to its dramatic nature and the significant comeback achieved by Real Madrid. Specifically, Jake Watson highlighted this match as a standout example, mentioning that ""That stoppage-time goal by Rodrygo was just epic! They looked done for, but somehow managed to score two in quick succession."" The discussion also emphasized the resilience and determination of Real Madrid's players, especially during critical moments, which exemplifies their ""never-say-die attitude."" This match demonstrated how Real Madrid transforms under pressure, achieving surprising victories even when seemingly defeated. The atmosphere at the Bernabeu was described as electric, highlighting the strong connection between the team and its passionate fan base, which further underscores the importance of their collective spirit and support in these challenging situations."
What does Aurora say about the atmosphere at the Bernabéu during tough games?,It was electric,"According to Aurora's comments, the atmosphere at the Bernabéu during tough games is electric and plays a significant role in boosting the team's performance. Aurora highlights the strong connection between the fans and the players, noting that the Bernabéu has a strong home advantage and that the fans provide immense support during challenging moments. This spirit is emphasized as a crucial element that pushes the team to perform even better under pressure. Aurora describes the atmosphere as being ""like no other,"" where the fans' enthusiasm and belief in the team create an environment that can lift spirits and encourage players to dig deeper and perform their best."
What does Evangeline say about Real Madrid's history in the Champions League?,They have a legendary history and a winning culture,"According to the data, Evangeline expresses enthusiasm for Real Madrid's performance in the Champions League, particularly noting their comeback capabilities and memorable matches. She specifically mentions a standout comeback in the Champions League against Manchester City in 2022, highlighting the stoppage-time goal scored by Rodrygo. Evangeline also acknowledges Real Madrid's historical dominance in the Champions League, commenting on the significance of their 3-1 victory over Barcelona in the 2011 Champions League final. Her comments indicate admiration for the team's ability to turn things around in critical moments and their rich history in this prestigious competition."
Who is Real Madrid's coach according to Ivor?,Ancelotti,"According to the conversation, Ivor mentioned that Ancelotti knows how to get the best out of his players, even in crunch moments. However, Ivor did not directly state who Real Madrid's current coach is. Given the context, we can infer that Ancelotti is the coach of Real Madrid, as he is frequently referenced in discussions about the team."
What does Dacey propose to practice on Saturday?,soccer shooting skills,"Dacey proposes to practice passing drills on Saturday afternoon. Specifically, she mentions setting up cones for target practice during the passing drills, suggesting a fun and interactive approach to skill improvement. This aligns with the context of soccer practices and drills that were discussed in the conversations."
What time do they plan to meet for soccer practice?,3 PM,"For the soccer practice sessions, the exact times vary based on the context provided. However, several instances indicate a common time for meetings. For example, in the entry dated `20260819_10:00`, Li Hua invites Jake Watson for a dribbling practice at 3 PM. Similarly, another entry from `20261105_15:00` mentions a practice session focusing on offsides, and Jake Watson suggests hitting the field around 3 PM. Additionally, in the entry for `20261106_20:00`, Jake Watson proposes a practice session on shooting, meeting at the park at 3 PM. Given these examples, it appears that the common meeting time for these practices is around 3 PM. Therefore, it seems that Li Hua and Jake Watson typically plan to meet for soccer practice at 3 PM."
Who offers to bring cones for the soccer practice?,Aurora,"In the soccer practice session planned for Saturday afternoon at 3 PM, JakeWatson mentions bringing some cones. JakeWatson suggests bringing cones and water to the practice session to facilitate better training and to have a more enjoyable session. He invites LiHua to join him and promises to assist in helping LiHua improve her shooting skills. Therefore, JakeWatson offers to bring the cones for the soccer practice."
What else does Henley plan to work on during the practice?,dribbling skills,"During the practice session, Henley plans to work on passing drills, as mentioned in the context provided. Specifically, she mentions looking forward to the practice day and looking forward to playing with friends, indicating that the practice is focused on improving passing skills. Additionally, she suggests having a quick chat about favorite players during practice and asks for others' opinions, suggesting that the practice may involve both technical drills and discussions. However, no other specific activities beyond passing drills are mentioned in the given data."
Who suggests getting pizza for dinner?,WolfgangSchulz,"In the conversations provided, WolfgangSchulz suggests getting pizza for dinner multiple times. Specifically, in conversation ID 10, WolfgangSchulz proposes, ""Hey! Wanna grab some pizza for dinner after work? 🍕"" Additionally, in conversation ID 14, he mentions, ""Let’s meet at that little pasta joint we love. They have great carbonara!"" Thus, it is WolfgangSchulz who suggests getting pizza for dinner."
What drink does WolfgangSchulz usually have with his pizza?,soda or craft beer,"According to the conversation, WolfgangSchulz typically pairs his pizza with a cold drink, such as a soda or craft beer, depending on his mood. Specifically, in one of the recorded conversations, LiHua mentioned, ""I love having a refreshing lemonade with pizza. It complements the flavors so well!"" However, WolfgangSchulz also expressed interest in trying a new place downtown that serves amazing toppings, suggesting he may be open to exploring new pizza establishments and associated beverages. In another interaction, WolfgangSchulz mentioned, ""I usually go for a nice cold drink, maybe a soda or even some craft beer if I'm in the mood."" Therefore, it appears that WolfgangSchulz generally enjoys a cold beverage with his pizza, though his preference might vary based on the occasion or his current preferences."
What do LiHua and Wolfgang plan to do together according to their conversation on 20261017?,plan a pizza night,"According to the conversation recorded on 20261017_17:00, LiHua and Wolfgang discussed their plans for a future pizza night. LiHua expressed his preference for pepperoni pizza and suggested pairing it with a refreshing lemonade. Wolfgang, who prefers classic margherita pizza, recommended checking out a new pizza place downtown that he has heard good things about. Both were enthusiastic about having a pizza night together to try new flavors. They agreed to plan a pizza night soon to enjoy the new pizza options together."
What songs does ChaeSong-hwa suggest starting with according to the discussion on 20261019?,"Sweet Home Alabama or ""Let It Be""","Based on the conversation recorded on 20261019, ChaeSong-hwa suggests starting with a mix of classic rock and some new songs that haven't been played yet. Specifically, he proposes including Fleetwood Mac songs alongside newer tracks. This mix is intended to bring both a nostalgic vibe from classic rock and a fresh, engaging feel from contemporary hits. The goal is to create a diverse and enjoyable setlist for the upcoming jam session."
What type of songs does YurikoYamamoto want to try according to the discussion on 2026101?,upbeat pop songs,"According to the discussion on 2026101, YurikoYamamoto expressed interest in trying new songs during the jam sessions. Specifically, she suggested that they could try ""classic rock"" songs or ""fun pop tunes."" Additionally, she encouraged participants to suggest other songs they wanted to work on, indicating that she welcomes a variety of musical styles and preferences. The intention was to keep the jam sessions fresh and engaging by experimenting with different genres and tunes."
What songs does ChaeSong-hwa suggest adding to the mix according to the discussion on 2026101?,"Shallow or ""Shake It Off""","According to the discussion on 2026101, ChaeSong-hwa suggests including ""Sweet Home Alabama"" and ""Blackbird"" in the medley. He mentions that ""Sweet Home Alabama"" would add a fun vibe to their medley, while ""Blackbird"" would provide a nice contrast and beautiful tone to their performance. Both songs were discussed as part of a potential medley that would blend different genres and create a special experience."
What does ChaeSong-hwa plan to bring to karaoke night?,snacks,"In one of the discussions regarding karaoke activities, ChaeSong-hwa mentioned that he would bring some snacks to the event. This was discussed during a conversation where the group was planning a karaoke night, which took place on a Friday evening. Specifically, ChaeSong-hwa expressed his excitement about bringing snacks to the karaoke night, indicating that he looks forward to making the night enjoyable for everyone with these small treats."
What does WolfgangSchulz suggest the group do before the upcoming karaoke night?,pick their songs,"In the conversation regarding the karaoke night, WolfgangSchulz suggests that LiHua and ChaeSong-hwa finalize the date and give it a good vibe. He also mentions that they should pick their songs before Friday to ensure they are prepared for the event. Specifically, WolfgangSchulz states, ""Just say the word on the date and time, and I’ll be there!"" and later adds, ""Let's make sure we pick our songs before Friday so we're ready."" Additionally, he encourages the group to share their song ideas in the group beforehand, saying, ""This is going to be epic! Let’s share our song ideas in the group beforehand."" LiHua expresses enthusiasm for this preparation, stating, ""Definitely! I can't wait to rock the stage with you all!"""
How does LiHua feel about the upcoming karaoke night?,excited and can't wait,"Based on the conversations recorded, LiHua seems enthusiastic about the upcoming karaoke night. In the first interaction, she immediately responds positively when ChaeSong-hwa suggests having a karaoke activity, stating, ""That sounds awesome! I'm totally in for the karaoke activity this Saturday! Looking forward to it! 🎤✨."" Later in the conversation, she eagerly participates in planning the night, suggesting fun and upbeat songs such as ""Sweet Caroline"" and ""Dancing Queen,"" expressing excitement about the possibility of mixing their favorite songs with popular hits, as seen in this exchange: ""Those are great choices! """"Sweet Caroline"""" is always a crowd-pleaser. 🎵 I'm also in the mood for something like """"Dancing Queen."""" What do you think?"" 🎤😊. Throughout these interactions, LiHua consistently shows her excitement and willingness to participate in the karaoke night, indicating a positive attitude towards it."
What does ChaeSong-hwa say about the karaoke night?,it's going to be a blast,"ChaeSong-hwa expresses enthusiasm about organizing a karaoke night, inviting Li Hua to participate. He suggests a Saturday at 7 PM and inquires about Li Hua's interest, noting that it would be fun and would be nice to have Li Hua join. During their conversation, ChaeSong-hwa asks if Li Hua enjoys singing, to which Li Hua responds that while she doesn't sing often, she enjoys karaoke as a way to unwind. They discuss genres, with ChaeSong-hwa favoring ballads and soft pop, and Li Hua expressing an appreciation for a mix including classic rock and folk. ChaeSong-hwa also suggests starting with classics like ""Sweet Home Alabama"" or ""Let It Be,"" while Li Hua recommends including upbeat pop songs like ""Shallow"" or ""Shake It Off."" Ultimately, they decide on a Friday evening, aiming for a fun and enjoyable night filled with singing."
What is the current status of the curtains according to LiHua?,They are perfect and more than satisfies him,"According to the conversations recorded, LiHua has already received the curtains and is currently satisfied with their quality. She mentioned that they ""are perfect"" and that she is ""more than satisfied."" LiHua also expressed her appreciation for Adam Smith's assistance, indicating that the curtains meet her expectations and that she has no further requests or concerns regarding them."
What game does ThaneChambers remember as LiHua's favorite?,Black Myth: Wukong,"Based on the conversation, ThaneChambers remembers LiHua's favorite game as ""Black Myth: Wukong."" This information is derived from a previous interaction where LiHua mentions, ""Honestly, the visuals are stunning! The art style is super vibrant, and the world design is so immersive. Plus, the gameplay mechanics feel really fresh and exciting. What about you? Have you tried it?"" and ThaneChambers responds with, ""Totally! The visuals really create a magical atmosphere. I’m also hooked on the storytelling. It’s cool how it reimagines the classic tale with such depth."" This indicates that ""Black Myth: Wukong"" is indeed LiHua's favorite game according to ThaneChambers' recollection."
"What does ThaneChambers like about the game ""Black Myth: Wukong""?",the storytelling,"According to the conversations recorded, ThaneChambers expresses several positive aspects of the game ""Black Myth: Wukong."" Firstly, he describes the visuals as ""stunning,"" highlighting impressive details and the overall aesthetic of the game. Additionally, he praises the storytelling, noting that it is ""top-notch"" and engaging, suggesting that the narrative is both rich and compelling. Furthermore, ThaneChambers mentions that the combat has unique mechanics which make it enjoyable and fun to play. He also appreciates the soundtrack, describing it as blending traditional Chinese instruments with modern orchestration, which adds to the immersive experience. Overall, ThaneChambers seems to appreciate ""Black Myth: Wukong"" for its visually striking presentation, captivating storyline, and innovative gameplay elements."
"What memorable moment does LiHua share from the game ""Black Myth: Wukong""?",an amazing battle scene where he had to outsmart a giant enemy,"In the conversations shared, LiHua expresses excitement about ""Black Myth: Wukong,"" highlighting its stunning visuals and immersive story. While specific details about memorable moments are not provided, LiHua mentions enjoying the game's blend of unique combat mechanics, which add to its immersive experience. Additionally, the discussion reveals that LiHua looks forward to sharing more detailed memories and experiences once he finishes the game, suggesting that there are several standout parts to report."
"What memorable moment does ThaneChambers share from the game ""Black Myth: Wukong""?",a moment where he faced a tricky puzzle,"In one of the interactions, ThaneChambers expresses his enjoyment of ""Black Myth: Wukong,"" praising its stunning visuals and immersive story. Specifically, ThaneChambers mentions an encounter where the player first encounters giant enemies. He describes the thrill of strategizing how to take them down, noting that the fight was both exhilarating and satisfying. This moment highlights the unique combat mechanics and the immersive environment that ThaneChambers finds particularly appealing in the game."
"How does LiHua describe the balance of combat and puzzles in the game ""Black Myth: Wukong""?",It's refreshing to switch between action and thinking,"Based on the discussions provided, LiHua describes ""Black Myth: Wukong"" as an enjoyable video game with a strong emphasis on both combat and storytelling. In one conversation, LiHua mentions that the combat style in the game is described as unique and fun, blending well with the storyline. She also notes that the exploration aspect is a lot of fun, allowing players to discover new areas and secrets. However, there is no specific mention of puzzles within the context of ""Black Myth: Wukong."" The game appears to focus more on its visual appeal and immersive story, with LiHua appreciating its stunning graphics and compelling narrative."
Would LiHua be interested in playing co-op with the group?,Yes,"In the discussion regarding upcoming games, LiHua expressed enthusiasm for the possibility of a group purchase and a group purchase event. She mentioned, ""I'm thinking it might be cool to do a group purchase. What do you guys think?"" This indicates that LiHua is open to playing co-op games with the group. Furthermore, she responded positively to Helios's query about shared loot systems, saying, ""I'm all about that shared loot system too! It adds a strategic layer to the game and makes it more engaging."" These responses suggest that LiHua is interested in playing co-op games and values cooperative features in games. LiHua also showed interest in co-op missions, stating, ""I'm hoping for some cool co-op missions where we can team up and take on challenges together."" This clearly shows her eagerness to play co-op with the group. Therefore, it seems likely that LiHua would be interested in playing co-op with the group."
What TV series does EmilyBurnett remember LiHua likes?,Chernobyl,"Based on the conversation, Emily Burnett remembers LiHua liking several TV series. Emily mentions that LiHua has a favorite comedy TV series, which LiHua identifies as ""Brooklyn Nine-Nine."" Additionally, Emily notes that LiHua enjoys ""Silicon Valley"" by HBO, ""Chernobyl,"" and ""The Bear."" She also recommends ""The Last of Us,"" suggesting that LiHua might find it engaging and worth watching. Furthermore, Emily mentions that LiHua has recently watched the series finale of ""Silicon Valley"" and has expressed interest in checking out ""The White Lotus."" Overall, LiHua seems to have a varied taste in TV series, including both comedies and dramas."
What is EmilyBurnett's favorite TV show?,Game of Thrones,"Based on the conversation, Emily Burnett expresses a preference for several popular TV shows. She mentions enjoying ""Brooklyn Nine-Nine,"" ""The Office,"" and ""The Mandalorian."" However, her favorite among these seems to be ""The Office,"" particularly praising the character interactions and especially mentioning her enjoyment of Jim's pranks on Dwight. Additionally, she recommends ""The Last of Us"" to Li Hua, suggesting it might be a good addition to their shared interests in compelling narratives and complex character arcs. Therefore, while she enjoys multiple shows, ""The Office"" appears to be her current favorite."
"What memorable scene from ""Chernobyl"" does LiHua mention?",the scene where they're trying to contain the radiation,"LiHua mentions a scene in ""Chernobyl"" where they depict the efforts to contain the radiation and the sacrifices made by the workers. This scene is described as being particularly impactful and showing the human spirit in difficult times."
"Who is LiHua's favorite actor in ""Chernobyl""?",Stellan Skarsgård as Boris Shcherbina,"Based on the conversation, Li Hua's favorite actor in ""Chernobyl"" is Stellan Skarsgård, who played the role of Boris Shcherbina. Li Hua appreciated how Shcherbina's character's journey throughout the series was fascinating."
What TV series is EmilyBurnett currently watching?,The Last of Us,"Based on the conversation, Emily Burnett is currently watching ""The Mandalorian."" She expressed her interest in it and shared her excitement about diving into it during a planned TV marathon. Prior to this, she had mentioned a preference for watching with friends and had a TV series marathon planned, suggesting she might be wrapping up ""The Mandalorian"" before moving onto another show. However, the primary series she is actively watching now is ""The Mandalorian."""
What TV show does EmilyBurnett recommend LiHua to watch?,The Last of Us,"EmilyBurnett recommends several TV shows to LiHua, suggesting that he should check out ""Black Mirror"" and ""The Expanse."" Additionally, she recommends ""The White Lotus,"" describing it as an entertaining show with a mix of drama and dark comedy, featuring a setting with hidden agendas in a resort environment. LiHua seems interested in adding ""The White Lotus"" to his watchlist after hearing mixed reviews about it."
"What does LiHua's plan about wathcing ""The Last of Us""?",binge it that weekend,"Based on the conversation, LiHua expressed interest in watching ""The Last of Us"". Specifically, she inquired about it from Emily Burnett, who recommended the game to Li Hua. Emily Burnett highlighted several aspects of ""The Last of Us"" that she found appealing, including its gripping story, emotionally rich characters, and intense gameplay. While the exact details of LiHua's plan were not discussed, it appears she intends to watch the game following her recommendation. No specific viewing date or location was mentioned, indicating that LiHua may be planning to watch it at a later time or perhaps on her own."
What does JakeWatson suggest for refueling after a soccer game?,a snack with carbs and protein and staying hydrated,"According to the conversation, JakeWatson suggests grabbing a snack with carbohydrates and protein immediately after a soccer game. Specifically, he recommends a banana with peanut butter as a recovery option. This aligns with his advice given in another instance where he emphasized the importance of quickly refueling after an intense game."
What are LiHua's usual recovery snacks after a game?,a protein shake and a fruit smoothie,"Based on the conversation recorded, LiHua mentioned several recovery snacks she enjoys after playing a game. In one instance, she stated, ""I usually go for a protein shake and a fruit smoothie after, but I’ll definitely try the banana and peanut butter combo."" Additionally, LiHua and Jake Watson discussed various recovery options, with LiHua expressing enthusiasm for the banana and peanut butter combination, saying, ""Those smoothies sound yummy too! You can't go wrong staying hydrated. Maybe we can practice some stretches together after our next game."" Therefore, it appears that LiHua's usual recovery snacks include protein shakes, fruit smoothies, and the banana and peanut butter combo."
What is the purpose of the community picnic?,to bring the community together and get to know each other better,"The purpose of the community picnic is not explicitly stated in the given data. However, it is mentioned as ""SIGNATURE DISH TO IMPRESS! 😄🍽️ LET'S GET THIS PICNIC GOING!"" which indicates that it serves as a catalyst for a broader event, likely to serve as a social gathering and meal. This aligns with other community gatherings and events mentioned in the data, suggesting that the picnic aims to bring people together and promote social interaction."
What type of food event did Turalyon suggest?,a potluck,"Turalyon suggested having a picnic as a way to bring the community together, emphasizing that it would be a ""fun way to relax and get to know each other better."" He proposed activities such as games and a potluck, where everyone could bring a dish to share. Additionally, he mentioned that they might also consider having music for the picnic to enhance the atmosphere. The picnic was intended to be a casual and enjoyable event to foster community bonding and appreciation for the newly renovated garden."
What does RexxarRemar suggest for the community picnic atmosphere?,organizing some music,"At the community picnic, RexxarRemar suggests including background music to enhance the atmosphere and create a joyful vibe. He also emphasizes the importance of providing seating options such as blankets or chairs to accommodate guests comfortably. Additionally, RexxarRemar proposes having a variety of snacks and drinks available to ensure everyone stays hydrated and energized throughout the event."
What does TirionFordring suggest bringing for seating?,blankets or chairs,"According to the data, Tirion Fordring emphasizes the importance of collaboration and encourages everyone to participate in the emergency response team. However, when it comes to seating arrangements, no specific suggestions are provided. Instead, Tirion Fordring discusses the need for wider paths and dedicated parking to make the space more inclusive, as well as the consideration of accommodating different needs in various areas. Therefore, based on the given information, it is not possible to determine what Tirion Fordring suggests bringing for seating specifically."
What day did the community members decide on for the picnic?,next Saturday,"The community members decided on the next Saturday for the picnic, according to the discussion in the message dated 20261024_11:00. This was confirmed when Thrall stated, ""Let's set it for the morning, maybe around 10 am? That way, we can have a fresh start to the day!"" and ArthasMenethil agreed, saying, ""Sounds like a plan! 10 am on Saturday works for me."" Therefore, the community members chose the upcoming Saturday as the date for their picnic."
What does RexxarRemar suggest for keeping everyone energized during the picnic?,a mix of snacks and drinks,"During the picnic, RexxarRemar suggests bringing blankets to the grassy area, which he believes will provide a cozy and relaxing environment for everyone to enjoy their food. Additionally, RexxarRemar emphasizes the importance of bringing enough water and refreshing drinks to keep participants hydrated, as the weather might be warm. He also proposes setting up a small drink station to offer various beverages and snacks, ensuring everyone stays refreshed throughout the event."
What does IllidanStormrage say he will bring to keep everyone entertained during the picnic?,some epic games,"According to the conversation, IllidanStormrage expresses his enthusiasm for the picnic and mentions that he is ""totally on board with the potluck idea!"" He also adds that he will ""bring my signature dish to impress!"" This indicates that IllidanStormrage plans to bring a special dish to the picnic, likely something unique or noteworthy, to entertain and impress the attendees."
What places in Europe does WolfgangSchulz remember as stunning in Europe?,the fjords in Norway and the lavender fields in Provence,"According to the conversation records, WolfgangSchulz mentions several places in Europe as stunning during his travels. Specifically, he highlights the fjords in Norway and the lavender fields in Provence as particularly memorable. Additionally, he speaks highly of Prague's architecture, describing it as ""magical"" and mentioning the charm of the old town. While these are not explicitly referred to as ""stunning,"" they are certainly described in a positive light by WolfgangSchulz. Thus, based on the information provided, the stunning European locations mentioned by WolfgangSchulz include the fjords in Norway, the lavender fields in Provence, and Prague."
What does WolfgangSchulz like about Prague?,its architecture and the vibe of the old town,"According to the conversation, WolfgangSchulz expresses strong admiration for Prague, particularly highlighting its magical architectural features and the enchanting old town atmosphere. This sentiment is evident in a previous exchange where Wolfgang mentions that he finds Prague's streets to be ""magical, especially at night"" and that the ""vibe of the old town is something else!"" These comments reflect Wolfgang's appreciation for the city's unique charm and historical significance."
What is WolfgangSchulz's favorite risotto memory?,having seafood risotto in Venice,"According to the conversation, WolfgangSchulz mentions having a particularly memorable risotto experience when he was in Venice. Specifically, he states, ""I had the best risotto when I was in Venice. It was creamy and had seafood in it, just perfection!"" This indicates that his favorite risotto memory involves dining in Venice, likely enjoying a seafood-infused risotto that left a strong positive impression on him."
What does WolfgangSchulz want to check out in Italy?,Cinque Terre,"According to the conversation, WolfgangSchulz mentions several places in Italy that he finds appealing. During a discussion about WolfgangSchulz's travel experiences, LiHua asks WolfgangSchulz about some places he remembers visiting in Europe, and WolfgangSchulz responds positively, indicating that he has seen some stunning places in Europe. One of these places is highlighted as the fjords in Norway, which WolfgangSchulz describes as breathtaking. Additionally, WolfgangSchulz mentions the lavender fields in Provence, describing them as ""like a sea of purple!"" Furthermore, WolfgangSchulz expresses a fondness for Prague, mentioning that the architecture there is ""magical"" and the vibe of the old town is ""something else."" These places in Italy and other European locations demonstrate WolfgangSchulz's interest in various aspects of the country's culture and landscapes."
What does LiHua say about the seafood in Cinque Terre?,it's supposed to be fresh and delicious,"Based on the conversation, LiHua has not directly commented on the seafood in Cinque Terre. However, WolfgangSchulz expressed his interest in visiting Cinque Terre, mentioning that he likes the colorful villages along the coast and the hiking trails there. While WolfgangSchulz did mention that the seafood in Venice was described as ""fresh and delicious,"" this comment pertains to Venice rather than Cinque Terre. Therefore, the specific mention of seafood in Cinque Terre from LiHua's perspective is not provided in the given dialogue."
What time will Li Hua and Wolfgang meet for breakfast on the morning of the 9th?,Insufficient information,"According to the conversation recorded on Time: 20260909_12:00, Li Hua and Wolfgang have arranged to meet for breakfast at 12:00. However, this date does not align with the 9th mentioned in the query. There is another entry for a breakfast meeting scheduled for the 9th, but the time given is 19:00 (which is 7:00 PM). This meeting is described as a healthy breakfast session, likely focusing on nutritious options such as avocado toast or oatmeal. Given the context of the original query, it seems there may have been a mix-up in the dates, but based on the available information, Li Hua and Wolfgang are scheduled to meet for breakfast at 7:00 PM on the 9th."
"What type of exercise does Li Hua prefer to do at the gym, and what time does Wolfgang usually go to the gym?",Insufficient information,"Based on the information provided, Li Hua prefers to engage in various forms of exercise at the gym, including strength training and cardiovascular activities. However, specific details about the exact exercises Li Hua performs are not explicitly stated in the given data.Regarding Wolfgang, the data indicates that he goes to the gym regularly, likely for exercise purposes. While the exact time Wolfgang goes to the gym is not specified, it suggests he is a consistent visitor to the gym, possibly attending multiple times a week.It's worth noting that the interactions between Li Hua and Wolfgang suggest a friendly relationship where they plan to meet at the gym at a specific time, indicating a regular schedule. This further implies that Wolfgang has a routine of visiting the gym at a time that aligns with Li Hua's plans. However, without direct quotes detailing his preferred gym visit times, we cannot provide a precise time."
What type of traditional games did Wolfgang Schulz play with Li Hua during the Lunar New Year celebration?,Insufficient information,"During the Lunar New Year celebration, Wolfgang Schulz and Li Hua discussed various activities that they could engage in. Wolfgang expressed interest in returning to his drumming routine, which he had been away from, while Li Hua shared her plans to focus on her gaming and TV series. Wolfgang suggested that they could also have a soccer game with the band, which Li Hua agreed to, emphasizing that Sundays should be dedicated to music rehearsals. There is no mention of traditional games being played specifically during the Lunar New Year celebration."
"What did Li Hua eat for dinner on January 20, 2026?",Insufficient information,"There isn't any explicit mention of what Li Hua ate for dinner specifically on January 20, 2026, within the provided data. The conversations cover various topics such as plans for the Lunar New Year celebrations, personal updates, and occasional mentions of meals, but no detailed account of dinner plans or food choices for that exact date is given. Therefore, based on the available information, it is not possible to determine what Li Hua ate for dinner on January 20, 2026."
What movie did Li Hua and Wolfgang decide to watch together on New Year's Eve 2026?,Insufficient information,"Based on the conversation recorded, Li Hua and Wolfgang decided to watch the classic movie ""Star Wars: A New Hope"" together on New Year's Eve, 2026. They planned to meet at Li Hua's place after work at 8 PM to watch the movie and also grab some snacks. This decision was made during a conversation that took place on October 9, 2026, at 17:00."
What dish did Li Hua order for dessert after having Sichuan hot pot with Wolfgang Schulz?,Insufficient information,"In the conversation involving Wolfgang Schulz and Li Hua, they discussed various aspects of their meal and plans. During their dinner, Wolfgang Schulz expressed his enthusiasm for the spicy cuisine of Sichuan, indicating a preference for this regional style of food. However, the specific dessert Li Hua ordered after the Sichuan hot pot is not explicitly mentioned in the provided dialogue. Therefore, based on the information given, we cannot determine what dessert Li Hua chose to enjoy after their meal."
What specific diet did Li Hua follow to achieve his fitness results that Jennifer Moore recommended?,Insufficient information,"There is no specific detailed diet recommendation provided in the conversations between Li Hua and Jennifer Moore. The conversations focus more on general dietary advice and specific exercises or activities rather than a detailed meal plan. Jennifer Moore mentioned the importance of consuming vegetables and suggested leafy greens, bell peppers, and broccoli as nutritious options. However, she did not provide a comprehensive diet plan or suggest a particular diet Li Hua followed to achieve his fitness results. Instead, she emphasized the importance of a balanced diet rich in fruits, vegetables, and lean proteins, along with regular physical activity."
What alternative training sports does Li Hua consider besides the current routine mentioned in his conversation with Jennifer?,Insufficient information,"In the conversations involving Li Hua, there isn't a direct mention of alternative training sports he considers outside of his current routine. However, we can infer some potential options based on the context and general fitness practices discussed. From the interactions, it appears that Li Hua focuses primarily on a combination of strength training, cardio, and flexibility exercises. In one conversation, Jennifer suggests incorporating yoga and dynamic stretching techniques alongside his existing workouts. This implies that Li Hua might consider other forms of flexibility exercises such as Pilates or dance-based routines. Additionally, his interest in cardio activities suggests that he may also look into other cardiovascular sports, such as swimming, cycling, or even team sports like basketball or soccer, depending on his current preferences and physical abilities.It's worth noting that the conversation with Jake Watson centers around soccer-specific injury prevention, indicating that Li Hua might also explore soccer-related drills and training methods to enhance his skills. However, these conversations do not explicitly list alternative sports beyond what is already discussed. Therefore, without additional information, we can only speculate that Li Hua might consider other training sports including flexibility exercises, various forms of cardio, and possibly soccer-specific training."
What type of diet is Li Hua following to support his training regimen and sleep schedule?,Insufficient information,"Based on the conversations recorded, Li Hua seems to be maintaining a balanced diet that supports both his fitness goals and his sleep schedule. In various discussions, he has shared recommendations for lean meats and healthy snacks, such as chicken breast, turkey breast, lean cuts of beef, fish, tofu, and tempeh, which are part of a plant-based diet. These foods provide essential nutrients necessary for muscle recovery and growth, which are critical aspects of his fitness regimen. Additionally, he emphasizes the importance of hydration and nutrition, particularly mentioning the benefits of magnesium supplements, almonds, bananas, and various fruits and vegetables. Regarding sleep, Li Hua acknowledges the importance of getting adequate rest, noting that ""good sleep and a balanced diet are game changers"" and that ""sleep is crucial for recovery after those long days."" He suggests incorporating fruits and vegetables into his diet to support a healthy lifestyle. Overall, the dietary advice provided reflects a balanced approach that includes lean proteins, whole grains, and plenty of fruits and vegetables to support both physical performance and recovery, as well as ensuring sufficient sleep."
What type of protein shake does Li Hua prefer to drink before his workout sessions?,Insufficient information,"Based on the conversation, Li Hua has not specified a particular type of protein shake he prefers to consume before his workout sessions. Jennifer Moore did suggest that Li Hua should use protein powder to fill any gaps in his diet and noted that he might only need a scoop post-workout or as a snack, depending on how much protein he gets from his meals. However, she did not mention any specific brand or type of protein shake that Li Hua should use. Therefore, no preference for a particular type of protein shake was discussed in the given exchanges."
What specific colors of paint does Li Hua plan to use for the basement walls after decorating with potted plants?,Insufficient information,The provided conversations do not contain any details regarding specific paint colors Li Hua plans to use for the basement walls after decorating with potted plants. There is no mention of paint colors or any decorative elements related to the basement walls in the given data.
"What specific design features did Li Hua suggest for Yuriko's studio homepage during their meeting at ""Central Perk""?",Insufficient information,"During their meeting at ""Central Perk,"" Li Hua suggested several design elements for Yuriko's studio homepage. These included incorporating visuals that reflected the essence of speech therapy, including sections for resources and success stories, and possibly adding a blog section to share insights about the therapy. Li Hua also proposed including a call to action at the end of each blog post to encourage reader engagement and community building. Additionally, they discussed the possibility of using a contact form plugin, such as Contact Form 7 or WPForms, to allow visitors to leave messages directly on the website. These suggestions were aimed at enhancing the visual appeal and usability of the homepage, making it more welcoming and informative for both potential clients and existing patients."
What is the name of the concert that Wolfgang and Li Hua will attend on March 7th?,Insufficient information,"On March 7th, Wolfgang and Li Hua plan to attend a concert. According to the conversation details, Wolfgang mentions, ""Hey! Got an extra ticket for a concert on March 7th at 6 PM. Wanna join me? Would be awesome to catch up and enjoy some live music!"" Li Hua responds positively, expressing enthusiasm about catching up and enjoying the concert together. Therefore, the name of the concert Wolfgang and Li Hua will attend on March 7th is not explicitly stated in the provided data, but it is clearly indicated to be a concert."
What type of cake does Li Hua plan to bring to the meeting with Yuriko to celebrate her studio's homepage redesign?,Insufficient information,"In the provided conversation, Li Hua mentions that she tried several pastries at a cafe called Central Perk, including ""sprinkled cake donuts"" and ""red velvet New York cheesecake."" While the specific type of cake she plans to bring to a meeting with Yuriko to discuss the studio's homepage redesign is not explicitly stated, it is clear that she enjoyed both types of pastries. Given her enthusiasm for the treats, it is reasonable to infer that she might choose either a sprinkle-dusted donut or a decadent red velvet cheesecake for the upcoming meeting. However, without further details, it is impossible to pinpoint which specific type of cake she intends to bring."
What color did Li Hua paint his house before the community garden renovation began?,Insufficient information,"There is no information provided about Li Hua painting his house or any details about the color he chose. The conversation focuses on the ongoing renovation of the community garden, including discussions about seating areas, water features, and plants. No mention is made of interior decor or paint colors."
What specific dietary changes did Li Hua implement in his training regimen as a result of Jennifer's advice on endurance and flexibility?,Insufficient information,"Based on the conversations recorded, there are no explicit mentions of specific dietary changes Li Hua implemented directly in response to Jennifer's advice on endurance and flexibility. Jennifer did suggest that Li Hua try incorporating longer cardio sessions and interval training into his routine, as well as mix up his activities like cycling, running, or swimming. Additionally, she encouraged him to focus on proper hydration and nutrition. However, the dietary recommendations were related to snack options rather than modifications to his overall diet to improve endurance and flexibility. Therefore, while the training regimen was altered to incorporate more varied forms of cardio and flexibility exercises, no specific dietary changes were detailed as a direct result of Jennifer's advice."
What is the exact reason for Li Hua's unexpected work meeting on Thursday?,Insufficient information,"The exact reason for Li Hua's unexpected work meeting on Thursday is not specified in the provided data. There are several meetings mentioned involving Li Hua, but none of these indicate a specific work meeting scheduled for Thursday. The closest meeting involves Adam Smith, where Li Hua suggests Thursday afternoon as a possible meeting time for them to discuss getting a new fridge. However, no further details are given regarding the nature or purpose of this meeting."
"What toppings did Hailey put on the bread for Li Hua's next delivery, and what is the name of the bakery she gets her bread from?",Insufficient information,"Based on the conversation, Hailey Johnson, who runs the bakery, has been providing fresh bread to Li Hua regularly. In one of the interactions, Hailey suggested a specific combination of toppings for the rosemary focaccia bread for Li Hua's next delivery. She recommended drizzling the focaccia with olive oil and sprinkling it with sea salt. Additionally, you can add cherry tomatoes or olives for extra flavor.As for the bakery, the context indicates that Alice from Hailey's bakery handles the doorstep deliveries. In the messages, Alice mentions delivering bread multiple times, including on several occasions where she explicitly states, ""I am Alice from Hailey's bakery. Your bread has been delivered, please come and pick it up ASAP.""So, the bakery that Li Hua receives her bread from is Hailey's bakery."
What is the favorite type of music that Li Hua and Yuriko plan to play together?,Insufficient information,"Based on the conversations documented, Li Hua and Yuriko have expressed interest in playing a variety of genres together, particularly focusing on classic rock and acoustic songs. In one of their discussions, Li Hua mentions enjoying classic rock and acoustic songs, indicating his preference for these genres. Yuriko shares similar preferences, stating she loves a mix of genres but specifically enjoys classic rock and acoustic songs due to their great melodies. Therefore, it can be inferred that their favorite types of music to play together are classic rock and acoustic songs."
What are the specific reasons why Li Hua prefers classical music over pop music in their discussions?,Insufficient information,"In the provided conversation, Li Hua expresses a preference for classical music over pop music, although the specific reasons for this preference are not explicitly stated. However, Li Hua does mention a desire to create a playlist for their children that includes ""some classic lullabies"" and ""gentle guitar melodies."" This suggests that Li Hua appreciates the calming and soothing qualities of classical music, which can help create a serene and peaceful environment for young children. Additionally, Li Hua's enthusiasm for integrating their band's music with traditional Chinese instruments, such as the erhu and guzheng, indicates an appreciation for the unique textures and emotional depth that can be achieved through classical music. These preferences highlight Li Hua's interest in music that can evoke a range of emotions and contribute to a harmonious atmosphere, whether it's for personal enjoyment or for the benefit of others."
What is the name of the last song Wolfgang played using the new drum practice app?,Insufficient information,"The data provided does not contain any specific mention of Wolfgang playing a song using the new drum practice app. There is no information about a particular song or activity related to the app in the available sources. Therefore, based on the given information, we cannot determine the name of the last song Wolfgang played using the new drum practice app."
What flavor of new bread products did Li Hua really enjoy at the bakery's anniversary event?,Insufficient information,"At the bakery's anniversary event, Li Hua specifically mentioned enjoying the new pastries, particularly the raspberry tart. She expressed enthusiasm for it, stating that it was a hit. However, the table does not provide information on which specific new bread product Li Hua liked the most. It seems that the focus of her positive feedback was on the pastries rather than the breads."
What flavor of cake did Hailey plan to bake for the bakery's anniversary celebration in February?,Insufficient information,"Based on the information provided, there is no specific mention of a cake flavor being planned for the bakery's anniversary celebration in February. The data focuses primarily on the delivery of bread, free baking classes, and the launch of new bread products, particularly highlighting a new line of healthy bread options for a special event. There is no clear indication of a cake flavor being prepared for the anniversary event itself. Therefore, without additional details about the anniversary celebration, it is not possible to determine the exact flavor of cake that Hailey planned to bake for that occasion."
What type of dessert did Wolfgang plan to order for Li Hua during their dinner celebration?,Insufficient information,"During their dinner celebration, Wolfgang suggested trying the restaurant's risotto, which he believed was particularly good. However, Wolfgang also mentioned that he was thinking of ordering the steak, indicating he was open to different menu items based on his preferences and the available options. No specific dessert was mentioned for Wolfgang to order for Li Hua."
What were Raze's personal reasons for becoming a fitness coach before discussing pull-up techniques?,Insufficient information,"The conversation snippet provided does not contain any information about Raze becoming a fitness coach or any discussions related to pull-up techniques. The dialogue primarily revolves around fitness progress updates, workout plans, and the introduction of a new yoga class. Without additional context, it's impossible to determine Raze's personal reasons for becoming a fitness coach based solely on the given content."
What specific construction projects were discussed at the meeting between Turalyon and the residents regarding noise control?,Insufficient information,"At the meeting held on 20260527_10:00, Turalyon addressed the issue of noise during construction, which was a major concern for many residents. He announced his intention to limit noisy activities from 2-3 pm and proposed several potential solutions. These included putting up temporary barriers or using quieter tools during that timeframe. Additionally, he suggested informing residents a day in advance about any particularly loud work, either through updates in the chat or posting notices at the garden entrance. Residents expressed their agreement with Turalyon's suggestions, with Malfurion Stormrage recommending a heads-up for residents a day in advance and Arthas Menethil proposing a notice board at the garden entrance to inform everyone. Rexxar Remar added that sound-absorbing materials for benches or play areas could also help reduce noise. Grom Hellscream suggested incorporating plants, such as tall shrubs or trees, along the perimeter to act as a natural barrier. Turalyon agreed with these ideas, emphasizing the importance of considering both aesthetics and functionality in the garden design.In summary, the main points of discussion related to noise control during construction involved limiting activities, providing advance notifications to residents, using sound-absorbing materials, and incorporating plants as natural barriers. The goal was to ensure that the construction period was as minimal as possible while minimizing disruption to the community."
What is the amount of rent Li Hua owes to Adam Smith for the months of April and May?,Insufficient information,"Based on the information provided, there is no explicit mention of rent amounts for the months of April and May. The records only show rent payments made by Li Hua in March and June, which were transferred through bank transfers. Therefore, we cannot determine the exact amount owed by Li Hua for April and May rent from the given data."
What song did Li Hua perform at the local music festival in 2026?,Insufficient information,"At the local music festival, Li Hua was planning to perform with her band. However, there isn't a specific song mentioned for the performance at this event. The details provided focus more on the overall plans and activities related to the festival rather than a particular song selection."
"What is the name of the restaurant where Li Hua and Wolfgang had dinner on the night of June 9, 2026?",Insufficient information,"There is no mention of a specific restaurant where Li Hua and Wolfgang had dinner on June 9, 2026, based on the information provided in the given data. The conversation only mentions several dinner plans and preferences but does not specify a particular restaurant for that date."
What is the nutritional value of the new line of high-protein breads compared to traditional white bread?,Insufficient information,"The nutritional value of the new line of high-protein breads compared to traditional white bread varies significantly. Traditional white bread is typically low in fiber and nutrients, primarily consisting of refined grains and often containing added sugars. In contrast, the high-protein breads introduced by HaileyJohnson likely contain whole grains, which are rich in fiber, vitamins, and minerals, thereby providing a more wholesome nutritional profile. However, without specific nutritional data provided in the given text, we cannot compare exact values. Nonetheless, the high-protein breads appear to be designed to enhance one's protein intake, which is beneficial for muscle recovery and overall health. The exact nutritional differences would require a detailed analysis of the ingredient lists and nutritional content of both types of bread."
What specific sleep techniques did Li Hua use to improve her study habits after reading the neuroscience article and discussing the warm shower with Chae?,Insufficient information,"In the provided conversations, there is no explicit mention of Li Hua implementing specific sleep techniques after reading the neuroscience article or discussing the warm shower with Chae. However, based on the context, it seems that both discussions focused on relaxation methods and practices that can improve sleep quality. Regarding the warm shower, ChaeSong-hwa suggested that a warm shower before sleeping can indeed improve sleep quality, which LiHua plans to implement. For the neuroscience article, ChaeSong-hwa highlighted how the brain processes and stores memories, noting that understanding memory can be beneficial across various fields including therapy and education. While there is no direct mention of specific sleep techniques that Li Hua used, it's reasonable to infer that she likely incorporated elements from both discussions. The warm shower could contribute to muscle relaxation and stress reduction, potentially leading to better sleep quality. Additionally, gaining insights into how the brain processes and stores memories might indirectly influence sleep patterns by fostering a mindset of mindful relaxation and self-care, which can promote better sleep.Therefore, while we cannot pinpoint specific sleep techniques Li Hua used, it is evident that the discussions with ChaeSong-hwa provided valuable information that could indirectly benefit Li Hua's sleep quality."
What type of special dietary restrictions does Li Hua follow when preparing meals for his family?,Insufficient information,"The data provided does not contain specific details regarding Li Hua's family's dietary restrictions when preparing meals. There is no mention of any special dietary needs or preferences within the conversations shared. Li Hua and Adam Smith primarily discuss various aspects of their personal lives, including their traditions around Lunar New Year, but there is no explicit information about any special dietary restrictions for their family."
"What is the total cost of the air conditioner installation, including labor and materials, if Li Hua had previously discussed a budget of $2,000 with a different contractor?",Insufficient information,"There is no specific information provided about the cost of the air conditioner installation in any of the conversations. In the discussions between Adam Smith and Li Hua, they primarily focused on the type of air conditioner, the installation date, and coordinating schedules. They did not mention any costs or budgets for the installation. Therefore, based on the information available, we cannot determine the total cost of the air conditioner installation including labor and materials."
What type of fusion music does Wolfgang Schulz plan to create with Li Hua during their weekend trip to the music store?,Insufficient information,"During their weekend trip to the local music store, Wolfgang Schulz and Li Hua plan to explore a fusion genre combining jazz and rock music. Specifically, Wolfgang suggests experimenting with mixing jazz elements into rock songs, such as classic rock classics, to create a unique and innovative sound. This fusion approach aims to enhance the creativity of their musical sessions and potentially introduce a fresh dynamic to their musical arrangements."
What type of flowers were planted in the garden based on the residents' suggestions discussed by Turalyon?,Insufficient information,"Based on the discussions recorded, several types of flowers were suggested by the residents for the garden. Initially, Turalyon proposed bluebells, which he described as ""a great option! They're beautiful and can really add charm to the space."" He was optimistic about the possibility of everyone picking bluebells, indicating that the community favored this choice. Additionally, during the resident vote, a variety of other flowers were discussed and voted on, including camellias, wildflowers, and other colorful blooms. The community also expressed interest in having a mix of colors in the garden. Therefore, the final selection of flowers for the garden included a range of bluebells and other colorful flowers, reflecting the collective preferences of the community members."
"What type of air-conditioner did Li Hua select for Adam's living room, and how does its temperature regulation compare to the one in the basement?",Insufficient information,"In the conversations provided, there is no mention of an air-conditioner being installed in Li Hua's living room. All discussions revolve around the air-conditioner for the basement, which indicates that the type of air-conditioner selected for the basement is likely to be the one that Li Hua and Adam settled upon. From the earlier exchanges, Adam and Li Hua discussed various factors such as energy efficiency, noise level, and the suitability of different types of air-conditioners (such as inverter AC units, wall-mounted units, and portable units) for the basement. Given that the basement requires both energy efficiency and quiet operation, it seems likely that an inverter AC unit, possibly from a brand like Mitsubishi or Daikin, was chosen. No specific type of air-conditioner for the living room was mentioned, nor were any plans made for one. Therefore, based on the available data, it is impossible to determine the type of air-conditioner for the living room or compare its temperature regulation to that of the one in the basement."
What are the sales figures for the PS5 exclusive games released in 2026 that Thane discussed with group members?,Insufficient information,"There is no specific information provided about sales figures or releases of PS5 exclusive games in the given data. The conversations between Thane and the group members only revolve around discussing upcoming games and sharing their opinions and preferences. While discussions about games like ""Final Fantasy XVI"" and ""Marvel's Spider-Man 2"" are present, there is no data available to determine sales figures for these or any other games. Therefore, based on the information available, it is not possible to provide sales figures for PS5 exclusive games released in 2026."
"What specific techniques did Li Hua use to prepare for a marathon race that took place on September 1, 2026?",Insufficient information,"The provided data does not contain any specific details about Li Hua's preparations for the marathon that occurred on September 1, 2026. There is no mention of marathon-specific training or preparation methods in the given records. The conversations revolve more around general fitness and wellness topics, including endurance, strength training, and balanced workouts. For accurate information regarding Li Hua's marathon preparation, additional data or sources related specifically to that event would be necessary."
What type of dessert did Wolfgang plan to have with Li Hua after their hot pot dinner on a different day?,Insufficient information,"In one of the recorded interactions, Wolfgang expressed an interest in having cold beer to complement the hot pot meal. This conversation took place on May 14, 2026, at 22:00. However, the question specifically asks about a dessert that Wolfgang planned to have with Li Hua. Based on the context provided in the table, there isn't a direct mention of Wolfgang's dessert preference after their hot pot dinner. Therefore, no specific dessert type for Wolfgang is determined from the given data."
What did Jennifer say to Li Hua about their plan for a team swimming competition in December?,Insufficient information,"There is no mention of a team swimming competition or any related plans between Jennifer and Li Hua in the provided conversation logs. The discussions revolve around fitness goals, workout schedules, and motivational messages, but there is no information provided regarding a December swimming competition or a joint plan for such an event. Therefore, based on the data available, it is not possible to determine what Jennifer said to Li Hua about their plan for the team swimming competition in December."
What strategy did Li Hua use to score a goal in the championship match against their rival team?,Insufficient information,"In the provided conversations, Li Hua does not mention scoring a goal in a championship match specifically. Instead, Li Hua discusses various classic matches between Barcelona and their rivals, particularly Real Madrid and Bayern Munich, highlighting the intensity and drama of these games. There is no detail provided about a particular strategy used by Li Hua to score a goal. Therefore, based on the information available, there isn't enough context to answer the question about the specific strategy Li Hua used to score a goal."
What is Li Hua's favorite type of exercise outside of pull-ups?,Insufficient information,"Based on the conversation, Li Hua has mentioned several favorite exercises, including bodyweight squats, planks, push-ups, lunges, and glute bridges. These exercises cover a range of muscle groups and help improve overall fitness. Specifically, she indicated an interest in bodyweight exercises and suggested combining them with intervals, which would likely involve a variety of movements rather than sticking to a single type of exercise. Therefore, while Li Hua enjoys a diverse array of exercises, her favorite type outside of pull-ups isn't explicitly singled out in the provided context. However, given her enthusiasm for bodyweight exercises and intervals, she might favor those over a singular favorite."
What time did Chae first suggest they visit the music festival in the morning?,Insufficient information,"Chae first suggested visiting the local music festival in the morning during a conversation where they were discussing the event. The details of the suggested time are not explicitly stated in the provided data; however, it is mentioned that they were considering meeting an hour before it starts. Since the conversation took place in the afternoon, it implies that the suggested time for the music festival was likely in the late morning or early afternoon."
What are the reasons behind Jennifer and Li Hua's decision to change their training routine for the following month?,Insufficient information,"Jennifer and Li Hua decide to modify their training plans based on several considerations aimed at optimizing their fitness regimen. In one instance, Jennifer suggests changing the training plan for Li Hua due to his evolving fitness needs. Specifically, Li Hua expresses a desire to balance his fitness efforts with his work schedule. Jennifer agrees to adjust the training schedule to accommodate Li Hua's work demands. She proposes that Li Hua train twice a week instead of the originally planned four times per week, which allows for a balanced approach between strength training and recovery. This change is designed to ensure that Li Hua maintains a productive work-life balance while still achieving his fitness goals.In another scenario, Li Hua initiates the conversation about modifying his training routine. He indicates that he wants to incorporate flexibility and balance into his routine, believing it would enhance his overall fitness objectives. Jennifer supports this idea, suggesting the incorporation of yoga and dynamic stretching techniques. She proposes adding these sessions to their existing training days, specifically focusing on flexibility after their strength training on Tuesdays and Thursdays. This adjustment aims to complement Li Hua's current workouts, providing him with a well-rounded fitness program.These modifications reflect Jennifer and Li Hua's commitment to tailoring their training programs to suit individual needs and goals, ensuring that the exercises remain effective and sustainable. By addressing Li Hua's work commitments and seeking ways to improve his flexibility and balance, they demonstrate their dedication to helping him achieve his fitness aspirations."
What specific gifts did Wolfgang buy for Li Hua during his trip to Hong Kong?,Insufficient information,"During Wolfgang's trip to Hong Kong, he focused on finding unique and special items for Li Hua. Specifically, Wolfgang was tasked with picking up cool snacks and a local souvenir. However, the details of the exact gifts he bought are not explicitly mentioned in the provided data. Instead, we learn that Wolfgang was instructed to ""keep an eye out for some unique snacks and a souvenir,"" indicating that his primary goal was to gather items that would reflect the vibrant and unique character of Hong Kong. This suggests that Wolfgang was likely to choose items that would be memorable and representative of the city's distinctive culture and cuisine."
