Question,Gold Answer,minirag
Did Adam Smith send a message to Li Hua about the upcoming building maintenance schedule before the administrators announced a temporary change in the construction schedule due to weather conditions?,Yes,"From the provided messages, there is no mention of Adam Smith sending a message to Li Hua about the upcoming building maintenance schedule. The conversations revolve around regular communication regarding rent payments, maintenance issues, and occasional reminders about upcoming events such as power outages and the installation of an air-conditioner. There is no indication of a scheduled maintenance event prior to the temporary change in the construction schedule due to weather conditions. Therefore, based on the information available, it appears that Adam Smith did not specifically communicate a maintenance schedule to Li Hua before the announcement about weather-related delays."
Did Li Hua agree to go out for dinner after Wolfgang first asked him if he wanted to go out for dinner?,Yes,"No, Li Hua did not immediately agree to Wolfgang's invitation to grab dinner. Initially, Wolfgang asked Li Hua if he wanted to grab some dinner together, but Li Hua responded that he was ""super busy lately"" and suggested another day instead. Li Hua proposed a chill weekend where they could either catch a movie or hang out at a cafe. This indicates that Wolfgang did not get an immediate yes from Li Hua for dinner. However, Wolfgang then invited Li Hua to a special event at a bakery, which Li Hua accepted, agreeing to attend the bakery's anniversary event on a Saturday."
Did Li Hua send a message to Jennifer thanking her for the new training schedule before he requested a change in his training schedule for Thursday?,Yes,"No, there is no indication in the provided data that Li Hua thanked Jennifer for the new training schedule before requesting a change. The sequence of events shows that Li Hua first expressed interest in a new training plan, suggesting that he was already aware of the changes made previously. After Jennifer suggested changing the training plan to twice a week, Li Hua then asked if Tuesdays and Thursdays worked for him, indicating that he had not yet received confirmation about the initial changes."
Did Li Hua send a message to Jennifer asking for her opinion on protein supplements before he consulted her about his daily protein powder consumption?,Yes,"No, there is no indication in the provided conversation that Li Hua had previously asked Jennifer for her opinion on protein supplements before discussing his daily protein powder intake. The initial interaction about protein powder consumption occurred when Li Hua specifically asked Jennifer for her thoughts on the topic. This suggests that Jennifer's advice about protein powder usage was the first time Li Hua sought such guidance, rather than a follow-up to a separate inquiry about protein supplements."
"Did Yuriko ask Li Hua for help with her studio's homepage before she booked a seat at the ""Central Perk"" cafe?",Yes,"Yes, Yuriko did indeed ask Li Hua for help with her studio's homepage improvements prior to booking a seat at ""Central Perk"" café. This is evidenced by a series of messages shared in the data, where Yuriko expressed her interest in discussing her studio's homepage with Li Hua and mentioned that they had planned to meet at ""Central Perk"" café for these discussions. Specifically, in the first message dated 20260225_15:00, Yuriko communicated, ""Hey Li Hua! 😊 Just wanted to let you know I booked a seat at """"Central Perk"""" café for tomorrow at 3pm. Looking forward to our chat about my studio's homepage! See you then!"" This shows that Yuriko had already reached out to Li Hua about the studio homepage improvements before confirming her attendance at ""Central Perk"" café."
Did Li Hua discuss his progress with the fitness plan before he shared a blog post about his recent fitness achievements?,Yes,"No direct mention of Li Hua discussing his progress with the fitness plan before sharing a blog post about his recent fitness achievements was found in the provided conversation excerpts. The available data focuses on various interactions between Jennifer Moore and Li Hua related to their fitness regimen and occasional reminders about upcoming activities, but does not specify whether Li Hua had previously discussed his progress with the fitness plan before writing a blog post. Therefore, based solely on the information given, we cannot confirm if this discussion took place."
"Did Wolfgang Schulz recommend the band learns ""Viva la Vida"" by Coldplay after he and Li Hua discussed what song to play this Sunday?",Yes,"In the conversation recorded at Time: 20260625_19:00, Wolfgang Schulz expressed his enthusiasm about the song ""Viva la Vida"" by Coldplay. He mentioned that he thought it was a great choice and suggested adding it to their set list for their next jam session, which he believes would be ""awesome to add to our set."" Additionally, he pointed out that the energy of this song would elevate their performance and that it's a fun one to play on the drums. This indicates that Wolfgang Schulz did indeed recommend the band learn and incorporate ""Viva la Vida"" by Coldplay into their repertoire for their upcoming Sunday jam session."
Did Turalyon announce the construction updates and feedback from residents after Illidan Stormrage complained about the construction noise?,Yes,"In the conversation, Turalyon did indeed check in with the group about the construction progress and received feedback from residents regarding the noise. This occurred on May 26th at 15:40, where Illidan Stormrage expressed his concern about the noise, which was then followed by feedback from the residents. Specifically, Muradin Bronzebeard mentioned that the noise can be overwhelming and disrupt playtime, prompting Turalyon to suggest establishing quiet hours for playtime. Following this, Arthas Menethil brought up the idea of having comfortable rest areas with shaded spots to help keep everyone relaxed during the construction work. On May 27th at 10:00, Turalyon proposed limiting noisy activities during the early afternoon and suggested putting up temporary barriers or using quieter tools during that timeframe. Malfurion Stormrage agreed with this approach, suggesting that residents be notified a day in advance about any particularly loud work to help them plan accordingly. It appears that Turalyon took the feedback from the residents and Illidan Stormrage into consideration and initiated discussions about implementing quieter hours and providing comfortable rest areas with shaded spots. These updates and suggestions were shared in a manner that aimed to address the concerns raised by the residents regarding the construction noise."
Did Li Hua ask Jennifer Moore for book recommendations on fitness nutrition before she announced the special guest speaker at the gym?,No,"No, Li Hua did not ask Jennifer Moore for book recommendations on fitness nutrition before the announcement about the special guest speaker at the gym. This conversation took place after the special guest speaker had been announced, as evidenced by Jennifer Moore recommending ""The New Rules of Lifting"" by Lou Schuler and Alwyn Cosgrove and ""Precision Nutrition"" online courses to Li Hua in a previous interaction. Li Hua expressed her interest in receiving book recommendations in another conversation where Jennifer Moore offered her suggestions."
Did Jennifer remind Li Hua about proper nutrition and hydration before Jake shared his tips for staying hydrated during the match?,Yes,"In the conversation, Jennifer Moore did indeed mention tips related to nutrition and hydration to Li Hua. Specifically, Jennifer encouraged Li Hua to focus on longer cardio sessions and interval training, which would likely involve proper nutrition and hydration. Jennifer also emphasized the importance of staying hydrated, suggesting that Li Hua should consider grabbing a snack with carbohydrates and proteins, like a banana with peanut butter, after an intense game. Jennifer went on to say, ""Hydration is super important too! Water or an electrolyte drink will help."" This indicates that Jennifer did remind Li Hua about proper nutrition and hydration before Jake shared his tips for staying hydrated during the match. However, it appears that Jake's tips were centered more on practical tips for recovery after the intense game, such as quickly refueling with a snack and ensuring adequate hydration, rather than nutrition advice."
Did the group members talk about their favorite characters in the TV series Game of Thrones after Emily started a vote on the most hateable character?,Yes,"After Emily initiated a poll for the most hateable character in Game of Thrones, the conversation indeed shifted to discussing the various characters from the series. Niamh mentioned Joffrey Baratheon as a character she found particularly hateful due to his cruelty. Orion agreed, stating that Joffrey was definitely up there with Ramsay Bolton, whom he found to be ""pure evil."" Tamara also weighed in, expressing her dislike for Cersei Lannister, describing her as manipulative and arrogant. Phaedra chimed in, agreeing with Tamara, and pointed out Petyr Baelish (Littlefinger), noting his scheming as frustrating to watch. The discussion concluded with a tie between Joffrey, Ramsay, and Cersei as the most hateable characters, showcasing the intensity of their opinions on these characters."
Did Li Hua ask Thane about his opinion on The Last of Us before he asked about Sekiro: Shadows Die Twice?,No,"No, there is no indication in the provided conversation logs that Li Hua asked Thane Chambers about his opinion on The Last of Us before he asked about Sekiro: Shadows Die Twice. In the dialogue, Li Hua first inquires about Sekiro: Shadows Die Twice, and then asks about The Last of Us shortly thereafter. Li Hua specifically mentions that he is thinking about getting Sekiro: Shadows Die Twice, and then follows up by asking about The Last of Us. Therefore, Li Hua did not ask Thane Chambers about his opinion on The Last of Us before he asked about Sekiro: Shadows Die Twice."
Did Jake Watson and Li Hua discuss the classic matches between FC Barcelona and FC Bayern Munich before the group members discussed the classic matches between FC Barcelona and Real Madrid?,Yes,"No, Jake Watson and Li Hua did not discuss the classic matches between FC Barcelona and FC Bayern Munich. The conversation between Jake Watson and Li Hua focused on their admiration for the dramatic matches between FC Barcelona and FC Bayern Munich, particularly mentioning the 2014 match where Barcelona crushed Real Madrid 4-3 and the 2015 Champions League match where Barcelona came back to defeat Bayern Munich 7-1. This discussion took place on October 5th, 2026, at 10:05 AM. In contrast, the group members who discussed the classic matches between FC Barcelona and Real Madrid included Li Hua, Giselle, Ivor, Jasper, Farrah, Aurora, Evangeline, Dacey, Caspian, Briar, Henley, and Li Hua (again). This discussion occurred on October 26th, 2026, at 4:00 PM. Therefore, the two discussions took place on different dates and involved different groups of individuals."
Did the group members debate about the best football manager in the Premier League history after they debated if Pep Guardiola is the greatest soccer manager in football history?,Yes,"Yes, after the initial debate among the group regarding the best football manager in the Premier League history, the conversation shifted to discussing if Pep Guardiola is the greatest soccer manager in the history of the game. This shift in topic can be seen in the dialogue from the second source, where Jake Watson asks LiHua if she thinks Pep Guardiola is the best football manager in Premier League history. The ensuing conversation then delves into various aspects of Guardiola's managerial style and achievements, including his impact on City and the league, as well as his tactical innovations and the development of his players. This indicates that the group did indeed continue the discussion about Guardiola's standing within the context of Premier League history after initially focusing on the league's managers."
Did the discussion about Jaime Lannister's character occur after the discussion about Cersei Lannister's character?,Yes,"The discussions about both Cersei Lannister and Jaime Lannister's characters seem to be occurring concurrently within the context of the ongoing conversations about characters and their stories in the TV series Game of Thrones. There is no explicit mention of one discussion following the other, suggesting that these discussions are taking place alongside each other rather than sequentially. However, given the nature of the discussions, it appears that Jaime Lannister's character arc, particularly his transformation from a villain to a complex and emotionally vulnerable figure, is a topic of significant interest and engagement. This transformation and the subsequent episodes of his character development, such as his relationship with Brienne of Tarth, seem to be part of a broader conversation about the evolution of characters in Game of Thrones. Jaime Lannister's storyline often intersects with that of Cersei, as their dynamics are integral parts of the narrative. Therefore, while the discussions are not explicitly described as occurring in a specific order, they likely coexist within the larger framework of analyzing and discussing the characters in the series."
Did Jennifer challenge Li Hua to do 60 pull-ups in a training session after she challenged him to do 100 pushups?,Yes,"In one of the training sessions, JenniferMoore did challenge LiHua to complete 100 pushups in a single session. This occurred on November 4th, 2026, at 10:00 AM. However, there is no mention of JenniferMoore challenging LiHua to do 60 pull-ups after he completed 100 pushups. Instead, a separate training session on November 29th, 2026, at 19:00, saw JenniferMoore encouraging LiHua to prepare for the upcoming challenge by mentioning, ""Let's aim high!"" and suggesting that LiHua should ""make sure to warm up properly."" No specific number of pull-ups was mentioned in this session. Therefore, based on the information available, there is no evidence to suggest that JenniferMoore specifically challenged LiHua to do 60 pull-ups after he completed 100 pushups in a training session."
Did Jake share common knowledge about offside in soccer with Li Hua before he passed practical techniques to Li Hua on how to avoid offside for a forward?,Yes,"In the conversation, Jake first explained the concept of offside in soccer to Li Hua. This occurred on November 5th, specifically at 15:00. He clarified that an attacking player is considered offside if they are in front of the last defender (excluding the goalkeeper) at the moment the ball is played to them. This helps maintain fairness and excitement in the game. Following this explanation, Jake provided practical advice on how to avoid being offside as a forward on the field. He suggested timing runs correctly by looking at defenders and starting sprints just as the ball is played, emphasizing the importance of staying level with the second-to-last defender. Additionally, keeping an eye on teammates' positioning was highlighted as another key aspect. Therefore, Jake did indeed share common knowledge about offside rules before moving onto practical techniques for Li Hua to avoid offside status as a forward."
Did Wolfgang arrive in Hong Kong after he informed Li Hua about his upcoming trip?,Yes,"Yes, Wolfgang did arrive in Hong Kong after informing Li Hua about his upcoming business trip. This can be inferred from the conversations in the sources where Wolfgang shares his arrival in Hong Kong and provides updates about his experiences in the city. Specifically, in Source 1, Wolfgang mentions, ""Just touched down in Hong Kong! 😍 The city is incredible, so vibrant and full of life. Can't wait to explore!"" This clearly indicates that he had already arrived in Hong Kong by the time he shared this update with Li Hua."
"Who does Li Hua go to watch the movie ""Overwatch 3"" with?",Wolfgang,"In the conversation, WolfgangSchulz mentions that LiHua expressed interest in attending the movie ""Overwatch 3"" along with him. They discussed meeting up at 7 PM the following day to watch the film. There is no indication that LiHua will be going to the movie with anyone else besides WolfgangSchulz."
Has Wolfgang ever been to Hong Kong?,Yes,"Based on the information provided, Wolfgang has indeed been to Hong Kong. Specifically, there are entries indicating that Wolfgang is planning a business trip to Hong Kong and has already arrived there. In one conversation, Wolfgang mentions that he has been ""off to Hong Kong for a couple of days next week"" and shares his experiences upon arrival, describing the city as ""incredible, so vibrant and full of life."" Additionally, he discusses his plans for his first day in the city, suggesting activities such as visiting Victoria Peak and trying dim sum. This clearly shows that Wolfgang has visited Hong Kong previously and is now returning for another trip."
Who knows about Wolfgang going to Hong Kong?,LiHua & Chae & Yuriko,"From the provided data, it appears that Wolfgang is aware of his upcoming trip to Hong Kong. This is evident from a conversation between WolfgangSchulz and LiHua on December 19, 2026, where Wolfgang informs LiHua about his trip, mentioning, ""Hey! Just a heads up, I'm off to Hong Kong for a couple of days next week."" Additionally, another message from WolfgangSchulz on December 23, 2026, confirms his arrival in Hong Kong and his excitement about exploring the vibrant and lively city, stating, ""Just touched down in Hong Kong! 😍 The city is incredible, so vibrant and full of life. Can’t wait to explore!"" Hence, Wolfgang is well-informed about his trip to Hong Kong and is planning to spend some days there."
Who wished Li Hua a happy Lunar New Year?,Adam Smith & Jennifer Moore & Wolfgang Schulz,"In the conversation, both Adam Smith and Wolfgang Schulz wished Li Hua a happy Lunar New Year. Specifically, Adam Smith sent a message saying, ""Happy Lunar New Year! 🎉 Hope you have a fantastic celebration and lots of yummy food! Let’s catch up soon!"" Meanwhile, Wolfgang Schulz expressed his wish through a message that stated, ""Happy Lunar New Year! 🎉 Hope you have a fantastic celebration and lots of yummy food! Let’s catch up soon!"""
Who introduced the bread delivery service and recommend Alice for the delivery?,HaileyJohnson,"The doorstep delivery service offered by HaileyJohnson was introduced by HaileyJohnson herself, who highlighted its convenience, especially for busy days. To facilitate these deliveries, HaileyJohnson hired Alice as a new clerk to handle the doorstep delivery service for milk and bread. Alice is described as being friendly and capable, making her well-suited for the role of delivering bread to customers."
What opportunity did LiHua create for Chae to meet Wolfgang and Yuriko?,LiHua introduced Chae to Wolfgang and Yuriko during the band's gathering on Sunday evening,"LiHua created an opportunity for Chae to meet Wolfgang and Yuriko through a series of interactions involving virtual conversations and jam sessions. Initially, Wolfgang mentioned to LiHua that he thought Chae would be a good fit for the group because of his musical interests, suggesting that Wolfgang and LiHua were planning to invite Chae to participate in their upcoming jam sessions. Subsequently, LiHua expressed excitement about inviting Chae to their Sunday jam session, which further solidified the opportunity for Chae to meet Wolfgang and Yuriko. This opportunity allowed Chae to connect with Wolfgang and Yuriko, potentially leading to more collaborations and interactions within the group."
What special offerings did Hailey have for her backery shop in the month of May?,a special Mother's Day bakery promotion & a special summer promotion on ice cream & a free baking class at the end of May & banana durian cheesecake,"In May, Hailey Johnson offered several special promotions and events at her bakery. One notable event was a 20% off bread promotion that ran from the 30th until the end of the month. Additionally, on Mother's Day (which fell in May), Hailey Johnson launched a special promotion where customers could receive a 15% discount on pastries and special cakes. To celebrate Mother's Day, Alice, who handles the doorstep delivery service, would also deliver the ordered items fresh to customers' addresses on the same day. This special promotion included a variety of pastries, such as raspberry-filled croissants and chocolate eclairs, which were recommended by Hailey Johnson. Customers could choose to buy these pastries in bulk, ordering a dozen of each type for delivery on Monday at 8 AM. These special events and promotions reflect Hailey's efforts to attract regular customers and provide unique experiences throughout the month of May."
How long does it take in total from LiHua planning on getting the air-conditioner to the air-conditioner been installed?,about 27 days,"From the conversation, it appears that LiHua initially expressed interest in installing an air-conditioner in her basement (as seen in Interaction 1). She then received advice on the type of air-conditioner she might want to consider (Interaction 5). After receiving this information, LiHua and Adam Smith discussed the warranty and maintenance plans (Interaction 7), followed by Adam Smith checking in to see if LiHua had any concerns or special requests for the air conditioner installation (Interaction 6).The timeline shows that Adam Smith reached out to check on the status of the installation after the initial request (Interaction 3), and the actual installation took place on Wednesday the following week as mentioned in Interaction 9. Therefore, from the moment LiHua expressed interest in the air-conditioner until the installation took place, it seems to span at least a week, given the discussions and planning that occurred before the installation date. This timeframe includes the discussion of different types of air-conditioners, their efficiency, and the potential maintenance plans. Thus, the total duration from when LiHua started planning to when the air-conditioner was installed is likely at least one week."
Did it take more than 3 weeks from LiHua planning on getting the air-conditioner to the air-conditioner been actually installed?,Yes,"No, it did not take more than three weeks from LiHua's initial inquiry about installing an air-conditioner in the basement to the actual installation. According to the timeline provided, the initial query was on July 16, 2026, followed by discussions about the size, type, and warranty/maintenance plans. The actual installation was scheduled for August 12, 2026, which is less than three weeks from the initial inquiry. Thus, the process spanned about a month, indicating a relatively swift service delivery."
Did it take more than a week from Adam asking LiHua about the ideal installation date to Adam reminding LiHua about the contractor team installing air-conditioner at 18:00?,Yes,"No, it did not take more than a week for Adam to remind LiHua about the air-conditioner installation. From Adam's initial inquiry about the installation date to his reminder, there were two interactions documented:1. On August 3rd at 13:00, Adam asked LiHua about the installation date and suggested a potential afternoon slot.2. On August 24th at 19:00, Adam followed up on the air-conditioner installation, asking if everything was working fine.This timeframe indicates that the reminder came within a week of the initial inquiry, suggesting that the installation was completed within a week."
Is the time interval more than 3 days between LiHua asking Adam to help him install a curtain on the basement window and Adam asking LiHua to measure the size of the window?,Yes,"The time interval between LiHua asking Adam to help him install a curtain on the basement window and Adam asking LiHua to measure the window size is exactly 3 days. Specifically, the first interaction took place on September 21, 2026, at 16:00, and the second interaction occurred on September 28, 2026, at 10:00. This suggests that the time interval is precisely three days, not more than three days."
Is the time interval more than 7 days between Adam asking LiHua to measure the size of the window and Adam informing Li Hua that he has booked the curtain of the right size?,Yes,"No, there is not a more than 7-day gap between Adam Smith asking Li Hua to measure the size of the window in the basement and Adam Smith informing Li Hua that he has booked the curtain of the right size. Specifically, the interaction regarding the window measurement occurred on September 28th at 10:00, and Adam Smith mentioned booking the curtain by the end of the weekend, which is October 7th, a total of 7 days later."
Is the time interval more than 3 days between LiHua confirming that he has received the curtain and Adam asking LiHua if the curtain is all good?,Yes,"No, there is not a time interval more than 3 days between LiHua confirming that he has received the curtain and Adam asking if the curtain is all good. In the conversation, Adam inquires about the status of the curtains on October 7th (20261007), and LiHua responds affirmatively that he has received them on October 7th as well. Then, on October 19th (20261019), Adam asks if the curtains are still all good since LiHua has been using them for a while. Thus, the time interval between LiHua receiving the curtains and Adam asking about their condition is only two days, which does not exceed three days."
Wolfgang suddenly becomes very concerned about good body shape and healthy food choices in December. What are the two conversations he had with LiHua in December that reflect this?,20261202_14:00 & 20261209_19:00,"In December, Wolfgang Schulz expressed growing concern about his body shape and dietary habits, specifically focusing on maintaining a good figure and choosing healthy foods. This concern is evident in two key conversations he had with LiHua in December. Firstly, on December 2nd, Wolfgang mentioned his admiration for LiHua's good body shape and invited her to engage in a workout together. He recognized the importance of physical fitness and sought advice from LiHua on how to improve his own physique. This conversation shows Wolfgang's newfound interest in his appearance and his desire to adopt healthier habits.Secondly, on December 9th, Wolfgang initiated a discussion about healthy breakfast options. He shared his interest in trying avocado toast or oatmeal, suggesting that he was beginning to prioritize nutritious meals. LiHua enthusiastically supported his idea, proposing additional protein-rich elements like eggs, and encouraged Wolfgang to experiment with smoothie recipes. This interaction highlights Wolfgang's growing commitment to adopting a healthier lifestyle and engaging in activities that promote a better body shape.These conversations indicate a shift in Wolfgang's priorities towards maintaining a physically fit and healthy lifestyle, which is evident from his expressions of admiration for LiHua's physique and his eagerness to incorporate healthier practices into his daily routine."
Did Li Hua agree to have dinner with Wolfgang after he told Wolfgang about the lunch arrangement?,Yes,"In the conversation, Wolfgang informed Li Hua about a lunch plan at a cozy café downtown at 12:00. Specifically, Wolfgang said, ""Hey WolfgangSchulz: Hey! Just wanted to remind you about our lunch at the cozy café downtown at 12:00. Can't wait to catch up! 😊"". Following this, Li Hua responded positively, saying, ""LiHua: Thanks for the reminder! I'm really looking forward to it too! What do you feel like eating? 🍽️"". This indicates that Li Hua agreed to have lunch with Wolfgang at the planned time and place. There is no mention of a subsequent dinner arrangement between Li Hua and Wolfgang."
Did Li Hua ask Wolfgang Schulz for a recommendation on a gym or fitness center before asking Jennifer Moore for book recommendations on fitness nutrition?,Yes,"No, there is no indication in the provided data that Li Hua asked Wolfgang Schulz for a recommendation on a gym or fitness center before seeking book recommendations from Jennifer Moore. The interactions between Li Hua and Wolfgang Schulz revolve primarily around his interest in fitness and music, including discussions about attending a gym and participating in jam sessions. Wolfgang Schulz does mention recommending a gym called FitZone to Li Hua, but this recommendation occurred after Li Hua already expressed interest in finding a suitable gym. Therefore, Wolfgang Schulz did not provide a recommendation to Li Hua before he sought out Jennifer Moore's book recommendations."
Did Li Hua ask Wolfgang Schulz if he wants to go to the gym together before Jennifer reminded Li Hua to participate in the gym's membership feedback activity?,Yes,"No, Li Hua did not ask Wolfgang Schulz if he wanted to go to the gym together before Jennifer reminded Li Hua to participate in the gym's membership feedback activity. The conversation regarding Wolfgang Schulz's interest in joining Li Hua for a workout does not appear until a later time, specifically during a discussion about jamming sessions and workout plans. Prior to Jennifer reminding Li Hua about the membership feedback activity, Li Hua and Wolfgang were discussing the possibility of working out together at a future date."
Did Li Hua send a message to Wolfgang Schulz saying that he has prepared all the delicious food for tonight's Chinese Lunar New Year before Wolfgang sent a message to Li Hua wishing him a happy Lunar New Year?,Yes,"No, based on the conversations provided, Li Hua did not send a message to Wolfgang Schulz confirming that all the delicious food for the Chinese Lunar New Year celebration was prepared before Wolfgang wished Li Hua a happy Lunar New Year. Wolfgang Schulz expressed his excitement about the upcoming Lunar New Year celebration, mentioning looking forward to enjoying some good food and relaxing, but he did not specifically mention preparing any food. Li Hua, on the other hand, mentioned her plans to visit a local festival to soak up the atmosphere and take some photos, and she also indicated that she would be on the lookout for yummy food. There is no direct communication showing that Li Hua had already prepared all the food for the celebration before Wolfgang wished her a happy Lunar New Year."
Did Li Hua's complaint about the customer who modifies their requirements occur before Wolfgang comforted him?,No,"There is no information regarding a complaint from Li Hua about a customer modifying their requirements in the provided data. The conversation between Li Hua and Adam Smith focuses on rent payments and other financial matters. Wolfgang Schulz is mentioned in a few contexts, including a music jam session and a dinner invitation, but there is no mention of him addressing or comforting Li Hua about any issues. Therefore, based on the available data, it cannot be determined whether Wolfgang comforted Li Hua before or after Li Hua had a complaint about a customer."
Did Li Hua share a blog post about his recent fitness achievements after Jennifer sent him a motivational message?,Yes,"From the provided data, there is no mention of Li Hua sharing a blog post about his recent fitness achievements directly following a motivational message from Jennifer Moore. Instead, the motivational messages seem to be part of regular communication between Jennifer and Li Hua regarding their fitness journey. There is a record of Jennifer sending motivational messages to Li Hua, and she congratulates him on his progress and encourages him to share his success story with others. However, there is no indication of Li Hua creating or publishing a blog post based on these exchanges. The blog posts are specifically linked to Yuriko Yamamoto's intentions to share insights and engage her audience, which does not pertain to Li Hua's interactions with Jennifer."
Did Li Hua send a follow-up message to Jennifer before she asked him about his latest sleeping schedule?,Yes,"No, there is no mention of Li Hua sending a follow-up message to Jennifer Moore regarding her query about his sleep schedule. The interaction begins with Jennifer asking Li Hua about his recent sleep habits, and Li Hua responds positively, indicating he has been getting better sleep, averaging 7-8 hours per night. Thereafter, Jennifer suggests they might need to adjust their training intensity based on Li Hua's current state of health and rest. Li Hua agrees to consider the adjustments, and they plan to proceed with the same intensity and perhaps add new exercises for variety. No further communication between them is detailed in the provided records."
Did Li Hua ask Adam Smith about placing potted plants in the basement before he asked about decorating the basement?,No,"In the conversation, Li Hua first inquires about adding potted plants to the basement. This query occurs in a message dated 20261214_14:00. Later, on 20260219_20:00, Li Hua asks about decorating the basement, specifically mentioning sound-insulating pads. Thus, it appears that Li Hua did not ask Adam Smith about placing potted plants in the basement before he asked about decorating the basement. Instead, his initial request was to add potted plants, which was approved by Adam Smith, indicating that the conversation progressed from one topic (potted plants) to another (decorations)."
Did Li Hua ask Wolfgang for advice on renovating the basement before he invited Adam Smith to check the progress of the basement renovation?,Yes,"No, there is no indication in the provided data that Li Hua asked Wolfgang for advice on renovating the basement before inviting Adam Smith to check the progress of the basement renovation. The invitation to Adam Smith to join Li Hua at the basement renovation site appears to be a separate matter, unrelated to Wolfgang's participation or any request for advice. Li Hua simply expressed her interest in showing Adam Smith the progress of the renovation without mentioning Wolfgang's involvement or asking for his input on the basement renovation."
Did Li Hua tell Wolfgang about making a new friend before Yuriko reminded the group members to meet for the music festival?,Yes,"No, based on the information provided in the conversation, Li Hua did not initially mention making a new friend to Wolfgang or anyone else before the music festival discussion. The first mention of a new friend, Yuriko, comes from Li Hua’s message to Wolfgang, ""Hey Wolfgang! So, I recently made a new friend, Yuriko. She's really cool! 🎸"". This message is from March 18th, 2026. Later, Li Hua does inform Wolfgang and the group about the upcoming local music festival, suggesting that Yuriko was already known to the group by the time they discussed the music festival."
What time does Li Hua check in with Adam about moving in?,5:30 PM,"Li Hua initiates her first interaction with Adam about the move-in details on January 5th, 2026, at 14:00 (2:00 PM). This initial conversation takes place on the day she is planning to visit the new place, which indicates that 14:00 is the time she intends to check in with Adam about the move-in arrangements."
What time is Li Hua's lunch with Wolfgang Schulz at the cozy café downtown?,20260108,"Li Hua and Wolfgang Schulz have arranged a lunch meeting at the cozy café downtown at 12:00 PM. The exact details of their conversation are provided in the following source:```csvid,content0,""Time: 20260108_11:00WolfgangSchulz: Hey! Just wanted to remind you about our lunch at the cozy café downtown at 12:00. Can't wait to catch up! 😊LiHua: Thanks for the reminder! I'm really looking forward to it too! What do you feel like eating? 🍽️""```Therefore, the lunch meeting takes place at 12:00 PM."
What is the Wi-Fi password at Li Hua's house?,Family123,"Sorry, I'm not able to provide an answer to that question."
What does Adam say about having friends over?,having friends over occasionally is fine,"According to the interactions detailed in the conversation logs, Adam Smith explicitly states that it is acceptable to have friends over occasionally. This is evident from a conversation where LiHua inquires about house rules and specifically asks if it's okay to have friends over occasionally. Adam responds affirmatively, stating, ""You're welcome! Yes, having friends over occasionally is fine, just try to keep the gatherings reasonable."" Additionally, Adam mentions this during a different conversation when LiHua confirms she understands the policy, saying, ""Awesome, appreciate it! Looking forward to settling in."" This indicates that Adam supports occasional gatherings of friends within the premises."
What house rule does Adam mention?,keep noise to a minimum during late hours,"In one of the conversations recorded, Adam mentions a house rule regarding noise levels during late hours. Specifically, he advises keeping the noise to a minimum during these times to ensure a peaceful environment. Additionally, Adam emphasizes taking good care of the property, suggesting that both rules should be followed to maintain the house in good condition."
What does Li Hua report to Adam on January 6th?,the water tab in the apartment is broken,"On January 6th, Li Hua and Yuriko Yamamoto had a meeting at 2:00 PM to discuss homepage updates. This is evident from the entry in the dataset:```plaintextTime: 20260303_09:30LiHua: Hey! Just wanted to confirm if we’re still good for our meeting on March 6th at 2:00 PM to discuss the homepage updates. Let me know!YurikoYamamoto: Hi! Yes, that works for me. Looking forward to it! 😊LiHua: Awesome! Can’t wait to hear your ideas and get started. See you then!YurikoYamamoto: Thanks! I’ve been brainstorming some concepts. It should be fun! See you on the 6th! 🎶```This indicates that Li Hua reported back to Adam regarding the progress and ideas discussed during their meeting on March 6th. However, the specific details of their discussion on January 6th are not provided in the data. Li Hua likely reported on the progress made since the last meeting or provided updates on other matters related to the homepage."
When does Adam confirm the plumber will arrive?,tomorrow at 10 AM,"According to the interactions provided, Adam Smith confirms with LiHua that the plumber will arrive at 10 AM the following day, which is January 6th, 2026. This information is detailed in the message timestamped ""Time: 20260106_15:00"" from LiHua to Adam, where LiHua states, ""Sounds good to me! I'll be ready for him. Thanks for taking care of that!"" and Adam replies, ""Great! If you need anything else or have questions, just let me know."""
What does Li Hua ask Adam about the door hinge?,a small repair,"In one of the messages, Li Hua asks Adam Smith if it's possible to get a small repair done on the door hinge, which has been squeaking quite a bit. Specifically, Li Hua mentions that she has noticed the door hinge is ""quite a bit squeaky"" and inquires about arranging a repair. Adam Smith agrees to arrange the repair and offers to coordinate with the repair service to ensure it is completed promptly."
What is the name of the gym that Wolfgang recommended LiHua to go to?,FitZone,"Based on the conversation between Wolfgang and LiHua, Wolfgang recommended a gym called ""FitZone"" located not too far from LiHua's place. This recommendation came during a discussion about staying active, as LiHua expressed interest in finding a good gym to engage in physical activities."
When does Li Hua plan to celebrate Chinese Lunar New Year?,20260118,"According to the conversation, Li Hua plans to celebrate Chinese Lunar New Year at her place on January 18th. Specifically, she mentioned, ""I'm thinking of celebrating Chinese Lunar New Year at my place on Jan 18th."" This date aligns with WolfgangSchulz's enthusiastic response, indicating his intention to attend and participate in the celebration."
What does Li Hua plan to celebrate Chinese Lunar New Year?,dumplings,"Li Hua plans to celebrate Chinese Lunar New Year by hosting a gathering at her place on January 18th. She anticipates inviting WolfgangSchulz to join in the celebration, emphasizing the importance of the occasion. According to the conversation, Li Hua will likely prepare traditional dishes and decorations, creating a festive atmosphere for the event. Li Hua and WolfgangSchulz have discussed their preferences for dishes; WolfgangSchulz expresses his fondness for dumplings, while Li Hua mentions her preference for rice cakes, which symbolize prosperity. The celebration will undoubtedly involve sharing meals, exchanging gifts, and enjoying traditional foods, reflecting the cultural significance of the event."
Who does Li Hua plan to celebrate Chinese Lunar New Year with?,Wolfgang,"In the conversation, Li Hua mentions she is planning to invite WolfgangSchulz to her place on January 18th for the celebration of Chinese Lunar New Year. This indicates that WolfgangSchulz is the person Li Hua plans to celebrate with. Additionally, another mention is made regarding AdamSmith, who also expresses interest in celebrating Chinese Lunar New Year with Li Hua, though it is not explicitly stated that AdamSmith will join Li Hua."
Li Hua accidentally broke a light fixture once. What did Adam say about the light fixture?,I'll arrange for a professional to take a look,"In one conversation entry dated 20260108_19:00, Li Hua informed Adam that she had accidentally broken a light fixture in the apartment. Adam responded by saying that it was best if Li Hua did not attempt to fix it herself and that he would arrange for a professional to take a look at it. He also promised to keep Li Hua updated on the situation."
Li Hua has a difficult client. When did he solve that client's project?,20260209,"There isn't a specific mention of when Li Hua solved the difficult client's project in the provided conversations. The conversation discusses Li Hua securing a difficult client on February 9th, 2026, but does not detail when the project was completed. Li Hua expresses enthusiasm about the win, mentioning that it ""feels like a big win"" and plans to hit the slopes for fun activities, but there is no indication of when the client project was resolved."
When did Li Hua express frustration about a client changing requirements?,20260131_14:00,"In multiple interactions, Li Hua expressed frustration regarding clients changing their requirements frequently. One notable instance occurred on 20260114_12:00, where Li Hua mentioned, ""Ugh, that client from last week is driving me crazy! 🙄 They keep changing their requirements like every couple of days. It’s so frustrating trying to keep up with their whims!"" This frustration continued throughout various conversations, highlighting the ongoing challenge Li Hua faced with clients' constantly shifting demands."
What did Wolfgang Schulz suggest Li Hua to do when Li Hua face a difficult client?,keep a clear log of all the changes requested by the client,"In one of the interactions recorded, Wolfgang Schulz offered advice to Li Hua when she faced difficulties with a challenging client. Specifically, Wolfgang suggested that Li Hua should communicate clearly with the client about their expectations regarding any changes that might occur. Wolfgang advised Li Hua to set these expectations upfront, which could help prevent future misunderstandings and ensure a smoother project process. Additionally, Wolfgang encouraged Li Hua to stay proactive in addressing any adjustments to requirements, emphasizing the importance of keeping the lines of communication open."
Can Li Hua hang his artworks on the wall?,Yes,"Based on the conversation provided, Li Hua was inquiring about the rules regarding hanging his new artwork on the walls. In the exchange, Adam Smith reassured Li Hua that he can hang his artwork as long as he doesn't damage the walls and uses removable hooks. Therefore, according to the information given, Li Hua can hang his artwork on the wall safely, provided he takes care not to cause any damage to the walls."
When did Li Hua change the training plan?,20260204,"Li Hua changed the training plan on 20260204_15:00. In this conversation, he expressed his desire to balance work and fitness better and suggested changing the training frequency to twice a week instead of the previously agreed upon schedule. Jennifer Moore agreed and recommended Tuesdays and Thursdays for their sessions, which Li Hua found suitable and accepted."
What days does Li Hua takes for the training sessions?,Tuesdays and Thursdays,"Based on the interactions provided in the data, there isn't a specific mention of which days Li Hua takes for his training sessions. However, we can infer some information from the conversations:In one instance (Source 1), Jennifer Moore mentions they are planning to reschedule ""Training Sessions"" and suggests changing the schedule from Tuesday and Thursday to another pair of days. This implies that initially, Li Hua and JenniferMoore were planning to have training sessions on Tuesdays and Thursdays. Additionally, in Source 3, Jennifer Moore asks Li Hua about his feelings regarding the exercises she sent, suggesting that these training sessions occur at a specific time, though the exact day is not specified.Without explicit confirmation from Li Hua himself, we cannot definitively state the days he attends training sessions. The initial plan suggested by Jennifer Moore was Tuesdays and Thursdays, but this could change based on their discussions and agreements moving forward."
When did Li Hua ask Jennifer Moore for tips on dealing with muscle soreness?,20260206_16:00,"Li Hua asked Jennifer Moore for tips on dealing with muscle soreness during two different workout sessions. The first instance occurred on August 11, 2026, at 11:00 AM, where Li Hua specifically inquired about preventing muscle soreness after a tough workout. The second instance took place on February 6, 2026, at 4:00 PM, where Li Hua expressed concerns about feeling sore after their workout sessions and asked for strategies to manage and relieve the discomfort."
What are some of Jennifer Moore's tips for dealing with muscle soreness?,hydration&active recovery&stretching&foam rolling&rest,"Jennifer Moore provides several tips for dealing with muscle soreness, primarily focusing on recovery techniques. In one conversation, she suggests that Li Hua drink plenty of water to aid in recovery, as hydration plays a significant role in muscle recovery. Additionally, she recommends performing active recovery, which includes light activities like walking or gentle yoga, to help alleviate soreness. Jennifer also emphasizes the importance of stretching, suggesting that Li Hua spend some time stretching his muscles post-workout to improve flexibility and relieve tension. She further advises Li Hua to incorporate foam rolling, which involves using a foam roller on sore spots to help ease tight muscles and improve recovery. Lastly, Jennifer encourages Li Hua to ensure adequate rest, noting that muscles need time to heal. These tips cover hydration, active recovery, stretching, foam rolling, and rest, providing comprehensive guidance for managing muscle soreness."
Why did Li Hua ask for extra exercises to do at home?,to complement his training schedule,"Li Hua reached out to Jennifer Moore asking for additional exercises to perform at home, given his existing training schedule. This request indicates that he wants to maximize his progress and benefit from varied workouts beyond what he typically engages in at the gym. The motivation behind this inquiry suggests a desire for comprehensive fitness, aiming to enhance his overall routine and potentially improve his physical performance and endurance."
What exercises did Jennifer Moore suggest Li Hua do at home?,bodyweight squats& plank holds&push-ups&lunges&glute bridges,"Jennifer Moore suggested several exercises for Li Hua to do at home. The exercises included bodyweight squats, plank holds, push-ups, lunges, and glute bridges. These exercises were recommended to help maximize Li Hua's training schedule and provide a comprehensive workout regimen. Li Hua was encouraged to aim for three sets of ten to fifteen repetitions for each exercise."
What is Adam Smith's condition for Li Hua to add decorations to the basement?,must be reversible and not damage anything,"In the conversation, Li Hua inquired about adding some sound-insulating pads to the basement. Adam Smith responded positively, stating that as long as the modifications are reversible and do not damage anything, he is okay with it. This indicates that Adam Smith's condition for Li Hua to add decorations to the basement is that the changes should be reversible and should not harm the existing structure."
When was the first time Wolfgang went to Li Hua's basement?,20260221,"The first documented interaction involving Wolfgang and Li Hua's basement occurs in the entry titled ""Time: 20260416_19:00."" In this conversation, Wolfgang expresses interest in checking out the basement renovation progress and asks Li Hua for advice on how to proceed with the space. This suggests that Wolfgang has visited the basement at least once prior to this point, likely to discuss improvements or plan activities within it. However, the exact first time he went there isn't specified in the given entries."
What ideas did Wolfgang Schulz suggest for Li Hua's basement practice spot?,good lighting&soundproofing&a comfy chair,"In one of the interactions, Wolfgang Schulz offered several practical and creative ideas for transforming Li Hua's basement into a more enjoyable practice space. He suggested starting with good lighting to keep the area bright, along with soundproofing measures. To enhance comfort, he recommended adding a comfy chair. Additionally, Wolfgang proposed incorporating elements that would make the space feel personal and inviting, such as hanging up posters of Li Hua's favorite bands or framing album covers. Another suggestion was setting up a corkboard for inspiration and a little shelf for Li Hua's musical gear. His goal was to create a space that was functional yet aesthetically pleasing, ensuring that Li Hua could enjoy his practice sessions and make the most out of the newly acquired space."
Why did Adam remind Li Hua not to play guitar late at night?,a few neighbors have mentioned they're hearing guitar music late at night,"Adam reminded Li Hua not to play guitar late at night because he had received a message from a few neighbors indicating that they were hearing guitar music late into the night. In the conversation, Adam expressed concern about the loud noise and kindly asked Li Hua to ensure that he kept the volume down during those hours. This was done to respect his neighbors' peace and quiet and maintain a harmonious living environment."
What type of ambiance does YurikoYamamoto want for her studio's homepage?,more welcoming and engaging,"Based on the conversations provided, YurikoYamamoto desires her studio's homepage to have a welcoming and engaging atmosphere. Specifically, she mentioned wanting the homepage to be more welcoming and engaging, possibly with visuals that reflect the essence of speech therapy. Additionally, she aims to include sections for resources and success stories, further emphasizing the desire for a user-friendly and informative site. The ambiance she seeks for her studio's homepage aligns with creating a calming and supportive environment that encourages client interaction and engagement."
When did Li Hua invite Adam Smith to check the basement renovation progress?,20260223_19:00,"Li Hua invited Adam Smith to check the basement renovation progress on February 23, 2026, at 7 PM. This invitation was made in a text message where Li Hua expressed her interest in seeing the progress of the basement renovation and asked Adam to join her around that time."
What is the essence of YurikoYamamoto Li Hua is helping with her homepage?,speech therapy,"In the interactions between YurikoYamamoto and Li Hua, the essence of YurikoYamamoto's project revolves around enhancing the appearance and functionality of her speech therapy studio's homepage. Initially, she seeks assistance in improving the homepage's aesthetics, aiming to make it more welcoming and engaging. She expresses a desire to incorporate visuals that reflect the essence of speech therapy and plans to include sections for resources and success stories. Additionally, she looks for ways to make the homepage more user-friendly by implementing a feature to automatically schedule available time for her therapy sessions. Throughout their discussions, Li Hua offers valuable insights and expertise, contributing to the development of a homepage that effectively communicates the values and services of the speech therapy studio."
When did Adam Smith inform Li Hua about potential issues with the pipes in the basement?,20260301_13:00,"Adam Smith informed Li Hua about potential issues with the pipes in the basement on March 1st, 2026, at 13:00. This communication came in the form of a message to alert Li Hua about possible problems with the pipes in the basement which had been reported by some neighbors. Li Hua was instructed to keep a watchful eye on the situation and report any unusual occurrences to Adam."
When is the music concert that Wolfgang invites Li Hua to?,20260307_18:00,"Wolfgang invites Li Hua to a concert that is taking place on March 7th at 6 PM. This information is derived from the timeline provided in the second source entry, which states, ""Time: 20260302_18:00\ nWolfgangSchulz: Hey! Got an extra ticket for a concert on March 7th at 6 PM. Wanna join me? Would be awesome to catch up and enjoy the concert together! 🎶""."
What dish does Li Hua agree to bring to the neighborhood potluck dinner?,Homemade pasta salad,"In the conversation related to the neighborhood potluck dinner, Li Hua agrees to bring homemade pasta salad. Specifically, Adam Smith asks Li Hua if she needs any kitchen supplies or anything from his side, and Li Hua responds that she thinks she has everything she needs, just needing to pick up some fresh ingredients the following day. Adam Smith confirms that he is looking forward to the potluck and offers to help if necessary. Therefore, the dish Li Hua agrees to bring to the neighborhood potluck dinner is homemade pasta salad."
Who is Li Hua meeting with to discuss homepage design updates?,Yuriko Yamamoto,"Li Hua is primarily meeting with YurikoYamamoto to discuss homepage design updates. This is evident from entries in the timeline where they coordinate meetings at Central Perk café, as seen in entry 1 and entry 3. In entry 3, Li Hua reminds YurikoYamamoto about their meeting scheduled for Thursday at 9 AM at Central Perk, indicating that they are collaborating on designing YurikoYamamoto's studio homepage. Additionally, entry 2 shows that they had a brainstorming session about the studio's homepage on Thursday at 9 AM, further confirming their ongoing discussions about the homepage design."
What new feature does Yuriko Yamamoto consider adding to her studio's homepage?,A blog section,"Yuriko Yamamoto is considering adding a blog section to her speech therapy studio's homepage. She believes this could be a great way to share insights about speech therapy and connect with more people. Her initial thoughts include sharing tips for parents, success stories, and possibly music therapy insights. Additionally, she envisions including interviews with clients and showcasing different speech therapy techniques, all of which would add a personal touch to the blog content. Yuriko Yamamoto also mentioned that visual elements such as videos or photos of therapy sessions could be particularly engaging. She and Li Hua plan to discuss more detailed ideas and potential structures for the blog posts during their upcoming meetings."
What time is the power outage in the neighborhood?,2 PM to 3 PM,"According to the information provided, there is a scheduled power outage in the neighborhood. Two instances of power outages are noted in the conversations:1. The first instance of a power outage is mentioned in a message dated 20260308_13:00, which states, ""There will be a power outage today from 2pm to 3pm.""2. The second instance is mentioned in a message dated 20260812_11:00, stating, ""There will be a power outage tomorrow from 2pm to 3pm for maintenance.""Both of these power outages are scheduled for the afternoon of the same day, from 2 pm to 3 pm. Thus, the power outage in the neighborhood occurs in the afternoon, specifically between 2 pm and 3 pm."
What suggestions does Li Hua give for promoting the new scheduling feature?,Showcase it on social media platforms and include a short tutorial and send out a newsletter to clients,"In the conversation between Yuriko Yamamoto and Li Hua, Li Hua provides several useful suggestions for promoting the new scheduling feature. Specifically, he recommends showcasing the feature on social media platforms and creating a short tutorial to demonstrate its functionality. Additionally, he suggests sending out a newsletter to clients highlighting the new feature. By engaging posts with visuals, Li Hua believes this approach could effectively attract more attention to the new scheduling tool."
Who invites Li Hua to join the community bake sale?,Adam Smith,"In the conversation related to the community bake sale, Adam Smith initiates the invitation to Li Hua. Specifically, Adam Smith mentions, ""That sounds fun! I'd love to help out and enjoy some baked goodies. Count me in!"" This indicates that Adam Smith is the one inviting Li Hua to join the community bake sale to support a local charity."
When does Li Hua request a delivery from Hailey Johnson?,Tuesday,"From the provided data, there are several instances where Li Hua requests a delivery from Hailey Johnson. Specifically:- In entry 1, Li Hua receives a reminder about her fresh bread delivery, which is scheduled to happen at 8 AM on the same day.- In entry 2, Li Hua requests additional deliveries from Hailey Johnson, specifically asking for bread and milk to be delivered twice a week: Mondays at 8 AM and Fridays at 8 AM.- In entry 11, Li Hua receives a delivery notice from Alice, informing her that her bread has been delivered and requesting she come and pick it up.- In entries 19 and 20, Li Hua mentions a Mother's Day promotion, requesting a specific combination of pastries to be delivered to her home for the holiday.- Additionally, in entry 17, Li Hua is reminded about a 20% off bread promotion and is encouraged to visit the bakery on August 16th to avail the discount.These examples demonstrate that Li Hua frequently requests deliveries from Hailey Johnson, either for her usual orders or for special occasions."
What is the address where Li Hua wants the bread delivery to be made?,123 Sunny Street,"From the conversation, it is clear that Li Hua requested a bread delivery to be made to her address. In one interaction, Li Hua mentions, ""My address is 123 Sunny Street."" Later in the same conversation, Hailey Johnson confirms the delivery, saying, ""I’ll see you on Tuesday at 123 Sunny Street."" Therefore, the address where Li Hua wants the bread delivery to be made is 123 Sunny Street."
What service does Hailey Johnson offer to Li Hua?,Doorstep delivery service for fresh milk and bread,"Hailey Johnson offers a doorstep delivery service for fresh milk and bread to Li Hua. This service is particularly convenient for Li Hua, who loves fresh bread. Initially, Li Hua requested a weekly delivery of bread, which Hailey agreed to provide. Later, Li Hua expressed interest in receiving bread twice a week—specifically, on Mondays at 8 AM and Fridays at 8 AM. Hailey confirmed that she would set up these deliveries, ensuring that Li Hua gets fresh bread and milk right at her doorstep. Additionally, Hailey offered to arrange for a regular schedule if it was more convenient for Li Hua. This service demonstrates Hailey's commitment to providing a seamless and convenient experience for her customers."
What time does Hailey Johnson start baking?,4 AM,"Hailey Johnson starts baking very early, typically around 4 AM. This allows her to ensure that her bread is fresh and ready for the day, ensuring that it arrives promptly at customer doors."
Where does Li Hua plan to meet Yuriko Yamamoto to show the final website?,Central Perk café,"In the conversation, Li Hua mentions that they will meet Yuriko Yamamoto at Central Perk café on Thursday at 3 PM to present the final website. Specifically, Li Hua states, ""That sounds great, Li Hua! I’ll be there. Excited to see the final result! 😊"". He also adds, ""See you Thursday! ✨"", indicating their plan to meet at Central Perk café on that day."
What does Li Hua suggest to Hailey regarding the frequency of bread delivery?,Twice a week on Mondays and Fridays at 8am,"In one of the interactions recorded, Li Hua expressed interest in receiving bread deliveries more frequently. Specifically, during a conversation in March, Li Hua suggested to Hailey that she might like to receive bread twice a week, asking for deliveries on Mondays at 8 am and Fridays at 8 am. Hailey agreed to this arrangement, indicating a willingness to accommodate Li Hua's preferences for a more consistent supply of fresh bread."
What does Li Hua agree to bring to the bonfire singing party hosted by Chae Song-hwa?,Li Hua will bring his guitar,"In the conversation about the bonfire singing party, Li Hua expresses her willingness to bring her guitar. Specifically, in the first message of the conversation dated 20260320_18:00, Li Hua states, ""I’ll bring my guitar!"" Therefore, Li Hua agrees to bring her guitar to the planned bonfire singing party."
What is the focus of Li Hua's next month's fitness plan according to Jennifer?,Strengthening lower limbs,"According to Jennifer, Li Hua's next month's fitness plan focuses on strengthening her lower limbs. Jennifer suggests incorporating squats, lunges, and deadlifts into their sessions, as well as adding some balance work to maintain overall stability and performance. This plan aims to enhance Li Hua's lower limb strength and endurance, which she has been experiencing significant improvement in."
What is the building's policy that Adam reminds Li Hua about?,Recycling policy,"In one of the messages shared, Adam Smith reminds Li Hua about the building's recycling policy. This is indicated in the following exchange:```plaintextAdamSmith: Hey Li Hua, just a quick reminder about the building's recycling policy. It's really important for us to keep the environment in mind. Let’s all do our part by participating! Thanks!LiHua: Hey Adam! Appreciate the reminder! I'll make sure to follow the recycling rules. It's great to have a community that cares about the environment. Thanks for looking out for everyone!```The recycling policy is emphasized as a key environmental initiative within the building."
What is Wolfgang looking for in his new drums?,Something versatile that sounds good for both rock and softer tunes like The Beatles,"In WolfgangSchulz's interactions, he expresses interest in finding new drums that can accommodate various musical styles, particularly suitable for both rock and softer tunes like those by The Beatles. Specifically, he mentions his goal of having drums that are versatile enough to perform well across different genres. Additionally, Wolfgang indicates that he is interested in options that are affordable without compromising quality. This desire for affordability and versatility reflects his search for a drum set that can serve multiple purposes in his musical activities."
What song does Li Hua suggest for the jam session on 20260405?,Viva la Vida,"On April 5th, 2026, Li Hua proposed the song ""Viva la Vida"" for the jam session. Wolfgang Schulz expressed enthusiasm for the song, stating that it's a great choice and that he can't wait to jam together. Yuriko Yamamoto also showed her approval and indicated that she loved the song and was excited to play it. Li Hua agreed with both of their sentiments and confirmed that they should add it to their set list. Thus, ""Viva la Vida"" by Coldplay was the song suggested for the jam session on April 5th, 2026."
When does Li Hua confirm the rent transfer to Adam?,20260331_17:00,"In the conversation, Li Hua confirms the rent transfer multiple times. Specifically, on March 30th at 18:00, Li Hua sends a message to Adam stating, ""Hey Adam, just wanted to let you know that I've transferred the rent via bank transfer. Let me know if you need anything else!"" This indicates that Li Hua has completed the rent transfer for that month."
Who is delivering the bread to Li Hua on 20260403?,Alice,"On March 30th, Li Hua received a bread delivery from Hailey Johnson. However, on April 3rd, another delivery was made by Alice, as indicated by the message: ""I am Alice from Hailey's bakery. Your bread has been delivered, please come and pick it up ASAP. Have a good day : )."" Therefore, on 20260403, Alice is delivering the bread to Li Hua."
When is ChaeSong-hwa hosting the community medical knowledge lecture?,7 PM on Saturday,"ChaeSong-hwa is scheduled to host a community medical knowledge lecture, which is mentioned twice in the sources. The first instance states that the lecture is happening on ""20260411_16:00"", indicating that it is scheduled for April 11, 2026, at 4:00 PM. The second instance specifies the date as ""20260407_19:00"", which translates to April 7, 2026, at 7:00 PM. Therefore, the lecture is occurring on two different dates: April 7, 2026, and April 11, 2026. Given the context of the conversation, it seems that April 7, 2026, at 7:00 PM, is the intended date for the event based on the participants' interactions."
What is Li Hua's feedback on Chae Song-hwa's medical knowledge lecture?,It is insightful and makes complex topics easy to understand,"In one of the recorded interactions, Li Hua attended Chae Song-hwa's medical knowledge lecture held on April 11, 2026, at 7 PM. During their conversation, Li Hua expressed that the lecture was insightful and informative. She noted that the topics covered, including basic health tips and common medical myths, were particularly helpful. Additionally, Li Hua appreciated Chae Song-hwa's presentation style, which made complex topics easier to understand. Overall, Li Hua seemed very pleased with the content and delivery of the lecture, and she indicated her intention to continue attending such lectures in the future."
Why does Li Hua ask ChaeSong-hwa about whether neurosurgeons actually use test tubes in their work?,Li Hua is trying to get some insights for a website design,"Li Hua asks ChaeSong-hwa about whether neurosurgeons use test tubes in their work in order to gather accurate information for a website he is designing. This indicates that Li Hua is interested in the specifics of neurosurgical practices and aims to provide visitors with detailed and reliable content. By seeking clarification on this matter, Li Hua ensures that the information presented on his website is both comprehensive and credible."
What suggestions does Li Hua propose to Adam Smith about the upcoming community garden renovation?,Add more seating areas for people to relax and enjoy the space and some flower beds with native plants,"In the conversation about the upcoming community garden renovation, Li Hua presents several suggestions to Adam Smith. Initially, she suggests adding more seating areas to make the garden more inviting and relaxing. Additionally, she proposes including flower beds with native plants, which she believes would attract more butterflies and bees, enhancing the biodiversity of the garden. Specifically, Li Hua recommends lavender and coneflowers as suitable plants for the flower beds due to their aesthetic appeal and beneficial effects on pollinators. Furthermore, Li Hua suggests incorporating a small herb section, recommending basil, mint, and rosemary, to allow visitors to easily pick fresh herbs for their cooking. These suggestions reflect Li Hua's desire to create a welcoming and functional space that supports local wildlife and community use."
What kinds of flowers does Li Hua recommend to Adam Smith for the flower beds?,Lavender and coneflowers and fresh herbs,"In one of the conversations recorded, Li Hua provides specific flower recommendations for the garden. Li Hua suggests using lavender and coneflowers for the flower beds. These flowers are recommended because they are both visually appealing and beneficial for attracting pollinators such as butterflies and bees. Additionally, Li Hua mentions the importance of choosing flowers that require minimal maintenance, highlighting the lavender and coneflowers as perfect choices for this purpose."
What will be a gift for Li Hua if he chooses to renew the fitness contract with Jennifer Moore?,A cool fitness bag as a gift for all the gym activities,"According to the conversation between Jennifer Moore and Li Hua, if Li Hua decides to renew his fitness contract, Jennifer Moore has offered him a ""cool fitness bag"" as a gift for all the gym activities he participates in. This suggests that the fitness bag will serve multiple purposes, including carrying equipment, storing workout gear, and possibly containing motivational items."
When is the karaoke activity organized by ChaeSong-hwa?,Saturday at 7 PM,"ChaeSong-hwa has organized several karaoke activities based on the conversations shared. The first mentioned event was scheduled for Saturday, July 1st, at 7 PM. However, there were no further karaoke events listed in the provided data up to the time of the conversation. Therefore, the specific date and time of the next karaoke activity organized by ChaeSong-hwa are not available from the given information."
Who is Li Hua bringing to the band's jam session according to their discussion on 20260425?,ChaeSong-hwa,"In their conversation on April 25th, Li Hua mentioned that he will introduce his friend to the band the following day. His friend's name was Chae, who is described as a neurosurgeon. This indicates that Li Hua intends to bring his neurosurgeon friend, Chae, to the band's jam session."
What garden-related activity is Thrall planning to organize?,A community planting day,"In one of the discussions, Thrall mentions planning a weekend tree planting activity for the kids. This activity aims to be a fun educational experience for the children, teaching them about caring for plants and the environment. It also serves to strengthen the community by bringing everyone together. The goal is to engage the children in a way that keeps them interested and motivated, possibly with rewards or incentives for their participation."
What is the main topic of the conversation on 2026-04-28 at 5 PM?,Breathing techniques and tips for squats during workouts,"There is no explicit mention of a specific topic in the conversation recorded for the time 2026-04-28 at 5 PM. The only detail provided is that Alice is informing Li Hua that her bread has been delivered and asking him to come and pick it up as soon as possible. Thus, there is insufficient information to determine the main topic of this conversation."
What is the name of the Italian restaurant where Wolfgang and Li Hua are having dinner to celebrate Wolfgang's promotion?,Venedia Grancaffe,"In one of the conversations recorded, Wolfgang and Li Hua discuss their plans to celebrate Wolfgang's promotion with dinner at a specific Italian restaurant. According to the details shared, they decide to meet at their ""favorite Italian place"" which has the best pasta. Therefore, the name of the Italian restaurant where Wolfgang and Li Hua are having dinner to celebrate Wolfgang's promotion is their ""favorite Italian place."""
What is Li Hua's suggestion for scheduling the water pipe repairs in the garden?,During off-peak hours,"In one of the discussions, Turalyon mentioned that the team was looking into repairing the water pipes in the garden soon and acknowledged that it might get a bit noisy and inconvenient. To address this issue, Turalyon proposed planning the repairs during off-peak hours to minimize their impact on everyone. Li Hua suggested that it might be beneficial to schedule the repairs during times when most people are out or busy, which was deemed as a good idea by Turalyon. This approach aims to ensure that the repairs can proceed without causing significant inconveniences to the community members."
Which two specific pastries does Hailey Johnson recommend for Mother's Day?,Raspberry-filled croissants and chocolate eclairs,"During the conversation about Mother's Day, Hailey Johnson specifically mentions two pastries that are part of her special promotion: the raspberry-filled croissants and the chocolate eclairs. These are recommended as ""perfect for a treat or a surprise"" and are described as ""always a hit!"" Therefore, the two specific pastries Hailey Johnson recommends for Mother's Day are the raspberry-filled croissants and the chocolate eclairs."
What type of stretches does JenniferMoore suggest before and after workouts?,Dynamic stretches before and static stretches after,"JenniferMoore suggests incorporating dynamic stretches before a workout to warm up the muscles properly. She recommends stretches such as lunges with a twist, arm swings, and lateral lunges. These types of stretches are designed to increase blood flow and prepare the muscles for exercise.For recovery after workouts, JenniferMoore advises static stretches. She suggests holding each stretch for at least 15-30 seconds to maximize the benefits of flexibility and recovery. Specific stretches she mentions include hamstring stretches, hip flexor stretches, and dynamic stretches like leg swings and torso twists. These static stretches help to cool down the muscles, improve flexibility, and aid in recovery.Additionally, JenniferMoore emphasizes the importance of listening to one's body and maintaining consistency in stretching routines. Consistent practice over time can lead to significant improvements in flexibility and overall performance."
When is the web design seminar at Wolfgang's company happening?,Thursday at 3 PM,"The web design seminar is scheduled to occur on Thursday at 3 PM, according to the conversation between WolfgangSchulz and LiHua. LiHua expressed enthusiasm about attending the seminar and confirmed her participation."
What is Li Hua looking forward to trying from the summer promotion?,Fruity ice cream flavors and a mango-coconut pastry,"In the latest communication regarding the summer promotion, Li Hua expressed her enthusiasm for the fruity ice cream flavors and pastries that Hailey Johnson mentioned. Specifically, Li Hua stated, ""Love those choices! Mango and coconut sound super refreshing for summer."" She also mentioned, ""We're planning to whip up some fruity ice cream flavors and maybe a mango-coconut pastry!"" This indicates that Li Hua is particularly looking forward to the mango and coconut-flavored ice cream and pastries offered as part of the promotion."
What type of lighting is preferred for the seating area in the community garden?,Soft white lights,"In the discussions about the community garden, several types of lighting were mentioned as potential additions. Initially, ArthasMenethil proposed soft white lights for a warm and inviting atmosphere, suggesting they would provide a cozy and inviting glow, perfect for relaxing evenings in the garden. This was supported by Thrall, who also recommended soft white lights, emphasizing their ability to create a warm ambiance. Additionally, MalfurionStormrage mentioned the possibility of adding solar-powered lanterns, which were found to be eco-friendly and provided a lovely soft glow without the need for wiring hassles. Therefore, both soft white lights and solar-powered lanterns were considered desirable options for enhancing the lighting in the seating area of the community garden."
Which flowers does RexxarRemar suggest for a vibrant vibe?,Bluebell and Camellia and Tulip,"From the conversations, RexxarRemar suggests a combination of Bluebells, Camellias, and Tulips as a great way to achieve a vibrant vibe for the garden. He emphasizes that this trio of flowers would complement each other well and attract butterflies, making the garden even more appealing and lively. Specifically, RexxarRemar mentions the Bluebell, Camellia, and Tulip combo sounds awesome for a vibrant vibe, highlighting the potential of these flowers to create a beautiful and engaging garden setting."
How does RexxarRemar plan to spend time in the garden once it's done?,For family gatherings and relaxing afternoons,"In the conversation, RexxarRemar expresses his thoughts on how he plans to spend time in the garden once it's completed. He mentions that he thinks it would be great for family gatherings and relaxing afternoons. Additionally, he highlights the importance of a children's play area, which he believes will provide entertainment for the kids while the adults can enjoy the garden. RexxarRemar's enthusiasm and detailed vision for the garden's use underscores the community's shared goal of transforming the space into a vibrant and welcoming community asset."
What does LiHua find as a perfect place to work in his conversation with Chae?,The Lighthouse Cafe,"In their conversation, LiHua expresses a desire for a quieter environment due to the noise caused by the ongoing garden renovation project. He suggests trying out a café or library as these places can be ""pretty chill"" and offer inspiration with a change of scenery. This indicates that LiHua finds a café or library to be the perfect place to work given the current noisy conditions. Specifically, he mentions Café ""Across the Stars"" as a potential location, noting its quiet atmosphere as ideal for both work and relaxation."
What songs does Chae propose to the Jolly band to try out on Sunday according to the conversation on 20260521?,"The Yellow Wind Rises and ""To the West""","In the conversation dated 20260521, ChaeSong-hwa suggests a few songs for the Jolly Band to try out on Sunday. Specifically, Chae proposes two songs: ""Uptown Funk"" and ""Happy."" These upbeat tracks were suggested to add more energy to their jam sessions and to provide summer vibes. The context indicates that these songs were discussed as part of a plan to incorporate upbeat songs into their repertoire for the upcoming Sunday jam session."
What time does Turalyon plan to limit noisy activities?,From 2-3 pm,"According to the conversation, Turalyon plans to limit noisy activities from 2-3 pm. He mentions this in his message where he says, ""I know noise is a concern for many. I'm planning to stick to our schedule and limit noisy activities from 2-3 pm."" This timeframe is intended to minimize disruptions during that period."
Why does WolfgangSchulz inquire of the band members about health products?,Wolfgang is feeling very tired lately with the overtime and wants to boost up his energy,"WolfgangSchulz inquires about health products specifically because he has been feeling unusually tired due to recent overtime work. He asks his bandmates for recommendations on health products that might help boost his energy level. His concern highlights the importance of maintaining good health, especially when balancing demanding professional and personal responsibilities. The discussion also touches on broader topics related to nutrition and wellness, including dietary supplements and hydration."
What is the name of the song LiHua suggests revisiting for the band's music session according to their conversation on 20260529?,The History of Everything,"In the conversation dated 20260529_17:00, LiHua suggests revisiting ""The History of Everything"" from the TV show ""Big Bang Theory"" for their next jam session. This suggestion aligns with the discussion where ChaeSong-hwa expresses enthusiasm for the song and looks forward to jamming together again to play it."
When did Li Hua inform Adam Smith that the rent for last month (implied to be May) had been transferred?,2026-06-02 at 10:00,"Based on the information provided in the messages, Li Hua informed Adam Smith that the rent for last month had been transferred on January 30, 2026, as indicated by the message ""LiHua: Hey Adam! Just wanted to let you know that I’ve transferred the rent through bank transfer. Please check when you can. Thanks!"" This message was sent at 10:00 AM on January 30, 2026."
What is the name of Hailey Johnson's new weekly flavor cheese?,Hazelnut Basque Roasted Cheese,"Hailey Johnson introduced a new weekly flavor called ""Hazelnut Basque Roasted Cheese."" This new flavor was offered at a 20% discount for the first three days, and she encouraged Li Hua to try it out."
What is the phone number for the maintenance worker that Adam Smith provided to Li Hua for the broken streetlight?,314159,"In one of the conversations recorded, Adam Smith informed Li Hua about the contact number for the maintenance worker. Specifically, in the message dated 20260707_16:00, Adam Smith mentioned the contact number 314159 for the maintenance worker. This number is the one that Adam Smith provided to Li Hua for the issue with the broken streetlight."
When is the Freelancer Group Meeting scheduled for according to the conversation between LiHua and Yuriko?,This Wednesday at 3 pm,"According to the conversation, the Freelancer Group Meeting is scheduled for March 6th at 2:00 PM. This date and time were confirmed by LiHua reminding Yuriko about the meeting through a message dated March 6th at 2:00 PM, which indicates that the meeting is taking place at Central Perk."
What suggestions does Jennifer give to LiHua to help boost his endurance?,try incorporating longer cardio sessions and interval training into your routine,"In one of the conversations, Jennifer provides specific advice to LiHua to help him boost his endurance. Specifically, Jennifer suggests incorporating longer cardio sessions and interval training into LiHua's routine. She recommends mixing up his activities, including cycling, running, and swimming. Additionally, Jennifer emphasizes the importance of proper hydration and nutrition to complement his efforts. Her advice aims to enhance LiHua's overall fitness regimen and potentially improve his endurance."
What new pastry does Hailey think is perfect for a fitness lover like Li Hua?,high-protein breads,"In one of the interactions, Hailey mentions launching a new line of high-protein breads specifically designed for fitness enthusiasts like Li Hua. This indicates that Hailey thinks the high-protein breads are perfect for a fitness lover. However, no specific pastry is highlighted as being particularly suited for someone who values fitness."
Who proposes adding some outdoor games or a small water feature to the children's play areain the community discussion?,Thrall,"In the community discussion regarding the garden renovation, Thrall suggests adding some outdoor games or a small water feature to the children's play area. This aligns with the sentiment expressed by other participants who support enhancing the space with interactive elements and soothing features to complement the playground setup."
Who proposes adding picnic tables for families to enjoy some snacks after playing?,Li Hua,"In the conversation, Li Hua proposes adding picnic tables for families to enjoy some snacks after playing. She suggests this idea as a way to create a nice gathering spot for families, which is further supported by Thrall who agrees that picnic tables would ""definitely make it more inviting for families."" Additionally, Li Hua mentions the possibility of planting a few berry bushes nearby, enhancing the enjoyment of the picnic experience."
What event does LiHua think is an opportunity for the Jolly band to perform in front of the crowd?,the poster saying that the town is holding a local music festival,"LiHua believes that attending the local music festival will provide an excellent opportunity for the Jolly Band to perform in front of an audience. This sentiment is evident from a conversation recorded on June 17th, 2026, where LiHua mentions, ""Time: 20260617_17:00, LiHua: Did you see the poster saying that our town is holding a local music festival? It looks like it can be an opportunity for our band to perform in front of the crowd!"" This event aligns with the Jolly Band's objective to gain visibility and possibly attract a larger following through public performances."
What dietary restrictions does LiHua have in his conversation with Hailey?,No dietary restrictions,"In their conversation, LiHua explicitly states that he has no dietary restrictions. He mentions, ""No dietary restrictions here, I'm all set."" This indicates that LiHua is open to trying various foods without any specific restrictions."
What will special guest speaker be talking about as Jennifer mentions to LiHua?,about nutrition for athletes,"JenniferMoore informs LiHua that the special guest speaker, who is a nutritionist, will be discussing topics related to nutrition for athletes. Specifically, the speaker will cover ""some great tips for performance and recovery."" This talk is scheduled for next Wednesday at 6 PM."
What is the survey that Jennifer wants LiHua to fill out about?,the experience with our training sessions so far,"In one of the conversations, Jennifer mentions she wants LiHua to fill out a survey about their experience with their training sessions. Specifically, Jennifer notes, ""Could you please fill out a quick survey about your experience with our training sessions so far? Your feedback really helps me improve!"" This suggests that the survey aims to gather feedback from participants regarding their experiences during the training sessions, which Jennifer intends to use to enhance her coaching methods."
Waht song does Wolfgang propose adding to the band's practice set on 20260625?,Viva la Vida by Coldplay,"On June 25, 2026, Wolfgang proposed adding the song ""Viva la Vida"" by Coldplay to their set list for their practice session. He emphasized the popularity of the song and its potential to elevate their performance, mentioning that it would be an ""awesome addition"" to their set list."
What is the main topic of the conversation between LiHua and ChaeSong-hwa on 20260626?,Chae and her team making a breakthrough in the research study and LiHua congratulating her,"On June 26th, 2026, LiHua and ChaeSong-hwa discussed a significant development in their research study. Specifically, ChaeSong-hwa informed LiHua that they had successfully gathered the necessary data and were now prepared to test their model. This breakthrough was presented with excitement and gratitude, emphasizing its importance in the field and expressing anticipation for further discussions and collaboration. The overall theme revolved around their scientific achievements and the next steps in their research endeavors."
Waht songs does Chae recommend in the band's group discussion on 20260629?,"Uptown Funk or ""Happy""","In the group discussion on 20260629, ChaeSong-hwa suggested several songs for the band's next jam session. Specifically, Chae recommended ""Uptown Funk"" and ""Happy"" as upbeat tracks to add to the playlist, which would bring more energy to their sessions. Additionally, he proposed including classics like ""Fleetwood Mac"" and ""The Beatles"" to maintain a diverse and enjoyable repertoire."
What tip does Jennifer give to the gym members on 20260630?,Staying hydrated during workout is very important,"On June 30, 2026, Jennifer provides a tip to Li Hua regarding the addition of flexibility and balance to his workout routine. Specifically, Jennifer suggests incorporating yoga and dynamic stretching techniques. These practices are intended to improve flexibility and balance, which complement Li Hua's current workout regimen."
Why deoes the construction have to be postponed according to Tirion Fordring?,the storm and the rain have been going on for days,"According to the conversation, the construction was initially postponed due to days of stormy weather and rain. Tirion Fordring mentions, ""As everyone can see, the storm and the rain have been going on for days! As a result, our construction has to be postponed, and hopefully, it will resume soon once the weather gets better!"" This indicates that the ongoing bad weather has disrupted the planned schedule for the construction work at the building."
What kinds of Thai food does Wolfgang want to try out at the Thai restaurant on 20260702?,pad thai and maybe some spring rolls,"On 20260702, WolfgangSchulz suggested visiting a Thai restaurant for dinner. According to the conversation, Wolfgang expressed his interest in trying their pad thai and some spring rolls. Specifically, Wolfgang stated, ""Thinking of trying their pad thai and maybe some spring rolls."" Therefore, based on the information provided, Wolfgang wants to try the pad thai and spring rolls at the Thai restaurant planned for dinner on 20260702."
Why are LiHua and Adam concerned about the basement in their conversation on 20260707?,They want to check if there were any issues in the basement after those rainstorms,"In the conversation dated 20260707, LiHua inquires about any issues in the basement following recent rainstorms, indicating her concern for potential water damage or other structural problems. Adam, upon hearing LiHua's concern, advises her to keep an eye on the basement and mentions he will also inform the maintenance worker if any issues arise. This exchange highlights LiHua and Adam's shared worry about the basement's condition post-rainstorms, specifically regarding the possibility of water leakage or other damages. Their concern stems from the fact that the basement had experienced a storm, and they are monitoring its condition to ensure it remains safe and habitable."
Why is Jennifer checking in in the gym group chat on 20260708?,She wants to hear how the members are all doing and offer some personalized advice.,"On 20260708_14:00, JenniferMoore checked in with a reminder for everyone to check in with her about their fitness progress. This indicates that she wants to gather updates from her fellow members and provide personalized advice. This action shows Jennifer's commitment to keeping everyone motivated and accountable for their fitness goals. She aims to help her friends and colleagues stay on track and encourage continued improvement."
What is the article that Chae shares with LiHua about?,how to fall asleep faster at night,"In one of the conversations recorded, ChaeSong-hwa shared an article with LiHua about how human beings form short-term and long-term memories. Specifically, the conversation took place on December 18th, 2026, at 18:00, and Chae mentioned, ""Hey Li Hua! Check out this article about how human beings form short-term and long-term memories!"" LiHua responded positively, saying, ""Wow, I just read it, and I'm really shocked how intricate our brains are!"" This indicates that Chae had shared an article on the intricacies of memory formation with LiHua."
What is LiHua's feeback on Hailey's new artisanal donuts?,The flavors are so unique and delicious,"In the conversation, LiHua shared her feedback on Hailey's new artisanal donuts. Specifically, she expressed that she tried the chocolate hazelnut variety and found it to be a ""crowd favorite"" due to its perfect balance of sweetness. LiHua also suggested adding seasonal fruit flavors like raspberry or lemon to the lineup, which Hailey agreed to consider. Overall, LiHua provided valuable insights into the new donuts, contributing positively to Hailey's product development process."
Which performance does Chae want the band members to check out in their discussion on 20260715?,"the amazing live performance of ""Bohemian Rhapsody"" by Queen","In the conversation dated 20260715, there is no mention of Chae wanting the band members to check out a specific performance. The discussion primarily revolves around fitness goals and progress updates. Therefore, based on the information provided, it is not possible to determine which performance Chae wants the band members to check out."
Why is LiHua praising Chae in their conversation on 20260717?,LiHua was really amazed by Chae's performance in the band last Sunday because Chae's singing has really leveled up,"In the conversation dated 20260717_12:00, LiHua praises Chae for his improved performance in the band. LiHua specifically mentions that Chae's singing has ""really leveled up"" and highlights the impressive higher pitches in his performance. LiHua also expresses excitement for their next rehearsal and appreciates Chae's efforts to improve through additional practice. This praise reflects LiHua's support for Chae's musical development and his desire to continue working together in the band."
What tips on balancing work and personal hobbies does LiHua give to Chae?,try setting specific hours for work and separate times for your hobbies and don't forget to schedule some fun time for yourself,"In one conversation, LiHua offers several practical tips on balancing work and personal hobbies to ChaeSong-hwa. LiHua suggests setting specific hours for work and separate times for personal hobbies. This approach can help maintain a clear separation between professional responsibilities and personal pursuits, which can be particularly beneficial for someone juggling multiple roles such as being a surgeon and a teacher. Additionally, LiHua recommends taking small breaks during work hours to avoid burnout and to refresh the mind. Lastly, LiHua emphasizes the importance of scheduling fun time for oneself, noting that it is essential to take care of one's mental health and overall well-being. These strategies aim to ensure that personal hobbies remain a priority without neglecting professional duties."
What is the size of the basement?,The basement is approximately 15 feet by 20 feet,"The exact size of the basement isn't specified in the conversations. However, AdamSmith provides some approximate measurements. In one conversation, he mentions that the basement is ""approximately 15 feet by 20 feet"" (Source ID: 1). This gives us a rough idea of the area, although it's not the precise size. Additionally, AdamSmith and LiHua discuss the window size multiple times. In another conversation, LiHua measures the window and reports its dimensions as 150 cm wide and 120 cm high (Source ID: 0). While this is the measurement of a single window, it does provide insight into the smaller dimensions of the basement space. So, based on the available information, we can estimate the basement to be around 300 square feet (15 feet * 20 feet), though this may vary slightly depending on the exact layout and orientation of the space."
What is Wolfgang's favorite superhero?,Iron Man,"From the provided data, Wolfgang does not explicitly mention his favorite superhero. The conversation only includes mentions of superheroes such as Spider-Man, Iron Man, and occasionally Jimi Hendrix and Michael Jackson. Without more detailed information about Wolfgang's preferences, we cannot definitively state his favorite superhero."
What is LiHua's favorite superhero?,Spider-Man,"Based on the conversation provided, LiHua expresses a strong preference for Spider-Man, calling it ""my fave"" and noting that he loves both the story and the web-slinging action. This indicates that Spider-Man is LiHua's favorite superhero among the options discussed. No other superhero is mentioned as favoring it over Spider-Man."
What sports would LiHua like to see on the community sports day?,some team sports like soccer or basketball,"From the conversation, it is clear that LiHua expressed a preference for team sports like soccer or basketball at the community sports day. Additionally, she suggested including fun games specifically for children, indicating a desire to cater to both adults and younger participants. Other attendees also mentioned ideas for team sports and encouraged the inclusion of family-friendly activities such as tug-of-war or sack races."
What new hobbies does Wolfgang Schulz propose to Li Hua?,Wolfgang Schulz proposes pottery or painting as a hobby to Li Hua,"In the conversations provided, Wolfgang Schulz proposes a couple of new hobbies for Li Hua. Initially, Wolfgang suggests that they could explore pottery or painting together as a new activity to unwind from work stress. Later, during a discussion about the jam session, Wolfgang specifically mentions, ""Hey Li Hua, that sounds like a great idea! I’ve been wanting to try painting for a while now. What do you think, should we start there? 🎨"" Additionally, Wolfgang also talks about a business trip to Hong Kong, where he intends to try out some new experiences, such as visiting places like Victoria Peak and sampling the local cuisine. However, among the specific hobbies Wolfgang proposes directly, the two most notable ones are pottery and painting."
What brands of air-conditioners does LiHua recommend to Wolfgang?,Mitsubishi and Daikin,"In the conversation, LiHua recommends inverter AC units for energy efficiency and low noise. She specifically mentions two brands that are known for being quiet and efficient: Mitsubishi and Daikin. However, she notes that the SEER rating is also important and advises aiming for a rating of 16 or higher. There is no mention of specific air-conditioner brands recommended by Wolfgang."
Who is recommended by Jennifer to share some fitness tips in the gym group chat on 20260730?,LiHua,"On 20260730, Jennifer suggested that Li Hua share his favorite fitness tips with the group. Specifically, Jennifer asked, ""Great job today, Li Hua! 💪 Your hard work is really paying off! How about sharing some of your favorite fitness tips with the group? I'm sure everyone would love to hear them! 😊"""
What does Hailey Johnson want Li Hua to help with at the bakery according to their discussion on 20260731?,Hailey Johnson wants Li Hua to help gather feedback from customers at the bread-tasting event,"According to the discussion on 20260731, Hailey Johnson wants Li Hua to assist with organizing a bread-tasting event at the bakery. This event is scheduled to take place on Saturday from 10 am to 2 pm. During the event, Li Hua is expected to engage with customers and gather their feedback on the different bread varieties being offered. Hailey Johnson emphasizes the importance of collecting customer opinions to understand their preferences better and improve future offerings."
What day do Li Hua and Wolfgang Schulz plan to visit the photography exhibition?,Li Hua and Wolfgang Schulz plan to visit the photography exhibition on Friday evening,"Li Hua and Wolfgang Schulz plan to visit the photography exhibition on Friday evening. This decision was made during a conversation where Li Hua suggested the possibility of going to the exhibition on Friday evening due to it potentially being less crowded than other days. Wolfgang Schulz agreed to this plan, expressing his enthusiasm for attending the event."
When is Wolfgang and LiHua going to the photography exhibition on 20260805?,19:00,"According to the conversation recorded on 20260805_16:00, WolfgangSchulz and LiHua are planning to attend a photography exhibition at 19:00 that evening. Specifically, WolfgangSchulz mentions, ""Hey man! Just a quick reminder that we are going to the photography exhibition at 19:00 tonight!"", which indicates their plan to visit the photography exhibition at 7:00 PM."
When is the installation of the air-conditioner for the basement?,It's set for Wednesday next week,"The installation of the air-conditioner for the basement was scheduled for Wednesday, August 9th at 12:00 PM. This was communicated by AdamSmith to LiHua in a message dated August 9th at 12:00 PM."
Why does Adam reach out to LiHua on 20260810?,To check if LiHua had a chance to look over the warranty and maintenance plans for the air conditioner,"On August 10, 2026, at 18:00 (6:00 PM), AdamSmith reaches out to LiHua for a discussion about the warranty and maintenance plans for the air conditioner. This interaction indicates that Adam needs to ensure LiHua understands the terms of the warranty and any potential maintenance requirements for the air conditioning system. He suggests that they discuss this matter after dinner, confirming his availability for a conversation at that time."
When is the contractor team going to install the air-conditioner?,20260812 6PM,"According to the information provided, the contractor team is scheduled to install the air-conditioner in the basement at 6 PM on the following day, which is August 12th, as mentioned in the log entry dated ""20260812_11:00"". Specifically, Adam Smith reminded Li Hua about this upcoming installation and advised her to be present at 6 PM."
When is the garage sale being discussed?,20260814_15:00,"The discussion about the garage sale took place on August 14, 2026, at 15:00. This is evident from the timestamp provided in the conversation. Several participants expressed their interest in attending and suggested ways to enhance the event, such as setting up a snack station and considering the weather conditions to ensure everyone enjoys the event."
What is the reason Thrall cannot participate in the garage sale?,Thrall has a lot happening with the garden renovations,"In the conversation, Thrall expresses that he is currently focused on the garden renovations and thus cannot participate in the garage sale. Specifically, he says, ""I might sit this one out though, got a lot happening with the garden renovations right now."" This indicates that his current priorities are with the garden improvement project, which is why he cannot join in the garage sale event."
What does RexxarRemar suggest to make the garage sale more enjoyable?,RexxarRemar suggests having snacks or drinks at the garage sale,"RexxarRemar suggests several additions to make the garage sale more enjoyable, including setting up a snack station. He specifically recommends having simple and easy-to-grab quick bites and refreshing drinks. This suggestion aims to create a friendly atmosphere as people shop around, potentially encouraging more people to linger and chat. RexxarRemar also notes that this could spark more conversation among attendees."
What does JenniferMoore suggest to improve performance and prevent injuries?,JenniferMoore suggests incorporating stretching techniques,"In her interactions, JenniferMoore emphasizes the importance of proper warm-up and stretching routines, as well as staying hydrated. She advises soccer players to wear the right footwear to avoid slipping or sprains. Additionally, she highlights the significance of strength training for injury prevention, noting that it helps build muscles around joints, improving overall stability and endurance. JenniferMoore suggests simple yet effective strength training exercises such as squats, lunges, and planks, which can be started by beginners. She also recommends including balance exercises like single-leg stands in the regimen. Overall, JenniferMoore provides practical advice that combines physical conditioning with preventive measures to safeguard against injuries."
What does Viper plan to do to increase their stamina?,Viper plans to focus on cardio,"Based on the conversation, Viper plans to incorporate interval training into their cardio workouts. This strategy is meant to help build endurance without overstressing the body. Viper suggests starting with shorter intervals and gradually increasing the intensity and duration as they become more comfortable with the routine. This approach is designed to provide a good challenge while also ensuring that the body has time to adapt and build endurance gradually."
How much discount is Hailey willing to give to LiHua according to their conversation on 20260816?,15% off,"According to the conversation dated 20260816, Hailey Johnson offered Li Hua an early bird discount for a special sale at the bakery. However, the exact percentage of the discount given to Li Hua is not specified within the provided data. The context indicates a special sale with potential discounts, but the specific mention of a 15% off deal is associated with a different date (20260218). Therefore, based on the information available, we cannot determine the exact discount Hailey Johnson gave to Li Hua on 20260816."
Who does Li Hua mention as their favorite character from The Witcher 3?,Geralt,"In the conversation, Li Hua mentions several favorite characters from The Witcher 3. Specifically, she expresses a strong affinity for Geralt, describing him as a ""complex character with that no-nonsense attitude, but deep down he has a great sense of morality."" Additionally, Li Hua highlights Yennefer as another character she enjoys immensely, praising the depth of her backstory and the dynamic relationship she shares with Geralt. This demonstrates that both Geralt and Yennefer are among the favorite characters from The Witcher 3 according to Li Hua."
Why does LiHua like Geralt from The Witcher 3?,He's such a complex character with that no-nonsense attitude but deep down he has a great sense of morality & his monster-slaying skills are just epic,"LiHua appreciates Geralt from The Witcher 3 because of his complex character and multifaceted personality. She particularly admires Geralt's no-nonsense attitude and his deep sense of morality, which she finds admirable. Additionally, she enjoys Geralt's exceptional monster-slaying skills, which she considers ""epic."" LiHua also values Geralt's character development and the choices he makes throughout the game, which she finds compelling. This appreciation stems from Geralt's dynamic interactions and friendships within the narrative, as well as his significant impact on the story's progression."
What is Li Hua's opinion about Yennefer's character?,Intense & fiercely independent & her relationship with Geralt evolves,"In the conversation, Li Hua expresses a strong appreciation for Yennefer's character in ""The Witcher 3."" Specifically, Li Hua states, ""Yennefer's character is intense and fiercely independent. I love how her relationship with Geralt evolves. Their chemistry makes for some really memorable moments in the game!"" This indicates that Li Hua values Yennefer's complex and dynamic personality, particularly her relationship with Geralt, which adds depth to the narrative. Li Hua also mentions that Yennefer's backstory and her interaction with Geralt contribute significantly to the game's compelling storyline, suggesting that she finds Yennefer to be a significant and engaging character within the game."
Which scene stood out for Li Hua in The Witcher 3?,"The ""Battle of Kaer Morhen""","In the conversation, Li Hua shared several standout scenes from The Witcher 3. She particularly highlighted the scene in the ""Battle of Kaer Morhen."" This battle serves as a pivotal moment in the game, showcasing the impact of Geralt and Yennefer's relationships and teamwork. Li Hua noted that the intertwining of their past and present during this battle really sets the stage for their complex relationship. Additionally, she appreciated the emotional stakes involved, describing it as a ""memorable moment"" that contributes to making The Witcher 3 an unforgettable game."
Which scene in The Witcher 3 does ThaneChambers consider as one of his favorites involving Yennefer?,The scene when Geralt is looking for Yennefer in the early part of the game,"According to the conversation recorded, Thane Chambers identifies one of his favorite scenes involving Yennefer in The Witcher 3 as the one where Geralt is searching for Yennefer at the beginning of the game. This scene is particularly praised because it effectively intertwines their past and present, setting the stage for the complex relationship between Geralt and Yennefer that develops throughout the game."
What is Li Hua's impression of the Blood and Wine expansion?,Incredible & new area is stunning & story feels like a mini-epic,"Based on the conversation provided, Li Hua expresses a positive view of the Blood and Wine expansion to The Witcher 3. Specifically, she describes the expansion as ""incredible,"" highlighting the stunning new area of Toussaint and the top-notch storytelling. Li Hua also mentions that the quests there feel like they are part of a storybook, emphasizing the immersive and enchanting atmosphere created by the expansion. Additionally, she shares that she particularly enjoyed the tournament quest, appreciating both the atmosphere and the characters involved, noting that the visual aspects of the event were unforgettable. Overall, Li Hua's comments suggest a high level of appreciation for the Blood and Wine expansion, describing it as visually captivating, narratively rich, and emotionally engaging."
What TV show does EmilyBurnett recommend to Li Hua after discussing Succession?,The Crown and Ted Lasso,"After their discussion about the TV series Succession, EmilyBurnett recommends several other shows to LiHua. She suggests that LiHua check out The Crown, which she describes as having ""great storytelling and high levels of character depth."" Additionally, EmilyBurnett recommends Ted Lasso, noting that it is ""a lighter show that is hilariously entertaining."" These recommendations align with EmilyBurnett's own viewing preferences, as evidenced by her enjoyment of shows like Chernobyl, The Crown, and Ted Lasso."
When does Li Hua plan to meet JakeWatson for soccer practice?,Saturday afternoon at 3 PM,"Li Hua and JakeWatson have several planned soccer practice sessions. According to the data, their first meeting was scheduled for August 19, 2026, at 10:00 AM. In November 6, 2026, they agreed to meet at 3:00 PM on Saturday for a practice focusing on shooting. On August 29, 2026, they arranged another practice session for 3:00 PM on the same day, and later in November 30, 2026, they set a practice for 3:00 PM on Saturday. Lastly, in November 9, 2026, they agreed to meet at 9:00 AM on the same day to cover the rules of handballs and offside. These dates and times provide a timeline of their soccer practice plans."
Which UCL match does Jasper recommend as a classic must-watch?,The 2005 final between Liverpool and AC Milan,"Jasper recommends the 2005 final between Liverpool and AC Milan as a classic match that he considers a must-watch. He describes the match as having an ""insane comeback,"" with Liverpool trailing 3-0 at halftime but ultimately winning the game in penalties. This indicates that Jasper holds this particular match in high regard due to its dramatic nature and the remarkable turn of events that occurred during the game."
Who shared a music theory tutorial with the group?,Chae Song-hwa,"In the conversation, ChaeSong-hwa shared a music theory tutorial that he found, suggesting that they check it out for potential improvements in their musical skills and creativity. Specifically, ChaeSong-hwa said, ""Hey everyone! I found this super cool music theory tutorial that might help us take our skills to the next level. Check it out when you have some time! 🎶"" LiHua responded positively, saying, ""Sounds great! Always looking to improve our sound. What’s the link?"" This indicates that ChaeSong-hwa was the one who shared the link to the tutorial."
What is Kendall's relationship with Logan like according to the group's discussion?,Toxic,"In the group discussion regarding the television series ""Succession,"" Kendall's relationship with his father, Logan, is described as complex and fraught with tension. Specifically, Kendall is portrayed as feeling a strong need for approval and validation from Logan, which stems from their childhood rivalry. This dynamic is toxic and continues to weigh heavily on Kendall, indicating that he is deeply affected by the family legacy and the pressure to succeed. The group members express concern about whether Kendall can ever fully break free from this dynamic, suggesting that Logan's influence over Kendall remains significant and problematic. Despite the toxicity of their relationship, the group acknowledges Kendall's determination to assert his independence and power, which fuels his ongoing quest for validation and control. Overall, Kendall's relationship with Logan is depicted as a central element in his personal and professional journey, marked by cycles of betrayal and retribution."
What is the topic of discussion between Li Hua and Wolfgang Schulz on burger preferences?,Medium rare vs. well-done meat patty in a classic American,"In one of the interactions recorded, Li Hua initiates a conversation about the preferred level of doneness for a classic American cheeseburger patty, asking Wolfgang Schulz whether he prefers a medium rare or well-done patty. Wolfgang initially leans towards medium rare due to its juiciness and flavor, but he acknowledges that well-done patties are safer and more flavorful. Li Hua expresses a preference for medium rare patties, emphasizing the importance of the juicy texture. Wolfgang agrees that toppings can significantly impact the burger's quality, suggesting that a classic cheeseburger with perhaps some bacon would be ideal. Li Hua proposes adventurous options like spicy jalapeño burgers, which Wolfgang finds appealing but prefers to keep it mild. This exchange highlights their differing tastes in burger doneness and toppings, with Wolfgang favoring a balance between safety and flavor, while Li Hua values the juiciness and adventurous flavors."
Why does Wolfgang prefer a well-done meat patty in a burger?,It is safer and more flavorful & he likes a little char on his burger,"In the conversation between WolfgangSchulz and LiHua, Wolfgang expresses a preference for a well-done meat patty in a classic American cheeseburger. He argues that a well-done patty is safer and more flavorful, and he enjoys the ""little char"" on his burger. However, he also acknowledges LiHua's preference for a medium-rare patty, which she describes as having ""all the flavor."" Despite these differing preferences, Wolfgang seems to acknowledge that both options can be enjoyable depending on individual taste."
What toppings does Wolfgang Schulz prefer on his burger?,Cheese and bacon,"From the interactions between Wolfgang Schulz and Li Hua, we can infer Wolfgang Schulz's preferences regarding burger toppings. In one conversation, Wolfgang Schulz mentions, ""I'm all about classic cheeseburger vibes! Just keep it simple with lettuce, tomato, and some pickles."" This indicates that he prefers a classic setup of lettuce, tomato, and pickles on his burger. Additionally, Wolfgang Schulz expresses interest in adventurous toppings, suggesting he might try something spicy or BBQ flavored. However, based solely on the provided information, the core preference for his standard burger is a classic cheeseburger with lettuce, tomato, and pickles."
What is the main theme of game group's discussion on 20260901_13:00?,Dutch van der Linde's character and leadership,"The discussion recorded under the timestamp 20260901_13:00 revolves around the themes of multiplayer gaming and the importance of group dynamics within the community. Participants in the group engage in conversations about potential group purchases of games, sharing their excitement for cooperative gaming experiences, and discussing various features and mechanics that enhance multiplayer gameplay. They also touch upon topics such as matchmaking systems, tutorials, and the significance of cross-platform play, indicating a deep interest in creating a cohesive and engaging gaming environment for all members. This discussion highlights the thematic focus on community building and the social aspects of gaming, emphasizing the collaborative nature and the impact of group efforts in the gaming world."
Who is the most hateable character in Game of Thrones in Orion's opinion?,Ramsay Bolton,"In Orion's opinion, the most hateable character in Game of Thrones is Ramsay Bolton. This sentiment is shared by several participants in the discussions, including Merrick and Tamara, who both express their dislike for Ramsay due to his sadistic nature and cruel treatment of others. However, it's worth noting that other characters such as Joffrey Baratheon and Cersei Lannister are also frequently cited as among the most hated figures within the show."
What kind of songs are Li Hua and Chae Song-hwa considering adding to their playlist for babies?,Lullabies,"In their conversation, Li Hua and Chae Song-hwa discuss creating a playlist for babies to listen to, aiming to promote their development. Li Hua suggests classic lullabies, which she believes would be beneficial. Chae Song-hwa adds gentle guitar melodies to the playlist, emphasizing that it could help set a calming atmosphere. Additionally, he mentions that they could include some of their band's mellow tunes, suggesting that music from their own compositions might also be suitable. Therefore, the potential songs for the baby playlist include classic lullabies, gentle guitar melodies, and possibly their own compositions."
What makes Wolfgang feel under a lot of pressure according to his conversation with LiHua on 20260905?,this new software project,"According to the conversation dated 20260905, WolfgangSchulz expressed feeling under a lot of pressure regarding his new software project. He described it as ""really pushing me to my limits"" and stated that he often feels like he is ""in a pressure cooker."" Wolfgang also mentioned that the pressure would not last forever, expressing confidence in his abilities and stating that he intends to stay focused despite the challenging situation. LiHua reassured Wolfgang by emphasizing his talents and believing in him, suggesting a supportive dynamic in their relationship."
Why does AdamSmith ask LiHua about the basement on 20260907?,check in and see how the basement held up after the storm,"On September 7th, 2026, AdamSmith reached out to LiHua to check in and inquire about the condition of the basement after a storm. Specifically, he wanted to ensure there were no issues with water leakage, given that storms often lead to such problems. LiHua assured AdamSmith that the basement was in good condition, without any water leakage, though it did remain damp. This interaction highlights the ongoing concern for the basement's structural integrity and functionality, especially following a weather event."
How is the basement after the storm?,The basement is all good no water leakage at all,"After reviewing the interactions between Adam Smith and Li Hua, it appears that the basement experienced some dampness following the storm but did not suffer from significant water leakage. Li Hua reported that there was ""a bit damp"" in the basement but assured Adam that no major issues were present. Adam confirmed that there were no water leakage problems and suggested Li Hua to keep an eye on the situation and inform him if anything unusual occurred. Additionally, they both discussed the air conditioning system and the possibility of adding an air conditioner to keep the basement cool during hot summer months."
What is the latest good news from Wolfgang as of 20260908?,software project finally made some significant progress,"As per the information provided in the sources, the latest mention of Wolfgang's activity before 20260908 is from 20260924_20:00. However, the most recent interaction with Wolfgang prior to 20260908 is on 20260920_16:00, where he is noted to have celebrated a significant promotion with LiHua. This indicates that the latest good news Wolfgang shared before 20260908 likely pertains to his promotion."
What new songs are LiHua working on lately on his guitar as of 20260908?,"Blackbird and ""Hotel California""","As per the information provided in the sources, on September 8, 2026 (20260908), LiHua mentioned he was working on new riffs on his guitar. However, there is no specific mention of which new songs he is working on at that time. LiHua and ChaeSong-hwa were discussing plans for their jam session and were considering including new material they hadn't played before, but the exact new songs LiHua is currently working on aren't detailed in the given sources."
What mission does Gavriel mention that shows Arthur's growth in the game?,the scene where Arthur tells John to take care of his family,"In the conversation, Gavriel mentions a specific scene that shows Arthur's growth in the game. During the discussion, Gavriel talks about a particular moment where Arthur tells John to take care of his family. This scene highlights how Arthur's character evolves from a rough outlaw to someone who genuinely cares about his loved ones. Specifically, Gavriel states, ""That scene where Arthur tells John to take care of his family really stuck with me too. It's so heartbreaking after everything they've been through. I love how it shows Arthur’s growth from a rough outlaw to someone who genuinely cares about his loved ones."" This moment demonstrates Arthur's emotional maturity and his commitment to protecting his family, which is a significant aspect of his character development throughout the game."
What side mission in Red Dead Redemption 2 resonated with Jareth?,the side mission with the widow in the honor system,"In the discussions about Red Dead Redemption 2, Jareth shared that he particularly enjoyed spending time helping the townsfolk. This side mission allowed Jareth to spend time with Arthur and the gang, adding depth to Arthur's character. By assisting in acts like helping a widow in the honor system, Jareth felt more connected to the world and the people in it. This side mission exemplified how the game encouraged players to engage with the narrative and characters in meaningful ways beyond just following the main storyline."
What was ThaneChambers' favorite horse-related side quest in Red Dead Redemption 2?,the “troubled” horse,"In discussions regarding Red Dead Redemption 2, Thane Chambers mentions several horse-related side quests that he found particularly engaging. One of the standout moments mentioned by Thane was when he accidentally scared his horse, causing it to run away and leave him behind, resulting in a ""faceplanting in the mud."" This mishap illustrates one of the memorable and sometimes chaotic experiences players can have with their horses in the game. However, another memorable horse-related quest that Thane Chambers appreciates involves the ""troubled"" horse, showcasing Arthur's empathy and showing the depth of their relationship with their steeds. This interaction highlights how Arthur's character growth is intertwined with his relationships with the animals he rides, emphasizing the importance of these companions in the narrative."
What was the final showdown that Elara found unforgettable in Red Dead Redemption 2?,with Dutch and Micah,"In the discussions about Red Dead Redemption 2, Elara highlighted one of her favorite moments as being the final confrontation between Arthur and Micah. Elara mentioned that she found the clash between these two characters particularly memorable due to the emotional weight and tension surrounding it. This moment likely encapsulated the culmination of the intricate narrative and character arcs that had unfolded throughout the game, serving as a pivotal point that solidified the themes of trust, betrayal, and moral ambiguity explored within the story."
How does Bronwyn describe the epilogue of the game Red Dead Redemption 2?,captivating after seeing John try to make a life for himself,"Based on the conversation provided, Bronwyn describes the epilogue of Red Dead Redemption 2 as particularly impactful. She mentions that the ending of the game ""really left an impact"" and that it felt ""bittersweet."" Bronwyn highlights the emotional intensity of the ending, noting that she was ""not ready for that emotional rollercoaster"" and that it ""made her reflect on Arthur's choices and the consequences of living that life."" This suggests that the epilogue serves not only to conclude the main storyline but also to provoke reflection and emotional engagement with the characters and their journeys."
Has LiHua ever met anyone like Shedlon Cooper in his real life?,No,"In the conversation, LiHua expressed that while he has met interesting people, no one has quite matched the unique and eccentric characteristics of Sheldon Cooper from the TV show ""Big Bang Theory."" Specifically, LiHua mentioned, ""Not really! I mean, he’s one of a kind, right? I do meet interesting people, but nobody quite like him!"" This indicates that LiHua has not encountered anyone in real life who shares the level of eccentricity and brilliance associated with Sheldon Cooper."
Has EmilyBurnett ever met anyone like Shedlon Cooper in her real life?,No,"In the conversation, Emily Burnett expresses her curiosity about whether she has encountered someone akin to Sheldon Cooper in her real life. She asks, ""Not really! I mean, he’s one of a kind, right? I do meet interesting people, but nobody quite like him!"" This indicates that Emily Burnett has not met anyone who matches the level of uniqueness and eccentricity associated with Sheldon Cooper from the TV show ""Big Bang Theory."""
What games are LiHua and ThaneChambers planning to check out during their shopping trip according to their discussion on 20260911?,"Spider-Man: Miles Morales and ""Demon's Souls""","On September 11th, LiHua and ThaneChambers discussed their plans to shop for PlayStation 5 games. During their conversation, ThaneChambers mentioned seeing some killer discounts on PS5 games at a local game store. They agreed to meet up on Saturday around noon to shop for games and lunch afterwards. Additionally, ThaneChambers suggested checking out specific games such as ""Spider-Man: Miles Morales"" and ""Demon's Souls."" LiHua expressed interest in these titles and inquired whether they were available at the local game store. Based on their exchange, it appears that LiHua and ThaneChambers plan to check out ""Spider-Man: Miles Morales"" and ""Demon's Souls"" during their shopping trip, among other PS5 games that are on sale at the local store."
How many servings of vegetables should LiHua aim for each day to keep body in good shape according to Jennifer?,at least 5 servings of veggies a day,"According to Jennifer, LiHua should aim for at least 5 servings of vegetables each day to keep her body in good shape. Jennifer emphasizes the importance of a diverse intake of leafy greens like spinach and kale, as well as bell peppers and broccoli, which provide a variety of nutrients and vitamins essential for energy and recovery."
What does LiHua ask Jake about soccer?,the best strategies for soccer players to avoid injuries during games,"LiHua asks Jake multiple questions related to various aspects of soccer. Initially, she inquires about Jake's opinion on the best midfielder in the past decade, comparing Luka Modrić and Kevin De Bruyne. Later, LiHua expresses her interest in learning from Jake, specifically mentioning that she wants to work on passing drills and practice shooting. She also asks Jake to play as the goalkeeper for their upcoming soccer training session. Additionally, LiHua seeks advice on avoiding offside during a game, and she inquires about strategies to prevent injuries on the field, suggesting the importance of proper warm-up, hydration, and strength training. LiHua even asks Jake for tips on how to improve her dribbling skills and suggests they meet up to practice. Throughout their conversations, Jake provides insights and assistance on these topics, indicating that LiHua is quite serious about improving her soccer skills and understanding the intricacies of the sport."
What does Jake suggest to improve flexibility and prevent muscle issues?,staying hydrated,"Jake Watson emphasizes the importance of flexibility and recommends several strategies to improve it and prevent muscle issues. In one of the conversations recorded, Jake suggests incorporating proper warm-up and stretching routines before any game or exercise session. He highlights that flexibility is crucial for reducing the risk of injuries, improving overall stability and endurance, and providing an extra boost during physical activities. Additionally, Jake mentions the significance of strength training, which he states helps build muscles around joints and reduces the likelihood of injuries. He advises starting with simple bodyweight exercises and gradually increasing the intensity as one gets stronger. For specific strength training exercises, Jake recommends squats, lunges, and planks, which he describes as effective for building core and leg strength. Furthermore, Jake emphasizes the importance of balance exercises such as single-leg stands to complement strength training and enhance performance."
Why is wearing the right footwear important in soccer?,to avoid slips or sprains,"In soccer, wearing the right footwear is crucial for several reasons. Properly fitting and suitable footwear can significantly enhance performance and reduce the risk of injury. As mentioned in the conversation between LiHua and Jake Watson, Jake emphasized that ""wearing the right footwear can make a huge difference to avoid slips or sprains."" This is particularly important because soccer involves dynamic movements such as running, jumping, and turning, all of which can put stress on the feet and lower legs. The correct footwear provides adequate support, stability, and cushioning, helping to absorb shock and distribute weight evenly across the foot, thereby reducing the likelihood of injuries such as ankle sprains or foot injuries. Therefore, choosing the right footwear is essential for both practical reasons and to prevent potential harm during gameplay."
How does strength training help prevent soccer injuries?,It builds muscles around joints & reduces injury risk & improves stability and endurance,"Strength training plays a crucial role in reducing the risk of injuries among soccer players. According to the conversations, Jake Watson emphasized that strength training helps build muscles around joints, which in turn reduces the likelihood of injuries. By strengthening the muscles, the body becomes more stable and resilient, thereby decreasing the chances of strains, sprains, and other musculoskeletal injuries that can occur during matches. Additionally, strength training enhances overall endurance and stability, which are essential components for performing optimally on the soccer field. Li Hua and Jake also discussed how strength training can provide an extra boost during runs and tackles, making it a vital aspect of a comprehensive training regimen for soccer players."
What type of exercises does Jake recommend for strength training?,squats & lunges & planks & balance exercises like single-leg stands,"Jake Watson, who specializes in providing advice on fitness strategies, particularly recommends strength training exercises to prevent injuries and improve overall performance. During an interaction with Li Hua, Jake suggests several effective strength training exercises that can be incorporated into a workout routine. Specifically, he recommends squats, lunges, and planks, along with mentioning the importance of including balance exercises like single-leg stands. These exercises are designed to build muscle strength around joints, enhance stability, and improve endurance, thereby reducing the risk of injuries and boosting athletic performance."
What is the purpose of starting with bodyweight exercises?,for those who are new to strength training,"Starting with bodyweight exercises serves as a foundational step in strength training. These exercises, such as squats, planks, and push-ups, are beneficial for beginners as they emphasize versatility and self-motivation. They are recommended as a starting point because they require no equipment, making them accessible and allowing individuals to focus on proper form and technique without the distraction of additional gear. Additionally, bodyweight exercises are versatile, meaning they can be adjusted based on the individual's current fitness level, making them suitable for both beginners and those looking to improve their strength and endurance. This initial phase is crucial for establishing a strong base and setting the stage for more advanced training methods."
What does Lachlan appreciate about Arya Stark's character development?,Her transition from an innocent girl to a fierce assassin,"Lachlan appreciates Arya Stark's character development, particularly noting her transformation from an innocent girl in Winterfell to a fierce assassin. This significant evolution showcases Arya's growth and the intriguing ""revenge theme"" that forms a central aspect of her character. Additionally, Lachlan highlights Arya's most memorable moment as her confrontation with the Night King, describing it as ""mind-blowing"" and ""really showcasing her growth and skills."""
What memorable quote is mentioned by Phaedra?,"Jon Snow's ""You know nothing"" scene with Ygritte","Phaedra mentions several memorable quotes from the series, specifically highlighting one from Tyrion Lannister and another from Jon Snow. The memorable quote from Tyrion Lannister that Phaedra references is ""I drink and I know things."" This quote is well-known for capturing Tyrion's sharp wit and wisdom. Additionally, Phaedra notes Jon Snow's memorable line ""You know nothing,"" which emphasizes the tension between him and Ygritte."
"What does Rowan love about Tyrion's ""I drink and I know things"" line?",It captures his cleverness,"Rowan appreciates Tyrion's famous line, ""I drink and I know things,"" as it perfectly encapsulates his wit, intelligence, and character depth. This line stands out as a memorable and iconic expression of Tyrion's unique personality, reflecting his ability to observe and analyze situations keenly, often using alcohol as a catalyst for his insightful observations. Rowan finds this particular line compelling due to its simplicity and effectiveness in conveying Tyrion's character traits."
What aspect of Jaime Lannister's storyline does Rowan find intriguing?,His transformation after meeting Brienne of Tarth,"Rowan finds several aspects of Jaime Lannister's storyline intriguing. Firstly, Rowan appreciates Jaime's transformation from an initially arrogant knight to someone who displays depth and complexity. Rowan emphasizes the pivotal moments that influenced this transformation, particularly mentioning the moment in Season 7 where Jaime decides to confront Cersei, which is described as a ""big turning point."" Additionally, Rowan is captivated by Jaime's bond with Brienne of Tarth, noting it as a major catalyst for his character development. This bond forces Jaime to confront his own sense of honor and morality, leading to significant changes in his character. Rowan's fascination with Jaime's storyline is evident in his comments highlighting these crucial elements."
How does Phaedra view Jaime's character arc?,"Fascinating as he goes from ""Kingslayer"" to someone who values honor","Phaedra, who is engaged in discussions regarding the evolution of various characters, appears to have an interest in Jaime Lannister's journey. In one of the discussions, Phaedra notes that Jaime's arc is ""fascinating"" and points out how he transforms from being known as the ""Kingslayer"" to someone who values honor. Phaedra further highlights the impact of Jaime's relationship with Brienne of Tarth, describing it as a significant catalyst for his transformation. Phaedra expresses admiration for the character's growth and acknowledges the complexity of his journey, noting that it involves grappling with loyalty and love. However, Phaedra also shares a more critical perspective, suggesting that Jaime's ultimate choice in the series may not have fully aligned with his earlier character development. This indicates that Phaedra views Jaime's character arc as both compelling and somewhat bittersweet, reflecting the multifaceted nature of the character's journey throughout the series."
How does Saffron feel about Jaime's choice to protect Cersei?,Conflicted because it seems like he was slipping back into old ways,"Saffron reflects on Jaime Lannister's final decision to protect Cersei, expressing a sense of conflict and confusion about it. She notes that while it demonstrated Jaime's loyalty to Cersei, who had been a significant part of his identity, it also seemed to indicate that he was reverting to his old ways. Saffron feels that this choice overshadowed the character's overall growth and development throughout the series, suggesting that it left her with mixed feelings."
How does Niamh think Jaime could've ended up differently?,By staying true to the lessons he learned from Brienne,"Niamh reflects on Jaime Lannister's character arc, suggesting that if Jaime had stayed true to the lessons learned from Brienne of Tarth, he could have ended up being a true protector of the realm. Specifically, Niamh proposes that Jaime might have chosen to step away from Cersei completely, showcasing his growth and ensuring a safer future for everyone. This scenario would have allowed Jaime to honor his character development and potentially become a true leader and a force for good. However, Niamh acknowledges that Jaime's final decision to return to Cersei and her toxic nature felt like a regression, overshadowing the character's efforts to grow and change."
"What is LiHua curious about regarding the ""Man in Black"" in Westworld?",The motive behind his character,"LiHua is particularly interested in understanding the driving motives behind the character of ""Man in Black"" in the Westworld television series. He finds the character deeply intriguing due to his complex nature and the layers of meaning that seem to drive his actions. LiHua believes that ""Man in Black"" is primarily motivated by a quest for deeper meaning and fulfillment within the virtual world of Westworld. This search for significance is intertwined with his past experiences, which likely influence his current behavior and decisions. LiHua finds it fascinating how these past events shape his present actions and adds significant depth to the character's portrayal in the show."
"What does EmilyBurnett think is the main motive for the ""Man in Black""?",To find deeper meaning and fulfillment in Westworld	20260916_16:00,"EmilyBurnett believes that the main motive driving the character of ""Man in Black"" in Westworld is to find deeper meaning and fulfillment in the world of the show. She describes him as a character who is searching for truth and experiences that push boundaries, but these explorations are also deeply influenced by his past experiences and feelings of guilt. EmilyBurnett appreciates the intricate layers that add depth to ""Man in Black,"" highlighting moments like his confrontation with the truth about himself and his choices as particularly impactful. She and LiHua discuss the character's layers, noting that his search for meaning and the intensity of his actions are what make him a fascinating figure in the narrative."
"How does LiHua feel about the ""Man in Black's"" search for meaning?",Intrigued as it adds depth to the story,"LiHua appreciates the complexity and intrigue of the ""Man in Black"" character in Westworld. He finds the character's quest for deeper meaning and fulfillment both captivating and deeply engaging, noting that it involves not only his search for truth and experiences but also the influence of his past and his own guilt. LiHua believes that these layers of the character's motivations add significant depth to the narrative. Emily Burnett elaborates on her understanding of the ""Man in Black"" character, emphasizing his search for deeper meaning and fulfillment, which is intertwined with his past experiences and guilt. LiHua shares his agreement with Emily, highlighting the character's search for truth and boundary-pushing actions as elements that make him a compelling and layered figure."
"What is EmilyBurnett's favorite moment of the ""Man in Black""?",When he confronts the truth about himself and his choices,"In the conversation, Emily Burnett expresses her appreciation for the various moments involving the ""Man in Black"" character in Westworld. She particularly highlights a moment where the character shows vulnerability, adding a new perspective to his character. However, Emily's favorite moment seems to be the confrontation where the character finally reveals the truth about himself and his choices. This moment is described as a turning point for the character and stands out as one of the most memorable parts of the series."
"Which moment does LiHua find memorable for the ""Man in Black""?",When he shows vulnerability,"In the conversation, LiHua mentions several memorable moments related to the ""Man in Black"" character in Westworld. One particularly striking moment for LiHua is when the character shows vulnerability. This moment allows viewers to gain a deeper understanding of the character's internal struggles and emotions, adding significant depth to his narrative. Additionally, LiHua notes a memorable confrontation where the character confronts the truth about himself and his choices, marking a pivotal moment in the story."
Which theme of Westworld resonates the most for LiHua?,The exploration of free will and choice,"Based on the discussion provided, LiHua expresses a strong interest in the exploration of free will and choice in Westworld. Specifically, LiHua notes that the show delves deeply into these concepts, challenging viewers' perceptions of what it means to be human and raising important ethical questions about the nature of free will and autonomy. LiHua also mentions that the show's themes of consciousness, identity, and human-machine relations are particularly relevant and thought-provoking. Given these points, it can be inferred that LiHua finds the theme of free will and choice to be the most resonant in Westworld."
What does WolfgangSchulz suggest incorporating into practice sessions according to the discussion on 20260916?,Improvisational solos,"On September 16th, WolfgangSchulz suggested incorporating improvisational solos into their practice sessions. He believed that this approach could significantly boost their jazz fusion skills and make the sessions more fun and creative. In response, LiHua agreed enthusiastically, stating that improvisation would ""definitely make our sessions more fun and creative"" and that it would ""really challenge us and help us grow as musicians."" Additionally, LiHua proposed that they could choose a specific song or just go with the flow during these sessions, emphasizing the importance of spontaneity and having a good time. WolfgangSchulz favored the latter option, suggesting that they should ""go with the flow"" and ""vibe off each other,"" allowing the session to develop naturally. Both participants were looking forward to experimenting with improvisation and creating something unique during their practice sessions."
How does LiHua feel about the idea of improvisation based on the chat on 20260916?,It will make sessions more fun and creative,"Based on the conversation dated 20260916, LiHua expresses enthusiasm and support for the idea of incorporating improvisational solos into their practice sessions. Specifically, LiHua states, ""Sounds like a great idea! Improvisation will definitely make our sessions more fun and creative. Can't wait to try it out! 🎸✨."" Furthermore, LiHua emphasizes the benefits of improvisation, saying, ""I think it’ll really challenge us and help us grow as musicians."" This indicates that LiHua sees improvisation as both an enjoyable activity and a valuable tool for personal and professional development."
What does LiHua think about Gerard Piqué as a defender?,He deserves a mention for his skill and intelligence,"In the conversation, LiHua expresses admiration for Gerard Piqué, describing him as someone who had a ""combination of skill and intelligence in defense."" She notes that Piqué brought ""something special"" to the team and that both Carles Puyol and Gerard Piqué were considered among the best defenders in FC Barcelona's history. LiHua also mentions that Piqué had an ""incredible ability to read the game"" and scored some crucial goals for the team. Overall, LiHua holds Gerard Piqué in high regard as a defender."
What is JakeWatson's favorite memory of Puyol and Piqué playing together?,The comeback against PSG in the Champions League,"JakeWatson mentions several memorable matches involving Carles Puyol and Gerard Piqué, but he particularly highlights an epic comeback against Paris Saint-Germain (PSG) in the Champions League. Jake expresses that the leadership displayed by Puyol and Piqué during that match was evident, which contributed significantly to the team's success. He notes that the atmosphere during that match was electric, and the key interceptions made by Piqué were crucial. This match stands out as one of the most thrilling and memorable moments Jake has experienced while watching Barça play against Bayern Munich."
What match does JakeWatson cherish from the Champions League final against Manchester United?,The 2009 final,"JakeWatson mentions several memorable matches from his perspective, but he specifically recalls a particular match that stands out as one of the most impactful. JakeWatson shares that one of his favorite memories from the Champions League involves the match against Manchester United in 2009. In this match, Lionel Messi scored a goal that he considers to be ""pure magic"" and a match that ""definitely has to be one for the history books."" This goal showcases Messi's exceptional skill and ability to create chances out of seemingly impossible situations, highlighting his influence and legacy in the sport."
What is LiHua's favorite match involving Barcelona?,The 2013 Champions League match against AC Milan,"In the conversation, LiHua mentions multiple memorable matches involving Barcelona. She expresses fondness for the 2013 Champions League match where Barcelona lost 4-0 to Bayern Munich, followed by the 2015 match where Barcelona won 7-1 against Bayern Munich, showcasing a remarkable comeback. However, she explicitly states that her favorite match involving Barcelona is the 2011 Champions League final against Manchester United, where Barcelona defeated the Red Devils 3-1, a match that she describes as ""masterclass"" and ""one of the best football matches ever."" Therefore, based on her preferences, the 2011 Champions League final is LiHua's favorite match involving Barcelona."
Which goal does JakeWatson never forget from Messi?,Messi's solo goal against Getafe in 2007,"JakeWatson mentioned several memorable moments from Messi's career, including his solo goal against Getafe in 2007, where he dribbled past multiple defenders and scored a goal. Another standout moment he highlighted was Messi's header in the 2011 Champions League final against Manchester United, showcasing his versatility and brilliance. However, JakeWatson specifically stated that one of his favorites from Messi's career is the goal Messi scored during the 2007 Champions League match against Getafe. This goal is considered one of Messi's most iconic and memorable performances."
What is LiHua's favorite player moment from Messi?,When Messi scored a header against Manchester United in 2011,"Based on the conversation, LiHua mentions several memorable moments involving Lionel Messi. One standout moment that stands out to her is when Messi scored a solo goal against Getafe in 2007. LiHua describes this goal as ""pure magic"" and ""one of the moments that really defines greatness."" However, she also notes another significant moment from Messi's career that particularly resonates with her, which occurred during the 2011 Champions League final against AC Milan. LiHua expresses admiration for Messi's versatility, stating that she loves watching him score a header in the match, describing it as ""beautiful"" and ""next level."" Therefore, LiHua's favorite player moment from Messi likely involves the 2011 Champions League header, showcasing his exceptional skill and adaptability on the field."
What does LiHua think makes Messi the best?,His ability to create chances as well as his vision and work ethic and humility,"Based on the conversation provided, LiHua believes that Lionel Messi stands out due to his exceptional ability to create chances out of nothing and his vision on the field. Additionally, she emphasizes Messi's work ethic and humility, noting that these qualities inspire others. LiHua points out that Messi's performance, whether dribbling past defenders or setting up goals, showcases his unparalleled skills and artistry on the field. She considers his influence on future generations of players to be significant, as he serves as a role model and motivator for young athletes striving to emulate his dedication and consistent excellence."
How does JakeWatson view Messi's impact on future generations of players?,His dedication and consistency set the bar high for young players,"According to JakeWatson, Messi's impact on future generations of players is immense. He emphasizes that Messi's influence goes beyond just his technical skills, highlighting his dedication and consistency as a role model. JakeWatson believes that Messi sets a high standard for future stars by embodying qualities such as work ethic and humility. He explains, ""Young players now have someone to aspire to—his dedication and consistency set the bar high. It’s going to shape how future stars play!"" This indicates that JakeWatson views Messi not only as a historical figure in soccer but also as a significant inspiration for upcoming talents."
Who suggests hitting Starbucks after work on 20260918?,WolfgangSchulz,"On the specified date of 20260918, WolfgangSchulz suggests hitting Starbucks after work. Specifically, he proposes that they try the new Frappuccino and plans to meet around 6:30 PM to chill and catch up before the weekend, expressing his excitement for the social interaction and relaxation opportunity."
Why is protein important according to JenniferMoore?,For keeping the body in shape,"According to JenniferMoore, protein is crucial for maintaining overall health and fitness. She emphasizes its importance for keeping the body in shape, particularly highlighting its role in muscle recovery and building lean mass. This aligns with her recommendation for individuals to focus on sufficient protein intake after workouts, suggesting that it plays a vital part in achieving and sustaining fitness goals. Additionally, she notes that adequate protein intake supports various aspects of fitness, including performance and recovery, further underscoring its significance."
What is ThaneChambers' question to LiHua on 20260920?,LiHua's favorite first-person shooter game,"On September 20, 2026, Thane Chambers asked Li Hua about her favorite first-person shooter game. Specifically, Thane expressed curiosity and asked Li Hua what she enjoys the most about Call of Duty: Warzone, mentioning its battle royale mode as being particularly fun. Li Hua responded enthusiastically, indicating that she loves the strategy involved in Call of Duty: Warzone, such as planning her approach and working with teammates. She also highlighted the exhilarating adrenaline rush during final rounds, and shared a memorable win experience she had in the game."
"What does ThaneChambers say about ""Warzone""?",It's a blast,"In the conversation, ThaneChambers expresses enthusiasm for the game ""Warzone"" and highlights several aspects that he finds enjoyable. He mentions that he has been playing ""Apex Legends"" recently, noting that the game offers exciting character abilities and strategic elements. When discussing ""Warzone"" specifically, ThaneChambers points out that he particularly appreciates the battle royale mode, describing it as ""super fun."" He then elaborates on the game's strategic elements, saying, ""The battle royale mode is super fun! I’ve been playing some """"Apex Legends"""" recently. The characters and abilities make it exciting! 🚀"" This indicates that he enjoys the strategic planning and teamwork required in the game. Furthermore, ThaneChambers shares his own memorable experience in ""Warzone,"" stating, ""Those clutch moments feel amazing. I remember this one time we came back from a tough spot and snagged the win at the last second."" This demonstrates that he values the high-stakes and adrenaline-fueled moments that ""Warzone"" provides.When asked about upcoming updates, ThaneChambers expresses anticipation, saying, ""It’ll be exciting to see what new features they add. You think you'll dive back in when they drop?"" This suggests that he is looking forward to potential changes and additions that might come with future updates. Overall, ThaneChambers seems to enjoy ""Warzone"" for its strategic depth, thrilling gameplay moments, and the potential for new features and updates."
"What does LiHua like most about ""Warzone""?",The strategy involved and the adrenaline rush,"Based on the discussion provided, Li Hua expresses that he particularly enjoys the strategy involved in ""Call of Duty: Warzone"". He mentions loving the aspects of planning one's approach and collaborating with teammates, highlighting how these elements contribute to the overall fun and excitement of the game. Additionally, Li Hua notes that the adrenaline rush during the final circle of battle royale mode is unbeatable, suggesting that he values the competitive and fast-paced nature of the game."
"What is ThaneChambers' memorable ""Warzone"" experience?",Coming back from a tough spot to win at the last second,"In one of their conversations, ThaneChambers shared a memorable experience from the game ""Warzone."" They mentioned a specific instance where their team had been in a difficult situation, but they managed to secure victory at the very last second. This scenario exemplifies the ""clutch moments"" that ThaneChambers described as feeling exceptionally exhilarating. Additionally, they highlighted another memorable moment involving a ""final circle"" experience, describing the adrenaline rush one gets during these intense moments. ThaneChambers expressed enthusiasm about these experiences, emphasizing how they contribute to the addictive nature of the game."
"What was LiHua's unforgettable match in ""Warzone""?",Being down to the last two and outsmarting the last team,"In one of LiHua's memorable matches in ""Call of Duty: Warzone,"" he recounted a particularly successful team effort where they managed to turn around a tough situation and secure victory at the last second. Specifically, LiHua shared that they found themselves down to just two players, yet they managed to outsmart the opposing team. The excitement and camaraderie within the team were palpable, culminating in an unforgettable victory. LiHua emphasized the importance of teamwork and strategic planning in achieving such outcomes in the game."
"How does ThaneChambers feel about upcoming ""Warzone"" updates?",He's looking forward to them,"In the conversation about upcoming updates for ""Warzone,"" ThaneChambers expressed enthusiasm and anticipation. He stated, ""Sounds epic! I’m looking forward to the updates! Hopefully, they’ll shake things up and bring some fresh maps and modes. It’ll be exciting to see what new features they add. You think you'll dive back in when they drop?"" This indicates that ThaneChambers is eager to experience the changes and new additions to the game. He even suggested that he and Li Hua should play together when the updates are released, saying, ""Let’s hop on together when the updates roll out!"" This shows that he plans to engage actively with the new content."
"Does LiHua plan to play ""Warzone"" after the updates?",Yes because he loves exploring fresh content,"Based on the conversation between Thane Chambers and Li Hua, Li Hua expressed enthusiasm about diving back into ""Call of Duty: Warzone"" once the updates are released. Specifically, Thane Chambers mentioned, ""It'll be exciting to see what new features they add. You think you'll dive back in when they drop?"" To which Li Hua replied, ""Absolutely! I'm always up for something new in the game. I love exploring fresh content and teaming up with friends!"" Therefore, it is clear that Li Hua intends to play ""Call of Duty: Warzone"" post-update releases."
"What does ThaneChambers propose to do with the ""Warzone"" updates?",Hop on together and tackle the new stuff,"In the conversation, ThaneChambers expresses enthusiasm for the upcoming updates to ""Warzone."" He mentions that he is looking forward to seeing new maps and modes added, as these changes would likely make the game more exciting. ThaneChambers also anticipates updates that might include fresh content, which he hopes will result in discounts for players. He suggests that a group purchase of new games could be a fun idea, implying that there will be multiple new releases coming soon. ThaneChambers is eager to experience these new features and play together with friends, as he believes that cooperative gameplay enhances the gaming experience."
Who initiated the discussion about the community garden renovation and its benefits to local businesses?,Turalyon,"The discussion about the community garden renovation and its benefits to local businesses was initiated by Turalyon. In the first message from August 6, 2026, he emphasized the importance of supporting local businesses and proposed creating a flyer to list these businesses, which would help in spreading the word and fostering a sense of community. He also encouraged others to contribute their favorite local businesses to the list."
What idea did IllidanStormrage propose to help involve the community in supporting local businesses?,Putting together a flyer with a list of local businesses,"IllidanStormrage proposed several ideas to help involve the community in supporting local businesses. Specifically, he suggested organizing training sessions that would cover basic first aid, emergency response protocols, and communication strategies. Additionally, he outlined roles that would be necessary for the community emergency response team, including a team leader, medic, communication officer, and someone to manage logistics. These initiatives aim to not only support local businesses but also to enhance the community's overall preparedness and cohesion."
What does ArthasMenethil describe the outcome of the garden project and supporting local vendors as?,A win-win,"In one of the discussions, ArthasMenethil expresses his enthusiasm for the garden project and its connection with local businesses. Specifically, he describes the outcome as ""a win-win!"" indicating that both the creation of a beautiful garden and the support of local businesses will benefit everyone. He emphasizes that supporting local businesses while enhancing the community creates a significant positive impact."
What does AdamSmith agree is crucial to align with the garden project schedule?,Support for local businesses,"From the conversations, it is clear that AdamSmith emphasizes the importance of clear and consistent communication as a crucial element to align with the garden project schedule. Specifically, he suggests that the community should be kept informed about the timing of the repairs and the overall renovation process. This includes providing a heads-up a day or two in advance to allow residents to prepare for the inconvenience caused by the construction work. AdamSmith also advocates for setting up signage around the area to inform residents about the work, which helps guide people safely around the construction site. His focus on maintaining open lines of communication ensures that everyone involved in the garden project understands the schedule and can adjust their plans accordingly, facilitating smoother execution of the project."
When does AdamSmith say he is available to help with the curtain installation?,Wednesday or Thursday afternoon,"In the conversation dated 20261012_10:00, AdamSmith mentions that he is free most evenings and specifically states that he is free on Wednesday at 5 PM. LiHua agrees to set up the installation for Wednesday at 5 PM, indicating that this is the time AdamSmith is available to assist with the curtain installation."
On which day do LiHua and AdamSmith agree to install the curtain?,Thursday afternoon,"In the conversation, LiHua and AdamSmith initially planned to install the curtain together on Thursday afternoon, as discussed in the message dated 20261012_10:00. Later, they settled on Wednesday at 5 pm as a suitable time for the installation, as seen in the message dated 20261019_20:00. Therefore, both dates—Thursday and Wednesday—are mentioned for curtain installation."
Who suggests exploring the PS5 settings for accessibility features and Game Help?,ThaneChambers,"Thane Chambers suggests exploring the PS5 settings for accessibility features and recommends using the Game Help feature, which is described as a ""lifesaver"" by Ileana. Additionally, he mentions the Control Center, which makes switching between games and apps smoother. This feedback indicates that Thane Chambers and Ileana both appreciate the convenience and utility of these features on the PS5."
How does Fionnuala describe the convenience of the Control Center's audio settings adjustment?,You can adjust audio settings on the fly without having to pause the game,"Fionnuala highlights the Control Center as a convenient feature, noting that it allows users to adjust audio settings on the fly without needing to pause the game. This suggests that the Control Center provides a seamless and immediate way to customize audio preferences, enhancing the gaming experience by allowing players to tailor sound settings according to their preferences or needs during gameplay."
What aspect does ThaneChambers enjoy about sharing clips on the PS5?,It's a great way to relive intense moments with friends,"In one conversation, ThaneChambers mentioned sharing clips as a fun way to relive intense moments with friends. He stated, ""Sharing clips is a great way to relive those intense moments with friends. Plus, it’s cool to see what others are doing in their games. Makes me wanna level up my gameplay!"" This indicates that ThaneChambers enjoys being able to share and watch gameplay clips with other gamers, which adds to the community aspect of gaming."
Which game is LiHua currently obsessed with for its graphics and storytelling?,God of War,"Based on the conversation, LiHua is currently deeply engaged with ""God of War."" She mentions that she finds the graphics stunning and that the storytelling is really immersive. This indicates that ""God of War"" is the game that has captured her interest and admiration for its visual quality and narrative depth. LiHua has also expressed her enjoyment of the combat style and how it blends seamlessly with the storyline, further highlighting her current obsession with this title."
"How does Dyllan describe the combat in ""Horizon Forbidden West""?",It can be tricky sometimes,"Dyllan describes the combat in ""Horizon Forbidden West"" as being both challenging and enjoyable. He mentions that the combat can be tricky sometimes, particularly when dealing with flying machines, which require careful handling and strategic thinking. To mitigate these challenges, Dyllan recommends using a bow with elemental arrows, which can stun the flying machines, making them easier to defeat. Additionally, he suggests using the focus mechanic to track the movements of these aerial threats, which helps in dodging their attacks effectively. Dyllan also highlights the convenience of the Control Center, noting that it makes switching between games and apps much smoother. Overall, Dyllan seems to appreciate the strategic depth and immersive experience that ""Horizon Forbidden West"" offers in terms of combat."
"What strategy does Helios recommend for dealing with flying machines in ""Horizon Forbidden West""?",Using a bow with elemental arrows and focus to track their movements,"In the conversation, Helios discusses his experience with the flying machines encountered in ""Horizon Forbidden West"". He suggests using a bow equipped with elemental arrows, which can stun the machines, making them easier to take down. Additionally, he advises utilizing the focus mechanic to track the flying machines' movements, aiding in evading their attacks. Helios also mentions the use of traps as another effective strategy for handling these airborne threats."
What type of combat does Gavriel prefer in games?,Turn-based combat,"From the conversation, it appears that Gavriel prefers a mix of different types of enemies, each requiring different strategies to defeat. He also looks forward to seeing a mix of epic boss battles. Gavriel enjoys the variety that comes from different combat styles and finds it exciting to see a mix of unique abilities and enemy types that can challenge his approach. He appreciates the opportunity to strategize and adapt during fights, suggesting that he values combat systems that provide depth and encourage creative problem-solving."
"Who is ThaneChambers' favorite character in ""Octopath Traveler""?",Primrose,"In the conversations provided, ThaneChambers does not explicitly state his favorite character in ""Octopath Traveler"". However, it is mentioned that he appreciates the unique storytelling and pixel art style of the game. ThaneChambers engages in discussions about various aspects of the game, including its characters, missions, and storylines, but there isn't a clear indication of a favorite character within these interactions."
"How does Dyllan describe the importance of a balanced party in ""Octopath Traveler""?",It allows for more flexibility in battles and helps adapt to different challenges,"Dyllan emphasizes the importance of a balanced party in ""Octopath Traveler"". He explains that while having strong damage dealers and healers is crucial, it's equally important to have a character capable of taking hits, thus providing a solid defense. This balanced composition ensures versatility in battles, allowing players to adapt effectively to various challenges they may encounter. Dyllan suggests pairing characters such as H'aanit, whose tracking skills help gather loot, with someone like Olberic who can tank while also dealing significant damage. This combination highlights the need for strategic planning and coordination within the party to maximize effectiveness."
What does Elara enjoy doing to unwind after intense battles in games?,Wander around and collect items or side quests,"Elara enjoys taking time to reset and relax after intense battles. She suggests spending time wandering around to collect items or engage in side quests, which helps her recharge before diving back into the action. Additionally, Elara mentions that she often spends time leveling up her characters or experimenting with different party compositions, indicating a preference for continuous engagement and exploration. This shows that Elara values both immediate enjoyment and long-term progression within the game."
Who asks Emily if she has read The Lord of the Rings novels?,LiHua,"In the conversation, LiHua is the one who asks Emily Burnett if she has read The Lord of the Rings novels. LiHua expresses curiosity about the novels' relevance to the upcoming series ""The Rings of Power"" and inquires whether Emily has read them. LiHua then shares his own enthusiasm for the series, which includes appreciating the rich background and lore present in the novels."
What TV series does LiHua mention that they are curious about in relation to The Lord of the Rings?,The Rings of Power,"In the conversation, LiHua expresses curiosity about the TV series ""The Rings of Power"" in relation to The Lord of the Rings. Specifically, LiHua mentions that the series is set in the world of Middle-earth, where the events of The Lord of the Rings occur. LiHua shares his enthusiasm for the series, noting that he finds the visuals stunning and appreciates how the series explores the lore of The Lord of the Rings. This indicates that LiHua is particularly interested in the TV series as a continuation and exploration of the world and stories introduced in J.R.R. Tolkien's books."
"What aspect of ""The Rings of Power"" does Emily appreciate in terms of visuals?",How they are bringing Middle-earth to life,"In the conversation, EmilyBurnett expresses appreciation for the visual aspects of ""The Rings of Power."" Specifically, she highlights the series' ability to bring the lore of Middle-earth to life through stunning visuals. This comment underscores the visual appeal of the show and suggests that the production values contribute significantly to the immersive experience of the series. EmilyBurnett's enthusiasm for the show's visual elements aligns with the description provided in the table, which mentions that ""Stunning visuals are a notable aspect of 'Gris', contributing to its overall appeal."" However, it's important to note that ""Gris"" is not the series ""The Rings of Power."" The comment about the visual aesthetics of ""The Rings of Power"" likely refers to the high-quality cinematography and CGI used in the series, which helps to transport viewers into the fantasy world of Middle-earth."
What aspect of Elrond's character does Emily appreciate?,His mix of wisdom and vulnerability,"Emily appreciates Elrond's character for his mix of wisdom and vulnerability, which adds significant depth to the story. This combination of traits allows for a richer exploration of Elrond's character and interactions with other characters, providing a more nuanced narrative. Emily finds this aspect particularly fascinating and highlights it as one of the reasons why she enjoys the series ""The Rings of Power."""
What do LiHua and Emily agree on regarding the anticipation for the next episode?,They both can't wait for the next episode,"In their conversations, LiHua and Emily Burnett express strong anticipation for the next episode, highlighting the thrilling nature of the series. Specifically, during one discussion, LiHua mentions, ""The anticipation just makes it all the more exciting as we dive deeper into their complex lives. Let's keep our fingers crossed for some epic moments ahead!"" Emily Burnett responds by emphasizing the suspense and excitement that comes with each episode, saying, ""Absolutely! The suspense makes it so much more thrilling."" Both seem eager to continue their discussions and share thoughts and theories as the series progresses, underscoring their shared enjoyment and engagement with the content."
What does LiHua suggest they should do as the series unfolds?,Keep sharing their thoughts,"In their conversation, LiHua and Emily Burnett express enthusiasm for discussing the series as it continues. Specifically, LiHua suggests, ""It's going to be exciting! The wait is tough, but discussions like this make it so much more fun! Let’s keep sharing our thoughts as the series unfolds!"" This indicates that they plan to continue their discussions about the series, likely as episodes air, to keep engaged with the narrative and speculate on future developments."
What does Emily say about the series making her feel like she is really getting to know the characters?,The emphasis on character development and their backstories,"Emily Burnett emphasizes the importance of character development and emotional layers in storytelling. In a conversation with LiHua, she mentions that one of the aspects she finds most engaging about a series is the way it reveals emotional layers in the story and the characters within it. Specifically, Emily notes, ""The characters are the subjects of discussion, revealing emotional layers in the story."" This sentiment aligns with her interest in Concept Series, which LiHua recommends, suggesting a focus on character depth and meaningful narrative content. Emily finds particular enjoyment in the character development and backstory exploration, which allows her to form a deeper connection with the characters, indicating that she feels like she is really getting to know them."
What is the purpose of going to the grocery store on 20260923 according to WolfgangSchulz?,To grab some snacks for their next jam,"According to the conversation, WolfgangSchulz invited LiHua to the grocery store on 20260923 to grab some snacks for their next jam session. This indicates that the primary purpose of the trip is to stock up on ingredients for their musical performances, suggesting that WolfgangSchulz and LiHua regularly engage in jamming sessions and likely require snacks or supplies for these events."
What exercises does JakeWatson recommend for leg strength?,Squats and lunges,"JakeWatson recommends squats and lunges as exercises to improve leg strength. He suggests including these in the routine alongside strength training, which he believes is crucial for building muscles around joints and improving overall stability and endurance. He also mentions the importance of balancing strength training with flexibility exercises such as stretching, particularly after workouts to keep muscles flexible and prevent soreness. Additionally, JakeWatson encourages incorporating balance exercises like single-leg stands to further enhance performance."
What additional advice does JakeWatson give for maintaining muscle flexibility?,Stretch after workouts,"JakeWatson provides several pieces of advice for maintaining muscle flexibility, particularly following an intense game. One of the key pieces of advice he gives is to quickly refuel after a game with a snack that includes both carbohydrates and proteins, such as a banana with peanut butter. This combination helps replenish glycogen stores and aids in muscle repair. Additionally, JakeWatson emphasizes the importance of hydration, suggesting that drinking water or an electrolyte drink immediately after the game is crucial for recovery. He also recommends stretching out the muscles to ease the tension, noting that it has been very helpful for him personally. Furthermore, Jake suggests working on a recovery session with LiHua after their next game, where they can work on some moves and drills together. This collaborative approach not only offers physical benefits but also serves as motivation for both individuals. Overall, JakeWatson underscores the significance of quick refueling, hydration, and targeted stretching as essential components of post-game care and ongoing muscle maintenance."
How long should each stretch be held according to JakeWatson?,About 30 seconds,"According to JakeWatson, he recommends holding each stretch for about 30 seconds. This recommendation comes from his previous conversation with LiHua, where he mentioned, ""They target those key areas for soccer! Just hold each stretch for about 30 seconds."""
What is LiHua's response to the suggestion of taking a warm shower before bed?,LiHua plans to try it tonight,"In the conversation, LiHua expresses interest in trying the suggestion made by ChaeSong-hwa regarding taking a warm shower before bed. Specifically, LiHua says, ""I haven’t done it yet, but I’m definitely going to try it tonight! Sounds like a great way to relax before bed. Thanks for the tip! 😌✨"" This indicates that LiHua is receptive to the idea and plans to implement it into his bedtime routine."
Why does AdamSmith want the window measured?,To get some curtains made,"AdamSmith requested the window in the basement to be measured because he intended to get curtains made. This detail is indicated in the first interaction recorded under source ID 1, where AdamSmith mentions, ""I want to get some curtains made."" He specifically asks LiHua to measure the size of the window, providing the exact measurements of 150 cm wide and 120 cm high."
What are the dimensions of the window that LiHua measures?,150 cm wide and 120 cm high,"In one of the interactions recorded, Adam Smith asks Li Hua to measure the size of the window in the basement for him. Li Hua agrees and provides the dimensions shortly after. Specifically, Li Hua reports that the window is 150 cm wide and 120 cm high. Thus, the dimensions of the window are 150 cm in width and 120 cm in height."
Who initiates the discussion about binaural tones?,ChaeSong-hwa,"The discussion about binaural tones begins with ChaeSong-hwa, who shares his research on the topic with his friends. Specifically, the conversation starts with ChaeSong-hwa stating, ""Hey everyone! 🌟 I've been diving into some research on binaural tones. They could really enhance our sound and create a unique listening experience for our audience. What do you guys think about experimenting with this? 🎶"" LiHua and YurikoYamamoto both express enthusiasm and interest in exploring the use of binaural tones, with LiHua saying, ""That sounds really interesting! I'd love to hear how those binaural tones can change our sound. 😄 Maybe we can test it out in our next jam session?"" and YurikoYamamoto replying, ""Absolutely! It could add a whole new dimension to our music. I’m excited to give it a try! Let's see how it blends with our instruments. 🎸🥁🎤."""
How does YurikoYamamoto feel about adding a new dimension to their music with binaural tones?,Excited to give it a try,"YurikoYamamoto expresses strong enthusiasm for incorporating binaural tones into their music. She views this experimentation as an opportunity to add a new and unique dimension to their performances, stating, ""It could add a whole new dimension to our music. I’m excited to give it a try!"" Furthermore, she anticipates the potential for creating a fresh and engaging listening experience for their audience, noting, ""Let's see how it blends with our instruments."" This indicates that YurikoYamamoto is not only eager to try out binaural tones but also excited about the possibilities they present for enhancing their musical output and audience engagement."
Who congratulates LiHua on pushing their limits with the bench press?,JenniferMoore,"In the conversation, Jennifer Moore congratulates Li Hua on pushing her limits with the bench press. This is evident from the following exchange:- **Time: 20260930_14:00**  - Jennifer Moore: ""Hey Li Hua! 🎉 Just wanted to say congrats on pushing your limits with the bench press this week! You've been making awesome progress! Keep it up! 💪✨""  - Li Hua: ""Thanks, Jennifer! I appreciate the encouragement! Feeling strong and motivated! 😄 Any tips for next session?""  - **Time: 20261206_16:00**  - Jennifer Moore: ""Hey Li Hua! 🎉 Huge congrats on smashing your pull-up personal record! 💪 Your hard work is really paying off! Keep it up!""  - Li Hua: ""Thanks so much! I'm really feeling the progress lately. Your guidance is super helpful! Can’t wait for our next session!""From these exchanges, it is clear that Jennifer Moore is the one who congratulates Li Hua on pushing her limits with the bench press."
What does LiHua express feeling after the encouragement from Jennifer?,Strong and motivated,"After receiving encouragement from Jennifer, LiHua expresses feeling great about her fitness journey ahead. She mentions being ""feeling great"" and looks forward to continuing her progress. This indicates that she is motivated and confident moving forward with her fitness goals."
What is the focus for the next session suggested by JenniferMoore on 20260930?,Form and control,"On September 30th, JenniferMoore encouraged LiHua to focus on form during their upcoming session. She mentioned that they should also consider adding progressive overload to gradually increase the weight lifted. This advice highlights the importance of maintaining good form while progressively challenging themselves with heavier weights."
What technique does JenniferMoore suggest to gradually increase weight of the bench press exercise?,Progressive overload,"In one conversation entry dated September 24, 2026, JenniferMoore suggests a progressive overload strategy for increasing the weight on the bench press. Specifically, she recommends focusing on form and control during the next session and suggests adding progressive overload to gradually increase the weight. This approach aligns with the principles of periodization in strength training, where the intensity and volume of the workout are adjusted periodically to avoid plateaus and promote continued progression."
What type of hot pot does WolfgangSchulz prefer?,Sichuan,"From the conversation, it is clear that WolfgangSchulz prefers Sichuan-style hot pot. He mentions that he thinks ""Sichuan is my fave"" when discussing the planned dinner activity involving LiHua. However, the exact type of hot pot (whether it's Sichuan, Hunan, or another style) isn't specified in the dialogue."
Who comes up with the idea of picking up drinks on the way to hot pot?,LiHua,"In the conversation, LiHua initiates the suggestion of picking up drinks on the way to the hot pot dinner. Specifically, LiHua says, ""Yeah, me too! Should we pick up some drinks on the way?"" This indicates that LiHua came up with the idea to purchase drinks for the outing."
What does Ivor do the day before a game to help with hydration?,Hydrate well,"Based on the information provided in the sources, Ivor mentions making sure to hydrate well the day before a game. This suggests that he likely aims to increase his fluid intake the day prior to a game to prepare his body adequately for the following day's activity. Additionally, he encourages others to hydrate well, indicating that this is a common recommendation for preparing for games or workouts."
What practice idea does Dacey suggest to improve passing skills?,Target practice with cones,"Dacey suggests a practice idea to improve passing skills by incorporating target practice during the passing drills. She proposes setting up cones for target practice, suggesting a fun and interactive approach to skill improvement. This idea aligns with the broader discussion about enhancing passing skills and maintaining team spirit during practice sessions."
What does Briar remind everyone to bring to practice?,Water bottles,"In the provided data, Briar mentions several items that participants should bring to practice. Specifically, Briar reminds everyone to bring their water bottles to stay hydrated, emphasizing the importance of hydration, especially during practice. Additionally, Briar suggests bringing water bottles because it keeps energy levels up, which is particularly relevant given the mention of electrolytes and coconut water by JakeWatson and Caspian."
Who is considering buying Sekiro: Shadows Die Twice and asks for ThaneChambers' opinion?,LiHua,"In the conversation, LiHua is the one considering buying Sekiro: Shadows Die Twice and seeks ThaneChambers' opinion on whether it's worth purchasing. LiHua initiates the discussion by asking ThaneChambers about the game, specifically inquiring if it is ""worth it"" and if she should ""grab"" it. ThaneChambers enthusiastically recommends the game, praising its unique combat system, challenging battles, and engaging story, thus indicating that LiHua is the individual contemplating the purchase of Sekiro: Shadows Die Twice."
Does ThaneChambers recommend Sekiro: Shadows Die Twice to those who love a challenge?,Yes,"ThaneChambers enthusiastically recommends Sekiro: Shadows Die Twice to those who enjoy a challenging game, stating that it offers a unique combat system that requires strategic thinking and timing. He emphasizes that the game is designed for players who appreciate the challenge and praises its captivating world design. ThaneChambers believes that the game is worth grabbing for anyone interested in a demanding and rewarding gaming experience."
What game is ThaneChambers currently playing?,Black Myth: Wukong,"ThaneChambers is currently engaged in the game ""Black Myth: Wukong."" This game is noted for its stunning visuals and immersive storytelling, which seem to be quite appealing to ThaneChambers. He has mentioned enjoying the unique combat mechanics and how the game blends the story with the gameplay, particularly appreciating the dynamic and fluid nature of the combat."
What does LiHua think about the graphics and gameplay of Black Myth: Wukong?,The graphics look insane and the gameplay seems really fluid,"LiHua has expressed positive sentiments about the graphics and gameplay of Black Myth: Wukong. In conversations with ThaneChambers, LiHua highlights the stunning visuals as one of the standout features of the game, praising the vibrant art style and immersive world design. Additionally, LiHua commends the game's gameplay mechanics, describing them as ""really fresh and exciting."" Furthermore, LiHua mentions enjoying the exploration aspect of the game, appreciating how each area feels unique and detailed. This feedback aligns with ThaneChambers' observations that the game's visuals are ""stunning"" and the storytelling is ""super immersive,"" further emphasizing the game's impressive visuals and captivating narrative. LiHua also notes that the combat style blends well with the storyline and finds the boss battles to be both intense and satisfying. Overall, LiHua's enthusiasm for the game is evident, highlighting its strengths in both graphics and gameplay."
What part of Black Myth: Wukong does ThaneChambers like the most?,The fresh take on the classic tale and the unique combat mechanics,"In their conversations, ThaneChambers expresses a strong appreciation for several aspects of the game ""Black Myth: Wukong."" He particularly enjoys the game's immersive storytelling and the compelling narrative that reimagines classic tales with depth. Additionally, ThaneChambers highlights the game's impressive visuals, noting how they create a magical atmosphere. He also appreciates the unique character designs and the blend of combat with strategic elements, which keeps the gameplay dynamic and engaging. Overall, ThaneChambers seems to value the game's visual aesthetics, narrative richness, and interactive elements."
Which aspect of Black Myth: Wukong does LiHua find immersive?,The combat style and how it blends with the storyline,"In discussions with ThaneChambers, LiHua highlights that the exploration aspect of Black Myth: Wukong is particularly enjoyable. She appreciates how the unique areas within the game offer a sense of discovery and immersion, noting that ""each area feels so unique and detailed."" Additionally, LiHua mentions the lore behind the characters, describing it as ""fascinating,"" which contributes to her overall immersive experience with the game. While LiHua also praises the visuals and the compelling storytelling, it is the exploration and the rich character lore that she finds most immersive."
What is LiHua's reaction to the news about the new software?,LiHua is excited to check it out,"In the conversation dated 20261002_13:00, WolfgangSchulz informs LiHua about the progress of his software project, saying, ""Hey! Just wanted to let you know that the new software I’ve been working on is almost done. Can’t wait for you to try it out! 🎉"". LiHua responds positively to this news, expressing his excitement and eagerness to check it out, saying, ""That sounds awesome! I'm really excited to check it out. Let me know when it's ready! 😄"". He further emphasizes his enthusiasm by stating, ""I'm always up for trying new things, especially if it’s going to make my work easier. Plus, I know you put a lot of effort into this! 🙌"". This shows that LiHua is both excited about the potential benefits of the new software and appreciative of WolfgangSchulz's hard work."
Who asks Jake to play as the goalkeeper for soccer training?,LiHua,"In the conversation, LiHua initiates the request for Jake to play as the goalkeeper for their soccer training. This is evident from the dialogue where LiHua says, ""Hey Jake! Any chance you can play as the goalkeeper for our soccer training this weekend? I think it would be fun!"" LiHua is the one suggesting Jake participate in the training session as a goalkeeper."
Who discusses classic matches between Barca and Bayern with Jake?,LiHua,"Jake Watson discusses classic matches between Barca and Bayern with LiHua. This discussion includes reminiscing about the dramatic comebacks in matches between these two clubs, with Jake expressing admiration for the intense emotions and excitement that arise during these encounters."
In which year did Barca lose 4-0 against Bayern as mentioned in the conversation?,2013,"According to the conversation, Barcelona lost 4-0 to Bayern Munich in the 2013 UEFA Champions League final. This loss is highlighted as part of the dramatic comeback story that Barcelona later achieved in the 2015 Champions League final."
Which goal does Jake consider incredible from the 2015 match?,Neymar's goal,"Jake considers Neymar's goal in the 2015 match between Barca and Bayern to be incredibly impressive. He mentions that Neymar's finish was outstanding and that the celebration afterward demonstrated the passion and excitement surrounding the game. Specifically, Jake points out, ""For sure! That goal by Neymar in the 2015 match was just incredible! The way he finished it and sealed our place in the final was epic! Can't forget how the whole team celebrated afterwards."""
What is LiHua looking forward to in the upcoming matches?,Seeing how Pedri and the team perform and if they can go far in the UCL,"In the upcoming matches, LiHua looks forward to watching several classic matches between Barcelona (Barca) and Bayern Munich, particularly those involving the UEFA Champions League (UCL). She mentions that she found these matches very compelling due to the intense drama and emotional moments, especially notable comebacks and come-from-behind victories. LiHua also expresses her enthusiasm for watching the matches with her friend Jake Watson, indicating that she enjoys the camaraderie and discussion of the games afterward. Additionally, LiHua and Jake are also engaging in discussions about which player is the greatest of all time, comparing Lionel Messi and Cristiano Ronaldo. They reminisce about memorable moments and the ongoing rivalry between these two legendary footballers. LiHua plans to participate in a practice session with Jake on Saturday morning, which she sees as a great opportunity to improve her own skills and enjoy the game with a friend. Overall, LiHua anticipates both the excitement of watching classic matches and the personal growth and enjoyment that comes from playing and practicing soccer with her friend."
What are Jake's go-to snacks for match days?,Chips and dip & pizza,"Based on the conversation provided, Jake Watson does not explicitly mention his go-to snacks for match days. However, we can infer some preferences from the context. In one of the discussions, Jake Watson shares practical tips for recovery after a game, suggesting that he and Li Hua quickly refuel with snacks that include carbs and protein. Specifically, Jake mentions a ""banana with peanut butter"" as a snack option that he finds beneficial. Additionally, Jake suggests that Li Hua should try a ""banana and peanut butter combo"" for recovery, indicating that this snack is part of his go-to options for match days. There isn't another snack mentioned by Jake specifically for match days, but the banana and peanut butter combination appears to be one of his preferred choices for post-game nourishment."
Who does LiHua pick as the best football manager of all time?,Pep Guardiola,"In the discussions provided, LiHua expresses a clear preference for Pep Guardiola as the best football manager of all time. Specifically, LiHua states, ""My pick is Pep Guardiola!"" This sentiment aligns with other participants' opinions that Guardiola has accomplished remarkable feats throughout his career, particularly with Manchester City. His teams have transformed, and he is known for his unique style of play characterized by dominance in possession and creation of chances."
"Which team's style of play does Farrah remember as ""Total football""?",Barcelona,"Farrah specifically remembers the style of play known as ""Total Football"" associated with the Barcelona team. This style of play emphasizes fluid, dynamic gameplay where the team constantly shifts formations and roles among players to exploit gaps in the opposing team's defense."
Which player's development under Guardiola does Jasper mention?,Phil Foden,Jasper specifically mentions Phil Foden's development under Pep Guardiola. Jasper commends Phil Foden's growth and highlights how Guardiola has helped Foden showcase significant improvement and potential. This indicates that Phil Foden is the player whose development under Guardiola's management Jasper is referring to.
What will LiHua bring for everyone to enjoy after the match?,Snacks,"Based on the conversation, LiHua mentioned that she would bring drinks for the group. Specifically, she noted, ""I can bring some chips and drinks! It'll be a nice treat while we hang out."" Therefore, LiHua plans to bring drinks to enjoy after the match."
Which match does Jasper mention that Manchester City played recently?,Against Chelsea in the Premier League,"Jasper mentions a match where Manchester City played recently, specifically referring to a comeback against Manchester United. In the conversation, Jake Watson recalls a famous Champions League comeback by Real Madrid against Manchester City in 2022, where Manchester City was down by two goals but managed to score two goals in quick succession, securing a dramatic victory. This comeback is highlighted as a remarkable example of Manchester City's resilience and ability to turn things around in difficult situations."
Who scored a stunner in the Manchester City vs. Chelsea match as mentioned in the conversation?,Phil Foden,"In the conversation referenced, Jake Watson mentions a specific goal from a Manchester City vs. Chelsea match that he found particularly noteworthy. Specifically, he states, ""That match was intense! City showed some exceptional ball movement and Foden really capitalized on that chance! Chelsea struggled to keep up, especially in the midfield. It felt like City just had total control."" He then adds, ""Also, Rodri’s performance in midfield really stood out; he was everywhere!"" While Jake refers to Phil Foden's goal as ""stunner"" and praises Rodri's performance, the conversation does not explicitly state who scored the goal. However, given the context of the match and the focus on Phil Foden's performance, it is likely that Foden's goal is the one Jake is referring to as the ""stunner."" Therefore, based on the provided conversation, Phil Foden scored the stunner in the Manchester City vs. Chelsea match."
What aspect of Rodri's performance does Henley praise?,His interceptions and passing,"Henley highlights Rodri's significant contribution to Manchester City's midfield, describing him as ""the engine of that team."" She emphasizes how crucial Rodri is for maintaining the balance and defending stability within the midfield, indicating that his performance is highly valued by Henley and likely by many fans and analysts alike."
Who checks in with LiHua about their arm muscles after the bench press session?,JenniferMoore,"In the conversation, Jennifer Moore frequently checks in with Li Hua about her arm muscles post-bench press sessions. This can be seen in messages such as ""Hey Li Hua! Just checking in, how are those arm muscles feeling after our bench press session?"" (from Jennifer Moore at Time: 20261008_14:00) and ""Hey Li Hua! Are you ready to challenge yourself with even more weight on the bench press next week?"" (from Jennifer Moore at Time: 20260924_20:00). Jennifer seems to be concerned about Li Hua's progress and well-being after their workouts, ensuring she is adequately recovering."
What snack does LiHua agree to bring for the movie?,Chips,"In one of the conversations recorded, WolfgangSchulz mentions that he wants to bring some soda and juice for the movie night, while LiHua agrees to bring chips. Therefore, the snack that LiHua has agreed to bring for the movie is chips."
Who will pick up the snacks and drinks on their way before the movie?,LiHua,"Based on the conversation, LiHua will be picking up the drinks on her way to WolfgangSchulz's place for the movie night. Specifically, WolfgangSchulz mentions, ""Can't wait for the movie night! 🚀🎥"" and LiHua responds, ""Cool! I'll pick them up on my way."" LiHua also asks WolfgangSchulz about his drink preferences, indicating she will be purchasing them. However, WolfgangSchulz suggests, ""Just some soda and juice will be perfect,"" showing he doesn't need any specific drinks bought for him. Therefore, it appears LiHua will be responsible for both the drinks and snacks that they will be consuming together during the movie night."
What significant event in Cersei's life does Saffron highlight as a turning point?,Losing her kids,"Saffron highlights Cersei Lannister's loss of her children as a significant event that pushes her over the edge towards becoming a ruthless power-hungry queen. This loss is portrayed as a pivotal moment that drives Cersei to embrace cruelty to secure her power, suggesting that her actions stem from a place of desperation and the desire to protect what she holds dear, even if it means sacrificing everything else. The loss of her children symbolizes the culmination of the challenges and hardships that Cersei faces throughout the series, leading to her transformation from a love-struck girl into a power-hungry queen."
What idea does Rowan say Cersei represents?,Power comes at a cost,"Rowan mentions that Cersei represents the idea that power comes at a cost. He notes how Cersei achieved her goals but lost so much along the way, suggesting that power often leads to significant personal sacrifice and emotional turmoil."
What aspect of Cersei's character does Quillan say often shadows her vulnerability?,Her desperation for control,"Quillan mentions that Cersei's desperation for control often shadows her vulnerability. This suggests that despite her emotional depth and complex character, Cersei's strong drive for power and dominance often overshadows and masks her underlying emotional needs and desires for connection and love. This dynamic is evident throughout the series, where Cersei's fierce protectiveness over her children and her relentless pursuit of power and influence create a stark contrast to her more vulnerable and emotional side."
What relationship could have potentially changed Cersei's path according to Phaedra?,Her relationship with Tyrion,"According to Phaedra, the relationship with Tyrion Lannister could have significantly altered Cersei's path. Phaedra suggests that if Cersei had accepted Tyrion's advice over her internal pride, it could have been a transformative moment for her character. This advice could have helped her reconsider her power dynamics and potentially altered her perspective, leading to a different course of action. Phaedra believes that such a moment could have been pivotal in shaping Cersei's character and altering the trajectory of her story."
How does Kieran describe Tywin's influence on Cersei?,He taught her ruthless methods,"According to the information provided, Kieran describes Tywin's influence on Cersei as significant. Specifically, Kieran notes that ""Tywin Lannister is a character who has a significant influence on Cersei's character and choices."" This suggests that Tywin's actions and behaviors had a substantial impact on how Cersei developed and behaved throughout the series. Kieran further elaborates on this point, stating that ""Tywin’s methods were ruthless, and Cersei learned a lot from him."" This indicates that Tywin's approach to power and leadership, which may have been characterized by ruthlessness, taught Cersei important lessons about how to navigate the political landscape of Westeros."
What does Orion say about Cersei's mix of loyalty and fear towards Tywin?,It was a mix of both,"Orion discusses the complex relationship between Cersei and her father, Tywin Lannister. According to Orion, Tywin instilled a strong sense of survival and the necessity of power early on in Cersei's character. However, Orion also notes that Cersei developed a resentment towards this mindset, feeling that she had to maintain her independence and forge her own path in the game of thrones. This independence allowed Cersei to become stronger, but it also made her more isolated and vulnerable. Orion suggests that while Tywin’s methods and influence set Cersei on the path to becoming a powerful figure, Cersei’s desire to break free from his influence and the pressure to maintain approval from him ultimately turned her into a fierce and isolated figure. This independence, while making her stronger, also meant she was more isolated and less connected to those around her."
What does Rowan say about Cersei's independence?,It made her stronger but also more isolated,"Rowan expresses a nuanced perspective on Cersei's independence, noting that while it gave her strength and a sense of control, it also left her isolated. He suggests that Cersei's independence turned her into a ""fierce and isolated figure"" and that it turned her ""power into something that felt empty."" Rowan comments that her independence made her ""stronger or more vulnerable in the long run,"" highlighting the complex nature of her character and the conflicting outcomes of her pursuit of autonomy."
What relationship could have shown Cersei a different perspective on power according to Lachlan?,Her relationship with Tyrion,"According to Lachlan, Tyrion Lannister could have shown Cersei a different perspective on power. Lachlan suggests that if Cersei had listened to Tyrion and accepted his advice, it might have altered her perspective on power dynamics significantly. This dynamic between Cersei and Tyrion, characterized by Tyrion's wit and intelligence, could have helped Cersei see beyond her rigid approach to power and consider alternative strategies for achieving stability and security. However, Lachlan also notes that Cersei's pride often kept her from accepting help, especially from Tyrion, which prevented her from seeing the value in forming alliances and working with others to achieve her goals."
What does Tamara say Cersei's love led to?,Her downfall,"Tamara discusses Cersei's character and its evolution in Game of Thrones, emphasizing how Cersei's love for her family drove her actions. While this love was initially seen as a driving force for Cersei, leading her to take protective measures for her children, it also led to her downfall. Tamara notes that her fierce protectiveness over her children turned into an obsession, causing her to make ruthless choices. This obsession with her family ties, rather than embracing genuine connections, led to her making decisions that ultimately destroyed her relationships and her power. Tamara suggests that if Cersei had found a balance, she might have achieved both power and meaningful connections. Her love, while powerful, became a weapon that destroyed her, leading to a tragic end."
What does EmilyBurnett say Cersei's choices led to?,Her isolation,"EmilyBurnett, who is a participant in discussions about potential future developments in Westworld and the ethical considerations surrounding AI and consciousness, also engages in conversations related to Game of Thrones. Specifically, regarding Cersei Lannister, EmilyBurnett notes that Cersei's choices led to her isolation and ultimately, her downfall. She suggests that while Cersei achieved her goals through her ambition and power, she also lost significant aspects of her life, including meaningful connections and the love of her children. EmilyBurnett further elaborates on how Cersei's journey highlights the struggle between love and ambition, emphasizing that her choices had profound consequences, leading to a tragic ending."
What does Quillan suggest could have been a game-changer for Cersei?,Accepting Tyrion's advice,"Quillan suggests that if Cersei had accepted Tyrion Lannister's advice over her internal pride, it could have been a significant turning point. This advice, according to Quillan, would have altered Cersei's perspective on power dynamics significantly. This insight aligns with the broader narrative that suggests Cersei's journey was deeply influenced by her choices and her relationship with others, particularly Tyrion, who seems to offer a different perspective on power and its consequences."
Who initiates the discussion about game storytelling?,ThaneChambers,"The discussion about game storytelling begins with Thane Chambers initiating the conversation. He asks his peers, ""When it comes to game storytelling, what is your top choice?"" This prompts other individuals to share their favorite games and discuss aspects of game storytelling, such as character development, emotional impact, and narrative depth."
What game does ThaneChambers consider their top choice for storytelling?,The Last of Us,"In discussions with various participants, ThaneChambers identifies ""The Last of Us"" as their top choice for game storytelling. This game is highlighted for its compelling characters and the emotional journey they undertake, according to ThaneChambers. Bronwyn agrees, adding that ""God of War"" also excels in terms of storytelling, particularly praising the father-son dynamic and impactful dialogue within the narrative. However, ThaneChambers specifically names ""The Last of Us"" as their personal favorite, emphasizing its ability to resonate deeply with players emotionally."
What game does Gavriel mention for its characters and plot twists?,Final Fantasy VII Remake,"Gavriel mentions ""Final Fantasy VII Remake"" as a game that does a great job with its characters and plot twists. Specifically, he notes that the expansion of the original story in this remake is particularly engaging. This game is known for its deep character development and complex narrative, which allows for multiple interpretations and new layers to emerge as players interact with the story."
Which game does ThaneChambers recommend for its choice-based storytelling?,Life is Strange,"In one conversation, ThaneChambers recommends ""The Last of Us"" as a game with exceptional choice-based storytelling. Specifically, he states, ""It's definitely one of the best out there! The storytelling sets it apart from a lot of other games. It's got this mix of action and stealth that keeps you on your toes. If you enjoyed games with strong narratives like Witcher 3, you'll love this one too!"" This recommendation aligns with the user's inquiry regarding a game that excels in choice-based storytelling."
What game does Elara mention for making her emotional?,Bioshock Infinite,"Elara mentions ""Firewatch"" as a game that left a lasting emotional impact on her. In ""Firewatch,"" the game's narrative focuses on the emotional journey of a man named Henry who must communicate with Delilah, a woman he meets while exploring a desolate Wyoming landscape. The game's minimalist art style and the intimate radio conversations with Delilah create a sense of vulnerability and connection that resonated with Elara. Her comments suggest that the game's ability to evoke a profound emotional response through its simple interactions and rich character dynamics is noteworthy."
What game does Dyllan describe as epic for its samurai culture?,Ghost of Tsushima,"Dyllan describes ""Ghost of Tsushima"" as epic for its samurai culture. He highlights how the game brings the samurai culture to life and appreciates the way it explores the conflict between tradition and change."
Which game does Helios call a masterpiece for making players feel connected to the characters?,Red Dead Redemption 2,"Helios frequently engages in discussions about various games, sharing insights on character connections and narrative depth. In one of his comments, he refers to a game that stands out for its ability to make players feel deeply connected to the characters, calling it a ""masterpiece."" While Helios does not specify which game this is, we can infer that he is likely referring to games that offer rich character development and compelling storylines, which align with his interests in character connections and narrative depth. Given the context of the conversation, it appears that the game Helios considers a masterpiece for making players feel connected to the characters is likely ""Oxenfree,"" a game known for its compelling dialogue and intricate character relationships."
"What scene from ""Red Dead Redemption 2"" does Bronwyn mention as emotional?",The scene with Arthur and John on the mountain,"Bronwyn mentioned the quest with the little girl and her mother as one of her favorite side quests in ""The Witcher 3."" This quest allowed players to deeply connect with the characters and their story, adding significant weight to the narrative choices made by the player. While Bronwyn did not specify an emotional scene from ""Red Dead Redemption 2,"" she did express a strong connection to NPCs in the game, highlighting how they can enhance the immersion and emotional depth of the experience."
What game does Ileana say made her question the morality of her actions?,Red Dead Redemption 2,"In the conversation, Ileana mentions that she was particularly struck by a game where the NPCs handled player choices in a way that influenced the narrative significantly and emotionally. Specifically, she talks about her experience with ""Horizon Forbidden West,"" stating, ""It's so much more engaging! Does anyone else find themselves caring about NPCs just as much as the main characters?"" This indicates that ""Horizon Forbidden West"" is the game that made her question the morality of her actions, as it had a profound impact on her emotional investment and the narrative outcomes."
Which game does Caelum mention for encouraging emotional engagement with the narrative?,Red Dead Redemption 2,"Caelum mentions ""Red Dead Redemption 2"" as a game that encourages emotional engagement with the narrative. He notes that the character development and storytelling in the game are particularly powerful, allowing players to feel deeply connected to Arthur's journey and struggles. This immersive experience makes the game memorable and impactful, reflecting the blend of choices and storytelling that can stay with players long after they finish the game."
What game does Bronwyn say mixes daily life with deep story arcs?,Persona 5,"Bronwyn mentions that she finds the game ""Persona 5"" to be particularly engaging due to its ability to mix daily life with deep story arcs, ensuring that the gameplay and the narrative are intricately intertwined. She highlights how the character development within the game ties well with the gameplay, and every day feels important for the characters' growth. This blend of the mundane and the profound in ""Persona 5"" contributes significantly to its emotional depth and richness."
What game does LiHua mention for exploring themes of choice & consciousness & humanity?,Detroit: Become Human,"LiHua mentions ""Detroit: Become Human"" as an example of a game that explores themes of choice, consciousness, and humanity in a deeply thought-provoking manner. The game allows players to experience different perspectives and multiple endings, keeping them guessing about the impact of their decisions. This showcases how games can delve into complex philosophical and psychological concepts, engaging players on a deeper level."
Which game does Dyllan say raised interesting questions and moral dilemmas?,Detroit: Become Human,"Dyllan mentioned ""Detroit: Become Human"" as a game that raised interesting questions and moral dilemmas. He highlighted the game's exploration of themes such as choice, consciousness, and humanity, noting its thought-provoking nature and the way it presented multiple endings to keep players guessing about the impact of their decisions. Additionally, Dyllan appreciated the game's ability to allow players to experience different perspectives, describing it as ""intriguing."""
What game does Dyllan recall for its intimate feel and dialogue?,Firewatch,"Dyllan mentioned recalling ""Firewatch"" for its intimate feel and engaging dialogue, which drew him in and kept him connected to the characters. This game is known for its minimalist design, focusing primarily on exploration and dialogue-driven story progression, allowing players to immerse themselves in the narrative and the relationship between the main character and the mysterious woman he encounters atop a Wyoming mountain range."
Which game does LiHua mention for playing with various storytelling tropes?,The Stanley Parable,"In the conversation, LiHua mentions ""The Stanley Parable"" as a game that left her thinking about storytelling in unique ways. Specifically, she notes that it is a game that ""raises some interesting questions and moral dilemmas, [and] the way the game lets you experience different perspectives is so intriguing."" LiHua highlights that it is a game that ""definitely leaves you thinking and questioning the nature of storytelling."" This suggests that ""The Stanley Parable"" is indeed a game known for its innovative and unconventional approach to narrative, playing with various storytelling tropes in a way that challenges the player's expectations and perceptions."
What does Li Hua like about the curtains?,the patterns,"In the conversation, Li Hua expresses satisfaction with the curtains she received. Specifically, she mentions that they are ""perfect"" and ""totally meets my expectations."" Furthermore, she appreciates the patterns, saying, ""I really like the patterns!"" This indicates that Li Hua is pleased with both the functionality and aesthetic appeal of the curtains. Additionally, she seems enthusiastic about their potential use in the basement, stating, ""The curtain is excellent, totally meets my expectations."" Overall, Li Hua appears very satisfied with her purchase and its subsequent use."
What does MalfurionStormrage suggest for sunny days?,umbrellas for shade,"According to the conversations recorded, Malfurion Stormrage suggests adding some shade to the benches and picnic tables to make the area more comfortable during sunny days. He specifically recommends considering umbrellas or installing plants around the seating area to provide shade and additional greenery, which can also offer a bit of privacy. This suggestion aligns with the broader goals of enhancing the garden's comfort and appeal throughout the year."
Who proposes the idea of adding tables near the benches?,RexxarRemar,"In the conversation, the idea of adding tables near the benches was proposed by RexxarRemar. He suggested that having tables would be ""nice for gatherings and picnics."" This idea was further supported by MalfurionStormrage, who added that it would also be a good idea to consider some shade, like umbrellas, to make it more comfortable to sit there on sunny days."
What does GromHellscream suggest to brighten the area in the evening?,lanterns or string lights,"In one conversation, GromHellscream suggests adding lanterns or string lights to the garden area to brighten it in the evening. This idea is supported by GromHellscream himself, who emphasizes that lanterns and lights would create a ""cozy atmosphere during the evenings"" and could also be used for community gatherings. He adds, ""It could make the garden feel magical at night! ✨"" Additionally, he mentions considering solar-powered lanterns, which would be ""eco-friendly and provide a lovely soft glow without any wiring hassles."""
What type of lanterns does MalfurionStormrage recommend?,solar-powered lanterns,"In one of the discussions, MalfurionStormrage suggests solar-powered lanterns as a recommendation. He explains that these lanterns are eco-friendly and provide a lovely soft glow without any wiring hassles. Additionally, they can charge during the day while working in the garden, making them convenient and sustainable solutions for lighting."
Who is excited to see how the garden evolves?,Thrall,"From the conversation, it is evident that multiple individuals are excited to see how the garden evolves. Among them are Tirion Fordring, who looks forward to seeing the transformation and the garden becoming more beautiful with the blooms. AdamSmith also expresses excitement about the garden, mentioning it will be a good way to lift spirits after weather delays. Additionally, ChaeSong-hwa shares her excitement about the garden project, stating she can't wait to see what they create together. Overall, the enthusiasm for the garden is high across the group, with everyone looking forward to its completion and the beautiful space it will become."
What does Turalyon think about the suggestions?,They are going to make the garden a fantastic community spot,"Turalyon seems very enthusiastic about the suggestions made in the community garden discussions. He frequently mentions ideas such as grouping flowers by color or height for a better visual effect, adding benches or seating areas for relaxation, and considering a seating area for community gatherings. Additionally, he emphasizes the importance of planning for the garden's maintenance and suggests involving the community for a better outcome. His feedback and encouragement show his commitment to ensuring the garden is aesthetically pleasing, functional, and inclusive."
What kind of activities does MalfurionStormrage suggest for the gathering?,games for kids & flower planting workshops & good food,"In the conversation, MalfurionStormrage expresses his enthusiasm for a community gathering once the flowers are settled in the garden. He suggests that such an event would be a wonderful opportunity for everyone to gather and enjoy nature together. To make the gathering even more enjoyable, he proposes including some games or activities for the attendees. Specifically, Malfurion mentions that activities would add excitement and could be particularly appealing to children, suggesting potential activities such as crafts or simple games. Overall, Malfurion hopes that the gathering will serve as a great way to bring the community closer together and to enjoy the newly established garden space."
Who offers to check with friends for live music performance?,ArthasMenethil,"In the conversation, ChaeSong-hwa initiates the discussion about a live performance of ""Bohemian Rhapsody"" by Queen. He suggests that it would be great for everyone to try it out together. He asks LiHua if she has any favorite bands performing, indicating that he wants to explore new music with the group. LiHua expresses enthusiasm about the idea and looks forward to discovering new music together. Therefore, ChaeSong-hwa offers to check with the friends for a live music performance, specifically for a concert featuring ""Bohemian Rhapsody."""
What does MuradinBronzebeard think about live music?,It would really enhance the experience,"MuradinBronzebeard expresses enthusiasm for incorporating live music into the event, believing it would significantly enhance the atmosphere and create a delightful ambiance for everyone involved. He suggests brainstorming different genres or inviting talented friends to perform, aiming to bring a lively and enriching experience to the garden and event. His suggestion indicates a preference for music that can contribute positively to the overall experience, aligning with his vision for a wonderful communal gathering."
Who suggests doing a group purchase of the new games?,ThaneChambers,"In the conversation, Thane Chambers initiates the suggestion for a group purchase of new games. He mentions, ""Sounds awesome! I'm all in for a group purchase. Always nice to save a bit while getting a new game. Which game are we talking about?"" This proposal is then supported by others, showing enthusiasm for the idea."
What does ThaneChambers think about the new games?,excited and interested,"In discussions regarding the upcoming game releases, ThaneChambers expresses enthusiasm and optimism. He mentions seeing news about a series of new games set to drop on both the PlayStation Digital Store and physical discs, suggesting that he and his friends are looking forward to these releases. ThaneChambers suggests that it might be a good idea to organize a group purchase of these games, as it could be beneficial to save money while acquiring new titles. This indicates that ThaneChambers sees value in collaborative purchasing and enjoys participating in such activities with his friends. Additionally, ThaneChambers shares his excitement about a specific game called ""Black Myth: Wukong,"" praising its stunning visuals and immersive storyline. He also recommends this game to LiHua, highlighting the combination of action and stealth gameplay that keeps the player engaged. Through these interactions, it is clear that ThaneChambers is enthusiastic about new game releases and enjoys recommending and discussing them with his friends."
What feature are they hoping for in the new game?,co-op missions and shared loot system,"In the ongoing discussion, several features are being considered for the new game. The group is particularly enthusiastic about the potential for a shared loot system, which they believe would add a strategic layer to gameplay and make it more engaging. Additionally, the presence of crossplay is highly anticipated, as it would allow players on different platforms to join forces and play together. The group is also keen on having customizable characters, which they view as essential for expressing individuality within the game. Furthermore, a deep skill tree or upgrade system is seen as crucial for replayability and strategic gameplay. Lastly, the inclusion of crafting systems is viewed as a significant enhancement to the overall experience."
What does Helios want to know about the game?,whether it will feature crossplay,"Helios expresses interest in multiple aspects of games, particularly focusing on the potential for intense moments and action-oriented gameplay in ""Final Fantasy XVI."" Additionally, he shows enthusiasm for sharing updates and participating in gaming chats. Helios also mentions a connection between ""Ghostwire: Tokyo"" and another discussion, suggesting that Tokyo may be a significant setting or theme. He engages in conversations about various games such as ""Horizon Forbidden West,"" ""Red Dead Redemption 2,"" ""Detroit: Become Human,"" ""Undertale,"" and ""Life is Strange,"" and shares combat advice and appreciation for dynamic NPCs. Helios is known for discussing games and their themes, offering combat tips, and reflecting on the storytelling aspects of games like ""Call of Duty."" He also suggests using drones for scouting and creating distractions, indicating a keen interest in game strategies and mechanics."
What does Dyllan think about crossplay?,it was awesome and makes playing together much easier,"Dyllan expresses enthusiasm for crossplay in games, particularly mentioning that it makes playing together much easier, especially in scenarios where coordinating strategies is crucial. Dyllan shares that they had a memorable experience with crossplay in another game, stating, ""I played a few games with crossplay, and it was awesome getting to team up with friends on different consoles. It definitely makes playing together much easier. The more players, the better!"" He hopes that the upcoming game supports crossplay, saying, ""Can't wait for more info to roll out! What other features are you guys looking out for?"" This indicates that Dyllan is looking forward to crossplay capabilities in the new game."
What does Ileana think is essential for the new game?,a robust matchmaking system,"In the conversation, Ileana expressed several key points regarding what she believes is essential for the new game. She highlighted the importance of a robust matchmaking system, stating, ""A good matchmaking system can make or break the experience! It’s so important to find players who vibe well together. Plus, it helps with game balance, making it more enjoyable overall."" Additionally, she mentioned the need for a tutorial or training mode, emphasizing its role in helping new players understand the mechanics and making the experience smoother. Furthermore, she emphasized the necessity of a deep skill tree or upgrade system, noting that it allows characters to evolve and provides strategic depth to gameplay. These aspects contribute to creating a more engaging and replayable experience for players."
What does Helios think would be awesome for character development?,a deep skill tree or upgrade system,"Helios expresses enthusiasm for various elements that could enhance character development in games. In one discussion, he mentions being excited about the potential for intense moments in ""Final Fantasy XVI"" and the focus on action-oriented gameplay. Additionally, Helios is keen on the prospect of group purchases and potential discounts and release dates, indicating an interest in collaborative efforts and community involvement, which can contribute to character development by fostering interaction and shared experiences among players. Furthermore, Helios looks forward to gaming chats and updates, suggesting that regular communication and engagement can help deepen character relationships and provide rich narratives. His excitement for these elements underscores his appreciation for how interactive and social components can drive character development within gaming experiences."
What does Gavriel think about crafting systems?,they offer a chance to create unique weapons and gear,"From the conversation, it appears that Gavriel did not specifically address his thoughts on crafting systems. However, he did mention preferences for various types of resources and consumables that could enrich the gameplay. He expressed interest in having a variety of consumables, such as health potions, buffs, and crafting ingredients, which adds another layer of strategy and encourages thoughtful usage. This indicates a positive inclination towards crafting elements that offer flexibility and strategic depth in the game."
What does Elara think about resource management?,it always makes it feel more immersive,"In the conversation about resource management, Elara expresses optimism, stating that if the developers put thought into resource management, it could significantly enhance the gameplay by keeping players engaged and strategically involved. She suggests a mix of resources, including materials for crafting weapons and armor, rare items for upgrades, and in-game currency for trading. Elara believes that hidden treasures and surprises from exploring could add excitement and depth to the game, indicating that she values a rich and varied resource system."
What does Fionnuala think about potions and temporary boosts?,they are always helpful,"Fionnuala expresses enthusiasm for potions and temporary boosts, describing them as ""always helpful, especially in tough situations."" She believes that these additions to the game would add another layer of strategy since players would have to consider when and how to use them effectively. Specifically, she mentions that she thinks variety in potions would be fun, including some that boost speed or enhance attack power for a short time. This aligns with the broader sentiment expressed in the discussion, where multiple participants agreed that a mix of resources, including consumables like potions and temporary boosts, would enrich the gameplay."
What does ThaneChambers think about stealth boosts?,they add a whole new layer to gameplay,"In one conversation, ThaneChambers expresses enthusiasm for stealth boosts, indicating that they could significantly enhance the gameplay experience by offering new strategies and unique ways to approach challenges. Specifically, he mentions that stealth boosts could lead to ""epic moments with strategies and surprises,"" suggesting that these additions could introduce fresh elements and excitement to the game. Additionally, ThaneChambers highlights the potential for stealth mechanics to impact cooperative play, noting that ""planning sneaky maneuvers together sounds like a blast."" This implies that stealth boosts could foster teamwork and strategic thinking among players."
What does LiHua think about the potential for stealth in the game?,it could lead to some really engaging and strategic gameplay,"In discussions regarding the inclusion of stealth elements in the game, LiHua expresses enthusiasm and optimism. She highlights the potential for stealth to offer engaging and strategic gameplay, stating, ""We might need to assign roles, like having one of us distracting enemies while others sneak around. Communication will definitely be key, especially in those tense moments."" This shows LiHua's understanding of the importance of teamwork and communication in successful stealth missions. Additionally, she looks forward to the strategies that could emerge from adopting a more strategic and non-lethal approach, indicating her support for the game's design direction."
What is one characteristic of Real Madrid that JakeWatson mentions?,they thrive under pressure,"JakeWatson emphasizes several characteristics of Real Madrid in the conversations recorded. One notable characteristic he mentions is their ability to ""turn things around"" or perform ""comebacks"" when they are behind in a game. Specifically, he highlights a game where Real Madrid was down by two goals but managed to score two goals in quick succession to win the match, describing it as ""pure drama"" and ""drama"" that ""shows their belief and determination."" This showcases the team's resilience and ability to fight back from difficult situations, which is a significant aspect of their identity and success."
What was special about the match against Manchester City in 2022 according to the group discussion?,Rodrygo's stoppage-time goal,"According to the group discussion, the match against Manchester City in 2022 stands out due to the dramatic stoppage-time comeback that Real Madrid orchestrated. This match was particularly notable for several reasons:- **Turnaround Under Pressure**: The narrative highlighted how Real Madrid, trailing by two goals, managed to come back and score two goals in quick succession, showing their resilience and ""never-say-die"" attitude.- **Rodrygo's Heroic Goal**: Specifically mentioned was the stoppage-time goal scored by Rodrygo, which sealed the comeback for Real Madrid. This goal is described as ""epic"" and indicative of the team's ability to perform exceptionally well under pressure.- **Momentum Shift**: The discussion noted the significant change in momentum the moment Real Madrid scored their second goal, suggesting a shift in the match's outcome.- **Fan Engagement**: The atmosphere at the Bernabeu Stadium was emphasized as being ""electric,"" highlighting the supportive environment that fueled the team's performance.- **Team Spirit and Legends**: The group also reflected on the importance of team spirit and the legacy of players like Carles Puyol and Gerard Piqué, who exemplified dedication and leadership, contributing to the team's success.Overall, the match is remembered as a testament to Real Madrid's ability to overcome adversity and their exceptional teamwork, making it a memorable and inspirational match."
What does Aurora say about the atmosphere at the Bernabéu during tough games?,It was electric,"Aurora highlights the significant role of the atmosphere in the Bernabéu during challenging matches. Aurora expresses that the Bernabéu Stadium has a strong home advantage and that the fans play a pivotal role in uplifting the team during tough moments. Aurora describes the electrifying atmosphere at the Bernabéu during the comeback against Manchester City, emphasizing how the fans contribute to the team's determination and resilience. Aurora believes that this supportive environment from the crowd helps the players dig deeper and perform at their best, making every game an adventure."
What does Evangeline say about Real Madrid's history in the Champions League?,They have a legendary history and a winning culture,"Evangeline expresses enthusiasm for the Champions League, mentioning that it is a highly anticipated competition. She highlights Real Madrid's strong history in the Champions League, noting that the club has a winning culture that is deeply ingrained within the team. Evangeline emphasizes the significance of the fans' support, stating that it greatly contributes to the team's resilience and success during tough moments. She also points out Real Madrid's notable comeback performances, recalling a specific example from the 2011 Champions League final where they defeated Barcelona 3-1, showcasing their dominance and tactical prowess. Evangeline underscores how the club's fans play a crucial role in boosting the team's morale and belief, especially during challenging matches."
Who is Real Madrid's coach according to Ivor?,Ancelotti,"According to the information provided, Ivor does not specify the current coach of Real Madrid. Instead, Ivor discusses Real Madrid as a prominent Spanish football club known for their comeback capabilities, referencing a specific comeback against Manchester City in a Champions League match. Therefore, based on Ivor's comments, we cannot determine the current coach of Real Madrid."
What does Dacey propose to practice on Saturday?,soccer shooting skills,"Dacey proposes several practices for the Saturday session, including sharpening up on passing skills and taking shots. Additionally, she suggests setting up cones for target practice during the passing drills, which she believes would be a fun and interactive approach to improving her skills. Her enthusiasm for the practice session and eagerness to participate are evident throughout the discussions."
What time do they plan to meet for soccer practice?,3 PM,"For soccer practice, multiple times are mentioned across different contexts. Specifically, JakeWatson suggests meeting at 3 PM for passing drills, stating ""We can meet at the park on Saturday at 3 PM."" Additionally, during a previous discussion, LiHua mentions, ""How about Saturday afternoon? We could practice some drills and go over the rules while playing. It'll be fun! Let me know what time works for you!"" This indicates that a Saturday afternoon practice is planned. However, a specific time of 3 PM is mentioned for a practice session focused on shooting. Therefore, the times proposed for soccer practice range from Saturday afternoon to 3 PM on specified days."
Who offers to bring cones for the soccer practice?,Aurora,"In the conversation, Henley suggests bringing cones for the practice, specifically stating, ""Is everyone ready for Sunday? I’m pumped to practice and improve together!"" Henley then mentions, ""JakeWatson: Is everyone ready for Sunday? I’m pumped to practice and improve together!"" and follows up with, ""JakeWatson: Just remember, it's all about having fun while we improve our skills. Excited to see everyone on Sunday!"" However, Henley directly states that she will bring the cones for the practice, saying, ""Caspian: I’m definitely in for some practice this Sunday at 3 PM! Dribbling skills are key to improving our game. Let’s do this!"" and ""Caspian: I still think that Man U vs Bayern in 1999 is one of the best matches ever. Can't wait for our practice this Sunday at 3 PM! It's gonna be fun!"" Therefore, Henley is offering to bring the cones for the soccer practice."
What else does Henley plan to work on during the practice?,dribbling skills,"During the practice, Henley plans to focus on improving her passing skills, particularly short passes. She suggests having a quick chat about favorite players during practice and asks for others' opinions, indicating that she wants to engage in discussions that might help refine her understanding of the game. Additionally, she proposes setting up target practice using cones to sharpen her passing skills. Overall, Henley looks forward to the practice session on Saturday, emphasizing the importance of bringing enthusiasm and water bottles for hydration."
Who suggests getting pizza for dinner?,WolfgangSchulz,"In the conversation between WolfgangSchulz and LiHua, WolfgangSchulz mentions his preference for classic margherita pizza, and he also expresses interest in checking out a new pizza place downtown, suggesting that they could have a pizza night soon. However, it is LiHua who initiates the idea of having a pizza night, saying ""Let’s plan a pizza night soon. It’ll be great to try some new flavors together! 🍕✨."" Thus, LiHua suggests getting pizza for dinner."
What drink does WolfgangSchulz usually have with his pizza?,soda or craft beer,"According to the conversation, WolfgangSchulz usually pairs his pizza with a nice cold drink. He mentions that he enjoys either a soda or a craft beer depending on his mood. Specifically, during a previous discussion about pairing drinks with pizza, LiHua suggests, ""I love having a refreshing lemonade with pizza. It complements the flavors so well!"" This indicates that WolfgangSchulz often chooses a beverage that complements the pizza's flavors, likely a refreshing option."
What do LiHua and Wolfgang plan to do together according to their conversation on 20261017?,plan a pizza night,"According to the conversation dated 20261017_17:00, LiHua and WolfgangSchulz discussed their preferences for pizza and the type of drinks they enjoy. Specifically, Wolfgang expressed a preference for classic margherita pizza, while LiHua favored pepperoni pizza. They also talked about pairing their pizzas with drinks, with Wolfgang favoring cold drinks like soda or craft beer, whereas LiHua preferred a refreshing lemonade. Additionally, they mentioned a desire to visit a new pizza place downtown, which they thought had some amazing toppings."
What songs does ChaeSong-hwa suggest starting with according to the discussion on 20261019?,"Sweet Home Alabama or ""Let It Be""","According to the discussion on October 19, 2026 (20261019_19:00), ChaeSong-hwa proposed starting with some classic songs followed by some popular hits. Specifically, he suggested starting with ""Sweet Home Alabama"" and ""Let It Be,"" which are both classic songs. For the popular hits, he mentioned ""Shallow"" and ""Shake It Off."" These choices aim to provide a mix of familiar favorites and fresh, contemporary songs to keep the karaoke night engaging and enjoyable for all participants."
What type of songs does YurikoYamamoto want to try according to the discussion on 2026101?,upbeat pop songs,"Based on the discussion provided in the table entry dated 20261231_12:31, it appears that YurikoYamamoto and her friends decided to mix up the song selection for their upcoming band gathering at the end of the year. During the conversation, YurikoYamamoto suggested trying ""Stand By Me"" again, as she thought it would be fun to play it as a team. However, the conversation also indicates that the group intends to choose a variety of songs, including both classics and festive ones, to ensure a fun and diverse setlist for the event. This decision suggests that YurikoYamamoto wants to incorporate a mix of popular and classic songs to make the event enjoyable and engaging for all participants."
What songs does ChaeSong-hwa suggest adding to the mix according to the discussion on 2026101?,"Shallow or ""Shake It Off""","There appears to be no conversation recorded specifically for the date 2026101. The discussions provided in the table entries cover dates 20260730, 20260427, and 20260421. In the discussions dated 20260730 and 20260427, ChaeSong-hwa suggests mixing up the setlist by including both classic songs and newer ones, as well as considering Fleetwood Mac and current chart hits. However, without further details on the 2026101 discussion, it's not possible to provide specific song suggestions from ChaeSong-hwa."
What does ChaeSong-hwa plan to bring to karaoke night?,snacks,"In one of the conversations, ChaeSong-hwa mentions bringing snacks to the karaoke night. Specifically, he states, ""I'll bring some snacks and drinks. It'll be a great way to unwind together after all the hard work!"" This indicates that ChaeSong-hwa plans to contribute with food items to make the karaoke night enjoyable for everyone involved."
What does WolfgangSchulz suggest the group do before the upcoming karaoke night?,pick their songs,"Before the upcoming karaoke night scheduled for Friday evening, WolfgangSchulz suggests that the group finalize the date and give the night a good vibe. He also emphasizes the importance of picking their songs well in advance so they are prepared for the event. WolfgangSchulz encourages the group to share their song ideas beforehand to ensure the night is filled with a variety of enjoyable selections."
How does LiHua feel about the upcoming karaoke night?,excited and can't wait,"LiHua expresses enthusiasm and excitement about the upcoming karaoke night. In a conversation recorded on October 19th, 2026, LiHua says, ""Next weekend sounds great! Can't wait to sing our hearts out! 🎤✨"" Furthermore, in a follow-up message from WolfgangSchulz, LiHua confirms her eagerness, stating, ""I'm totally up for it! It’ll be great to let loose and sing our hearts out together. Any favorite songs in mind?"" LiHua's positive attitude and anticipation for the karaoke night indicate that she looks forward to participating and enjoying the experience."
What does ChaeSong-hwa say about the karaoke night?,it's going to be a blast,"In one of the conversations recorded, ChaeSong-hwa expresses his enthusiasm for a future karaoke night. He mentions that he wants to do karaoke again because he misses it, despite being busy with work. In another instance, he proposes having a karaoke night next weekend, suggesting fun and upbeat songs like ""I Will Survive"" and ""Sweet Caroline."" Additionally, he suggests including some classics from their previous sessions and even mentions bringing snacks for the event. Overall, ChaeSong-hwa is looking forward to a karaoke night and seems excited to bring people together to sing and unwind."
What is the current status of the curtains according to LiHua?,They are perfect and more than satisfies him,"According to the conversation, LiHua has already received the curtains. Specifically, she mentioned, ""Yep, I have received it yesterday! Thanks so much, Adam! And by the way, I really like the patterns!"" This indicates that the installation process is complete, and LiHua is pleased with the curtains. There were no further mentions of the curtains' installation or any ongoing issues related to them."
What game does ThaneChambers remember as LiHua's favorite?,Black Myth: Wukong,"In one of the conversations recorded, ThaneChambers mentions that LiHua's favorite game is ""Black Myth: Wukong"". This is evident from the following exchange:```plaintextTime: 20261020_10:00ThaneChambers: Hey Li Hua! I remember your favorite game is ""Black Myth: Wukong"". What do you think stands out the most for you in ""Black Myth: Wukong""? Is it the story or the visuals? 🎮✨LiHua: Honestly, the visuals are stunning! The art style is super vibrant, and the world design is so immersive. Plus, the gameplay mechanics feel really fresh and exciting. What about you? Have you tried it?```Therefore, based on the conversation, ""Black Myth: Wukong"" is the game ThaneChambers remembers as LiHua's favorite."
"What does ThaneChambers like about the game ""Black Myth: Wukong""?",the storytelling,"ThaneChambers expresses enthusiasm for ""Black Myth: Wukong,"" praising both its visuals and storytelling. In the conversations, he highlights the game's immersive atmosphere and compelling narrative, particularly appreciating how it reimagines a classic tale with depth. He also points out the game's unique gameplay mechanics, which offer strategic and tactical challenges, making the experience engaging and dynamic. ThaneChambers emphasizes the blend of action and thought-provoking moments, noting that these elements contribute to a balanced and satisfying gaming experience."
"What memorable moment does LiHua share from the game ""Black Myth: Wukong""?",an amazing battle scene where he had to outsmart a giant enemy,"In one of the conversations recorded, LiHua shared a particularly memorable moment from the game ""Black Myth: Wukong."" Specifically, during a discussion about the gameplay and the moments that stand out, LiHua mentioned, ""Oh, I had this amazing battle scene where I had to outsmart a giant enemy! The strategy involved was so satisfying, and the graphics made it even more epic. Have you come across any memorable moments during your playthroughs?"" This indicates that LiHua enjoyed a strategic and visually impressive battle scene, which became a standout moment in his playthrough of the game."
"What memorable moment does ThaneChambers share from the game ""Black Myth: Wukong""?",a moment where he faced a tricky puzzle,"In one of the conversations recorded, ThaneChambers mentions a memorable moment from ""Black Myth: Wukong."" Specifically, he recalls a thrilling battle scene where he had to outsmart a giant enemy. ThaneChambers describes the scenario as ""intense"" and highlights the satisfaction derived from successfully strategizing to overcome the challenge. This battle scene is portrayed as particularly satisfying due to the game's dynamic and immersive combat mechanics, which make every session feel unique and engaging."
"How does LiHua describe the balance of combat and puzzles in the game ""Black Myth: Wukong""?",It's refreshing to switch between action and thinking,"In the conversations provided, LiHua expresses a positive view on the balance of combat and puzzles within ""Black Myth: Wukong."" Specifically, she highlights that the game offers a blend of these elements which makes the experience refreshing and engaging. She appreciates the fact that the game allows players to switch between action and thinking, ensuring that every session feels different and exciting. LiHua emphasizes that the combat system is dynamic and fluid, and she enjoys the unique mechanics that it offers. Additionally, her comments suggest that the game includes challenging moments that require strategic thinking and problem-solving, such as facing tough bosses and navigating complex environments. Overall, LiHua seems impressed by the game's ability to seamlessly integrate both combat and puzzle-solving elements, creating a comprehensive and enjoyable gaming experience."
Would LiHua be interested in playing co-op with the group?,Yes,"In the conversation, ThaneChambers expresses enthusiasm for playing co-op with the group, stating, ""It’d be awesome to share the experience and tackle challenges together. Plus, I’d love to see how everyone plays differently! Let’s definitely plan for that sometime."" Given this, it seems that LiHua is also open to playing co-op, though she hasn't explicitly stated her interest. However, her previous comments indicate a strong desire for collaborative gameplay, suggesting that she would likely be interested in playing co-op with the group. LiHua mentions enjoying co-op missions and the strategic aspects of co-op gameplay, such as the shared loot system and teamwork in challenging missions. Therefore, it is reasonable to conclude that LiHua would indeed be interested in playing co-op with the group."
What TV series does EmilyBurnett remember LiHua likes?,Chernobyl,"From the conversation, it is clear that Emily Burnett remembers LiHua as a fan of several TV series. Emily mentions that LiHua has an all-time favorite comedy TV series, which is ""Brooklyn Nine-Nine."" Additionally, Emily recalls that LiHua has also shown interest in and discussed ""Succession,"" ""Chernobyl,"" ""Silicon Valley,"" and ""The Rings of Power."" Emily herself is a fan of ""The Office,"" ""The Crown,"" ""Ted Lasso,"" and ""Stranger Things,"" among others. This indicates that LiHua enjoys a diverse range of TV series, including both mainstream comedies and more dramatic narratives."
What is EmilyBurnett's favorite TV show?,Game of Thrones,"Based on the conversations presented, Emily Burnett expresses a preference for several TV shows. She mentions liking ""Brooklyn Nine-Nine"" and ""The Office,"" suggesting she enjoys these comedies. Additionally, she recommends ""Succession"" and suggests ""Stranger Things"" as a good binge-watch option. However, her strongest recommendation appears to be ""The White Lotus,"" which she describes as a fun and engaging show with entertaining twists. Therefore, while Emily has a varied taste in television, ""The White Lotus"" seems to be her current favorite show among those discussed."
"What memorable scene from ""Chernobyl"" does LiHua mention?",the scene where they're trying to contain the radiation,"In the conversation, Li Hua mentions a scene in ""Chernobyl"" that stands out due to its emotional impact. Specifically, he notes that the scene where they are trying to contain the radiation and the sacrifices made by the workers is particularly impactful. This scene showcases the human spirit in difficult circumstances, highlighting the bravery and resilience of the individuals involved."
"Who is LiHua's favorite actor in ""Chernobyl""?",Stellan Skarsgård as Boris Shcherbina,"Based on the conversation, Li Hua's favorite actor in ""Chernobyl"" is Stellan Skarsgård, who played the role of Boris Shcherbina. Li Hua found the character's journey throughout the series fascinating and appreciated the emotional weight he added to the scenes."
What TV series is EmilyBurnett currently watching?,The Last of Us,"Based on the conversation provided, EmilyBurnett is currently watching ""The Bear."" She expressed enthusiasm about the show, describing it as a different vibe but one that is engaging and deeply character-driven. Emily mentions enjoying how the series dives into the chaos of running a restaurant while exploring the characters' emotions, noting that the storytelling is gripping and that the balance of drama and comedy is appealing."
What TV show does EmilyBurnett recommend LiHua to watch?,The Last of Us,"EmilyBurnett recommends several TV shows to LiHua based on their conversations. Initially, she suggests ""The Crown"" due to its storytelling quality and ""Ted Lasso"" for its comedic appeal. Later, she also recommends ""Stranger Things,"" describing it as a mix of nostalgia and suspense, which LiHua is interested in checking out. Additionally, EmilyBurnett recommends ""The White Lotus"" for its entertaining nature and ""The Mandalorian"" for its potential to be a weekend binge-watch. Therefore, LiHua has several TV shows to consider based on EmilyBurnett's recommendations."
"What does LiHua's plan about wathcing ""The Last of Us""?",binge it that weekend,"LiHua expressed interest in watching ""The Last of Us"" and sought Emily Burnett's recommendation on the game. Emily recommended it highly, describing it as a game that explores complex character dynamics, moral dilemmas, and the importance of relationships under stressful conditions. She further elaborated that the story is gripping and emotional, with well-developed characters and intense gameplay. Given Emily's positive assessment, it appears LiHua intends to watch ""The Last of Us"" based on the recommendation."
What does JakeWatson suggest for refueling after a soccer game?,a snack with carbs and protein and staying hydrated,"Based on the conversation between JakeWatson and LiHua, JakeWatson suggests grabbing a snack with carbohydrates and protein for quick refueling post-game. Specifically, he recommends a banana with peanut butter as a good option. This type of snack provides energy through carbohydrates and helps replenish muscle proteins, aiding in recovery."
What are LiHua's usual recovery snacks after a game?,a protein shake and a fruit smoothie,"Based on the conversation provided, LiHua does not specifically mention her usual recovery snacks after a game. However, she does share a preferred snack option with Jake Watson. In one interaction, LiHua suggests a banana with peanut butter as a quick and effective recovery snack, which Jake Watson also recommends. There is no other detailed information about LiHua's typical recovery snacks mentioned in the given context."
What is the purpose of the community picnic?,to bring the community together and get to know each other better,"The purpose of the community picnic is to bring the community together, relax, and get to know each other better. It serves as a fun and enjoyable way to enhance the community spirit and social cohesion. The event involves a variety of activities such as games, sharing a potluck, and enjoying the newly renovated community garden. The picnic is also seen as a way to celebrate the completion of the garden renovation project."
What type of food event did Turalyon suggest?,a potluck,"Turalyon suggested organizing a weekend picnic as a community gathering. He proposed a variety of activities including games and a potluck, where everyone could bring dishes to share. Additionally, he mentioned considering bringing music and blankets or chairs for seating, as the picnic could potentially get quite crowded."
What does RexxarRemar suggest for the community picnic atmosphere?,organizing some music,"In one of the discussions, RexxarRemar suggests including background music to enhance the atmosphere and create a joyful vibe for the picnic. He notes that it's important to ensure the music isn't too loud to avoid disturbing others nearby. Additionally, RexxarRemar recommends bringing blankets or chairs for seating, as it may get crowded, which would add to the cozy and relaxing atmosphere. His comments highlight the importance of thoughtful planning to ensure the picnic is enjoyable for all attendees."
What does TirionFordring suggest bringing for seating?,blankets or chairs,"Based on the information provided in the data, Tirion Fordring suggests that the team should prioritize noise considerations in community planning. However, he does not specifically mention what items should be brought for seating. Instead, he emphasizes the importance of having a solid plan for upkeep and discusses the potential for rotating tasks among volunteers to keep the community involved and engaged. He also mentions the possibility of forming a community emergency response team and updating the construction schedule, but does not provide details on what items should be brought for seating."
What day did the community members decide on for the picnic?,next Saturday,"In the conversation, Turalyon mentions planning a picnic for next Saturday, stating, ""Let's say next Saturday for the picnic? That'll give everyone time to prepare and bring their dishes. How does that sound?"" Based on this information, the community members decided on next Saturday for the picnic."
What does RexxarRemar suggest for keeping everyone energized during the picnic?,a mix of snacks and drinks,"During the picnic, RexxarRemar suggests bringing some blankets or chairs to ensure comfortable seating. He also recommends setting up a small drink station with water and refreshments to keep everyone hydrated throughout the day. Additionally, RexxarRemar proposes having a mix of snacks and drinks, which can keep participants energized and ready for various activities. The inclusion of desserts and possibly a little competition for the best treats adds to the excitement and social interaction among the attendees."
What does IllidanStormrage say he will bring to keep everyone entertained during the picnic?,some epic games,"IllidanStormrage expresses enthusiasm for bringing his signature dish to impress. However, the specific dish mentioned is not detailed in the given text. Overall, his participation in the picnic planning shows his commitment to ensuring the event is enjoyable and engaging for everyone. Given his role in suggesting the potluck idea, it is reasonable to infer that he might prepare something unique or tasty to contribute to the communal dining experience."
What places in Europe does WolfgangSchulz remember as stunning in Europe?,the fjords in Norway and the lavender fields in Provence,"In the conversation, WolfgangSchulz mentions several European locations that he found particularly striking. Specifically, he highlights the fjords in Norway, describing them as ""breathtaking."" Additionally, he mentions the lavender fields in Provence, noting them as having a ""vibe"" and describing the beaches in Amalfi Coast as ""unreal,"" with ""colors of the water against the cliffs"" being described as ""next level."" Thus, based on the provided information, WolfgangSchulz remembers fjords in Norway and lavender fields in Provence as stunning places in Europe."
What does WolfgangSchulz like about Prague?,its architecture and the vibe of the old town,"WolfgangSchulz expresses admiration for Prague, particularly its enchanting old town atmosphere and magical architecture. He finds the city's night-time ambiance especially captivating. This appreciation for Prague is reflected in his fondness for the city, which he shares with LiHua, suggesting that WolfgangSchulz values the city's unique charm and historical significance."
What is WolfgangSchulz's favorite risotto memory?,having seafood risotto in Venice,"In one conversation, WolfgangSchulz mentions a risotto experience that he particularly enjoyed during his travels. Specifically, he states, ""It’s gonna be a feast for sure! It's been a while since we had a good dinner together. See you in a bit!"" This indicates that WolfgangSchulz values the shared dining experience and remembers a particularly enjoyable meal, likely including risotto, during his travels. However, there isn't a specific mention of a particular restaurant or cuisine type associated with this risotto memory."
What does WolfgangSchulz want to check out in Italy?,Cinque Terre,"From the conversation, WolfgangSchulz mentions several Italian locations that he finds interesting. He describes the fjords in Norway as breathtaking, and he speaks highly of the lavender fields in Provence, stating that they have a ""sea of purple"" vibe. WolfgangSchulz also mentions Prague, describing the old town as magical and the atmosphere enchanting. Furthermore, he shares his experience of having the best risotto in Venice, noting its creamy texture and the inclusion of seafood. Given these descriptions, it seems WolfgangSchulz appreciates Italy for its scenic beauty and rich culinary offerings. However, he specifically wants to visit Cinque Terre, a string of five colorful coastal villages known for their picturesque views and hiking trails. He expresses a desire to revisit coastal towns in Italy due to the charm and stunning views they offer."
What does LiHua say about the seafood in Cinque Terre?,it's supposed to be fresh and delicious,"In one conversation, WolfgangSchulz mentions that he has not personally tried the local dishes in Cinque Terre but remembers the seafood there as being fresh and delicious. This indicates that according to WolfgangSchulz's experience, the seafood in Cinque Terre is highly regarded for its freshness and taste. LiHua did not directly comment on the seafood in Cinque Terre, but her mention of the coastal charm and potential for scenic views suggests an appreciation for the region's natural offerings, including possibly its seafood."
What time will Li Hua and Wolfgang meet for breakfast on the morning of the 9th?,Insufficient information,"According to the conversation, Li Hua and Wolfgang have planned to meet for breakfast on the 9th. The exact time was not specified, but they agreed to meet around 7:00 AM. This timing allows them to ""chill and catch up"" before diving into their breakfast, indicating it is likely a leisurely mealtime rather than a formal gathering."
"What type of exercise does Li Hua prefer to do at the gym, and what time does Wolfgang usually go to the gym?",Insufficient information,"Based on the interactions provided in the data, Li Hua primarily engages in cardiovascular and strength training exercises at the gym. This is evident from their conversation where they discuss plans to do cardio followed by strength training together. Regarding Wolfgang's gym habits, he frequently visits the gym, indicating that it serves as a place to unwind after work. This is suggested by his comment, ""I do stop by now and then. It’s a great way to clear my head after coding all day."" Additionally, Wolfgang expresses interest in participating in various gym activities and suggests working out together with Li Hua, which further supports the idea that he regularly goes to the gym. In summary, Li Hua prefers cardio and strength training at the gym, while Wolfgang is a regular visitor who uses the gym as a space to relax after work."
What type of traditional games did Wolfgang Schulz play with Li Hua during the Lunar New Year celebration?,Insufficient information,"During their Lunar New Year celebration, Wolfgang Schulz and Li Hua did not mention playing any specific traditional games. Instead, they discussed plans to enjoy traditional Chinese food and reminisce about past jam sessions. They agreed to meet at Wolfgang's basement to play music and catch up, indicating that music and musical activities were the primary focus of their plans for the holiday celebration."
"What did Li Hua eat for dinner on January 20, 2026?",Insufficient information,"There is no specific information provided in the given data about what Li Hua ate for dinner on January 20, 2026. The conversations mentioned only highlight the Lunar New Year celebrations, including a family dinner, and mention plans for various events such as a Thai dinner, a stand-up comedy show, and a dinner at Venedia Grancaffe. No details regarding dinner choices on January 20, 2026, are included."
What movie did Li Hua and Wolfgang decide to watch together on New Year's Eve 2026?,Insufficient information,"In the conversation dated 20260119_14:30, WolfgangSchulz suggests a movie night with LiHua. He proposes checking out a new movie everyone is talking about, which he believes would be a fun combination with a movie afterward. LiHua agrees enthusiastically, indicating they plan to watch a movie first followed by games. Given the context and Wolfgang's suggestion, it seems they decided to watch a new movie on New Year's Eve 2026. However, no specific title was mentioned; it appears to be a new release that has gained popularity among their circle."
What dish did Li Hua order for dessert after having Sichuan hot pot with Wolfgang Schulz?,Insufficient information,"In one of the conversations recorded, Li Hua and Wolfgang Schulz discuss their meal preferences. Specifically, Wolfgang Schulz mentions, ""The dessert was a nice treat too!"" This indicates that they likely shared a dessert after their meal. However, the data table does not provide explicit information about which dessert they chose specifically. Therefore, based solely on the information available, we cannot determine the exact dessert that Li Hua ordered after their Sichuan hot pot dinner."
What specific diet did Li Hua follow to achieve his fitness results that Jennifer Moore recommended?,Insufficient information,"In the conversation, Jennifer Moore recommended several resources for Li Hua to deepen his understanding of fitness nutrition, including ""The New Rules of Lifting"" by Lou Schuler and Alwyn Cosgrove, and Precision Nutrition, which offers online courses. However, the detailed dietary regimen that Jennifer Moore specifically recommended isn't mentioned in the provided conversations. Instead, Jennifer provides some general advice and examples of foods that are beneficial for overall health and recovery, such as vegetables, lean meats, and certain snacks. She suggests aiming for at least five servings of vegetables daily and recommends leafy greens, bell peppers, and broccoli as particularly nutritious options. Additionally, she suggests incorporating a variety of lean proteins, such as chicken breast, turkey breast, lean cuts of beef, fish, and tofu or tempeh for a plant-based option. Regarding snacks, she recommends Greek yogurt with honey and berries, mixed nuts, cottage cheese with pineapple, and hummus with carrot and cucumber sticks. While Jennifer does not provide a specific diet plan, she emphasizes the importance of a balanced intake of nutrients and varied food choices to support overall fitness progress."
What alternative training sports does Li Hua consider besides the current routine mentioned in his conversation with Jennifer?,Insufficient information,"In the conversations provided, Li Hua mentions a desire to improve his endurance and incorporates various forms of cardio into his routine. During one of their interactions, Jennifer suggests incorporating longer cardio sessions and interval training, along with activities like cycling, running, or swimming. This indicates that Li Hua considers cycling, running, and swimming as potential alternatives to his existing workout routine to enhance his endurance. Additionally, he seems open to trying new forms of interval training, which could involve activities like jumping jacks, burpees, or sprints interspersed with rest periods. Overall, these options suggest a diverse range of sports and exercises Li Hua could explore to improve his endurance beyond his current training regimen."
What type of diet is Li Hua following to support his training regimen and sleep schedule?,Insufficient information,"Based on the conversations shared in the sources, there isn't a specific detailed discussion on Li Hua's exact dietary regimen. However, several points can be inferred:In one interaction, Jennifer Moore advises Li Hua about protein intake and suggests he should consume about 1.6 to 2.2 grams of protein per kilogram of body weight. She recommends using protein powder as a supplement to meals, particularly post-workout. Additionally, she suggests a variety of protein sources including chicken breast, turkey breast, lean cuts of beef, fish, tofu, and tempeh. These choices indicate a balanced approach to protein consumption, likely aligning with a generally healthy diet.Regarding sleep, Li Hua mentions he sleeps around 7-8 hours a night, which is considered adequate. He appreciates the importance of sleep for recovery, suggesting that maintaining good sleep hygiene is crucial for his overall health and performance.While there is no explicit mention of a particular diet, the focus on balanced protein intake, sleep quality, and the inclusion of various foods implies that Li Hua is likely following a varied and nutritious diet. This type of diet supports both his fitness goals and his sleep schedule by ensuring he receives necessary nutrients for recovery and energy, while also promoting restful sleep."
What type of protein shake does Li Hua prefer to drink before his workout sessions?,Insufficient information,"Based on the conversation provided, Li Hua did not specifically mention his preference for a pre-workout protein shake. The discussion primarily revolves around post-workout hydration and recovery, including the benefits of consuming a protein shake after workouts. There is no information indicating that Li Hua prefers a pre-workout protein shake over other types of supplements or snacks. Therefore, we cannot determine what type of protein shake Li Hua prefers to consume before his workout sessions based solely on the given data."
What specific colors of paint does Li Hua plan to use for the basement walls after decorating with potted plants?,Insufficient information,"There is no information provided in the given text regarding the specific colors of paint Li Hua plans to use for the basement walls. The interactions mentioned focus on adding potted plants and getting approval for their placement, but there is no mention of paint colors or other finishing touches for the basement walls."
"What specific design features did Li Hua suggest for Yuriko's studio homepage during their meeting at ""Central Perk""?",Insufficient information,"During their meeting at ""Central Perk"", Li Hua proposed several design features for Yuriko's studio homepage. These included incorporating a simple form for users to leave comments or suggestions, as well as a star rating system to allow for feedback. Additionally, Li Hua suggested adding testimonials, which Yuriko expressed interest in, as these could help build trust with new clients. Yuriko had requested a user feedback section on her studio homepage, and Li Hua agreed to help with its design, focusing on matching the overall look of the studio with soft and calming pastel colors. Li Hua also mentioned the possibility of including additional features such as a call-to-action at the end of each blog post to encourage reader engagement, which Yuriko found to be a great idea."
What is the name of the concert that Wolfgang and Li Hua will attend on March 7th?,Insufficient information,"From the conversation details provided in the sources, Wolfgang and Li Hua plan to attend a concert on March 7th at 6 PM. However, the name of the concert itself is not explicitly mentioned in the data. The context suggests it's likely a live music event, possibly a concert featuring various artists, given that Wolfgang and Li Hua frequently engage in jamming sessions and music-related activities."
What type of cake does Li Hua plan to bring to the meeting with Yuriko to celebrate her studio's homepage redesign?,Insufficient information,"In the conversation, Li Hua mentions trying a variety of pastries from a café named ""Central Perk."" Specifically, she tried sprinkled cake donuts and red velvet New York cheesecake. There is no mention of Li Hua planning to bring a cake specifically to the meeting with Yuriko regarding the studio's homepage redesign. Therefore, based on the information provided, it is unclear what type of cake Li Hua plans to bring."
What color did Li Hua paint his house before the community garden renovation began?,Insufficient information,"There is no information provided in the given text about Li Hua painting his house before the community garden renovation began. The discussion focuses on the upcoming community garden renovation project and its various aspects, including seating areas, flower beds, herb sections, and the involvement of community members in planning and implementation. No details are mentioned regarding interior decoration or painting of houses."
What specific dietary changes did Li Hua implement in his training regimen as a result of Jennifer's advice on endurance and flexibility?,Insufficient information,"In response to Jennifer's advice on enhancing endurance and incorporating more flexibility into her training regimen, Li Hua made several specific dietary adjustments. Initially, she was advised to incorporate longer cardio sessions and interval training into her routine. This recommendation led Li Hua to consider a broader range of activities, including cycling, running, or swimming, to diversify her cardiovascular workouts and improve her endurance. Additionally, Jennifer suggested focusing on proper hydration and nutrition, which prompted Li Hua to pay closer attention to her diet. She likely began to prioritize foods rich in carbohydrates for sustained energy and proteins for muscle repair and growth, aligning with the principles of endurance training.Moreover, Jennifer recommended incorporating yoga and dynamic stretching techniques into her routine to improve flexibility and balance. This meant Li Hua began to integrate more stretching exercises into her daily regimen, likely focusing on poses that enhance flexibility and stability. Her dietary changes may also have included more leafy greens, bell peppers, and broccoli to ensure she had enough nutrients to support her increased physical activity, particularly in the areas of endurance and flexibility.Overall, the dietary adjustments were aimed at providing Li Hua with the necessary nutrients to fuel her workouts and aid in recovery, thus supporting her fitness goals. While specific recipes or meal plans are not detailed in the conversation, the shift towards a balanced diet with an emphasis on lean proteins, healthy fats, complex carbohydrates, and a variety of fruits and vegetables was the primary outcome of Jennifer's nutritional advice."
What is the exact reason for Li Hua's unexpected work meeting on Thursday?,Insufficient information,"In the conversation provided, there is no explicit mention of the reason behind Li Hua's unexpected work meeting on Thursday. However, it is noted that she has an ""unexpected work meeting tomorrow"" and offers to reschedule to Friday. This indicates that her original work commitment on Thursday was unexpected and unplanned. Without further details from the given data, we cannot specify the exact nature of the work meeting."
"What toppings did Hailey put on the bread for Li Hua's next delivery, and what is the name of the bakery she gets her bread from?",Insufficient information,"Based on the interactions detailed in the sources, Hailey Johnson provides various types of bread to Li Hua through her doorstep service. For Li Hua's next delivery, Hailey recommends the rosemary focaccia. This type of bread is known for its savory flavors, typically enhanced with olive oil, sea salt, cherry tomatoes, or olives. The bakery that provides these breads to Li Hua is Hailey's bakery, which offers a variety of artisanal breads made from locally sourced ingredients. Li Hua seems very satisfied with the quality and flavors of the breads she receives from Hailey."
What is the favorite type of music that Li Hua and Yuriko plan to play together?,Insufficient information,"Based on the interactions shared in the conversation, Li Hua and Yuriko seem to have a diverse musical taste. Li Hua plays guitar and enjoys jam sessions with Wolfgang and Yuriko every Sunday. Yuriko, on the other hand, expresses a love for a mix of genres, particularly enjoying classic rock and acoustic songs. During their jam sessions, they have discussed playing a variety of songs, including ""Hotel California,"" ""Blackbird,"" and medleys of classic rock songs. Given their engagement with a wide range of music, it seems that their favorite type of music to play together could encompass both classic rock and perhaps some acoustic or folk genres, depending on the particular session. However, without specific mention of a favorite genre, their musical selections indicate a broad interest in a variety of musical styles rather than a single preferred type."
What are the specific reasons why Li Hua prefers classical music over pop music in their discussions?,Insufficient information,"In the provided discussion threads, there is no explicit mention of Li Hua preferring classical music over pop music. Instead, Li Hua and the other band members discuss various topics related to music, including the benefits of music for infants, the incorporation of traditional Chinese elements into their performances, and the potential for creating new musical fusion pieces. They also express enthusiasm for discussing different types of music, such as game soundtracks, traditional Chinese music, and contemporary pop tunes. While Li Hua mentions enjoying certain genres, such as classic rock and folk, and appreciates the use of music in therapy sessions, there is no specific preference indicated for classical music over pop music. Therefore, based on the information available, it cannot be determined why Li Hua might have a preference for classical music over pop music."
What is the name of the last song Wolfgang played using the new drum practice app?,Insufficient information,"The information provided does not specify the name of a song Wolfgang played using the new drum practice app. The only reference to the app in the data is WolfgangSchulz expressing interest in trying it out, saying ""I haven't tried it yet, but I’m thinking it could really help get my drumming back on track. Have you two given it a shot?"" and ""I'm excited to see how it can help us out."" There is no mention of a specific song being played using this app. Therefore, based on the available data, we cannot determine the name of the last song Wolfgang used the new drum practice app to play."
What flavor of new bread products did Li Hua really enjoy at the bakery's anniversary event?,Insufficient information,"At the bakery's anniversary event, Li Hua expressed enthusiasm for the new pastries, particularly mentioning that she really enjoyed the raspberry tart. She also indicated her appreciation for the new bread products, though she didn't specify a particular flavor she liked best among them."
What flavor of cake did Hailey plan to bake for the bakery's anniversary celebration in February?,Insufficient information,"There is no explicit mention of a cake flavor being planned specifically for the bakery's anniversary celebration in February. The text discusses various activities and events related to the bakery's anniversary, including discounts on new bread products and free baking classes, but does not provide details about a cake flavor for the anniversary celebration. Therefore, based on the information available, it is not possible to determine the flavor of cake Hailey planned to bake for the bakery's anniversary."
What type of dessert did Wolfgang plan to order for Li Hua during their dinner celebration?,Insufficient information,"During their dinner celebration, Wolfgang planned to order risotto, which he had heard was ""really good."" However, for Li Hua, he suggested ordering pasta. Given that Wolfgang is described as someone whose ear for rhythm can suggest cool tracks for the jam session, it seems he was focusing more on the food aspect rather than the music during their dinner. Thus, it appears Wolfgang intended to order risotto for himself and pasta for Li Hua."
What were Raze's personal reasons for becoming a fitness coach before discussing pull-up techniques?,Insufficient information,"There is no explicit information provided in the given conversation about Raze's personal reasons for becoming a fitness coach. The discussion revolves around Raze's struggles with pull-ups and seeking advice from others on how to address the shaking issue. The content does not contain details about his career path or motivations behind becoming a fitness coach. Therefore, based solely on the information available, we cannot determine Raze's personal reasons for becoming a fitness coach."
What specific construction projects were discussed at the meeting between Turalyon and the residents regarding noise control?,Insufficient information,"During the meetings, Turalyon and the residents discussed several specific aspects related to noise control during construction. Initially, Turalyon proposed limiting noisy activities from 2-3 pm, suggesting the use of temporary barriers or quieter tools during that timeframe. Malfurion Stormrage agreed and suggested notifying residents a day in advance about any particularly loud work. Arthas Menethil added the idea of posting updates in the chat or placing a notice board at the garden entrance to keep everyone informed.Subsequently, Muradin Bronzebeard proposed using sound-absorbing materials for benches and play areas, which Grom Hellscream supported by suggesting incorporating plants such as tall shrubs or trees for natural noise reduction. This was followed by a discussion on the inclusion of native plant species that would support local wildlife and create an educational aspect within the garden.Further recommendations included setting up seating areas that would blend well with the surroundings, providing shaded spots for comfort during playtime, and ensuring the placement of benches faced towards the flower beds. Additionally, the group considered adding decorative elements like paths and signage to enhance the garden's charm and accessibility.Overall, the discussions focused on balancing the need for construction work with the enjoyment of the residents, aiming to minimize noise disruption during critical hours and ensure a comfortable and enjoyable environment for all."
What is the amount of rent Li Hua owes to Adam Smith for the months of April and May?,Insufficient information,"From the provided interactions, there is no explicit mention of Li Hua owing rent to Adam Smith for the months of April or May. The transactions mentioned involve rent payments made by Li Hua to Adam Smith, but the dates do not align with the specified months. Therefore, based on the data available, we cannot determine the amount of rent Li Hua owes to Adam Smith for April or May."
What song did Li Hua perform at the local music festival in 2026?,Insufficient information,"Based on the information provided in the data, there isn't a specific song mentioned that Li Hua performed at the Local Music Festival in 2026. The data primarily discusses the plans and preparations for the festival, including potential performances and the desire to showcase crowd-pleasing songs, but does not specify which exact song Li Hua will perform."
"What is the name of the restaurant where Li Hua and Wolfgang had dinner on the night of June 9, 2026?",Insufficient information,"Based on the information provided in the sources, there is no specific mention of a dinner or restaurant visit on June 9, 2026. The sources only detail various social gatherings and activities, including movie nights, coffee dates, and dinner outings. There is no record of a particular restaurant being visited on June 9, 2026."
What is the nutritional value of the new line of high-protein breads compared to traditional white bread?,Insufficient information,"There is no specific nutritional data provided in the given information regarding the comparison between the new high-protein breads and traditional white bread. However, based on the context, we understand that these new breads are designed to be high in protein, which is beneficial for fitness and muscle recovery. Traditional white bread typically contains less protein and more carbohydrates and simple sugars, which may contribute to quicker energy spikes followed by drops. The high-protein breads, presumably, would offer a more sustained energy source due to their higher protein content, which aligns with their intended purpose of being suitable for fitness enthusiasts. For a detailed nutritional analysis, one would need to consult the ingredient lists and nutritional facts labels of these new bread products."
What specific sleep techniques did Li Hua use to improve her study habits after reading the neuroscience article and discussing the warm shower with Chae?,Insufficient information,"In the conversation, there is no explicit mention of Li Hua implementing any specific sleep techniques after reading the neuroscience article or discussing the warm shower with Chae. The interactions primarily revolve around the benefits of taking a warm shower before sleep and the encouragement to incorporate relaxation practices into one's daily routine. While Li Hua expressed interest in trying a warm shower and mentioned she would let Chae know how it went, there is no indication of adopting new sleep techniques based on the provided information. The focus seems to be on enhancing overall relaxation and stress reduction rather than specific sleep techniques."
What type of special dietary restrictions does Li Hua follow when preparing meals for his family?,Insufficient information,"Li Hua does not specify any dietary restrictions for his family members when preparing meals for Lunar New Year celebrations. According to the information provided, he plans to enjoy some delicious food and do a little bit of traveling if possible. He mentions that he loves experiencing local festivities and looks forward to enjoying various traditional foods during the Lunar New Year celebrations. Therefore, for the immediate or extended relatives who participate in the Lunar New Year celebrations and share meals, no specific dietary restrictions are noted for Li Hua's family."
"What is the total cost of the air conditioner installation, including labor and materials, if Li Hua had previously discussed a budget of $2,000 with a different contractor?",Insufficient information,"There is no explicit mention of the cost of the air conditioner installation or a budget discussion involving Adam Smith and Li Hua in the provided data. The conversation focuses primarily on scheduling the installation, discussing the type of air conditioner, and ensuring everything fits within Li Hua's work schedule. Given the lack of specific financial details regarding the cost of the installation, we cannot determine the total cost of the air conditioner installation based on the information available."
What type of fusion music does Wolfgang Schulz plan to create with Li Hua during their weekend trip to the music store?,Insufficient information,"During their conversation about potential weekend activities, Wolfgang Schulz suggested visiting the local music store to explore new gear and get inspired for their next jam session. Specifically, Wolfgang mentioned that they wanted to check out new equipment that could enhance their sound, indicating a focus on improving their musical setup rather than immediately creating a specific type of fusion music. However, based on their earlier discussions, Wolfgang and Li Hua had planned to explore mixing jazz elements with rock music, suggesting that they intended to incorporate a fusion of these genres once they return from their shopping trip. This indicates that while Wolfgang did not explicitly mention a fusion music creation during their visit to the music store, they were clearly planning to work on a fusion project involving jazz and rock music."
What type of flowers were planted in the garden based on the residents' suggestions discussed by Turalyon?,Insufficient information,"Based on the discussions among the residents, several types of flowers were suggested for planting in the community garden. Turalyon mentioned that residents were encouraged to vote for their preferred types of plants, indicating a diverse range of floral choices. Some of the flowers mentioned included Bluebells, Camellias, and herbs, which were proposed by Arthas Menethil, Thrall, and Adam Smith respectively. Additionally, Rexxar Remar suggested adding a variety of colors, while Chae Song-hwa proposed including herbs alongside flowers. The consensus seemed to be on colorful flowers, with Malfurion Stormrage proposing native plants to support local wildlife. These suggestions highlight a wide array of flowers that were considered for the garden, reflecting the community's collective vision and preferences."
"What type of air-conditioner did Li Hua select for Adam's living room, and how does its temperature regulation compare to the one in the basement?",Insufficient information,"From the conversation, it is clear that Li Hua chose an air-conditioner specifically for the basement area. There is no mention of an air-conditioner being selected for Adam's living room. Additionally, the details provided focus on the preferences and considerations regarding the basement unit, including size, type (split-type), and features (energy efficiency and noise level). There is no comparison made between the air-conditioners for the living room and the basement. Therefore, based on the information available, we cannot determine what type of air-conditioner Li Hua selected for the living room or how its temperature regulation compares to the one in the basement."
What are the sales figures for the PS5 exclusive games released in 2026 that Thane discussed with group members?,Insufficient information,"Based on the information provided in the dialogue, there are no explicit sales figures or sales data mentioned for any of the PS5 exclusive games discussed by Thane Chambers. The conversations revolve around the anticipation, excitement, and discussions about various upcoming games rather than detailing their market performance or sales figures. Therefore, we do not have the necessary data to provide a precise sales figure for any of the PS5 exclusive games Thane discussed."
"What specific techniques did Li Hua use to prepare for a marathon race that took place on September 1, 2026?",Insufficient information,"There is no explicit mention of Li Hua preparing specifically for a marathon that took place on September 1, 2026, based on the provided data. The conversations recorded pertain to various fitness-related topics, including workouts, nutrition, and recovery methods, but do not provide specific details about a marathon event on September 1, 2026. Therefore, we cannot identify any particular techniques or routines Li Hua followed for that marathon."
What type of dessert did Wolfgang plan to have with Li Hua after their hot pot dinner on a different day?,Insufficient information,"In one of the conversations recorded, Wolfgang and Li Hua discussed their plans for a special summer promotion at the bakery. During this conversation, Wolfgang mentioned that they were planning to have a special summer promotion with fruity ice cream flavors and possibly a mango-coconut pastry. Wolfgang expressed excitement about the combination of the fruity ice cream and the mango-coconut pastry. Therefore, based on this information, it appears that Wolfgang planned to have a mango-coconut pastry with Li Hua during their special summer promotion at the bakery."
What did Jennifer say to Li Hua about their plan for a team swimming competition in December?,Insufficient information,"There is no information provided in the given data regarding a team swimming competition or any discussions between Jennifer and Li Hua about one. The recorded interactions focus primarily on their fitness training and achievements, with occasional mentions of broader topics like nutrition and sports events. Therefore, based on the content available, there is no specific statement from Jennifer to Li Hua about a team swimming competition in December."
What strategy did Li Hua use to score a goal in the championship match against their rival team?,Insufficient information,"There is no information provided in the given text regarding Li Hua scoring a goal in a championship match against their rival team. The conversations revolve around discussions about past matches and the performances of various players, particularly those from FC Barcelona and Real Madrid. No specific instance of scoring a goal is mentioned, nor is there any detail about the strategy used. Therefore, based on the data available, it is not possible to provide an answer to the question posed."
What is Li Hua's favorite type of exercise outside of pull-ups?,Insufficient information,"From the conversation, there is no explicit mention of Li Hua's favorite type of exercise outside of pull-ups. The discussion primarily revolves around pull-ups and their difficulty level, as well as various fitness routines and tips related to workouts and training. There is no information provided about what Li Hua enjoys doing for outdoor exercises beyond the initial reference to outdoor circuits. Therefore, based on the available data, it is not possible to determine Li Hua's favorite type of exercise outside of pull-ups."
What time did Chae first suggest they visit the music festival in the morning?,Insufficient information,"In one of the conversations recorded, Chae first suggested visiting the music festival in the morning. This suggestion was made in the context of a broader discussion about the upcoming local music festival, which is planned to take place on a Saturday. Specifically, in the conversation logged at ""Time: 20261212_12:00"", ChaeSong-hwa expresses interest in revisiting the local music festival and asks if everyone is good for 6 PM to head out together. This indicates that the morning visit was not initially part of the plans for the music festival, but rather a separate suggestion made in the same context as the overall festival outing."
What are the reasons behind Jennifer and Li Hua's decision to change their training routine for the following month?,Insufficient information,"In the conversation, Jennifer and Li Hua discuss adjustments to their training plan for the upcoming month. Specifically, Jennifer suggests focusing on strengthening the lower limbs, which she believes will enhance overall stability and performance. This recommendation stems from her analysis of Li Hua's progress and feedback, indicating that Li Hua needs additional support in this area. Jennifer proposes incorporating specific exercises such as squats, lunges, and deadlifts into their sessions, along with balance work to keep the routine engaging. Li Hua agrees to this plan, emphasizing his commitment to improving his strength and endurance. This decision reflects Jennifer's coaching approach, which aims to tailor the training regimen to Li Hua's specific needs and goals, ensuring he can maintain a consistent fitness routine without feeling overwhelmed."
What specific gifts did Wolfgang buy for Li Hua during his trip to Hong Kong?,Insufficient information,"During Wolfgang's trip to Hong Kong, he was tasked with picking up some unique snacks and a local souvenir for Li Hua. While no specific gifts are mentioned, the context suggests that Wolfgang aimed to find something special that would reflect Hong Kong's vibrant culture and unique flavors. Given that Wolfgang is known for his interest in culinary experiences and cultural exploration, it can be inferred that he likely chose items that would be appealing to Li Hua, possibly including local delicacies, souvenirs, or other unique finds that showcased the city's distinctive character. However, the exact items Wolfgang bought are not specified in the given data."
