Question,Gold Answer,minirag
Did Adam Smith send a message to Li Hua about the upcoming building maintenance schedule before the administrators announced a temporary change in the construction schedule due to weather conditions?,Yes,"There is no direct mention of Adam Smith sending a message regarding the building maintenance schedule to Li Hua before the announcement about a temporary change due to weather conditions. In the provided conversation, Adam Smith does coordinate with Li Hua about upcoming maintenance work in the building, including avoiding certain times like mornings, but there is no explicit reference to a specific maintenance schedule or a change in the construction plan related to weather conditions. Therefore, based on the available information, we cannot definitively conclude that Adam Smith sent such a message before the weather-related change."
Did Li Hua agree to go out for dinner after Wolfgang first asked him if he wanted to go out for dinner?,Yes,"Based on the conversation records, Li Hua initially declined Wolfgang's invitation to grab dinner, stating that he had a freelance gathering from 3 to 6 PM that day. However, Li Hua later agreed to go out for dinner the day after, confirming a dinner date with Wolfgang for Thursday at 6 PM. This indicates that Li Hua did eventually agree to go out for dinner after Wolfgang first asked him, albeit at a different time than originally proposed."
Did Li Hua send a message to Jennifer thanking her for the new training schedule before he requested a change in his training schedule for Thursday?,Yes,"No messages were found where Li Hua thanked Jennifer for the new training schedule before requesting a change. In Table 1, we see that Li Hua first expresses interest in the new training schedule on February 4th, 2026, saying ""Thanks so much for the new training schedule! I’m really excited to start this routine. I feel like it’s going to be a great boost for my fitness journey!"" On the following day, he requests a change to the training schedule, stating, ""Thanks for the reminder! I’m ready to give it my all. Can’t wait to see the progress we make together! Let’s do this! 🎉"". There is no mention of a thank-you message before the request for modification."
Did Li Hua send a message to Jennifer asking for her opinion on protein supplements before he consulted her about his daily protein powder consumption?,Yes,"Yes, Li Hua did consult Jennifer about his daily protein powder consumption in a message dated November 20, 2026, at 20:00. In this conversation, Li Hua asked Jennifer how much protein he should consume daily to support his fitness goals and whether he should adjust his protein powder servings based on this amount. Jennifer advised him to aim for about 1.6 to 2.2 grams of protein per kilogram of body weight, and she suggested that he might only need a scoop of protein powder post-workout or as a snack if he was getting sufficient protein from his meals. This shows that Li Hua had already inquired about protein powder usage before discussing his daily intake with Jennifer."
"Did Yuriko ask Li Hua for help with her studio's homepage before she booked a seat at the ""Central Perk"" cafe?",Yes,"According to the conversation records, Yuriko did not explicitly ask Li Hua for help with her studio's homepage before booking a seat at ""Central Perk"" café. Instead, she booked the seat at ""Central Perk"" café based on a previous discussion with Li Hua about their upcoming meeting to discuss homepage improvements. Specifically, Yuriko mentioned, ""Hey Li Hua! 😊 Just wanted to let you know I booked a seat at 'Central Perk' café for tomorrow at 3pm. Looking forward to our chat about my studio's homepage!"" This indicates that they had already scheduled the meeting to discuss the homepage improvements prior to booking the café reservation."
Did Li Hua discuss his progress with the fitness plan before he shared a blog post about his recent fitness achievements?,Yes,"There is no direct mention of Li Hua discussing his progress with the fitness plan before sharing a blog post about his recent fitness achievements. The provided data focuses on their conversations regarding fitness plans, workouts, and progress updates, but does not explicitly state when or how these discussions led to the creation of a blog post. Without additional context from other sources, we cannot confirm if there was a specific discussion leading up to the blog post."
"Did Wolfgang Schulz recommend the band learns ""Viva la Vida"" by Coldplay after he and Li Hua discussed what song to play this Sunday?",Yes,"Yes, Wolfgang Schulz did suggest the band consider learning ""Viva la Vida"" by Coldplay for their upcoming Sunday jam session. This decision was based on his positive reaction to hearing the song and noting its popularity among audiences. Li Hua agreed, stating they would add it to their set list, indicating a consensus to incorporate the song into their repertoire."
Did Turalyon announce the construction updates and feedback from residents after Illidan Stormrage complained about the construction noise?,Yes,"In the provided conversation, Turalyon did indeed follow up on Illidan Stormrage's concern about construction noise. Specifically, Illidan expressed his frustration with the ongoing noise, stating, ""Hey everyone, I totally get the frustration with the noise. It really makes it hard to relax or focus on anything else. Hopefully, the admin can do something to help out!"" Turalyon responded positively, saying, ""I agree with the idea of limiting the noisier activities during the early afternoon. We could also think about notifying residents a day in advance about any particularly loud work. That might help them plan around it."" This shows that Turalyon took Illidan's feedback seriously and incorporated it into the upcoming plans. Later, Turalyon mentioned that they had discussed ways to manage noise, including limiting loud activities during key hours and providing advance notifications, which he hoped would help mitigate the issue. Therefore, Turalyon did respond to Illidan's complaint and shared the feedback from residents in the form of constructive suggestions aimed at reducing noise during construction."
Did Li Hua ask Jennifer Moore for book recommendations on fitness nutrition before she announced the special guest speaker at the gym?,No,"No, Li Hua did not ask Jennifer Moore for book recommendations on fitness nutrition before the announcement of the special guest speaker at the gym. According to the records, the conversation about book recommendations occurred later, specifically on August 31st (record ID 1), following the initial announcement of the guest speaker's talk about nutrition for athletes scheduled for the next Wednesday at 6 PM (record ID 0)."
Did Jennifer remind Li Hua about proper nutrition and hydration before Jake shared his tips for staying hydrated during the match?,Yes,"In the provided conversation, Jennifer Moore did not specifically mention proper nutrition and hydration to Li Hua before Jake Watson shared his tips for staying hydrated during the match. Jennifer's initial messages focused on reminding Li Hua about participating in the gym's membership feedback activity, grabbing a water cup, and preparing for the upcoming week's pushup challenge. It wasn't until later that Jennifer mentioned the importance of hydration, specifically after Jake shared practical tips related to recovery and hydration after an intense game. Jennifer advised Li Hua to quickly refuel with a snack containing carbohydrates and protein, emphasizing the importance of hydration with water or an electrolyte drink, and suggested stretching to ease muscle tension. Therefore, Jennifer did not directly address proper nutrition and hydration with Li Hua prior to Jake's contribution."
Did the group members talk about their favorite characters in the TV series Game of Thrones after Emily started a vote on the most hateable character?,Yes,"In the provided data, there is no explicit mention of the group members discussing their favorite characters in the TV series Game of Thrones after Emily initiated a vote on the most hateable character. The conversation revolves around the audience's opinions on the most hated characters in Game of Thrones, focusing on Joffrey Baratheon, Ramsay Bolton, and Cersei Lannister. There is no indication that the group members engaged in a broader discussion about their favorite characters from Game of Thrones or any other series. Therefore, based on the information available, we cannot conclude that the group members talked about their favorite characters in Game of Thrones following Emily's vote."
Did Li Hua ask Thane about his opinion on The Last of Us before he asked about Sekiro: Shadows Die Twice?,No,"No, Li Hua did not ask Thane Chambers about his opinion on The Last of Us before he inquired about Sekiro: Shadows Die Twice. The conversation about Sekiro: Shadows Die Twice begins directly after Li Hua asks for Thane's thoughts on the game, without mentioning The Last of Us beforehand. In the recorded dialogue, Li Hua specifically asks, ""Hey Thane! What do you think about Sekiro: Shadows Die Twice? I've been thinking about getting it. Is it worth it?"" This indicates that Li Hua made his request regarding Sekiro: Shadows Die Twice independently of his inquiry about The Last of Us."
Did Jake Watson and Li Hua discuss the classic matches between FC Barcelona and FC Bayern Munich before the group members discussed the classic matches between FC Barcelona and Real Madrid?,Yes,"Jake Watson and Li Hua did not directly discuss the classic matches between FC Barcelona and FC Bayern Munich. Instead, they engaged in a conversation centered around classic comebacks and performances of FC Barcelona, particularly highlighting the contributions of Lionel Messi. This discussion focused on the dramatic and intense matches that Barcelona often engages in, including comebacks from seemingly losing positions. There is no mention of comparisons with FC Bayern Munich or discussions regarding matches between these two teams. The conversation was centered around the rich history of El Clásico and the legendary performances of Barcelona players, especially Messi, in their matches against Real Madrid."
Did the group members debate about the best football manager in the Premier League history after they debated if Pep Guardiola is the greatest soccer manager in football history?,Yes,"In the provided conversation, LiHua and Jake Watson discussed their opinions on the best football manager in the Premier League history, specifically mentioning Pep Guardiola. However, no explicit mention was made of a broader debate about the best football manager in the Premier League's history after their discussion about Pep Guardiola. Therefore, based on the information available, we cannot confirm that the group members engaged in a debate about the best Premier League manager following their conversation about Pep Guardiola. They focused primarily on Guardiola's achievements and style, but did not elaborate on comparing him to other managers in the league."
Did the discussion about Jaime Lannister's character occur after the discussion about Cersei Lannister's character?,Yes,"The discussions provided do not explicitly mention the chronological order in which they occurred. However, based on the content, it appears that the episode discussions about Jaime Lannister's character transformation and development likely occurred after the initial discussions about Cersei Lannister. This is evident from the fact that the episode discussions focus heavily on Jaime Lannister's journey, transformation, and the pivotal moments that influenced his character arc. The discussions about Jaime Lannister seem to build upon the context provided by the discussions about Cersei Lannister, particularly regarding their complex relationship and the challenges they faced. Therefore, it is reasonable to infer that the episode discussions about Jaime Lannister took place after those about Cersei Lannister."
Did Jennifer challenge Li Hua to do 60 pull-ups in a training session after she challenged him to do 100 pushups?,Yes,"Yes, Jennifer did challenge Li Hua to do 60 pull-ups in a training session after he had completed 100 pushups. This can be inferred from the conversation in Source 1, which states, ""Wow, 60 pull-ups? That sounds intense! I'm up for the challenge! Just gonna need to get my mind focused and maybe some extra protein shakes this week. Let’s do this! 💪😄"" and follows shortly after Jennifer congratulates Li Hua on breaking his own push-up record. This indicates that after achieving a significant milestone in push-ups, Jennifer then challenges him to an even greater challenge in pull-ups."
Did Jake share common knowledge about offside in soccer with Li Hua before he passed practical techniques to Li Hua on how to avoid offside for a forward?,Yes,"Yes, Jake did indeed share common knowledge about the offside rule with Li Hua before moving on to provide practical techniques for avoiding offside as a forward. In the conversations listed, Jake first explained the offside rule to Li Hua in a previous interaction on November 9th, 2026, stating, ""The offside rule is when a player is closer to the opponent's goal line than both the ball and the second-to-last opponent when the ball is played to them. It can be tricky, but it helps keep the game flowing!"" This common knowledge was necessary before delving into specific practices and drills for Li Hua to apply these rules in real game situations."
Did Wolfgang arrive in Hong Kong after he informed Li Hua about his upcoming trip?,Yes,"According to the conversation records, Wolfgang did indeed inform Li Hua about his upcoming trip to Hong Kong. Specifically, Wolfgang mentions to Li Hua, ""Hey! Just a heads up, I'm off to Hong Kong for a couple of days next week."" (Recorded at Time: 20261219_19:00). Subsequently, Wolfgang updates Li Hua with his arrival in Hong Kong, stating, ""Just touched down in Hong Kong! 😍 The city is incredible, so vibrant and full of life. Can’t wait to explore!"" (Recorded at Time: 20261223_23:00). Thus, Wolfgang arrived in Hong Kong after he informed Li Hua about his trip."
"Who does Li Hua go to watch the movie ""Overwatch 3"" with?",Wolfgang,"In the conversations provided, there is no mention of Li Hua watching ""Overwatch 3."" Instead, Li Hua and Wolfgang Schulz discuss plans to watch various movies and shows together, including ""Star Wars: A New Hope,"" ""Chernobyl,"" and ""The Last of Us."" Therefore, based on the information available, we cannot determine who Li Hua goes to watch ""Overwatch 3"" with."
Has Wolfgang ever been to Hong Kong?,Yes,"According to the information provided, Wolfgang is confirmed to have been to Hong Kong for his business trip. In a conversation dated December 19, 2026, Wolfgang mentions, ""I'm off to Hong Kong for a couple of days next week."" This indicates that Wolfgang has indeed visited Hong Kong. Additionally, he shares updates about his trip in subsequent messages, including travel arrangements, activities, and experiences, further confirming his presence in Hong Kong."
Who knows about Wolfgang going to Hong Kong?,LiHua & Chae & Yuriko,"According to the conversation records, Wolfgang is aware of his upcoming trip to Hong Kong. Specifically, he mentions in a message to LiHua, ""Just a heads up, I'm off to Hong Kong for a couple of days next week. Anything you want me to grab while I'm there?"" This indicates that Wolfgang is planning a business trip to Hong Kong, during which he intends to purchase items for LiHua. LiHua also responds positively to this news, saying ""Ooh, nice trip! Maybe look for some cool snacks or a local souvenir? That would be awesome!"" Thus, both Wolfgang and LiHua are informed about Wolfgang's trip to Hong Kong."
Who wished Li Hua a happy Lunar New Year?,Adam Smith & Jennifer Moore & Wolfgang Schulz,"In the conversations provided, it is noted that both Adam Smith and Wolfgang Schulz wished Li Hua a happy Lunar New Year. Specifically, Adam Smith expressed his wishes in a message sent on January 19, 2026, at 11:30 AM, wishing Li Hua a ""very happy Lunar New Year"" and hoping she has a ""great time celebrating."" Wolfgang Schulz also wished Li Hua a happy Lunar New Year in a message dated January 19, 2026, at 9:30 AM, expressing his own excitement about the upcoming festivities."
Who introduced the bread delivery service and recommend Alice for the delivery?,HaileyJohnson,"The bread delivery service is provided by HaileyJohnson, who runs the Doorstep Deliveries service. Alice is recommended for the delivery due to her role in facilitating these services. Specifically, Alice is described as the new clerk recently hired by HaileyJohnson to handle doorstep deliveries of both milk and bread, starting from Monday and Friday at 8 AM. LiHua expresses excitement about Alice’s involvement, noting that Alice does ""such a great job with the deliveries."" Thus, Alice is the recommended person to handle the delivery of bread from Hailey's bakery to LiHua."
What opportunity did LiHua create for Chae to meet Wolfgang and Yuriko?,LiHua introduced Chae to Wolfgang and Yuriko during the band's gathering on Sunday evening,"In the provided conversation, LiHua created an opportunity for both Wolfgang and Chae to meet Yuriko, who was mentioned as a new friend by LiHua. Specifically, LiHua invites Chae to meet Yuriko for a Christmas gift exchange, stating, ""Hey! Just wanted to let you know I got a little something for you for Christmas. It'll be at your doorstep this afternoon. Hope you like it!"" and follows up by suggesting, ""Let's catch up later! It’s always a blast."" This invitation sets up a potential meetup between Wolfgang, who is also mentioned as someone LiHua might bring to the Bakery's anniversary event, and Yuriko, who LiHua suggests might contribute a track to the band's performance lineup for the Local Music Festival. Thus, LiHua indirectly creates an opportunity for Wolfgang and Yuriko to meet through this Christmas gift exchange invitation."
What special offerings did Hailey have for her backery shop in the month of May?,a special Mother's Day bakery promotion & a special summer promotion on ice cream & a free baking class at the end of May & banana durian cheesecake,"In the month of May, Hailey's Bakery offered several special promotions and events aimed at enhancing customer engagement and satisfaction. One notable event was a free baking class hosted on a specific date, which LiHua expressed interest in attending. This event highlights the bakery's commitment to engaging its customers through educational opportunities.Additionally, in mid-May, Hailey's Bakery announced a special summer promotion featuring fruity ice cream and pastries, inviting customers to share their favorite summer dessert flavors. This promotional offer was designed to appeal to the summer season and included a variety of flavors like mango and coconut.Moreover, throughout the month of May, Hailey's Bakery maintained its regular promotional activities, including a 20% off bread promo that started again and continued until the end of the month. These ongoing promotions were likely intended to attract repeat customers and encourage sales across various items.Overall, Hailey's Bakery utilized different marketing strategies in May, combining educational initiatives with seasonal promotions to create a vibrant and engaging environment for its customers."
How long does it take in total from LiHua planning on getting the air-conditioner to the air-conditioner been installed?,about 27 days,"The timeline from LiHua expressing interest in getting an air-conditioner for the basement until the actual installation begins involves several steps and discussions. Initially, LiHua inquired about adding an air-conditioner to the basement on July 16th, 2026 (Message 14). After discussing the feasibility and recommendations, Adam Smith suggested a split-type air-conditioner in Message 16, and LiHua took further considerations on Message 15. By Message 17 on July 23, Adam Smith confirmed the availability of a split-type air-conditioner suitable for the basement. However, the actual installation did not occur until August 12, 2026, as indicated in Message 9. Therefore, the total duration from LiHua's initial interest to the installation date spans approximately two weeks. This includes the time needed for discussions, research, and final decisions regarding the air-conditioner model."
Did it take more than 3 weeks from LiHua planning on getting the air-conditioner to the air-conditioner been actually installed?,Yes,"The timeline provided does not explicitly detail the period between LiHua's request for the air conditioner and its actual installation. However, we can infer some information from the conversations:1. On July 16th, LiHua initially inquired about adding an air conditioner to the basement, and on August 10th, Adam Smith reminded LiHua to look over the warranty and maintenance plans for the air conditioner. This suggests a delay between the initial request and the review of the warranty.2. On August 3rd, Adam Smith confirmed the contractor's availability and scheduled the installation for Wednesday next week. This indicates that the installation was planned within three weeks of LiHua's initial inquiry.3. The actual installation took place on August 10th, as per the conversation on August 12th, where Adam Smith reminded LiHua about the upcoming installation at 6 PM.Given these points, while the entire process spanned a few weeks, the actual installation did not take longer than three weeks from the initial request. Therefore, it did not take more than three weeks from LiHua planning on getting the air conditioner to the air conditioner being actually installed."
Did it take more than a week from Adam asking LiHua about the ideal installation date to Adam reminding LiHua about the contractor team installing air-conditioner at 18:00?,Yes,"No, it did not take more than a week for the timeline between Adam asking LiHua about the ideal installation date and the contractor team being scheduled to install the air-conditioner. From the timeline provided, it appears that Adam initially reached out to LiHua on August 3rd to inquire about the air-conditioner installation and that he reminded LiHua about the installation date on August 10th at 18:00. This timeframe spans approximately seven days, which indicates that the process moved relatively swiftly from initial inquiry to the final reminder about the installation."
Is the time interval more than 3 days between LiHua asking Adam to help him install a curtain on the basement window and Adam asking LiHua to measure the size of the window?,Yes,"The time interval between LiHua asking Adam to help him install a curtain on the basement window (recorded at Time: 20260921_16:00) and Adam asking LiHua to measure the size of the window (recorded at Time: 20260928_10:00) is exactly 7 days, which is more than 3 days."
Is the time interval more than 7 days between Adam asking LiHua to measure the size of the window and Adam informing Li Hua that he has booked the curtain of the right size?,Yes,"The conversation shows a sequence of events related to curtain-related tasks. According to the timeline:1. AdamSmith asks LiHua to measure the size of the window in the basement on September 28, 2026, at 10:00 AM (Event 3).2. On October 7, 2026, at 12:00 PM (Event 1), AdamSmith informs LiHua that he has booked the curtain in the right size and it should arrive by the end of the weekend.The difference in time between these two events is approximately 18 days, which is more than seven days. Therefore, the time interval between Adam asking LiHua to measure the size of the window and Adam informing Li Hua that he has booked the curtain is indeed more than seven days."
Is the time interval more than 3 days between LiHua confirming that he has received the curtain and Adam asking LiHua if the curtain is all good?,Yes,"The conversation shows that LiHua confirmed receipt of the curtains on October 7th, and Adam asked about their quality on October 19th. The time interval between these two events is approximately 12 days, which is more than three days. Therefore, the time interval between LiHua confirming receipt of the curtains and Adam checking the quality is indeed more than three days."
Wolfgang suddenly becomes very concerned about good body shape and healthy food choices in December. What are the two conversations he had with LiHua in December that reflect this?,20261202_14:00 & 20261209_19:00,"In December, Wolfgang expressed interest in LiHua's body shape and healthy eating habits, which seemed to concern him. Two key conversations stand out:1. **December 2nd, 2026**: In one of these conversations, Wolfgang mentions admiring LiHua's body shape and even suggests they should exercise more to improve their physique. He asks LiHua if she exercises regularly, and she responds by encouraging him to do so as well, suggesting that consistent exercise can lead to a good figure. This indicates Wolfgang's newfound interest in his own body shape and health, as he starts to take note of LiHua's lifestyle and actively considers adopting similar practices.2. **December 13th, 2026**: Another significant conversation shows Wolfgang's growing concern for healthy food choices. In this dialogue, Wolfgang expresses admiration for LiHua's body shape and asks her how she maintains it. LiHua responds by advising Wolfgang to exercise more, implying that a healthier lifestyle includes regular physical activity. Wolfgang then asks LiHua what she thinks about fast food, showing that he is also curious about her dietary habits. LiHua shares her preference for spicy chicken sandwiches and mentions her usual fast food spot, indicating a discussion about her preferred meal options. Wolfgang, who is a fast food lover himself, then asks LiHua about her favorite shake flavors, suggesting that he is also interested in her eating habits and health choices.These conversations highlight Wolfgang's increasing awareness of LiHua's commitment to maintaining a good body shape and healthy eating, which has prompted him to consider his own habits and possibly adopt healthier practices."
Did Li Hua agree to have dinner with Wolfgang after he told Wolfgang about the lunch arrangement?,Yes,"Based on the conversation recorded, Li Hua agreed to have lunch with Wolfgang after he reminded her about it. In the message dated 20260108_11:00, Wolfgang reminds Li Hua about their lunch at a cozy café downtown scheduled for 12:00 the following day. Li Hua responds positively, saying ""Thanks for the reminder! I'm really looking forward to it too!"" and asks what Wolfgang feels like eating. However, there is no mention of a dinner arrangement being discussed. Therefore, based on the information provided, Li Hua did not explicitly agree to have dinner with Wolfgang after discussing the lunch arrangement."
Did Li Hua ask Wolfgang Schulz for a recommendation on a gym or fitness center before asking Jennifer Moore for book recommendations on fitness nutrition?,Yes,"No, there is no mention of Li Hua asking Wolfgang Schulz for a recommendation on a gym or fitness center before seeking book recommendations from Jennifer Moore. The interactions between Li Hua and Wolfgang Schulz primarily revolve around fitness-related topics and plans for upcoming jam sessions. In contrast, the interaction between Li Hua and Jennifer Moore focuses on fitness nutrition resources, specifically mentioning a conversation about book recommendations for Li Hua's interest in fitness nutrition. Thus, Wolfgang Schulz did not provide a recommendation regarding a gym or fitness center to Li Hua prior to Li Hua seeking Jennifer Moore's book recommendations."
Did Li Hua ask Wolfgang Schulz if he wants to go to the gym together before Jennifer reminded Li Hua to participate in the gym's membership feedback activity?,Yes,"No, Li Hua did not ask Wolfgang Schulz about participating in the gym's membership feedback activity before Jennifer reminded him. The conversation regarding the gym's membership feedback activity took place between Jennifer Moore and Li Hua. Jennifer reminded Li Hua about the upcoming event, stating, ""Hey Li Hua! Just a quick reminder about the gym's membership feedback activity. Make sure to participate next time you're in!"" This reminder occurred independently of Wolfgang Schulz's interest in joining Li Hua at the gym, which was expressed much later."
Did Li Hua send a message to Wolfgang Schulz saying that he has prepared all the delicious food for tonight's Chinese Lunar New Year before Wolfgang sent a message to Li Hua wishing him a happy Lunar New Year?,Yes,"No, there is no mention of Li Hua sending a message preparing all the delicious food for tonight's Chinese Lunar New Year before Wolfgang Schulz wished him a happy Lunar New Year. The conversation regarding the preparations and arrangements for the Lunar New Year celebration appears to have taken place in multiple messages, but the exact sequence of events leading up to Wolfgang's wish is not clearly delineated. In the conversations shared, Wolfgang Schulz first mentions his trip to Hong Kong and exchanges greetings, and only after these initial communications does Wolfgang Schulz express his hope for a happy Lunar New Year to Li Hua. Thereafter, Li Hua responds with greetings and plans for the festivities, including mentioning her intention to cook traditional dishes and prepare decorations for the celebration. This indicates that Wolfgang Schulz’s wish for a happy Lunar New Year came after Li Hua had already started preparing for the celebration."
Did Li Hua's complaint about the customer who modifies their requirements occur before Wolfgang comforted him?,No,"The conversation does not provide information about Li Hua complaining about a customer modifying their requirements or Wolfgang comforting him. The available data focuses on various interactions between Li Hua and Wolfgang, including dinner plans, grocery shopping, and social gatherings. There is no mention of a complaint or a supportive interaction related to customer requirements. Therefore, based on the given information, it is not possible to determine whether this event occurred before or after any of the interactions detailed in the records."
Did Li Hua share a blog post about his recent fitness achievements after Jennifer sent him a motivational message?,Yes,"The data provided does not contain any entries related to Li Hua sharing a blog post about his fitness achievements following a motivational message from Jennifer Moore. Instead, the entries focus on motivational messages and updates between Jennifer and Li regarding their fitness activities and progress. There is no mention of a blog post in the given data."
Did Li Hua send a follow-up message to Jennifer before she asked him about his latest sleeping schedule?,Yes,No specific follow-up message from Li Hua regarding his recent sleep schedule has been recorded in the provided data. The conversation with Jennifer Moore only mentions her inquiry about Li Hua's sleep patterns and potential adjustments to their training intensity based on his current condition. There is no indication of any prior communication about his sleep habits or any follow-up messages from Li Hua.
Did Li Hua ask Adam Smith about placing potted plants in the basement before he asked about decorating the basement?,No,"Yes, Li Hua first asked Adam Smith about adding potted plants to the basement in a conversation that took place on February 19th, 2026. In this conversation, Li Hua specifically inquired if she could add some decorations, mentioning sound-insulating pads, and asked if she could add potted plants. Adam Smith replied that it sounded like a great idea as long as it was reversible and wouldn’t damage anything, suggesting that he had not previously discussed potted plants with Li Hua. Following this, Li Hua confirmed her interest in adding potted plants, which led to further discussion about the matter."
Did Li Hua ask Wolfgang for advice on renovating the basement before he invited Adam Smith to check the progress of the basement renovation?,Yes,"No specific mention of Li Hua asking Wolfgang for advice on renovating the basement before inviting Adam Smith to check its progress was found in the provided data. The interactions between Li Hua and Wolfgang seem to revolve primarily around social plans such as dinner invitations and occasional jamming sessions. Adam Smith's role appears to be coordinating with repair services and offering assistance during necessary repairs. Therefore, based on the information available, it does not appear that Wolfgang sought advice regarding the basement renovation prior to Adam Smith's involvement."
Did Li Hua tell Wolfgang about making a new friend before Yuriko reminded the group members to meet for the music festival?,Yes,"No specific mention was made regarding Li Hua informing Wolfgang about making a new friend before Yuriko reminded the group about the Local Music Festival. However, based on the information available, it appears that Wolfgang did not receive word from Li Hua about a new friend until Yuriko brought up the idea of inviting this friend to join them for the music festival. Li Hua first introduced Yuriko as Wolfgang's new friend during one of their jamming sessions, suggesting that Wolfgang may not have known about Yuriko's presence at the music festival until Yuriko specifically reminded everyone about it."
What time does Li Hua check in with Adam about moving in?,5:30 PM,"Li Hua initiates communication with Adam Smith about the move-in process on multiple occasions, starting from January 5th. On January 5th at 14:00, Li Hua reaches out to Adam to inquire about the details for the move-in. This is the earliest documented instance where Li Hua checks in regarding the move-in preparations. Therefore, the earliest time Li Hua checks in about the move-in is January 5th at 14:00."
What time is Li Hua's lunch with Wolfgang Schulz at the cozy café downtown?,20260108,"According to the conversation recorded in Event ID 2, Li Hua and Wolfgang Schulz planned to meet at the cozy café downtown for lunch at 12:00. This was mentioned as part of a series of events where Wolfgang Schulz reminded Li Hua about an upcoming lunch appointment."
What is the Wi-Fi password at Li Hua's house?,Family123,"Sorry, I'm not able to provide an answer to that question."
What does Adam say about having friends over?,having friends over occasionally is fine,"According to the conversation recorded, Adam Smith expresses that having friends over occasionally is acceptable, but advises keeping the gatherings reasonable. This statement comes from a message where LiHua inquires about house rules regarding guests, specifically mentioning if it's okay to have friends over occasionally. Adam's response indicates a positive stance, indicating that such social gatherings are permitted under certain conditions."
What house rule does Adam mention?,keep noise to a minimum during late hours,"In one of the interactions, Adam mentions a couple of house rules to LiHua. Specifically, Adam informs LiHua that it's important to keep noise to a minimum during late hours and to take good care of the property. He also advises that LiHua should let him know if she needs any help with the basement or anything else. These guidelines ensure that the living space remains comfortable and orderly for everyone involved."
What does Li Hua report to Adam on January 6th?,the water tab in the apartment is broken,"On January 6th, at 15:00, Li Hua informed Adam Smith that the plumber would be arriving the following day at 10:00 AM to fix the water tap. Li Hua confirmed that she was ready for the plumber and appreciated the reminder. This communication highlights Adam's role in ensuring that necessary services such as plumbing repairs are scheduled and communicated effectively to the tenants."
When does Adam confirm the plumber will arrive?,tomorrow at 10 AM,"According to the conversation recorded, Adam Smith confirmed with LiHua that the plumber would be arriving the following day, specifically at 10 AM to fix the water tap. This information was exchanged on January 6th at 15:00, as noted in the log entry ""Time: 20260106_15:00""."
What does Li Hua ask Adam about the door hinge?,a small repair,"In one of the recorded interactions, Li Hua reaches out to Adam Smith about needing a door hinge repair. Specifically, she mentions that the door hinge has been ""squeaking quite a bit"" and asks if it's possible to arrange for a small repair. This request is made during a conversation where Li Hua is expressing her gratitude for previous arrangements Adam Smith had made for her, such as the recent door hinge repair."
What is the name of the gym that Wolfgang recommended LiHua to go to?,FitZone,"WolfgangSchulz recommended a gym called FitZone to LiHua. According to the conversation, Wolfgang described FitZone as having a variety of classes and equipment necessary for physical activities, and he mentioned it as a great place to clear his mind after coding."
When does Li Hua plan to celebrate Chinese Lunar New Year?,20260118,"According to the conversation, Li Hua plans to celebrate Chinese Lunar New Year at her place on January 18th. Specifically, she invites Adam Smith to join her celebrations, mentioning that it will be a great opportunity to catch up and enjoy some delicious food together."
What does Li Hua plan to celebrate Chinese Lunar New Year?,dumplings,"According to the conversation, Li Hua plans to celebrate Chinese Lunar New Year at her place on January 18th. She intends to enjoy some delicious food and possibly travel to experience local festivities. Li Hua also expressed excitement about having a fun and festive atmosphere, likely involving the preparation of traditional Chinese dishes and decorations."
Who does Li Hua plan to celebrate Chinese Lunar New Year with?,Wolfgang,"According to the conversation, Li Hua plans to celebrate Chinese Lunar New Year with her friend WolfgangSchulz. This is evident from the following dialogue:- In the message from Li Hua on January 13th at 11:00 AM, she mentions, ""Hey Li Hua! 😊 So, I'm thinking of celebrating Chinese Lunar New Year at my place on Jan 18th. Wanna come over and join the fun? It'll be great to catch up and enjoy some good food together! 🥳🎉""  - WolfgangSchulz responds positively by saying, ""Sounds like a blast! I’m totally in! Can’t wait to celebrate with you and enjoy some awesome food. Let me know if you need help with anything! 🎊🍜""This indicates that WolfgangSchulz is invited to join Li Hua in celebrating Chinese Lunar New Year. Additionally, their plans include a family dinner and exchanging gifts, which are typical practices during the celebration."
Li Hua accidentally broke a light fixture once. What did Adam say about the light fixture?,I'll arrange for a professional to take a look,"In one of the recorded interactions, Li Hua informed Adam that she had accidentally broken a light fixture in the apartment. Adam responded by advising Li Hua not to attempt to fix it herself and arranged for a professional to handle the repair. Specifically, he stated, ""It's best if you don’t try to fix it yourself. I’ll arrange for a professional to take a look at it."" He also assured her, ""I’ll keep you updated."""
Li Hua has a difficult client. When did he solve that client's project?,20260209,"Based on the information provided, there is no specific mention of a difficult client or the resolution of their project. The conversations listed focus primarily on routine matters such as reminders about rent payments, discussing media content, and occasional professional collaborations and updates. There is no detailed account of a problematic client or the steps taken to resolve a challenging situation. Therefore, we cannot determine when Li Hua solved a particular client's project based on the given data."
When did Li Hua express frustration about a client changing requirements?,20260131_14:00,"There is no mention of Li Hua expressing frustration about a client changing requirements based on the conversations recorded in these logs. All interactions described involve routine matters such as reminders about rent payments, discussing progress, and addressing minor issues related to services or installations."
What did Wolfgang Schulz suggest Li Hua to do when Li Hua face a difficult client?,keep a clear log of all the changes requested by the client,"According to the conversations recorded, Wolfgang Schulz provided several pieces of advice when Li Hua shared that they were facing challenging client requirements. Initially, Wolfgang suggested that Li Hua maintain open communication with their clients to ensure they understood and respected the client's changing demands. He proposed setting clear expectations about these changes, which could prevent future confusion and potential conflicts. Additionally, Wolfgang encouraged Li Hua to be proactive about managing these changes and possibly taking a break when needed to avoid burnout. Wolfgang also recommended treating oneself well during stressful times, suggesting activities like walking or engaging in hobbies like pottery or painting to help alleviate stress and improve mental health. These suggestions reflect Wolfgang's understanding of the importance of maintaining effective communication, setting boundaries, and prioritizing personal well-being when dealing with demanding clients."
Can Li Hua hang his artworks on the wall?,Yes,"According to the conversation, Li Hua asked Adam Smith about rules regarding hanging his new artwork on the walls. Adam responded positively, stating that ""you can hang your artwork as long as you don't damage the walls. Just use removable hooks."" Therefore, it seems that Li Hua is permitted to hang his artworks on the walls as long as he takes care not to cause any damage to the surfaces."
When did Li Hua change the training plan?,20260204,"Li Hua and Jennifer Moore discussed and adjusted the training plan during one of their meetings on February 4, 2026. Specifically, in the conversation recorded under timestamp 20260204_15:00, Li Hua expressed his desire to balance his work schedule with his fitness goals. Jennifer Moore agreed to adjust the schedule and proposed training twice a week instead of the original schedule. Li Hua was pleased with this suggestion and agreed to follow the new plan starting from Tuesdays and Thursdays. This change indicates that Li Hua modified his training plan to better align with his work commitments."
What days does Li Hua takes for the training sessions?,Tuesdays and Thursdays,"Based on the information provided, Li Hua's training sessions are typically scheduled on Tuesdays and Thursdays. This pattern is evident from several entries in the data, such as the conversations between Jennifer Moore and Li Hua discussing their plans for training sessions, where they consistently mention these days. Additionally, the context of the conversations indicates that these sessions are planned to occur on these days. Therefore, it can be inferred that Li Hua's training sessions are held on Tuesdays and Thursdays."
When did Li Hua ask Jennifer Moore for tips on dealing with muscle soreness?,20260206_16:00,"Li Hua asked Jennifer Moore for tips on dealing with muscle soreness after his workout sessions. This query occurred on Time: 20261211_11:00, where Li Hua expressed that he was feeling soreness in his arm muscles following their workout and sought advice from Jennifer Moore."
What are some of Jennifer Moore's tips for dealing with muscle soreness?,hydration&active recovery&stretching&foam rolling&rest,"Jennifer Moore provides several practical tips for managing muscle soreness in her interactions with Li Hua. One of the primary pieces of advice she gives is to ensure proper hydration, which is crucial for overall recovery. Additionally, Jennifer emphasizes the importance of active recovery, suggesting activities like gentle yoga or walking post-workout. She also recommends spending time stretching, both before and after workouts, to improve flexibility and alleviate tension. Jennifer encourages the use of foam rolling, which is beneficial for easing tight muscles and improving recovery. Lastly, she advises her listeners to prioritize rest, noting that adequate rest is just as important as recovery exercises. These tips cover hydration, active recovery, stretching, and rest, offering a comprehensive approach to dealing with muscle soreness after workouts."
Why did Li Hua ask for extra exercises to do at home?,to complement his training schedule,"Li Hua requested additional exercises to do at home because he aims to create a quiet and cozy environment conducive to focusing on his work. This indicates that at-home workouts are a part of his overall fitness regimen, which includes structured sessions at the gym and various online training activities. The goal is to enhance his physical health and possibly improve his mental focus and productivity."
What exercises did Jennifer Moore suggest Li Hua do at home?,bodyweight squats& plank holds&push-ups&lunges&glute bridges,"According to the conversation, Jennifer Moore recommended a home workout plan to Li Hua. Specifically, she suggested exercises that could be done at home, although no specific exercises were detailed in the provided data. The focus of the home workout was likely to complement the exercises Jennifer had already suggested for Li Hua's regular training sessions. Given that Jennifer encouraged Li Hua to ""keep practicing"" and suggested exercises for improvement, it's inferred that she recommended a combination of exercises tailored to Li Hua's needs and goals, possibly including variations of existing exercises, new ones, or additional forms of workouts that could be adapted for home use. However, without explicit details about the home exercises, we cannot provide a comprehensive list of them."
What is Adam Smith's condition for Li Hua to add decorations to the basement?,must be reversible and not damage anything,"According to the conversation, Adam Smith is open to Li Hua adding decorations to the basement as long as they are reversible and do not cause any damage. Specifically, Adam stated, ""That sounds like a great idea. As long as it’s reversible and doesn’t damage anything, I’m okay with it."" Li Hua assured Adam that she would keep the decorations reversible and neat."
When was the first time Wolfgang went to Li Hua's basement?,20260221,"The first instance where Wolfgang and Li Hua mentioned meeting at Li Hua's basement was during the conversation held on February 21st, 2026, at 15:00. In this interaction, Li Hua invited Wolfgang to come over and jam together in his newly acquired basement, where he could play guitar and Wolfgang could bring his drums. This marks the initial occasion when Wolfgang visited Li Hua's basement."
What ideas did Wolfgang Schulz suggest for Li Hua's basement practice spot?,good lighting&soundproofing&a comfy chair,"In various conversations, Wolfgang Schulz suggested several ideas for Li Hua's basement practice spot. Initially, he discussed the possibility of playing drums, expressing his enthusiasm for the activity. Additionally, Wolfgang mentioned that Li Hua could focus on improving her drumming skills, aligning with his own interest in the instrument. Furthermore, Wolfgang proposed that they could engage in jam sessions together, which Li Hua agreed to enthusiastically. During one conversation, Wolfgang specifically suggested playing ""Hey Jude"" and offered to help arrange the next jam session. He also emphasized the therapeutic aspect of music and the unwinding effect it had, indicating that music sessions could be beneficial for both of them. Overall, Wolfgang suggested that they could make full rehearsals for Sunday their primary focus while looking forward to jam sessions at other times."
Why did Adam remind Li Hua not to play guitar late at night?,a few neighbors have mentioned they're hearing guitar music late at night,"In one of the interactions, Adam reminded Li Hua not to play guitar late at night because he received feedback from neighbors who were concerned about the loud music disturbing their sleep. This was evident in a conversation between Adam Smith and Li Hua on February 16th, 2026, where Adam specifically addressed the issue of guitar music during late-night hours. Li Hua assured Adam that she would ensure the volume was kept down during those times."
What type of ambiance does YurikoYamamoto want for her studio's homepage?,more welcoming and engaging,"According to the conversation, YurikoYamamoto is seeking a welcoming and engaging ambiance for her studio's homepage. She specifically mentions wanting to ensure that the visual elements of the website reflect the essence of speech therapy, suggesting that she desires a soft and calming aesthetic. This aligns with the preference for pastel colors mentioned in her earlier discussions about designing a user feedback section. Therefore, the desired ambiance for her studio's homepage appears to be one that is both visually soothing and inviting, likely aiming to create a comfortable and inviting environment for potential clients."
When did Li Hua invite Adam Smith to check the basement renovation progress?,20260223_19:00,Li Hua invited Adam Smith to check the progress of the basement renovation on 20260223 at 17:00. This invitation came in the form of a message where Li Hua mentioned she had seen some progress and asked if Adam could join her around 7 PM to review the current status of the basement renovation.
What is the essence of YurikoYamamoto Li Hua is helping with her homepage?,speech therapy,"The essence of YurikoYamamoto and Li Hua's collaboration revolves around enhancing the visual appeal and functionality of her speech therapy studio's homepage. Throughout their interactions, they focus on several key aspects aimed at improving the user experience and engagement. Initially, they discuss the importance of making the homepage more welcoming and engaging, possibly incorporating visuals that reflect the essence of speech therapy. Additionally, they explore the inclusion of sections for resources and success stories to provide value to potential clients. As the conversations progress, they delve into the incorporation of various features, such as a demo website for client feedback, logo design options, and a blog section for sharing insights and connecting with more people. Their discussions highlight a commitment to ensuring the homepage effectively showcases the studio's expertise and resonates with its audience."
When did Adam Smith inform Li Hua about potential issues with the pipes in the basement?,20260301_13:00,"According to the conversation records, Adam Smith informed Li Hua about potential issues with the pipes in the basement on March 1st, 2026, at 13:00 (local time). Specifically, Adam shared this information with Li Hua saying, ""Hey Li Hua, just wanted to give you a heads up. I heard from some neighbors that there might be some issues with the pipes in the basement. Could you please keep an eye on it?"" This initial notification prompted Li Hua to monitor the situation and take appropriate action if needed."
When is the music concert that Wolfgang invites Li Hua to?,20260307_18:00,"According to the conversation records, Wolfgang invited Li Hua to join him for a concert that is scheduled for March 7th at 6 PM. This concert is being held at a venue where Wolfgang is also planning to attend, suggesting they will be able to meet up there."
What dish does Li Hua agree to bring to the neighborhood potluck dinner?,Homemade pasta salad,"In the conversation regarding the neighborhood potluck dinner, Li Hua expresses interest in contributing by saying, ""I can whip up some homemade pasta salad. Does that work for you?"" This indicates that Li Hua has agreed to bring homemade pasta salad to the potluck dinner."
Who is Li Hua meeting with to discuss homepage design updates?,Yuriko Yamamoto,"Li Hua is scheduled to meet with YurikoYamamoto on March 6th at 2:00 PM to discuss the homepage updates for her studio. This meeting is confirmed in entry 2, where YurikoYamamoto mentions she is looking forward to discussing the homepage updates with Li Hua."
What new feature does Yuriko Yamamoto consider adding to her studio's homepage?,A blog section,"Yuriko Yamamoto considers adding a user feedback section to her speech therapy studio's homepage. She believes that this feature would help improve her services by allowing clients to leave comments, suggestions, and possibly reviews. This addition would provide valuable insights and help establish credibility for her studio. Additionally, she envisions incorporating a star rating system alongside the feedback form, which could further facilitate constructive communication between her clients and herself."
What time is the power outage in the neighborhood?,2 PM to 3 PM,"According to the data, there are two instances of a power outage mentioned:1. In the entry dated ""20260308_13:00"", it states, ""Power Outage is an event scheduled for 2pm to 3pm today, causing disruptions.""2. In the entry dated ""20260812_11:00"", it mentions, ""Power Outage is an event scheduled for the afternoon of the next day."" This indicates a power outage happening in the afternoon of the following day.Since both entries involve a power outage scheduled during the afternoon, we can conclude that the power outage occurs in the neighborhood during the afternoon. However, the exact time is not specified in the data provided."
What suggestions does Li Hua give for promoting the new scheduling feature?,Showcase it on social media platforms and include a short tutorial and send out a newsletter to clients,"In the conversation recorded on March 11, Yuriko Yamamoto inquires about how the new scheduling feature can be promoted to clients. Li Hua provides several recommendations. Firstly, she suggests leveraging social media platforms to showcase the new feature prominently. Secondly, she proposes creating a short tutorial video or guide on how to use the feature, which can be shared across various channels. Additionally, Li Hua suggests sending out a newsletter to clients to highlight the new scheduling tool, emphasizing its benefits for clients to view available times easily. By utilizing these strategies, Li Hua aims to increase awareness and adoption of the new scheduling feature among her clients."
Who invites Li Hua to join the community bake sale?,Adam Smith,"In the provided conversation, it is mentioned that Adam Smith initiates the invitation for Li Hua to join the community bake sale. This event is scheduled for this Sunday at 3 PM to support a local charity. Adam informs Li Hua that it would be a great opportunity to meet neighbors and participate in the event, which involves selling baked goods. Adam encourages Li Hua to join by saying, ""That sounds fun! I’d love to help out and enjoy some baked goodies. Count me in!"" Therefore, Adam Smith is the one inviting Li Hua to join the community bake sale."
When does Li Hua request a delivery from Hailey Johnson?,Tuesday,"According to the records, Li Hua has requested multiple deliveries from Hailey Johnson. Specifically, on March 23rd at 8:00 AM, Li Hua received a reminder from Hailey Johnson about a delivery of fresh bread. Additionally, on March 26th at 8:00 AM, Li Hua requested a delivery of bread and milk again. There are no other specific dates mentioned where Li Hua explicitly requested a delivery from Hailey Johnson. However, these instances indicate that Li Hua regularly receives deliveries from Hailey Johnson."
What is the address where Li Hua wants the bread delivery to be made?,123 Sunny Street,"Based on the information provided in the sources, there is no specific address mentioned where Li Hua wants the bread delivery to be made. The conversations only indicate that Li Hua receives her bread at her home, but do not provide the exact location. The bread deliveries take place at Li Hua's residence, as indicated by the timestamps associated with the deliveries (e.g., ""Time: 20260323_08:00"")."
What service does Hailey Johnson offer to Li Hua?,Doorstep delivery service for fresh milk and bread,"Hailey Johnson offers several services to Li Hua, including doorstep delivery of fresh bread and milk. This service is particularly useful for Li Hua, as it allows her to receive her bread right at her door without having to go out herself. Additionally, Hailey Johnson provides other services like a free baking class, a special sale for the upcoming holiday, and a 15% discount on orders for a limited time. Li Hua can expect these services to continue and evolve based on her preferences and needs."
What time does Hailey Johnson start baking?,4 AM,"Based on the records provided, there is no specific mention of Hailey Johnson starting baking at a particular time. The interactions listed involve reminders for bread deliveries and discussions about future events, but they do not detail the exact start times of Hailey's baking process. Therefore, the precise starting time for Hailey's baking cannot be determined from the given data."
Where does Li Hua plan to meet Yuriko Yamamoto to show the final website?,Central Perk café,"According to the conversation records, Li Hua mentioned that they planned to meet at Central Perk café on Thursday, March 17th, at 3 PM to show the final website. Li Hua expressed enthusiasm about this meeting, stating, ""I can show you the final website this Thursday at 3pm if that works for you. How about we meet at Central Perk café?"" Yuriko Yamamoto responded positively, agreeing to meet there, saying, ""That sounds great! I’ll be there. Excited to see the final result!"" Thus, the final website presentation is scheduled for Thursday, March 17th, at 3 PM at Central Perk café."
What does Li Hua suggest to Hailey regarding the frequency of bread delivery?,Twice a week on Mondays and Fridays at 8am,"In one of the interactions, Li Hua expresses interest in receiving fresh bread multiple times per week. Specifically, Li Hua suggests to Hailey that she could send her bread twice a week, on Mondays at 8 AM and Fridays at 8 AM. Hailey agrees to this suggestion, stating, ""I’ll definitely set you up for Monday and Friday deliveries at 8am."" This indicates that Li Hua's preference for frequent deliveries has been accommodated by Hailey. Additionally, another interaction shows that Li Hua has been asking for a specific type of bread, the gluten-free variety, which Hailey plans to introduce and make available for regular delivery starting the following week. Thus, Li Hua seems to have a consistent interest in receiving fresh bread on a weekly basis."
What does Li Hua agree to bring to the bonfire singing party hosted by Chae Song-hwa?,Li Hua will bring his guitar,"In the provided conversation, there is no mention of a bonfire singing party being hosted by Chae Song-hwa. The only event referred to is a karaoke activity that Chae Song-hwa is organizing for Li Hua on a Saturday at 7 PM. Therefore, based on the information available, Li Hua does not agree to bring anything to the bonfire singing party hosted by Chae Song-hwa. Instead, she expresses interest in attending and participating in the karaoke activity."
What is the focus of Li Hua's next month's fitness plan according to Jennifer?,Strengthening lower limbs,"According to the conversation, Jennifer seems to be focusing on helping Li Hua increase his intensity in their workouts. This is evident from Jennifer's suggestion to go back to the original intensity for their workouts following Li Hua's recent recovery from arm muscle issues. Additionally, Jennifer encourages Li Hua to ""ramp it up"" and get back to the intended intensity, indicating her intention to push him further than before. This plan includes aspects such as higher weights for exercises, more pull-ups, and possibly increased difficulty in workouts to continue pushing Li Hua's limits. Jennifer also emphasizes the importance of consistency and form, which aligns with her overall approach to maintaining and enhancing Li Hua's fitness progress."
What is the building's policy that Adam reminds Li Hua about?,Recycling policy,"In one of the messages, Adam reminds Li Hua about the building's recycling policy. Specifically, Adam mentions, ""Hey Li Hua, just a quick reminder about the building's recycling policy. It's really important for us to keep the environment in mind. Let’s all do our part by participating! Thanks!"" This indicates that recycling is a significant aspect of the building's environmental policies that both residents and staff are encouraged to follow."
What is Wolfgang looking for in his new drums?,Something versatile that sounds good for both rock and softer tunes like The Beatles,"According to the conversation recorded on 20260221_15:00, WolfgangSchulz is actively seeking new drums that can perform well across different genres, specifically mentioning he wants them to sound good for both rock and softer tunes like The Beatles. He also emphasized the importance of finding a model that doesn't break the bank while maintaining versatility. Specifically, he expressed interest in brands like Pearl and Yamaha, and he considered options from companies like PDP, which offer affordable and versatile sets."
What song does Li Hua suggest for the jam session on 20260405?,Viva la Vida,"There doesn't appear to be any mention of a jam session on 20260405 or any suggested song for that particular session in the provided data. The available entries discuss various jam sessions and discussions about potential songs, but none specifically match the date requested."
When does Li Hua confirm the rent transfer to Adam?,20260331_17:00,"According to the conversation, Li Hua confirmed the rent transfer to Adam on multiple occasions. Specifically:- On January 30th at 10:00 AM, Li Hua sent an email confirming the rent had been transferred via bank transfer.- On March 31st at 17:00, Li Hua informed Adam that she had already transferred this month's rent through the bank.- Additionally, on June 1st at 10:00 AM, Li Hua mentioned that she had transferred the rent, although she apologized for the delay.Therefore, Li Hua confirmed the rent transfer to Adam on several dates throughout the year, primarily using bank transfers."
Who is delivering the bread to Li Hua on 20260403?,Alice,"On the date of 20260403, Alice from Hailey's Bakery is delivering the bread to Li Hua. This can be inferred from the content of message number 21, where HaileyJohnson mentions, ""Hey! Just a quick reminder that Alice is on her way to deliver your fresh bread this morning. Enjoy! 🥖💖"". Li Hua also acknowledges the delivery with gratitude, indicating that Alice is indeed the person delivering the bread."
When is ChaeSong-hwa hosting the community medical knowledge lecture?,7 PM on Saturday,"ChaeSong-hwa is hosting a community medical knowledge lecture, and there are two mentions of the event in the provided data. In the first entry, the time is specified as ""20260411_16:00"", which appears to be a typo as it seems to refer to April 11th at 4 PM. The second entry clearly states that the lecture will take place on ""20260407_19:00"" on Saturday, April 7th, at 7 PM. Given the context and the clear mention of the date and time, the most accurate and relevant date for the community medical knowledge lecture is April 7th, 2026, at 7 PM."
What is Li Hua's feedback on Chae Song-hwa's medical knowledge lecture?,It is insightful and makes complex topics easy to understand,"In the community medical knowledge lecture organized by Chae Song-hwa, Li Hua expressed her interest in attending and indicated that she looked forward to it. She also showed enthusiasm for learning more about health topics, which aligns with the primary goal of the lecture. Additionally, Li Hua appreciated Chae Song-hwa's engaging presentation style, which made complex topics easier to understand. Overall, Li Hua seemed very supportive and positive about the lecture, suggesting that she found it informative and valuable."
Why does Li Hua ask ChaeSong-hwa about whether neurosurgeons actually use test tubes in their work?,Li Hua is trying to get some insights for a website design,"Li Hua asks ChaeSong-hwa about whether neurosurgeons use test tubes in their work because she is designing a website and wants accurate and relevant information to include. Her interest stems from her desire to provide visitors with reliable insights and educational content, particularly since she seems to be unfamiliar with the typical tools used in neurosurgical practices. This question demonstrates Li Hua's commitment to ensuring the accuracy and usefulness of the information presented on her website."
What suggestions does Li Hua propose to Adam Smith about the upcoming community garden renovation?,Add more seating areas for people to relax and enjoy the space and some flower beds with native plants,"During the community garden renovation discussions, Li Hua proposed several key ideas to Adam Smith that aimed to enhance the functionality and appeal of the garden. First, she suggested adding more seating areas for people to relax and enjoy the space. Additionally, she recommended incorporating flower beds filled with native plants, which would not only be aesthetically pleasing but also beneficial for wildlife, particularly attracting butterflies and bees. Li Hua also mentioned the inclusion of a small herb section, allowing visitors to pick fresh herbs for their cooking needs. These suggestions reflect her desire to make the garden more inviting, functional, and environmentally friendly."
What kinds of flowers does Li Hua recommend to Adam Smith for the flower beds?,Lavender and coneflowers and fresh herbs,"In one of the conversations, Li Hua recommends two types of flowers for the flower beds: lavender and coneflowers. These recommendations align with Adam Smith's approval, as he found both to be aesthetically pleasing and beneficial for attracting wildlife. Specifically, Li Hua suggests lavender and coneflowers because they are ""beautiful and great for pollinators"" and require ""little to no maintenance."""
What will be a gift for Li Hua if he chooses to renew the fitness contract with Jennifer Moore?,A cool fitness bag as a gift for all the gym activities,"According to the conversation recorded, if Li Hua decides to renew his fitness contract, Jennifer Moore has offered a ""cool fitness bag"" as a gift for participating in the gym activities. This gift would serve as a reward for engaging with the gym's membership feedback activity and attending various fitness sessions."
When is the karaoke activity organized by ChaeSong-hwa?,Saturday at 7 PM,"ChaeSong-hwa organized a karaoke activity for a Saturday at 7 PM. The details indicate that LiHua expressed interest in participating and confirmed their attendance, suggesting this event took place on a Saturday around April 21st."
Who is Li Hua bringing to the band's jam session according to their discussion on 20260425?,ChaeSong-hwa,"Based on the discussions recorded, there is no mention of Li Hua bringing someone else to the band's jam session on 20260425. The conversations focus primarily on planning and discussing future jam sessions and potential new songs to perform, but do not indicate any guest participation."
What garden-related activity is Thrall planning to organize?,A community planting day,"Thrall is planning to organize community meetings to brainstorm and finalize plans for the garden renovation. These meetings are expected to take place on a weekend, specifically on Saturday around 10 AM, which Thrall suggests as a great time to gather everyone's thoughts and ensure that everyone is on the same page. The goal is to gather community members' inputs and make sure the garden becomes a vibrant, welcoming, and sustainable space for all."
What is the main topic of the conversation on 2026-04-28 at 5 PM?,Breathing techniques and tips for squats during workouts,"There is no conversation recorded specifically for 2026-04-28 at 5 PM. The conversations listed in the provided data table are spread across different dates and times, and none match the exact date and time mentioned in the query. Therefore, there is insufficient information to determine the main topic of the conversation at that precise time."
What is the name of the Italian restaurant where Wolfgang and Li Hua are having dinner to celebrate Wolfgang's promotion?,Venedia Grancaffe,"According to the conversation records, Wolfgang and Li Hua plan to have dinner at their favorite Italian place to celebrate Wolfgang's promotion. This information is derived from the following dialogue:```Time: 20260428_18:30WolfgangSchulz: Hey! 🎉 I just got promoted! Want to celebrate with dinner the day after tomorrow? How about 6 PM?LiHua: Congrats on the promotion! That's awesome! 🎉 I'd love to join for dinner on Thursday at 6 PM. Where do you want to go?WolfgangSchulz: Thanks! How about our favorite Italian place? They have the best pasta! What do you think?LiHua: Sounds perfect! I’ve been craving their pasta. Can't wait! 🍝```Therefore, the Italian restaurant where Wolfgang and Li Hua are having dinner to celebrate Wolfgang's promotion is their favorite Italian place."
What is Li Hua's suggestion for scheduling the water pipe repairs in the garden?,During off-peak hours,"In one of the discussions, Turalyon suggests scheduling the water pipe repairs during off-peak hours to reduce the impact on everyone. He proposes planning the repairs during times when most people are out or busy, which Li Hua supports as a good idea. Additionally, RexxarRemar suggests adding temporary barriers or screens to minimize noise while the repairs are happening. Li Hua agrees that keeping the noise down is crucial and recommends giving everyone a heads-up a day or two in advance. She also suggests setting up signage around the area to inform residents about the work. Overall, Li Hua and her colleagues emphasize the importance of clear communication and minimizing disruption to the community during the repair work."
Which two specific pastries does Hailey Johnson recommend for Mother's Day?,Raspberry-filled croissants and chocolate eclairs,"During the conversation regarding the Mother's Day promotion, Hailey Johnson recommends two specific pastries that are popular and enjoyable. She suggests trying the raspberry-filled croissants and the chocolate eclairs, noting that these items are ""super fun to make"" and always a hit among customers."
What type of stretches does JenniferMoore suggest before and after workouts?,Dynamic stretches before and static stretches after,"JenniferMoore suggests incorporating both dynamic and static stretches into her workout routine. Before a workout, she recommends dynamic stretches such as lunges and arm circles, which she believes help warm up the muscles and prepare the body for exercise. Regarding stretches performed after a workout, Jennifer promotes static stretches, suggesting that holding each stretch for at least 15-30 seconds can aid in cooling down and promoting recovery. She emphasizes the importance of consistency in stretching routines, noting that they significantly contribute to performance and flexibility."
When is the web design seminar at Wolfgang's company happening?,Thursday at 3 PM,"The web design seminar is scheduled for Thursday at 3 PM. This event is hosted by WolfgangSchulz's company, as indicated in the description of the entity ""WEB DESIGN SEMINAR"" with a score of 0.9511789."
What is Li Hua looking forward to trying from the summer promotion?,Fruity ice cream flavors and a mango-coconut pastry,"In the conversation involving Hailey Johnson and Li Hua, it is mentioned that Hailey Johnson is hosting a special summer promotion offering a variety of ice cream and pastry flavors. Specifically, Li Hua expressed her enthusiasm for the promotional options, mentioning she enjoys fruity flavors like mango and coconut, as well as chocolate. Hailey Johnson confirmed that they are planning to offer fruity ice cream flavors and a mango-coconut pastry, along with chocolate treats, for the promotion. Therefore, Li Hua looks forward to trying the fruity options, particularly the mango and coconut flavors, as well as the chocolate treats offered during the summer promotion."
What type of lighting is preferred for the seating area in the community garden?,Soft white lights,"For the seating area in the community garden, soft white lights are preferred according to the discussions. This choice was made because soft white lights give a cozy and inviting glow, perfect for relaxing evenings in the garden. This preference was echoed by various participants who emphasized the importance of creating a warm ambiance for the seating area."
Which flowers does RexxarRemar suggest for a vibrant vibe?,Bluebell and Camellia and Tulip,"According to the conversation, RexxarRemar suggests a combination of Bluebells, Camellias, and Tulips for a vibrant and appealing garden. He emphasizes that this combo would complement each other well and attract butterflies, making the garden even more vibrant and attractive."
How does RexxarRemar plan to spend time in the garden once it's done?,For family gatherings and relaxing afternoons,"According to the conversation, RexxarRemar envisions several ways he and others might spend time in the garden once it's completed. He suggests that the garden will be ideal for family gatherings and relaxing afternoons. Additionally, RexxarRemar highlights the importance of having a kids' play area, which he believes will keep children entertained while adults enjoy the garden. His comments indicate that the garden will serve multiple purposes and benefit the entire community."
What does LiHua find as a perfect place to work in his conversation with Chae?,The Lighthouse Cafe,"In the conversations between LiHua and Chae, LiHua expresses a preference for a location that is quiet and conducive to concentration. Specifically, in one of their interactions, LiHua mentions that the garden renovation project has made it difficult for him to work due to the noise. Chae suggests alternative locations like cafes or libraries, which provide a quieter environment. LiHua agrees, stating, ""Yeah, I might need to find a quieter spot. Just trying to figure out a good place nearby."" Chae recommends trying out a café or library, noting that these places can be ""pretty chill"" and offer ""some inspiration with a change of scenery."" This indicates that a café or library would be a suitable place for LiHua to work. However, LiHua specifically mentions that he might prefer a café, suggesting that he finds the ambiance of a café to be the ideal setting for work amidst the current noisy conditions."
What songs does Chae propose to the Jolly band to try out on Sunday according to the conversation on 20260521?,"The Yellow Wind Rises and ""To the West""","In the conversation dated 20260521, there isn't any mention of Chae proposing songs to the Jolly Band. Instead, the dialogue focuses on LiHua and WolfgangSchulz discussing various songs they can work on for their upcoming jam session. Specifically, LiHua suggests revisiting the song ""The History of Everything"" from the TV show Big Bang Theory, which ChaeSong-hwa expresses enthusiasm for. There is no indication that Chae specifically proposes any songs to the Jolly Band on this particular day."
What time does Turalyon plan to limit noisy activities?,From 2-3 pm,"According to the conversation, Turalyon plans to limit noisy activities from 2-3 pm. This restriction aims to minimize disruption during that specific period."
Why does WolfgangSchulz inquire of the band members about health products?,Wolfgang is feeling very tired lately with the overtime and wants to boost up his energy,"WolfgangSchulz appears to be inquiring about health products in the context of his jam sessions with LiHua. In the conversation recorded under entry number 5, WolfgangSchulz mentions inviting LiHua to dinner at a restaurant to celebrate his promotion. During this exchange, WolfgangSchulz suggests bringing their appetite to the dinner, which prompts LiHua to inquire about food options. However, there is no mention of WolfgangSchulz asking about health products specifically during these conversations. The inquiry about health products seems to be absent from the interactions detailed in the provided entries."
What is the name of the song LiHua suggests revisiting for the band's music session according to their conversation on 20260529?,The History of Everything,"According to the conversation recorded on 20260529, LiHua suggests revisiting ""The History of Everything"" from the TV show ""Big Bang Theory"" for the band's practice session. This song was previously played during a previous session as mentioned in the context of the discussion."
When did Li Hua inform Adam Smith that the rent for last month (implied to be May) had been transferred?,2026-06-02 at 10:00,"According to the conversation records, Li Hua informed Adam Smith that the rent for last month had been transferred on June 1st at 16:00. This is evident from the following entry:```Time: 20260601_16:00AdamSmith: Hey Li Hua, just a quick message. I noticed I haven't received last month's rent yet. Could you check on that? Thanks!LiHua: Oh no, I completely forgot about that. I'll make sure to get that sorted out ASAP. Thanks for letting me know!```It is worth noting that the exact date mentioned in the entry (June 1st) refers to the month of June, which implies that the rent referred to was from May, as per the context provided."
What is the name of Hailey Johnson's new weekly flavor cheese?,Hazelnut Basque Roasted Cheese,"There is no mention of a new weekly flavor cheesecake in the provided data. The conversations between Hailey Johnson and Li Hua only discuss various pastries, including banana durian cheesecake and red velvet New York cheesecake, but there is no indication of a recurring weekly flavor."
What is the phone number for the maintenance worker that Adam Smith provided to Li Hua for the broken streetlight?,314159,"According to the conversation recorded, Adam Smith provided Li Hua with the contact number for the maintenance worker in case she needed assistance with any issues. Specifically, Adam Smith mentioned that the maintenance worker could be reached at the number 314159. This number was shared with Li Hua to facilitate communication and address the broken streetlight issue."
When is the Freelancer Group Meeting scheduled for according to the conversation between LiHua and Yuriko?,This Wednesday at 3 pm,"According to the conversation, the Freelancer Group Meeting is scheduled for March 6th at 2:00 PM. This can be inferred from multiple messages indicating the upcoming meeting at Central Perk, including a reminder sent by LiHua on March 6th at 2:00 PM, as part of the ongoing series of meetings planned between LiHua and Yuriko."
What suggestions does Jennifer give to LiHua to help boost his endurance?,try incorporating longer cardio sessions and interval training into your routine,"Jennifer provides several pieces of advice to LiHua to help him boost his endurance. Initially, she suggests incorporating longer cardio sessions and interval training into his routine, recommending activities such as cycling, running, or swimming. Additionally, Jennifer emphasizes the importance of proper hydration and nutrition. She advises LiHua to focus on maintaining a good sleep schedule and ensuring he takes care of his physical needs to enhance his overall performance. During their conversations, Jennifer encourages LiHua to stay consistent and remain motivated, providing continuous support and encouragement to help him achieve his fitness goals."
What new pastry does Hailey think is perfect for a fitness lover like Li Hua?,high-protein breads,"In one of the interactions, Hailey mentions launching a new line of high-protein breads which are perfect for fitness lovers like Li Hua. However, regarding a specific pastry designed for fitness enthusiasts, there isn't any direct mention of a particular pastry that Hailey thinks is ideal for Li Hua. The focus is more on the new high-protein breads rather than a pastry tailored for fitness."
Who proposes adding some outdoor games or a small water feature to the children's play areain the community discussion?,Thrall,"In the community discussion regarding potential additions to the children's play area, Thrall suggests adding some outdoor games or a small water feature. He comments, ""Maybe we could add some outdoor games or a small water feature? It could be super fun for the kids!"" This proposal aligns with the description of the ""OUTDOOR ACTIVITIES"" entity, which includes activities like hiking, beach workouts, and circuit training, as well as the ""WATER FEATURE"" entity, suggesting elements such as fountains or waterfalls."
Who proposes adding picnic tables for families to enjoy some snacks after playing?,Li Hua,"According to the conversation, Li Hua proposes adding picnic tables for families to enjoy some snacks after playing. Li Hua suggests this idea as a way to create a nice gathering spot, which could be particularly beneficial after using the children's play area."
What event does LiHua think is an opportunity for the Jolly band to perform in front of the crowd?,the poster saying that the town is holding a local music festival,"According to the conversation recorded, LiHua mentioned that there is a local music festival coming up in their town which could provide an opportunity for the Jolly Band to perform in front of a crowd. This suggestion was made during a discussion regarding potential opportunities for the band to showcase their music, indicating that the local music festival is the event that LiHua perceives as beneficial for the Jolly Band's performance visibility."
What dietary restrictions does LiHua have in his conversation with Hailey?,No dietary restrictions,"In the conversation between HaileyJohnson and LiHua, LiHua explicitly states that he has no dietary restrictions. This is evident from the following excerpt:> HaileyJohnson: ""Thanks for asking! No dietary restrictions here, I'm all set. Looking forward to the class! 🍰"">> LiHua: ""Sweet! I’d love to learn how to make pastries if we can. That would be great! 🥐""This dialogue indicates that LiHua is open to learning various types of baked goods, showing that he has no specific dietary needs that would prevent him from participating in the baking class."
What will special guest speaker be talking about as Jennifer mentions to LiHua?,about nutrition for athletes,"JenniferMoore informs LiHua about a special guest speaker who will be discussing topics related to nutrition for athletes. The talk is scheduled for the following Wednesday at 6 PM, and it will cover valuable tips for improving performance and recovery. Jennifer assures LiHua that she will reserve a spot for her, indicating her interest in attending the event."
What is the survey that Jennifer wants LiHua to fill out about?,the experience with our training sessions so far,JenniferMoore has requested that LiHua complete a survey regarding his experience with the training sessions they have been participating in. This survey is intended to provide Jennifer with valuable feedback that she can use to improve the training program. LiHua is willing to fill out the survey and looks forward to sharing his thoughts on their progress together.
Waht song does Wolfgang propose adding to the band's practice set on 20260625?,Viva la Vida by Coldplay,"On June 25, 2026, at 19:00, Wolfgang proposed adding ""Viva la Vida"" by Coldplay to the band's set list. This song was suggested because Wolfgang believed it would be an awesome addition to their performances and it would also enhance the overall energy of their jam sessions. The band members, including Yuriko Yamamoto, agreed with Wolfgang's suggestion and were excited to work on incorporating this song into their practice sessions."
What is the main topic of the conversation between LiHua and ChaeSong-hwa on 20260626?,Chae and her team making a breakthrough in the research study and LiHua congratulating her,"On June 26, 2026, LiHua and ChaeSong-hwa discussed a significant development in their research study. Specifically, ChaeSong-hwa informed LiHua that his team and he had successfully gathered enough research data for their project, allowing them to proceed with testing their model. This achievement marked a crucial milestone in their ongoing research efforts. LiHua expressed pride and excitement about the progress, and they both looked forward to sharing more details about the breakthrough once they had completed the necessary tests. Additionally, they planned to celebrate their success with a jam session, which they both looked forward to as a way to unwind and celebrate their accomplishments."
Waht songs does Chae recommend in the band's group discussion on 20260629?,"Uptown Funk or ""Happy""","In the group discussion recorded on 20260629_16:00, ChaeSong-hwa expressed interest in collaborating on a medley of classic rock songs. Specifically, he mentioned two songs he would like to include: ""Hotel California"" by Eagles and ""Blackbird"" by The Beatles. These songs were suggested to bring a unique and engaging element to their jam session."
What tip does Jennifer give to the gym members on 20260630?,Staying hydrated during workout is very important,"There isn't any information provided specifically about a tip given by Jennifer on June 30, 2026. The data includes various timestamps and events related to conversations and activities between Jennifer Moore and Li Hua, but there is no mention of a tip given on June 30 regarding gym members."
Why deoes the construction have to be postponed according to Tirion Fordring?,the storm and the rain have been going on for days,"According to the conversations recorded, there are no explicit mentions of construction needing to be postponed by Tirion Fordring. Instead, Tirion Fordring is emphasizing the importance of creating a comfortable environment and actively seeking feedback from the community regarding the ongoing construction. He mentions keeping the community's concerns about noise in mind as he moves forward with the project. The discussions revolve around finding ways to minimize disruptions, such as establishing quiet hours for playtime and providing comfort features like shaded rest areas and benches. Additionally, Tirion Fordring suggests adding native plants and decorative elements to enhance the garden's appeal and functionality. Overall, there is no indication that the construction itself needs to be postponed; rather, there is a focus on improving the community's experience during the construction period."
What kinds of Thai food does Wolfgang want to try out at the Thai restaurant on 20260702?,pad thai and maybe some spring rolls,"According to the conversation recorded, WolfgangSchulz indicated his interest in trying the pad thai and spring rolls at the Thai restaurant they plan to visit on 20260702. Specifically, WolfgangSchulz said, ""Thinking of trying their pad thai and maybe some spring rolls. What about you?"" This shows that WolfgangSchulz has a preference for these dishes from the Thai restaurant."
Why are LiHua and Adam concerned about the basement in their conversation on 20260707?,They want to check if there were any issues in the basement after those rainstorms,"In the conversation dated 20260707, LiHua expresses concern about potential issues in the basement after recent rainstorms. She specifically asks Adam if there were any problems observed, indicating her worry about water damage or other structural issues that might have occurred. Adam assures LiHua that everything appears to be in order, although he advises her to keep an eye on the area for any unusual conditions. He offers to provide the contact for the maintenance worker in case she notices any issues, which suggests a proactive approach to addressing any potential concerns. Overall, the primary concern between LiHua and Adam revolves around ensuring the basement remains structurally sound and functional following recent weather events."
Why is Jennifer checking in in the gym group chat on 20260708?,She wants to hear how the members are all doing and offer some personalized advice.,"There is no mention of Jennifer checking in at the specified time, 20260708, in the provided data. The closest entries related to Jennifer Moore are on 20260112 and 20260114, which involve initial introductions and scheduling of future training sessions. There is no indication of a check-in on July 8th."
What is the article that Chae shares with LiHua about?,how to fall asleep faster at night,"There does not appear to be an explicit article mentioned that Chae Song-hwa shares with Li Hua in the provided conversation excerpts. The exchanges primarily revolve around personal matters, professional updates, and shared interests such as music and hobbies. There is no reference to a specific article being discussed or shared."
What is LiHua's feeback on Hailey's new artisanal donuts?,The flavors are so unique and delicious,"According to the conversation, LiHua had positive feedback about Hailey's new artisanal donuts. Specifically, she mentioned that she really loved the chocolate hazelnut flavor, noting its ""perfect balance of sweetness."" LiHua expressed enthusiasm for trying more flavors, suggesting that seasonal fruit flavors like raspberry or lemon could be refreshing additions to the lineup. This feedback indicates that the chocolate hazelnut flavor was particularly well-received, while also providing insights into potential areas for future improvement."
Which performance does Chae want the band members to check out in their discussion on 20260715?,"the amazing live performance of ""Bohemian Rhapsody"" by Queen","There is no mention of Chae wanting the band members to check out a performance in the discussions dated 20260715. The conversations involve Li Hua discussing a new hobby with Wolfgang Schulz and exploring various musical ideas and collaborations, but there is no specific reference to a performance that Chae wants the band members to check out on that date."
Why is LiHua praising Chae in their conversation on 20260717?,LiHua was really amazed by Chae's performance in the band last Sunday because Chae's singing has really leveled up,"In the provided data, there isn't a specific conversation involving LiHua and Chae on July 17, 2026. However, a related entry does exist on July 17, 2026 at 17:00, which seems to be a conversation between LiHua and Chae about work-related matters. This conversation doesn't contain praise from LiHua towards Chae; instead, it appears to be a discussion about their workloads and responsibilities. There is no explicit praise or acknowledgment of Chae in this particular entry. If you have another specific date or context in mind, please provide more details."
What tips on balancing work and personal hobbies does LiHua give to Chae?,try setting specific hours for work and separate times for your hobbies and don't forget to schedule some fun time for yourself,"In one of the recorded conversations, LiHua offers several practical tips for Chae on how to balance work and personal hobbies. Specifically, LiHua suggests that setting specific hours for work and separate times for hobbies can be beneficial. She advises that even small breaks can help maintain productivity and enjoyment. Additionally, LiHua emphasizes the importance of scheduling dedicated time for fun activities, as she notes that taking care of personal interests is crucial for maintaining mental and emotional well-being. This aligns with LiHua's own experience, as she mentioned that having weekends for music-related activities is a significant source of relaxation and enjoyment."
What is the size of the basement?,The basement is approximately 15 feet by 20 feet,"The exact size of the basement isn't directly mentioned in the provided messages. However, we can gather some information about its dimensions through context. In multiple conversations, Adam Smith mentions the basement's approximate size as being around 15 feet by 20 feet. This gives us an idea of the space available. To provide a more concrete size, we need to convert these measurements into centimeters since the other dimensions given are in centimeters. Converting 15 feet to centimeters (1 foot = 30.48 cm), we get 15 feet * 30.48 cm/foot = 457.2 cm. Similarly, converting 20 feet to centimeters, we get 20 feet * 30.48 cm/foot = 609.6 cm. Thus, the approximate size of the basement is 457.2 cm (width) by 609.6 cm (height)."
What is Wolfgang's favorite superhero?,Iron Man,"According to the information provided, Wolfgang's favorite superhero is Spider-Man. This preference is noted in multiple conversations, where Wolfgang mentions Spider-Man as his favorite and expresses admiration for the character's story and the action depicted in the films."
What is LiHua's favorite superhero?,Spider-Man,"Based on the conversation recorded, LiHua's favorite superhero is Spider-Man. This can be inferred from a previous exchange where WolfgangSchulz asks LiHua about his favorite hero, and LiHua responds, ""I think Spider-Man is my fave! Love his story and all the web-slinging action."" This indicates that Spider-Man holds a special place in LiHua's heart among the various superheroes he enjoys."
What sports would LiHua like to see on the community sports day?,some team sports like soccer or basketball,"Based on the conversation recorded, LiHua expressed several preferences for the types of sports that should be included at the Community Sports Day. Initially, she mentioned, ""I’d love to see some team sports like soccer or basketball! They always get everyone pumped up. Plus, we could throw in some fun games for the kids too!"" This indicates that LiHua is particularly enthusiastic about team sports such as soccer and basketball, which she believes would engage the community members, especially children. Additionally, she suggested including fun games for the younger participants, suggesting that these could be non-traditional sports activities designed to entertain and involve all age groups."
What new hobbies does Wolfgang Schulz propose to Li Hua?,Wolfgang Schulz proposes pottery or painting as a hobby to Li Hua,"Wolfgang Schulz proposes several new hobbies to Li Hua, one of which is pottery or painting. In a conversation recorded on December 19, 2026, Wolfgang suggests that they could pick up a new hobby together to unwind from work stress. He specifically recommends painting, indicating that he believes this activity would be enjoyable and fun. This proposal comes in the context of Wolfgang and Li Hua discussing various leisure activities they might engage in together, suggesting that painting could be a new endeavor for both individuals."
What brands of air-conditioners does LiHua recommend to Wolfgang?,Mitsubishi and Daikin,"In the conversations provided, LiHua recommends inverter AC units, specifically mentioning brands like Mitsubishi and Daikin as being known for being quiet and efficient. LiHua also notes that the SEER rating is important, aiming for 16 or higher. While these recommendations are given in the context of choosing an air-conditioner for the basement, no specific brand names other than Mitsubishi and Daikin are mentioned. Therefore, based on the available data, the brands LiHua recommends are Mitsubishi and Daikin."
Who is recommended by Jennifer to share some fitness tips in the gym group chat on 20260730?,LiHua,"There is no specific recommendation provided in the data regarding anyone being suggested to share fitness tips in the gym group chat on 20260730. The events listed pertain to various conversations and meetings involving individuals like Jennifer Moore, Li Hua, Wolfgang Schulz, and others, but there is no mention of a recommendation for sharing fitness tips on that particular date."
What does Hailey Johnson want Li Hua to help with at the bakery according to their discussion on 20260731?,Hailey Johnson wants Li Hua to help gather feedback from customers at the bread-tasting event,"According to the conversation recorded on 20260731, Hailey Johnson is planning a bread-tasting event at the bakery and wants Li Hua to assist with gathering feedback from customers. Specifically, Hailey asks Li Hua to:- Chat with customers- Collect their thoughts on the different breads- Jot down some favoritesShe emphasizes that it would be a ""lot of fun"" and looks forward to having Li Hua participate in the event. Li Hua agrees to help and states that they will bring their notepad to make it a ""fun day."""
What day do Li Hua and Wolfgang Schulz plan to visit the photography exhibition?,Li Hua and Wolfgang Schulz plan to visit the photography exhibition on Friday evening,"According to the conversation, Li Hua and Wolfgang Schulz plan to visit the photography exhibition on Friday evening. This decision was made during a discussion where Li Hua suggested going on Friday evening and Wolfgang Schulz agreed, stating ""Friday evening works for me! Looking forward to it!"" 🎟️"
When is Wolfgang and LiHua going to the photography exhibition on 20260805?,19:00,"According to the conversation recorded on 20260805_16:00, WolfgangSchulz and LiHua agreed to meet at 6:00 PM and proceed to the photography exhibition afterwards. Therefore, the photography exhibition is scheduled for the evening of 20260805."
When is the installation of the air-conditioner for the basement?,It's set for Wednesday next week,"The installation of the air-conditioner for the basement is scheduled for Wednesday next week, according to AdamSmith's message dated August 9th at 12:00. This was communicated to LiHua as he checked in regarding any concerns or special requests for the air conditioner installation."
Why does Adam reach out to LiHua on 20260810?,To check if LiHua had a chance to look over the warranty and maintenance plans for the air conditioner,"There is no mention of Adam reaching out to LiHua specifically on 20260810 in the provided data. The interactions between AdamSmith and LiHua occur on various dates including 20260105, 20260218, 20260304, 20260429, 20260523, 20260615, 20260805, 20261015, and 20261214. Therefore, based on the information available, there is no record of an interaction between Adam and LiHua on August 10, 2026."
When is the contractor team going to install the air-conditioner?,20260812 6PM,"According to the conversation, the contractor team is scheduled to install the air-conditioner in the basement at 6 PM today (time: 20260812_11:00). Adam Smith reminded Li Hua about this, indicating that the installation is imminent."
When is the garage sale being discussed?,20260814_15:00,"The discussion about the garage sale is taking place on multiple occasions. The main conversation about the garage sale occurs in two messages:1. In the message timestamped ""20260814_15:00"", where TirionFordring initiates the topic, suggesting that the garage sale could be a fun way to declutter and connect with the community. The participants express their interest and enthusiasm, and even propose adding snacks and drinks to enhance the event.   2. Another significant discussion happens in the message dated ""20261123_23:00"", where AdamSmith reminds LiHua about the garage sale and asks if she needs any help setting it up. This shows that the garage sale is still being considered as a community event.Both these instances suggest that the garage sale is being discussed as a community event aimed at decluttering and connecting neighbors, with plans for it to occur at some point in the future."
What is the reason Thrall cannot participate in the garage sale?,Thrall has a lot happening with the garden renovations,"According to the conversation, Thrall mentioned that he cannot participate in the garage sale because he is currently focused on gardening renovations. He hopes that everyone else will have a great time."
What does RexxarRemar suggest to make the garage sale more enjoyable?,RexxarRemar suggests having snacks or drinks at the garage sale,"RexxarRemar suggests adding some snacks or drinks to the garage sale to make it more enjoyable and engaging for attendees. He proposes setting up a snack station where people can enjoy quick bites and refreshing drinks. RexxarRemar emphasizes that the snacks should be simple and easy to grab, which he believes will create a more welcoming atmosphere as people browse through items for sale. The snack station is seen as a fun way to foster connections among the community members while they declutter their spaces. RexxarRemar also notes that the snacks could potentially spark more conversation and interaction among the participants."
What does JenniferMoore suggest to improve performance and prevent injuries?,JenniferMoore suggests incorporating stretching techniques,"JenniferMoore emphasizes the importance of a comprehensive training regimen that includes proper warm-up and stretching, hydration, and wearing appropriate footwear to minimize the risk of injuries. She also stresses the importance of strength training, suggesting it builds muscles around joints, improves overall stability, and endurance on the field. Additionally, she recommends including balance exercises such as single-leg stands, which can help prevent falls and reduce the likelihood of sprains. Overall, her advice focuses on a holistic approach to maintaining both performance and safety during soccer games and practices."
What does Viper plan to do to increase their stamina?,Viper plans to focus on cardio,"According to the conversation, Viper plans to incorporate interval training into their cardio routine. Specifically, Viper suggests starting with shorter intervals and gradually increasing the intensity and duration as they become more comfortable. This approach is intended to help maintain or even improve stamina without overexerting the body. Additionally, Viper notes that this method can keep workouts interesting."
How much discount is Hailey willing to give to LiHua according to their conversation on 20260816?,15% off,"According to the conversation recorded on 20260816, Hailey Johnson offered a special early bird discount of 15% off on LiHua's order if she ordered by the end of that week. This was part of a holiday promotional sale. However, no specific mention of a discount amount was made; only the percentage was highlighted."
Who does Li Hua mention as their favorite character from The Witcher 3?,Geralt,"In the conversation, Li Hua expresses a preference for Geralt, describing him as a ""complex character with that no-nonsense attitude, but deep down he has a great sense of morality."" Li Hua also highlights Geralt's ""monster-slaying skills as just epic."" Furthermore, Li Hua mentions Yennefer as another favorite character, appreciating both her backstory and her dynamic relationship with Geralt, which adds significant depth to the game. Li Hua particularly commends the memorable moments they share together. Therefore, based on Li Hua's comments, Geralt and Yennefer are the two characters she mentions as her favorites from The Witcher 3."
Why does LiHua like Geralt from The Witcher 3?,He's such a complex character with that no-nonsense attitude but deep down he has a great sense of morality & his monster-slaying skills are just epic,"LiHua appreciates Geralt from The Witcher 3 because he finds Geralt to be a complex character with a no-nonsense attitude yet a strong sense of morality. Additionally, LiHua is drawn to Geralt's exceptional combat skills, which she considers ""epic."" Furthermore, LiHua enjoys the character development and the choices Geralt makes throughout the game. Her favorite aspect seems to be Geralt's interactions and friendships within the narrative, which add significant depth to the story."
What is Li Hua's opinion about Yennefer's character?,Intense & fiercely independent & her relationship with Geralt evolves,"Based on the conversation, Li Hua expresses a positive view of Yennefer's character in The Witcher 3. Specifically, she praises Yennefer's backstory and the dynamic between her and Geralt. Li Hua states, ""Yennefer's character is intense and fiercely independent. I love how her relationship with Geralt evolves. Their chemistry makes for some really memorable moments in the game!"" This indicates that Li Hua appreciates the complexity and depth of Yennefer's character, along with the engaging interactions she shares with Geralt."
Which scene stood out for Li Hua in The Witcher 3?,"The ""Battle of Kaer Morhen""","In the conversations shared, Li Hua expressed several scenes from The Witcher 3 that stood out to her. She particularly mentioned two significant moments. Firstly, she highlighted the scene in the ""Battle of Kaer Morhen."" This battle was described as showing the impact of Geralt and Yennefer's relationships and teamwork, making it an unforgettable moment in the game. Secondly, Li Hua also appreciated the scene in Toussaint, describing it as equally beautiful and having a fairy-tale vibe with vivid colors, especially during sunset. Additionally, Li Hua shared that she loved the tournament quest in Toussaint, noting the atmospheric elements and memorable characters. These moments reflect the diverse and immersive nature of The Witcher 3, with standout scenes that encapsulate the game's strengths."
Which scene in The Witcher 3 does ThaneChambers consider as one of his favorites involving Yennefer?,The scene when Geralt is looking for Yennefer in the early part of the game,"According to the conversations recorded, ThaneChambers considers one of his favorite scenes involving Yennefer to be the one where Geralt is looking for Yennefer in the early part of the game. This scene is described as being ""brilliantly done"" in terms of intertwining their past and present, which sets the stage for their complex relationship. This indicates that ThaneChambers appreciates the intricate narrative elements and character dynamics in this scene within the larger game."
What is Li Hua's impression of the Blood and Wine expansion?,Incredible & new area is stunning & story feels like a mini-epic,"According to the conversation, Li Hua expresses a positive view of the Blood and Wine expansion in The Witcher 3. Specifically, she mentions that she finds the quests in the region of Toussaint to be equally beautiful and immersive compared to Skellige. Furthermore, Li Hua praises the storyline, describing it as rich in lore and the ending as surprising and ""epic."" These comments align with the description provided in the entity table, which highlights the Blood and Wine quest for its ""rich lore and surprising ending."""
What TV show does EmilyBurnett recommend to Li Hua after discussing Succession?,The Crown and Ted Lasso,"After discussing the TV show ""Succession"" with Li Hua, Emily Burnett recommends two additional shows. First, she suggests ""The Crown,"" describing it as a historical drama with great storytelling and character depth. Second, she recommends ""Ted Lasso,"" noting that it is a lighter show that offers plenty of laughs. Emily Burnett encourages Li Hua to check out both recommendations, as she believes they will be enjoyable viewing experiences."
When does Li Hua plan to meet JakeWatson for soccer practice?,Saturday afternoon at 3 PM,"Li Hua and JakeWatson have planned several soccer practices together, and the times vary depending on their availability. From the provided data, we can identify a few instances:- On August 29th at 10 AM, Li Hua suggested a meeting at 10 AM and JakeWatson agreed, indicating this time worked for both.- On November 5th at 3 PM, JakeWatson proposed meeting at 3 PM for a practice focused on shooting, and Li Hua confirmed this time as well.- On September 5th at 11 AM, JakeWatson mentioned a reminder about the gym's membership feedback activity and a water cup pickup, but no specific practice time was discussed.- On October 15th at 3 PM, JakeWatson invited Li Hua to a practice session, which Li Hua accepted and said she would be ready at 3 PM.- On November 30th at 11:30 AM, JakeWatson gave advice on avoiding offside and suggested a practice session for Saturday afternoon at 3 PM.- On December 19th at 10 AM, JakeWatson proposed a practice session with a focus on kicking goals, and Li Hua accepted this time.- On January 14th at 3 PM, JenniferMoore reminded LiHua to bring her water bottle for the training session, but no specific practice time was discussed.- On February 21st at 3 PM, LiHua invited WolfgangSchulz to play guitar and drums, but no mention of a soccer practice time was made.- On March 30th at 8 AM, HaileyJohnson reminded LiHua that her fresh bread was being delivered, and no practice time was specified.Based on the provided information, the most recent and confirmed times for soccer practices between Li Hua and JakeWatson are on November 5th at 3 PM and November 30th at 3 PM. Li Hua plans to meet JakeWatson for these practices, as she expressed her readiness for both sessions."
Which UCL match does Jasper recommend as a classic must-watch?,The 2005 final between Liverpool and AC Milan,"According to Jasper's comments, he highly recommends the 2005 final between Liverpool and AC Milan as a classic must-watch UCL match. Jasper describes the match as ""insane,"" noting that Liverpool was down 3-0 at halftime but managed to pull off a miraculous comeback to win the game in penalties. This match showcases dramatic and suspenseful moments typical of the UEFA Champions League, making it a standout classic in the history of the tournament."
Who shared a music theory tutorial with the group?,Chae Song-hwa,"In the conversation, ChaeSong-hwa shared a music theory tutorial with the group, suggesting they check it out to potentially improve their musical skills and creativity. LiHua and WolfgangSchulz expressed interest in learning from this tutorial and using its insights to enhance their upcoming jam sessions."
What is Kendall's relationship with Logan like according to the group's discussion?,Toxic,"According to the group's discussion, Kendall's relationship with Logan is characterized by intense rivalry and a constant need for validation, which has significantly shaped Kendall's character. This dynamic creates a toxic environment that Kendall seems unable to escape, leading him into a self-destructive loop of seeking power and validation. The group members express concerns about the likelihood of reconciliation between Kendall and Logan, suggesting that their bond is so toxic that it may be difficult for them to break free from their destructive cycle. Kendall's journey in the series appears to be one of fighting against this familial dynamic, driven by a quest for power and a desire to carve out his own identity outside of Logan's influence."
What is the topic of discussion between Li Hua and Wolfgang Schulz on burger preferences?,Medium rare vs. well-done meat patty in a classic American,"In the conversations involving Li Hua and Wolfgang Schulz, they discuss various aspects of their preferences for fast food, particularly focusing on burgers. Initially, Wolfgang expresses his preference for classic cheeseburgers, emphasizing the importance of keeping it simple with lettuce, tomato, and pickles. On the other hand, Li Hua is more adventurous and considers both classic cheeseburgers and spicy options, such as jalapeño burgers or spicy chicken sandwiches. Wolfgang shares his favorite fast food spot downtown, which serves amazing shakes, and suggests keeping the toppings simple, preferring a classic cheeseburger topped with bacon. Li Hua, however, prefers a little spice in her burger and enjoys a mix of flavors, including jalapeños and spicy sauces. This conversation highlights their differing tastes in burger toppings and overall fast food preferences."
Why does Wolfgang prefer a well-done meat patty in a burger?,It is safer and more flavorful & he likes a little char on his burger,"In the conversation recorded on 20260828_10:00, WolfgangSchulz expresses his preference for a well-done meat patty in a burger, stating that he finds it ""just safer and more flavorful."" He also mentions that he likes a little char on his burger, indicating his appreciation for the texture and taste associated with a well-done patty. However, WolfgangSchulz acknowledges that his friend LiHua prefers a medium-rare patty, emphasizing the personal nature of food preferences. Thus, Wolfgang's preference for a well-done meat patty in a burger stems from his own tastes and the desire for a certain level of char and flavor, despite acknowledging that others might have different preferences."
What toppings does Wolfgang Schulz prefer on his burger?,Cheese and bacon,"According to the conversations recorded, Wolfgang Schulz has expressed preferences for certain burger toppings. Initially, he mentions a preference for classic cheese and bacon, stating that these toppings can make or break a burger. Later, Wolfgang expresses a liking for a ""little spice"" on his burger, suggesting that he prefers a mild level of spiciness rather than going very spicy. However, he also indicates an openness to a little experimentation with spicy toppings. Specifically, Wolfgang Schulz mentions several times that he enjoys a simple classic cheeseburger with lettuce, tomato, and pickles. He also shows interest in adventurous options like spicy jalapeño burgers or BBQ sauce, indicating that he is open to trying different flavors. Therefore, based on the information provided, Wolfgang Schulz prefers classic toppings like cheese and bacon but is open to experimenting with more unique flavors such as jalapeños or BBQ sauce."
What is the main theme of game group's discussion on 20260901_13:00?,Dutch van der Linde's character and leadership,"The main theme of the discussion on 20260901_13:00 appears to revolve around upcoming game releases and potential group purchases. Participants discussed various new games that were set to release soon on both digital stores and physical platforms. There was enthusiasm about the possibility of doing a group purchase to save money and potentially share strategies while playing together. The group also expressed interest in certain features such as co-op gameplay, shared loot systems, and cross-platform support. Additionally, they talked about the excitement surrounding upcoming titles and hoped that these games would offer engaging multiplayer experiences."
Who is the most hateable character in Game of Thrones in Orion's opinion?,Ramsay Bolton,"According to Orion's opinion, the most hateable character in Game of Thrones is Ramsay Bolton. This can be inferred from a conversation where Orion expresses his preference for Ramsay over Joffrey Baratheon and Cersei Lannister, stating that Ramsay's sadistic nature made him ""the most hard to forget."" This preference aligns with the earlier statement where Orion mentions Ramsay as the ""most hateable"" character among the trio of Joffrey, Ramsay, and Cersei, suggesting that Ramsay stands out as the most detested character in Orion's view."
What kind of songs are Li Hua and Chae Song-hwa considering adding to their playlist for babies?,Lullabies,"In one of the conversations, Li Hua mentioned that she had no idea about the benefits of music for babies but was inspired by Chae Song-hwa's suggestion to create a playlist. Li Hua expressed interest in starting a playlist and suggested classic lullabies as well as gentle guitar melodies. She also proposed including some of their band's mellow tunes, indicating that she and Chae are likely to include their own compositions in the playlist. Thus, based on these discussions, the songs they are considering for the baby playlist appear to be a mix of lullabies, gentle guitar music, and their original compositions."
What makes Wolfgang feel under a lot of pressure according to his conversation with LiHua on 20260905?,this new software project,"According to their conversation, Wolfgang feels under a lot of pressure due to his current software project. This is evident from Wolfgang's statement, ""Hey man, this new software project is really pushing me to my limits. I feel like I’m constantly in a pressure cooker."" LiHua reassures him, saying, ""Just remember, this pressure won’t last forever. You're super talented, and I believe in you! Just take it one step at a time."" Wolfgang acknowledges this, stating, ""Thanks, man! I’m trying to stay focused, but some days just feel overwhelming."" LiHua encourages him further by suggesting they should take it one step at a time and reminds him of his talent and belief in him."
Why does AdamSmith ask LiHua about the basement on 20260907?,check in and see how the basement held up after the storm,"On September 7, 2026, at 14:00, AdamSmith reaches out to LiHua to check on how the basement held up after a storm. Specifically, he asks if there were any issues with water leakage, indicating that he wants to ensure the basement is structurally sound and safe for use. LiHua reassures him that the basement is all good, with only minor dampness, and thanks him for checking in. This interaction highlights AdamSmith's proactive approach in maintaining the safety and functionality of the shared space."
How is the basement after the storm?,The basement is all good no water leakage at all,"According to the conversation, the basement experienced some minor dampness after the storm, but no water leakage was reported. Specifically, in a message dated 20260301_13:00, AdamSmith informs LiHua that he had heard from some neighbors that there might be some issues with the pipes in the basement. In response, LiHua assures AdamSmith that the basement is ""all good"" and mentions that there is ""a bit damp, but nothing major."" This indicates that while the basement did experience dampness, it did not suffer from significant water leakage."
What is the latest good news from Wolfgang as of 20260908?,software project finally made some significant progress,"Based on the available data, the most recent interaction involving Wolfgang that occurs before 2026-09-08 is from 2026-09-23 at 16:00. In this interaction, Wolfgang suggests meeting at the grocery store after work to gather snacks for their upcoming jam session. There is no additional positive news or updates from Wolfgang that occur closer to 2026-09-08 than this particular interaction. Therefore, the latest good news from Wolfgang as of 2026-09-08 pertains to planning for their jam session."
What new songs are LiHua working on lately on his guitar as of 20260908?,"Blackbird and ""Hotel California""","Based on the information available, there is no specific mention of new songs that LiHua is currently working on as of 20260908. The provided conversations focus on discussions related to past events and future plans, including potential jam sessions, but do not detail LiHua's latest compositions or projects. Therefore, no new songs can be identified based solely on the given data."
What mission does Gavriel mention that shows Arthur's growth in the game?,the scene where Arthur tells John to take care of his family,"In the discussion, Gavriel specifically mentions a scene where Arthur tells John to take care of his family. This moment is highlighted as particularly impactful because it demonstrates Arthur's growth from a rough outlaw to someone who genuinely cares about his loved ones. This scene illustrates a significant character arc in the game, showcasing Arthur's emotional development and his deepening connection to John and his family."
What side mission in Red Dead Redemption 2 resonated with Jareth?,the side mission with the widow in the honor system,"In the discussion regarding Red Dead Redemption 2, Jareth mentioned that he particularly enjoyed the side mission involving helping the widow in the honor system. This mission showcased Arthur's growth from a rough outlaw to someone who genuinely cares about his loved ones. This side mission allowed players to see Arthur's transformation and the positive impact he could have on others, which resonated deeply with Jareth."
What was ThaneChambers' favorite horse-related side quest in Red Dead Redemption 2?,the “troubled” horse,"In the conversations recorded, ThaneChambers does not explicitly mention his favorite horse-related side quest in Red Dead Redemption 2. However, he does recall a memorable experience involving a horse that led to a humorous incident. Specifically, ThaneChambers recounts an instance where he accidentally scared his horse while trying to fight off a bear, causing him to ""faceplant in the mud."" This mishap showcases one of the wacky and unexpected moments ThaneChambers experienced in the game, which adds to the overall adventurous and entertaining experience of playing Red Dead Redemption 2."
What was the final showdown that Elara found unforgettable in Red Dead Redemption 2?,with Dutch and Micah,"In the discussions regarding the final moments of Red Dead Redemption 2, Elara shared her thoughts on a particular duel that she found to be unforgettable. Specifically, she mentioned her experience facing off against one of the main antagonists, Khotun Khan, noting that the intensity of that fight, combined with the background music, made it feel like an epic moment. This duel appears to have been a standout highlight among the final confrontations in the game, capturing Elara's imagination and emotional response."
How does Bronwyn describe the epilogue of the game Red Dead Redemption 2?,captivating after seeing John try to make a life for himself,"Based on the discussions provided, Bronwyn expresses enthusiasm for the attention to detail in Red Dead Redemption 2, mentioning how she felt immersed in the world and the realism it offered. However, the specific details about the epilogue are not elaborated upon in the given conversation snippets. Bronwyn mentions that the game's attention to detail, particularly in the setting and characters, is impressive. She also notes the importance of the open-world aspect, suggesting that it allows players to engage deeply with the environment and the story. Without further context or specific comments about the epilogue, we cannot provide detailed information about Bronwyn's description of it."
Has LiHua ever met anyone like Shedlon Cooper in his real life?,No,"According to the conversation, LiHua has not encountered anyone quite like Sheldon Cooper in his real life. He mentioned that it's ""hard to find those kinds of geniuses"" and that he generally meets interesting people but none with Sheldon's level of eccentricity and brilliance. LiHua and Emily Burnett both seem to share a similar opinion, finding Sheldon unique and quirky but not commonplace in real life."
Has EmilyBurnett ever met anyone like Shedlon Cooper in her real life?,No,"In the conversation recorded on 20260826_18:00, Emily Burnett asked her friends if they have encountered someone as quirky and brilliant as Sheldon Cooper in real life. Specifically, she posed the question, ""Hey my friend! Just wondering if you have ever come across someone as quirky and brilliant as Sheldon in real life? It’s hard to find those kinds of geniuses! 😂"" The response from LiHua indicated that such individuals are rare, saying, ""Not really! I mean, he’s one of a kind, right? I do meet interesting people, but nobody quite like him!"" This suggests that while interesting and intelligent individuals exist, meeting someone as uniquely brilliant as Sheldon Cooper is uncommon. Therefore, based on Emily Burnett's query and the responses, it appears she has not personally met anyone like Sheldon Cooper in her real life."
What games are LiHua and ThaneChambers planning to check out during their shopping trip according to their discussion on 20260911?,"Spider-Man: Miles Morales and ""Demon's Souls""","According to the discussion recorded on 20260911_14:00, LiHua and ThaneChambers are planning to check out several video games during their shopping trip. ThaneChambers mentions that he saw LiHua online late the previous night and reminds her to not stay up too late playing games, suggesting they will be spending a fair amount of time engaged with various media. Specifically, ThaneChambers recommends checking out the PlayStation 5 games ""Spider-Man: Miles Morales"" and ""Demon's Souls."" He also notes that ""Spider-Man: Miles Morales"" is a great choice and suggests ""Demon's Souls"" as another game worth considering due to its challenging yet rewarding gameplay. LiHua expresses interest in both titles, indicating they are planning to spend time exploring and potentially purchasing these games during their outing."
How many servings of vegetables should LiHua aim for each day to keep body in good shape according to Jennifer?,at least 5 servings of veggies a day,"According to Jennifer's advice, LiHua should aim for at least 5 servings of vegetables each day to keep her body in good shape. This recommendation emphasizes the importance of vegetables for energy and recovery, suggesting a diverse intake to maximize nutrient benefits."
What does LiHua ask Jake about soccer?,the best strategies for soccer players to avoid injuries during games,"LiHua asks Jake for help with various aspects of soccer. Specifically, LiHua inquires about improving her dribbling skills, participating as the goalkeeper for their training sessions, learning more about the rules, including the offside rule and handball rules, getting advice on strengthening her leg muscles, and seeking guidance on the best midfielder of the past decade. Additionally, LiHua expresses interest in practicing with Jake and discussing tactics and drills together."
What does Jake suggest to improve flexibility and prevent muscle issues?,staying hydrated,"Jake Watson provides several practical tips for improving flexibility and preventing muscle issues, particularly for soccer players. In a conversation with Li Hua, Jake emphasizes the importance of proper warm-up and stretching before games to prepare the muscles adequately. He highlights that flexibility and balance work are crucial components of an athlete's fitness routine, stating, ""First off, proper warm-up and stretching are key before any game. It helps to get your muscles ready and improves flexibility."" Additionally, Jake suggests incorporating dynamic stretching techniques for warming up and static stretching for cooling down after exercise, noting that these methods can prevent injuries. He also recommends staying hydrated, which is essential for muscle function and recovery. Regarding footwear, Jake advises that wearing the right type of shoes can significantly reduce the risk of slipping or spraining during games. To address Li Hua's interest in strengthening exercises, Jake suggests incorporating strength training, such as squats, lunges, and planks, which can build muscles around joints and enhance overall stability and endurance. He also recommends including balance exercises, like single-leg stands, to further improve flexibility and prevent injuries."
Why is wearing the right footwear important in soccer?,to avoid slips or sprains,"In soccer, wearing the right footwear is crucial because it can significantly impact performance and safety during games. Proper footwear provides necessary support and traction, which helps soccer players maintain their balance and control on the field, especially during quick changes in direction or sudden stops. Additionally, footwear designed for soccer includes features that enhance comfort, such as cushioning and ventilation, which are beneficial for long periods of play without discomfort. This ensures that players can focus on their skills and strategies rather than being distracted by foot pain or discomfort. As Jake Watson mentioned in one of the conversations, ""wearing the right footwear can make a huge difference to avoid slips or sprains."""
How does strength training help prevent soccer injuries?,It builds muscles around joints & reduces injury risk & improves stability and endurance,"Strength training plays a significant role in preventing soccer injuries by enhancing the overall stability and endurance of players. According to Jake Watson's insights, strength training helps build the muscles around joints, which can reduce the risk of injuries. This is because strong muscles provide better support and stability to the joints, making them less susceptible to strains, sprains, and other types of injuries during gameplay. Additionally, strength training improves a player's overall stability and endurance, which are critical components in reducing the likelihood of sustaining injuries during a soccer match. Specifically, Jake suggests that incorporating simple bodyweight exercises into a strength training regimen can be beneficial for beginners, as it provides a solid foundation for more advanced techniques. By strengthening the muscles around the joints, players can better handle the demands of the sport and perform at their peak."
What type of exercises does Jake recommend for strength training?,squats & lunges & planks & balance exercises like single-leg stands,"Jake Watson recommends several exercises for strength training, based on the conversation he had with Li Hua. In one instance, Jake suggests squats and lunges as effective exercises for building leg strength, which is beneficial for soccer players. He also mentions that strength training helps build muscles around joints, which can reduce the risk of injuries. Additionally, Jake provides more detailed instructions on strength training exercises, suggesting that beginners start with bodyweight exercises like squats, lunges, and planks. These exercises are described as simple yet effective for building core and leg strength, with gradual increases in repetitions as one gets stronger."
What is the purpose of starting with bodyweight exercises?,for those who are new to strength training,"Bodyweight exercises are typically recommended as a starting point for beginners in strength training due to their versatility and ease of access. These exercises can help individuals build foundational strength and endurance without the need for specialized equipment, making them a great option for those who are just beginning their fitness journey or looking to improve their overall physical health. Additionally, these exercises can serve as a means to develop basic motor skills and coordination, which can translate into better performance during more complex workouts."
What does Lachlan appreciate about Arya Stark's character development?,Her transition from an innocent girl to a fierce assassin,"Lachlan appreciates Arya Stark's character development, highlighting how she transforms from an innocent girl in Winterfell to a fierce assassin. This journey showcases her growth and the intriguing ""revenge theme"" associated with her. Specifically, Lachlan points to Arya's confrontation of the Night King as a particularly memorable moment, noting that it exemplifies her character's significant growth and skills."
What memorable quote is mentioned by Phaedra?,"Jon Snow's ""You know nothing"" scene with Ygritte","Phaedra mentions several memorable quotes from the show ""Game of Thrones."" One of the notable ones she comments on is Jon Snow's famous line, ""You know nothing,"" which was spoken during a significant moment in the series. This quote highlights the tension and mystery between Jon Snow and Ygritte, emphasizing their developing relationship. Additionally, Phaedra notes Tyrion Lannister's quote, ""I drink and I know things,"" which encapsulates his wit and intelligence, showcasing his character's depth and cleverness. These quotes not only contribute to the narrative but also resonate emotionally with the audience, reflecting key themes and character arcs within the series."
"What does Rowan love about Tyrion's ""I drink and I know things"" line?",It captures his cleverness,"According to the discussions, Rowan particularly loves the line ""I drink and I know things."" This quote encapsulates Tyrion's wit, intelligence, and the cleverness that defines him in the series. Rowan finds this line to be a classic and highlights its effectiveness in capturing Tyrion's character. Additionally, it appears to be one of the memorable lines associated with Tyrion Lannister that resonates with viewers and fans alike."
What aspect of Jaime Lannister's storyline does Rowan find intriguing?,His transformation after meeting Brienne of Tarth,"Rowan finds Jaime Lannister's storyline intriguing, particularly his transformation from an arrogant knight to someone with profound depth and complexity. Rowan notes that Jaime's character arc is notable, highlighting his journey from being known as the ""Kingslayer"" to becoming a character that evokes deeper emotions and more nuanced responses from audiences. Specifically, Rowan points out that Jaime's relationship with Brienne of Tarth plays a significant role in shaping his character, offering him a chance to reflect on his past and evolve his moral compass. Rowan appreciates how Jaime's character arc demonstrates the idea that one can grow and change, even after facing significant adversity and personal losses."
How does Phaedra view Jaime's character arc?,"Fascinating as he goes from ""Kingslayer"" to someone who values honor","Phaedra views Jaime Lannister's character arc with a mix of enthusiasm and critical reflection. Phaedra finds Jaime's journey compelling, noting his transformation from an arrogant knight to someone who exhibits depth and complexity. Phaedra appreciates how Jaime's relationship with Brienne of Tarth humanizes him, highlighting the significant impact that Brienne had on his growth and character development. Despite acknowledging the complexity and engagement of Jaime's journey, Phaedra also recognizes the ambiguity surrounding Jaime's final decision, suggesting that it may have overshadowed his overall character development. This nuanced perspective indicates that Phaedra sees Jaime's arc as multifaceted, encompassing both positive and challenging aspects of his character."
How does Saffron feel about Jaime's choice to protect Cersei?,Conflicted because it seems like he was slipping back into old ways,"Saffron appears to have a complex reaction towards Jaime's decision to protect Cersei, particularly given his earlier growth and moral struggles. Initially, Saffron notes the heart-wrenching nature of Jaime's choice, highlighting the tragic element of his return to protecting Cersei. This sentiment aligns with the broader discussion among the group about Jaime's journey, where his loyalty to Cersei despite his inner conflict and personal growth is portrayed as a difficult and bittersweet aspect of his character. Saffron's reflection suggests that while Jaime's initial transformations and sacrifices are commendable, his final decision to revert to protecting Cersei feels like a reversal of some of his earlier character development, which is seen as a poignant and somewhat regressive moment."
How does Niamh think Jaime could've ended up differently?,By staying true to the lessons he learned from Brienne,"Niamh speculates that if Jaime had remained true to the lessons he learned from Brienne of Tarth, he might have ended up being a true protector of the realm. According to Niamh, if Jaime had chosen to step away from Cersei completely, he could have honored his growth and also ensured a safer future for everyone. This scenario would have showcased his character development more positively, as opposed to the final choice he made, which left Niamh conflicted and questioning his character's integrity. Niamh believes that Jaime's loyalty to Cersei, despite his newfound depth and complexity, overshadowed his earlier efforts and choices."
"What is LiHua curious about regarding the ""Man in Black"" in Westworld?",The motive behind his character,"LiHua expressed curiosity about the motive behind the ""Man in Black"" character in Westworld. In a conversation with Emily Burnett, LiHua highlighted that the ""Man in Black"" is a complex character driven by a search for deeper meaning and fulfillment, influenced by his past. LiHua and Emily both agreed that the ""Man in Black's"" quest for meaning and the exploration of boundaries are intriguing aspects of the character. LiHua particularly appreciated a moment in the show where the ""Man in Black"" reveals his true self and acknowledges his past, which LiHua described as a ""turning point"" for his character. This moment added significant depth and complexity to the storyline."
"What does EmilyBurnett think is the main motive for the ""Man in Black""?",To find deeper meaning and fulfillment in Westworld	20260916_16:00,"According to the discussion, Emily Burnett identifies the main motive for the character ""Man in Black"" as a search for deeper meaning and fulfillment, driven by a desire to find truth and experiences that push boundaries. This quest is linked to his past and his feelings of guilt, making him a character who is essentially on a journey of self-discovery and understanding. Emily Burnett elaborates on how this complex character is intrigued by the world of Westworld and seeks out opportunities to gain a richer and more profound existence within it."
"How does LiHua feel about the ""Man in Black's"" search for meaning?",Intrigued as it adds depth to the story,"Based on the conversation, LiHua shares a similar perspective with Emily Burnett regarding the ""Man in Black"" character in Westworld. LiHua agrees that the character's primary motivation is to find deeper meaning and fulfillment in the world of Westworld, driven by a search for truth and experiences that push boundaries. This quest appears to be influenced by his past, making him a complex and intriguing character. LiHua finds particular interest in the moments where the character confronts the truth about himself and his choices, as these moments seem to be pivotal in his development. Overall, LiHua appreciates the layers of depth added to the character through his search for meaning and his interactions with other characters, highlighting the character's journey as both compelling and emotionally resonant."
"What is EmilyBurnett's favorite moment of the ""Man in Black""?",When he confronts the truth about himself and his choices,"Based on the conversation, Emily Burnett does not explicitly mention a favorite moment of the ""Man in Black"" character. However, she does share her thoughts on the character's journey and motivations. Emily Burnett finds the character's search for deeper meaning and fulfillment, as well as the moments of vulnerability and confrontation with his past, particularly compelling. Specifically, she mentions being moved by the moment when the Man in Black finally confronts the truth about himself and his choices, noting that it is a turning point for his character. This suggests that the turning point where he reveals his inner truth may be considered one of his most memorable moments."
"Which moment does LiHua find memorable for the ""Man in Black""?",When he shows vulnerability,"Based on the conversation, LiHua finds several memorable moments for the character ""Man in Black"" in the HBO series Westworld. In particular, LiHua particularly appreciated the moment when ""Man in Black"" finally confronts the truth about himself and his choices. This moment serves as a significant turning point in his character arc, highlighting his inner struggle and the profound impact of his actions. LiHua also mentioned finding the moment when ""Man in Black"" shows vulnerability to be particularly impactful, adding a new layer of depth to his character."
Which theme of Westworld resonates the most for LiHua?,The exploration of free will and choice,"Based on the conversation, LiHua expresses a strong interest in the themes of Westworld that explore free will and choice. Specifically, LiHua mentions that the idea of characters shaping their identities through their decisions resonates deeply with him. Additionally, LiHua highlights the ethical implications of creating sentient beings, noting that these discussions are particularly relevant and thought-provoking. Therefore, the theme that resonates the most for LiHua in Westworld is the exploration of free will and choice, as well as the ethical considerations surrounding artificial intelligence and sentience."
What does WolfgangSchulz suggest incorporating into practice sessions according to the discussion on 20260916?,Improvisational solos,"In the discussion recorded on 20260901 at 10:00, WolfgangSchulz suggested visiting a local music store on Saturday to check out new gear and get inspired for their next jam session. LiHua agreed enthusiastically, expressing interest in exploring new items and looking forward to the opportunity to try out new equipment. This suggests that WolfgangSchulz proposed including a visit to a music store as part of their regular practice sessions, likely to keep them inspired and updated with new musical instruments and equipment."
How does LiHua feel about the idea of improvisation based on the chat on 20260916?,It will make sessions more fun and creative,"On September 16, 2026, during a discussion about incorporating improvisational solos into their practice sessions, LiHua expressed enthusiasm and eagerness to try this approach. LiHua stated, ""Sounds like a great idea! Improvisation will definitely make our sessions more fun and creative. Can't wait to try it out! 🎸✨"" LiHua also shared that improvisation would challenge them and help them grow as musicians, emphasizing its importance for both personal and collaborative growth. Additionally, LiHua highlighted the benefit of spontaneity, saying, ""Going with the flow sounds perfect! We can just vibe off each other and see where it takes us. It's all about having fun, right? 🎵🥁."" These comments indicate that LiHua is quite receptive to the idea of improvisation and sees it as a valuable addition to their musical practice."
What does LiHua think about Gerard Piqué as a defender?,He deserves a mention for his skill and intelligence,"In the discussion between LiHua and Jake Watson, LiHua expresses admiration for Gerard Piqué, describing him as someone who ""had that combination of skill and intelligence in defense."" LiHua notes that Piqué brought ""something special"" to the team, alongside Carles Puyol, who she also mentions as deserving recognition. This indicates that LiHua appreciates Piqué's defensive prowess and strategic acumen, recognizing him as a valuable asset to FC Barcelona."
What is JakeWatson's favorite memory of Puyol and Piqué playing together?,The comeback against PSG in the Champions League,"According to the conversation, Jake Watson's favorite memory involving Puyol and Piqué playing together is from a Champions League comeback against Paris Saint-Germain (PSG) in 2020. Specifically, Jake mentions that ""Puyol's leadership was evident, and Piqué was solid at the back, making those key interceptions. That match was insane!"" This highlights the significant contributions both players made during the match, showcasing their leadership and defensive prowess."
What match does JakeWatson cherish from the Champions League final against Manchester United?,The 2009 final,"JakeWatson mentions several memorable moments from the Champions League final against Manchester United, but one that stands out particularly is the one where Lionel Messi scored a goal that was described as ""pure magic."" This goal is often remembered as one of the most spectacular in the history of the Champions League, showcasing Messi's exceptional skill and creativity. Specifically, JakeWatson recalls that this match was included in the history books, emphasizing its significance and the impact it had on the tournament."
What is LiHua's favorite match involving Barcelona?,The 2013 Champions League match against AC Milan,"Based on the conversation, LiHua expresses her favorite matches involving Barcelona in various contexts. She mentions several memorable ones, but she does not explicitly state a single favorite match. However, she shares fond memories of specific matches, such as the 2014 Champions League match where Barcelona beat Real Madrid 4-3, and the 2011 Champions League final where Barcelona won against Real Madrid 3-1. In the discussion, LiHua particularly emphasizes the intensity and drama of these matches, stating, ""That game was something else! Both teams went all out. I loved how Barcelona's pressing was on point. And that last-minute goal from Messi? Just wild!"" and ""The intensity was through the roof! And seeing both Messi and Ronaldo on the scoresheet was like a dream for any football fan."" Therefore, it seems that multiple matches hold a special place in her heart due to their high level of excitement and competitiveness."
Which goal does JakeWatson never forget from Messi?,Messi's solo goal against Getafe in 2007,"JakeWatson mentions several memorable moments from Messi's career, but he specifically recalls the goal Messi scored during a match against Getafe in 2007. According to JakeWatson, this goal was described as ""pure magic"" and a ""scene from a movie."" Messi dribbled past multiple defenders, showcasing his exceptional dribbling skills. This goal is cited as a standout moment that exemplifies Messi's playmaking ability and creativity on the field."
What is LiHua's favorite player moment from Messi?,When Messi scored a header against Manchester United in 2011,"In one of the recorded conversations, LiHua mentions several memorable moments involving Lionel Messi, but he specifically highlights two standout instances. First, LiHua recalls Messi's goal in the 2011 Champions League final against Manchester United. He describes this moment as ""beautiful,"" noting that it showcased Messi's versatility and unpredictability. Second, LiHua expresses his admiration for Messi's goal against Real Madrid during the 2014 El Clásico match, describing it as ""mind-blowing"" due to Messi's exceptional dribbling past multiple defenders. Therefore, based on the details provided, LiHua's favorite player moments involving Messi likely include both the 2011 Champions League final goal and the 2014 El Clásico highlight."
What does LiHua think makes Messi the best?,His ability to create chances as well as his vision and work ethic and humility,"Based on the conversations recorded, LiHua considers Lionel Messi to be one of the best players in history. In her opinion, Messi stands out due to his exceptional ability to create chances out of seemingly impossible situations and his vision on the field. Additionally, she highlights his incredible work ethic and humility, which she finds particularly inspiring to observe. LiHua emphasizes that while Messi's technical skills are remarkable, it's his overall approach to the game and his consistency that truly set him apart, making him a model for future generations of soccer players."
How does JakeWatson view Messi's impact on future generations of players?,His dedication and consistency set the bar high for young players,"Based on the discussion, JakeWatson expresses admiration for both Lionel Messi and Cristiano Ronaldo, noting their significant contributions to soccer. Specifically, JakeWatson emphasizes how their rivalry has inspired a whole new wave of talent. He highlights the impact these two players had on the younger generation of players, suggesting that they continue to influence the game positively. For instance, Jake mentions players like Kylian Mbappé and Erling Haaland, who are being influenced by Messi and Ronaldo's performances and styles. This indicates that JakeWatson views Messi and Ronaldo as role models and inspirations for upcoming soccer players, contributing to their legacy beyond their own career achievements."
Who suggests hitting Starbucks after work on 20260918?,WolfgangSchulz,"According to the conversation recorded, WolfgangSchulz suggests hitting Starbucks after work on 20260918. He proposes a time of around 6:30 PM, indicating that he wants to ""chill and catch up before the weekend."""
Why is protein important according to JenniferMoore?,For keeping the body in shape,"According to Jennifer Moore, protein is crucial for maintaining and improving one's physical condition, particularly after workouts. She emphasizes that protein plays a significant role in muscle recovery and growth, which is essential for anyone engaging in regular physical activity. Additionally, she stresses that adequate protein intake can help keep one's body in optimal shape, contributing to overall fitness goals. Jennifer encourages her friend Li Hua to pay attention to protein consumption, suggesting a range of 1.6 to 2.2 grams of protein per kilogram of body weight, especially for individuals who train frequently. She recommends using protein powder as a supplement to fill any dietary gaps and suggests consuming it post-workout or as a snack to maximize absorption."
What is ThaneChambers' question to LiHua on 20260920?,LiHua's favorite first-person shooter game,"There are no entries in the provided data related to a conversation involving Thane Chambers or a question asked by Li Hua on September 20th, 2026. The data only contains interactions between Li Hua and other individuals including Adam Smith, Wolfgang Schulz, Chae Song-hwa, Hailey Johnson, Yuriko Yamamoto, and Jake Watson. Therefore, there is insufficient information to answer the question about Thane Chambers and Li Hua's interaction."
"What does ThaneChambers say about ""Warzone""?",It's a blast,"In the conversation recorded on 20260920_16:00, ThaneChambers discusses his experience with ""Call of Duty: Warzone"" and compares it favorably to another popular game, ""Apex Legends"". He states, ""Nice choice! 'Warzone' is a blast! I’ve been playing some 'Apex Legends' recently. The characters and abilities make it exciting! 🚀"". Thane expresses enthusiasm for the game, particularly mentioning the characters and their abilities as contributing to the enjoyment of ""Warzone"".Later, Thane asks LiHua about her favorite part of ""Warzone"", stating, ""What do you like most about 'Warzone'?"". LiHua responds by highlighting the strategic aspects of the game, mentioning the planning required for approaches and the thrill of the final circle. She adds, ""I love the strategy involved in it, like planning your approach and working with teammates. Plus, the adrenaline rush when you're in the final circle is unbeatable!"" This indicates that LiHua appreciates the strategic depth and the high-stakes nature of the final moments in ""Warzone"".Moreover, ThaneChambers mentions a memorable moment in ""Warzone"" when they managed to come back from a tough spot and secure the win at the last second, saying, ""Those clutch moments feel amazing. I remember this one time we came back from a tough spot and snagged the win at the last second."" LiHua agrees and recalls an unforgettable match where they were down to just two players and managed to overcome the opposing team, emphasizing the excitement of overcoming odds, ""Yeah, I had this unforgettable match where we were down to just two of us, and we managed to outsmart the last team. The excitement was through the roof!""Additionally, ThaneChambers expresses anticipation for future updates, stating, ""How do you feel about the upcoming updates in 'Warzone'?"". LiHua enthusiastically replies, ""Absolutely! I'm always up for something new in the game. I love exploring fresh content and teaming up with friends! Let's hop on together when the updates roll out!"", indicating her eagerness to engage with new content and developments in the game."
"What does LiHua like most about ""Warzone""?",The strategy involved and the adrenaline rush,"According to the conversation recorded, Li Hua likes the strategy involved in ""Call of Duty: Warzone,"" noting that it requires planning approaches and teamwork. Additionally, Li Hua appreciates the adrenaline rush experienced during the final circle of battles. This indicates that Li Hua particularly enjoys the competitive and strategic aspects of the game, alongside the excitement and intensity of the last moments of the match."
"What is ThaneChambers' memorable ""Warzone"" experience?",Coming back from a tough spot to win at the last second,"In the conversation recorded on 20260920_16:00, ThaneChambers recalls a memorable moment in ""Warzone"". He describes a situation where his team was in a difficult position but managed to come back and secure the victory at the last second. ThaneChambers expressed that these ""clutch moments"" felt exceptionally exhilarating, highlighting the intense and thrilling nature of the game. Specifically, he mentioned, ""Those clutch moments feel amazing. I remember this one time we came back from a tough spot and snagged the win at the last second."" This instance demonstrates the high-stakes gameplay and the emotional satisfaction players often derive from close victories in the competitive first-person shooter game."
"What was LiHua's unforgettable match in ""Warzone""?",Being down to the last two and outsmarting the last team,"In one of LiHua's memorable matches in ""Call of Duty: Warzone,"" they found themselves in a challenging situation with only two players remaining in the final circle. Despite being outnumbered, LiHua and his teammate managed to strategize effectively, outsmarting the opposing team and securing the victory. This match exemplified the importance of teamwork, strategy, and the adrenaline rush characteristic of the game. The triumph was particularly satisfying due to the circumstances and the collaborative effort needed to pull off the win."
"How does ThaneChambers feel about upcoming ""Warzone"" updates?",He's looking forward to them,"According to the conversation, ThaneChambers expresses enthusiasm for the upcoming updates in ""Warzone."" He states, ""Sounds epic! I’m looking forward to the updates! Hopefully, they’ll shake things up and bring some fresh maps and modes. It’ll be exciting to see what new features they add."" This indicates that ThaneChambers is eager to experience the changes and innovations that the developers will introduce. Additionally, he mentions his willingness to join with Li Hua for the updates, suggesting that he is looking forward to the game's progression and enjoys playing with her."
"Does LiHua plan to play ""Warzone"" after the updates?",Yes because he loves exploring fresh content,"According to the conversation recorded, Li Hua expressed enthusiasm about diving back into ""Call of Duty: Warzone"" when the updates drop. Specifically, Thane Chambers asked Li Hua if he would continue playing the game post-update, and Li Hua replied affirmatively, stating, ""Absolutely! I'm always up for something new in the game. I love exploring fresh content and teaming up with friends!"" This indicates that Li Hua plans to play ""Call of Duty: Warzone"" once the updates are released."
"What does ThaneChambers propose to do with the ""Warzone"" updates?",Hop on together and tackle the new stuff,"In the conversation regarding the ""Call of Duty: Warzone"" updates, ThaneChambers expresses enthusiasm about the potential changes and suggests collaborating with Li Hua to play together once the updates are released. Specifically, he states, ""I'm looking forward to the updates! Hopefully, they'll shake things up and bring some fresh maps and modes. It'll be exciting to see what new features they add. You think you'll dive back in when they drop?"" In response, Li Hua agrees enthusiastically, saying, ""Absolutely! I'm always up for something new in the game. I love exploring fresh content and teaming up with friends! Let’s hop on together when the updates roll out!"" This indicates that ThaneChambers proposes organizing a gaming session with Li Hua to try out the new features once they become available."
Who initiated the discussion about the community garden renovation and its benefits to local businesses?,Turalyon,"The discussion about the community garden renovation and its potential benefits to local businesses was initiated by Turalyon. In a conversation recorded on September 21, 2026 at 10:00 AM, Turalyon emphasized the importance of supporting local businesses during the garden renovation project. He suggested that the garden renovation could be a great opportunity to highlight and promote local vendors, thereby benefiting both the community and the local economy. Turalyon encouraged others to think of local businesses they wanted to support and to compile a list of these businesses to share with the group. This initiative was further supported by other participants who agreed on the significance of linking the garden project to local businesses, emphasizing the win-win scenario it presents for the community and the local vendors."
What idea did IllidanStormrage propose to help involve the community in supporting local businesses?,Putting together a flyer with a list of local businesses,"IllidanStormrage proposed several ideas to involve the community in supporting local businesses. Firstly, he suggested putting together a flyer or a list of the local businesses that could be showcased in the community garden project. This would help spread the word about these businesses and encourage community involvement. Additionally, Illidan emphasized the importance of highlighting the benefits of supporting local businesses in the flyers and possibly in a small pamphlet that could be distributed. By educating the community on how supporting local businesses can enhance the garden and the local economy, Illidan aimed to increase the number of participants and foster a stronger community connection."
What does ArthasMenethil describe the outcome of the garden project and supporting local vendors as?,A win-win,"According to the conversation, ArthasMenethil describes the outcome of the garden project and supporting local vendors as ""a win-win."" He emphasizes that both the creation of a beautiful garden and the happiness of the local vendors are achieved through this initiative. This highlights the mutual benefits of fostering a community garden that also supports local businesses, which he sees as a significant positive impact for everyone involved."
What does AdamSmith agree is crucial to align with the garden project schedule?,Support for local businesses,"In the conversations provided, AdamSmith emphasizes the importance of clear communication and coordination to ensure that the garden project proceeds smoothly. Specifically, he mentions the need for effective communication as a key aspect in managing the garden renovation project. AdamSmith highlights that ""Clear communication will make everything run smoothly,"" indicating that keeping the project participants informed about the schedule and any changes is essential. Additionally, AdamSmith notes that planning the repairs during off-peak hours could help reduce the impact on everyone, suggesting that flexibility and coordination in rehearsal schedules are crucial."
When does AdamSmith say he is available to help with the curtain installation?,Wednesday or Thursday afternoon,"According to the conversation records, AdamSmith has mentioned several times his availability for the curtain installation. Initially, LiHua suggested a Thursday afternoon, and AdamSmith confirmed it was better for him. Later, when discussing the possibility of setting a time together, LiHua proposed a Wednesday evening, and AdamSmith accepted it, stating that ""Wednesday at 5 pm sounds perfect."" Therefore, based on the timeline of their discussions, AdamSmith is available on both Wednesday at 5 pm and Thursday afternoon for the curtain installation."
On which day do LiHua and AdamSmith agree to install the curtain?,Thursday afternoon,"According to the conversation records, LiHua and AdamSmith initially discussed scheduling the curtain installation for Thursday afternoon. This agreement was reached during their initial communication on October 12, 2026, at 10:00 AM. Later, they confirmed this arrangement, setting it for Wednesday afternoon, which was mutually convenient for both parties. Therefore, the day they agreed upon for the curtain installation is Wednesday or Thursday, depending on their respective schedules."
Who suggests exploring the PS5 settings for accessibility features and Game Help?,ThaneChambers,"According to the conversation, Thane Chambers suggested exploring the PS5 settings for accessibility features and highlighted the usefulness of the Game Help feature, describing it as a ""lifesaver."" Li Hua also chimed in, appreciating the Game Help feature, which indicates that both Thane Chambers and Li Hua recommend exploring the PS5 settings and taking advantage of the Game Help feature."
How does Fionnuala describe the convenience of the Control Center's audio settings adjustment?,You can adjust audio settings on the fly without having to pause the game,"According to the conversation, Fionnuala highlighted the convenience of the Control Center's audio settings adjustment. She specifically mentioned that she ""especially loves how you can adjust audio settings on the fly without having to pause the game."" This indicates that the Control Center provides a seamless way to modify audio settings during gameplay, enhancing the gaming experience without interruptions."
What aspect does ThaneChambers enjoy about sharing clips on the PS5?,It's a great way to relive intense moments with friends,"In the conversation, ThaneChambers mentioned that sharing clips is a great way to relive those intense moments with friends and to show off those epic moments to others. He noted that it makes him want to level up his gameplay and highlighted that it's a fun way to see what others are doing in their games. This suggests that ThaneChambers particularly enjoys the ability to share and relive memorable gaming moments with friends through the PS5's built-in features, such as the ability to capture and share gameplay clips. Additionally, he seems to appreciate the opportunity to showcase his achievements or favorite parts of the game to others."
Which game is LiHua currently obsessed with for its graphics and storytelling?,God of War,"Based on the conversations recorded, LiHua is currently deeply engrossed in ""Black Myth: Wukong."" This game has received significant praise for its stunning visuals and immersive storytelling. LiHua mentioned loving the game's vibrant art style, immersive world design, and the fresh take on the classic tale of Wukong. She also highlighted how the game's unique combat system and the blend of action and stealth elements keep the gameplay engaging and exciting. LiHua expressed enthusiasm about the game's ability to tell a compelling narrative and the variety of characters and their interactions within the game. These factors suggest that ""Black Myth: Wukong"" is the game that LiHua is currently most enthusiastic about due to its exceptional visual and narrative qualities."
"How does Dyllan describe the combat in ""Horizon Forbidden West""?",It can be tricky sometimes,"Dyllan describes the combat in ""Horizon Forbidden West"" as being challenging due to the presence of various types of enemies, including flying machines. He expresses particular appreciation for the diverse environments within the game world, noting that each environment presents its own set of challenges. Regarding the combat itself, Dyllan mentions that the game requires careful planning and strategy to succeed. Specifically, he highlights the use of a bow equipped with elemental arrows as a tactic to stun enemies, making them easier to defeat. Additionally, he emphasizes the importance of utilizing the game's focus system to track the movements of flying machines, which helps in avoiding their attacks. Overall, Dyllan finds the combat in ""Horizon Forbidden West"" to be both engaging and demanding, requiring players to adapt their strategies based on the environment and the type of enemies they face."
"What strategy does Helios recommend for dealing with flying machines in ""Horizon Forbidden West""?",Using a bow with elemental arrows and focus to track their movements,"In the discussion regarding the gameplay mechanics of ""Horizon Forbidden West,"" Helios shared his strategy for handling flying machines, which are a significant challenge in the game. He suggested using a bow equipped with elemental arrows, which he described as a method to stun the flying machines and make them easier to defeat. Additionally, Helios emphasized the importance of utilizing the ""focus"" mechanic to track the movements of the flying machines effectively, which helps in dodging their attacks. Helios also recommended setting up traps as another effective tactic to counter these aerial threats."
What type of combat does Gavriel prefer in games?,Turn-based combat,"Based on the discussion, Gavriel expresses a preference for a mix of different types of enemies and combat styles, which suggests he enjoys varied and dynamic combat scenarios. He mentions looking forward to seeing a mix of different types of enemies that require different strategies to defeat, indicating that he appreciates a diverse range of combat challenges. Additionally, Gavriel is keen on epic boss battles, which further emphasizes his interest in intense and memorable combat encounters. Overall, Gavriel seems to enjoy games that offer a wide variety of combat mechanics and opportunities for strategic thinking and creative problem-solving."
"Who is ThaneChambers' favorite character in ""Octopath Traveler""?",Primrose,"Based on the conversation provided, ThaneChambers does not mention any favorite character from ""Octopath Traveler"". The discussions revolve around characters from ""The Witcher 3"" and ""Black Myth: Wukong"", but do not touch upon ""Octopath Traveler"". Therefore, we do not have enough information to determine ThaneChambers' favorite character from ""Octopath Traveler""."
"How does Dyllan describe the importance of a balanced party in ""Octopath Traveler""?",It allows for more flexibility in battles and helps adapt to different challenges,"In discussing strategies within the game ""Octopath Traveler,"" Dyllan emphasizes the importance of balancing a party, stating, ""I like to mix it up! I usually go for a tank, a healer, and two damage dealers so I'm prepared for anything. Ensuring that I have someone who can take hits while also distributing damage and healing keeps battles interesting!"" This indicates that a balanced party composition, featuring a tank (who can absorb damage), a healer (to provide health regeneration and support), and two damage dealers (for offensive capabilities), is crucial for versatility and adaptability in combat encounters. Such a setup ensures that the party is resilient against enemy attacks and capable of dealing significant damage, making it a key aspect of effective gameplay in the game."
What does Elara enjoy doing to unwind after intense battles in games?,Wander around and collect items or side quests,"Elara enjoys a chill moment after intense battles, suggesting she prefers a more relaxed experience rather than the adrenaline rush often associated with boss fights. According to her, she loves the intensity of boss fights because they keep her engaged and make the victory feel sweeter, but she also enjoys a break from the high-stakes atmosphere. Specifically, Elara mentions that after intense battles, she likes to wander around, collect items, or engage in side quests to help her reset and relax before returning to the action. This indicates that she values downtime and leisure activities to maintain a balanced gaming experience."
Who asks Emily if she has read The Lord of the Rings novels?,LiHua,"In the conversation recorded at Time: 20260916_16:00, LiHua initiates the query about EmilyBurnett having read The Lord of the Rings novels. LiHua expresses curiosity about how the novels might tie into the series ""The Rings of Power."" Specifically, LiHua says, ""Hey Emily! Just wondering, have you ever read The Lord of the Rings novels? I'm really curious about how they tie into the series """"The Rings of Power.""""!"" EmilyBurnett responds by saying, ""I haven't read the novels yet, but I've seen the movies! I know they have a rich background and all the lore that could be super helpful for understanding """"The Rings of Power."""" What are your thoughts on the series so far?"" This indicates that LiHua is the one asking EmilyBurnett if she has read The Lord of the Rings novels."
What TV series does LiHua mention that they are curious about in relation to The Lord of the Rings?,The Rings of Power,"In the conversations shared, LiHua expresses interest in a TV series called ""TV SERIES SUCCESSION,"" which is described as the setting for discussions about Kendall's character and motivations. However, this particular series is not directly related to ""The Lord of the Rings."" Instead, it appears to be a separate context where discussions are taking place. In the context of ""The Lord of the Rings,"" LiHua and Emily Burnett primarily discuss the visual aspects and character development in the upcoming series ""The Rings of Power,"" which is based on J.R.R. Tolkien's works."
"What aspect of ""The Rings of Power"" does Emily appreciate in terms of visuals?",How they are bringing Middle-earth to life,"In one of the discussions, EmilyBurnett specifically highlights the visual aspects of ""The Rings of Power."" EmilyBurnett mentions, ""The visuals are amazing, right? I really love how they are bringing Middle-earth to life."" This indicates that EmilyBurnett appreciates the stunning visuals as a key element that contributes to the overall appeal of the series. Emily further elaborates on the series' ability to explore the lore and provide detailed character backstories, suggesting that these visuals serve as a foundation for these enriching elements."
What aspect of Elrond's character does Emily appreciate?,His mix of wisdom and vulnerability,"EmilyBurnett appreciates the character of Elrond for his wisdom and experience, as indicated in the sources provided. In one of the discussions, Emily expresses her admiration for Elrond, noting that his blend of wisdom and vulnerability adds significant depth to the story. Specifically, Emily mentions, ""I really love how they are bringing Middle-earth to life. My favorite part so far has been the emphasis on character development and their backstories. It feels like we’re really getting to know them!"" When asked about her favorite part of the series, Emily specifically points out Elrond, saying, ""I’m really drawn to Elrond. His mix of wisdom and vulnerability adds so much depth to the story."" This comment clearly highlights Emily's appreciation for Elrond's multifaceted character traits."
What do LiHua and Emily agree on regarding the anticipation for the next episode?,They both can't wait for the next episode,"Based on the conversations recorded, LiHua and Emily Burnett express similar sentiments about the anticipation for the next episode. In one of their discussions, LiHua expresses her excitement for ""The Rings of Power"" and shares, ""It's going to be exciting! The wait is tough, but discussions like this make it so much more fun!"" Emily Burnett agrees, stating, ""Absolutely! It's always great sharing thoughts and theories with you all. Let’s keep the excitement alive!"" Additionally, in another discussion, Emily mentions, ""Let’s keep up with our theories and predictions until then!"" LiHua reiterates this, saying, ""Absolutely! Let’s keep the enthusiasm going! Can’t wait for that next episode drop!"" This indicates that both LiHua and Emily Burnett share a sense of anticipation and enthusiasm for discussing the upcoming episodes and theories about the series."
What does LiHua suggest they should do as the series unfolds?,Keep sharing their thoughts,"During the conversation, LiHua and Emily Burnett express enthusiasm for discussing and sharing their thoughts as the series ""The Rings of Power"" continues. LiHua suggests, ""It's going to be exciting! The wait is tough, but discussions like this make it so much more fun! Let's keep sharing our thoughts as the series unfolds!"" This indicates that LiHua encourages active engagement and continuous dialogue as the series progresses, which aligns with their current excitement and interest in the show. Emily Burnett agrees, emphasizing the value of these conversations, stating, ""Absolutely! The drama and character evolution could be epic! Plus, it could open up discussions about trust, growth, and redemption. Imagine the dialogue they’d have while figuring things out together!"" LiHua further elaborates on the potential for rich character development and emotional moments, suggesting, ""I'm really enjoying """"The Rings of Power""""! The visuals are stunning, and the way they're exploring the lore is fascinating. I can't wait to dive deeper into the characters' stories."" These comments underscore the importance of maintaining a lively and thoughtful discussion as the series develops."
What does Emily say about the series making her feel like she is really getting to know the characters?,The emphasis on character development and their backstories,"Emily Burnett expresses that the emphasis on character development and backstory in the series ""The Rings of Power"" allows viewers to really get to know the characters deeply. She notes, ""The visuals are amazing, right? I really love how they are bringing Middle-earth to life. My favorite part so far has been the emphasis on character development and their backstories. It feels like we’re really getting to know them!"" This sentiment underscores the series' approach to storytelling, which prioritizes the intricate narratives and multifaceted character arcs to engage audiences on a profound level."
What is the purpose of going to the grocery store on 20260923 according to WolfgangSchulz?,To grab some snacks for their next jam,"According to the conversation recorded on Time: 20260923_16:00, WolfgangSchulz mentioned that he and LiHua are planning to go grocery shopping after work. His intention was to buy some snacks for their upcoming jam, suggesting they might be preparing for an outdoor activity or a casual get-together."
What exercises does JakeWatson recommend for leg strength?,Squats and lunges,"JakeWatson recommends several exercises for improving leg strength, particularly for soccer players. During their initial conversation, Jake suggested squats and lunges as effective exercises for building leg power. He further elaborated that squats and lunges are simple yet powerful moves that can significantly enhance one's performance on the field. Additionally, Jake highlighted the importance of incorporating other types of exercises into one's routine, such as planks, which help build core strength and improve overall stability. He also emphasized the significance of strength training for reducing the risk of injuries and providing an extra boost during running for the ball. Furthermore, Jake recommended including balance exercises like single-leg stands to further improve leg strength and overall performance."
What additional advice does JakeWatson give for maintaining muscle flexibility?,Stretch after workouts,"In the conversation, JakeWatson provides several pieces of advice for maintaining muscle flexibility. He emphasizes the importance of proper warm-up and stretching before any game, as these activities help prepare the muscles and improve flexibility. Additionally, he highlights the significance of staying hydrated, noting that it is crucial to maintain hydration levels, especially after intense physical activity. JakeWatson also recommends wearing the right footwear to prevent injuries, particularly slips or sprains. Moreover, JakeWatson suggests that strength training can also contribute to maintaining muscle flexibility. He explains that strength training helps build the muscles around joints, which can reduce the risk of injuries and improve overall stability and endurance on the field. He also mentions that starting with simple bodyweight exercises is a good way to begin strength training for those who are new to it. JakeWatson further recommends specific exercises for building core and leg strength, such as squats, lunges, and planks. He advises including balance exercises like single-leg stands to enhance flexibility and mobility. Overall, JakeWatson stresses the importance of consistency in stretching and strength training routines to reap the benefits of improved flexibility and muscle health."
How long should each stretch be held according to JakeWatson?,About 30 seconds,"According to JakeWatson, each stretch should be held for approximately 30 seconds. He recommends holding stretches for this duration to ensure maximum benefit and to allow the muscles to fully engage and release."
What is LiHua's response to the suggestion of taking a warm shower before bed?,LiHua plans to try it tonight,"In the conversation, LiHua expresses enthusiasm about the suggestion to take a warm shower before bed. Specifically, LiHua states, ""I haven’t done it yet, but I’m definitely going to try it tonight! Sounds like a great way to relax before bed. Thanks for the tip! 😌✨"". This indicates that LiHua is open to the idea and intends to follow through with it."
Why does AdamSmith want the window measured?,To get some curtains made,"AdamSmith requested that Li Hua measure the window in the basement because he wants to get some curtains made. This was mentioned in a conversation where AdamSmith asked Li Hua to measure the window size, indicating his intention to order new curtains based on those measurements."
What are the dimensions of the window that LiHua measures?,150 cm wide and 120 cm high,"According to the conversation, LiHua measures a window in the basement for Adam Smith. Specifically, she informs him that the window is 150 cm wide and 120 cm high. This information is detailed in the interaction recorded on September 28th, 2026 at 10:00 AM."
Who initiates the discussion about binaural tones?,ChaeSong-hwa,"The discussion about binaural tones is initiated by ChaeSong-hwa, who suggests it could enhance the band's sound and create a unique listening experience for their audience. This suggestion sparks interest and enthusiasm from the group, especially YurikoYamamoto, who expresses her excitement about trying out this technique. The conversation highlights the potential for binaural tones to add a new dimension to their music, blending electronic and acoustic styles."
How does YurikoYamamoto feel about adding a new dimension to their music with binaural tones?,Excited to give it a try,"According to the data, Yuriko Yamamoto is enthusiastic about the potential of binaural tones to add a new dimension to their music. In a conversation with her peers, she expressed her excitement and willingness to try out binaural tones during a jam session. Specifically, she stated, ""Absolutely! It could add a whole new dimension to our music. I’m excited to give it a try! Let's see how it blends with our instruments. 🎸🥁🎤."" This indicates that Yuriko Yamamoto sees the integration of binaural tones as a positive development that could enrich their musical experience."
Who congratulates LiHua on pushing their limits with the bench press?,JenniferMoore,"In the conversations provided, Jennifer Moore congratulates Li Hua on pushing her limits with the bench press. Specifically, Jennifer Moore congratulated Li Hua for pushing her limits with the bench press this week, noting her ""awesome progress"" and encouraging her to continue her efforts by focusing on form and gradually increasing the weight. This was expressed in two messages: one on September 30th and another on November 29th."
What does LiHua express feeling after the encouragement from Jennifer?,Strong and motivated,"After receiving encouragement from Jennifer, LiHua expresses feeling great about the journey ahead. Specifically, she mentions, ""I'm feeling great about the journey ahead!"" This statement indicates that Jennifer's words have positively impacted LiHua's outlook and motivation during her fitness journey."
What is the focus for the next session suggested by JenniferMoore on 20260930?,Form and control,"On September 30th, 2026, JenniferMoore reminded LiHua to get excited for the upcoming session focused on the bench press. She encouraged LiHua to stay motivated and emphasized the importance of focusing on form and control during the next session. Additionally, JenniferMoore proposed adding progressive overload to gradually increase the weight, suggesting that LiHua continue to push his limits with the bench press. This focus aligns with her previous comments about encouraging continuous progress and striving for better performance."
What technique does JenniferMoore suggest to gradually increase weight of the bench press exercise?,Progressive overload,JenniferMoore suggests a progressive overload strategy to gradually increase the weight of the bench press exercise. She recommends focusing on form and control during the next session and advises adding progressive overload to gradually increase the weight. This involves gradually increasing the weight or difficulty of the exercise over time to continue challenging the muscles and promoting growth.
What type of hot pot does WolfgangSchulz prefer?,Sichuan,"The user mentions a planned dinner activity involving LiHua and WolfgangSchulz, labeled as ""HOT POT"" with a score of 0.8255879, indicating that WolfgangSchulz prefers the hot pot dinner activity. However, there is no additional information provided about the specific type of hot pot that WolfgangSchulz prefers. Based solely on the given data, WolfgangSchulz's preferred hot pot involves Sichuan cuisine, as he expresses his fondness for it."
Who comes up with the idea of picking up drinks on the way to hot pot?,LiHua,"Sorry, I'm not able to provide an answer to that question."
What does Ivor do the day before a game to help with hydration?,Hydrate well,"According to the conversation, Ivor makes sure to hydrate well the day before a game. This approach is seen as particularly beneficial for ensuring proper hydration leading up to the event. Ivor emphasizes the importance of adequate hydration not just on the day of the game but also the day prior, suggesting that proper hydration is crucial for maintaining optimal performance."
What practice idea does Dacey suggest to improve passing skills?,Target practice with cones,"Dacey suggests a fun and interactive approach to improve passing skills by setting up cones for target practice during passing drills. This suggestion comes during a conversation about practicing football skills, where Dacey proposes that this method could help sharpen their skills."
What does Briar remind everyone to bring to practice?,Water bottles,"During a practice session, Briar reminds everyone to bring their water bottles to ensure they stay hydrated. Staying hydrated is particularly important during practice to maintain energy levels and prevent fatigue."
Who is considering buying Sekiro: Shadows Die Twice and asks for ThaneChambers' opinion?,LiHua,"The conversation revolves around the potential purchase of Sekiro: Shadows Die Twice, specifically initiated by LiHua. LiHua asks for ThaneChambers' opinion on whether the game is worth getting, given LiHua's interest in challenging games and his preference for a good challenge. ThaneChambers enthusiastically recommends the game, praising its unique combat system and the immersive story, ultimately advising LiHua to grab it soon if he enjoys a good challenge."
Does ThaneChambers recommend Sekiro: Shadows Die Twice to those who love a challenge?,Yes,"Yes, ThaneChambers highly recommends Sekiro: Shadows Die Twice to individuals who enjoy a challenging gaming experience. He emphasizes the game's unique combat system, which he describes as ""really makes you think"" and highlights the importance of timing and strategy. Additionally, he points out that the game's world design is ""super cool"" and that players will likely ""love it"" if they are into such games. Furthermore, ThaneChambers mentions that the story is ""rich and has a great atmosphere,"" suggesting that it will be engaging for those who appreciate narrative-driven experiences. He also notes that while the game can be tough, it offers a rewarding and enjoyable challenge."
What game is ThaneChambers currently playing?,Black Myth: Wukong,"Based on the conversation, ThaneChambers is currently playing ""Black Myth: Wukong."" This is evident from a previous exchange where he mentioned he has been ""hooked on 'Black Myth: Wukong,'"" describing its stunning visuals, immersive story, and enjoyable gameplay, particularly noting the fun of combining different abilities and the epic boss battles."
What does LiHua think about the graphics and gameplay of Black Myth: Wukong?,The graphics look insane and the gameplay seems really fluid,"According to the discussions, LiHua expresses positive sentiments about the graphics and gameplay of Black Myth: Wukong. Specifically, she mentions that the visuals are ""stunning"" and that the world design is ""so immersive."" Regarding the gameplay, LiHua highlights that the game's combat feels ""really dynamic"" and she enjoys experimenting with the unique abilities that Wukong possesses. She also appreciates the exploration aspect of the game, noting that each area feels unique and detailed, and that the lore behind the characters is ""fascinating."" LiHua has enjoyed memorable moments such as battling giant enemies and solving complex puzzles. Her overall impression is that the game offers a fresh take on the classic tale, blending compelling storytelling with engaging gameplay mechanics."
What part of Black Myth: Wukong does ThaneChambers like the most?,The fresh take on the classic tale and the unique combat mechanics,"According to the conversations recorded, ThaneChambers expresses a variety of positive aspects of Black Myth: Wukong. Initially, he mentions that the visuals are ""really creating a magical atmosphere"" and the storytelling is ""cool how it reimagines the classic tale with such depth."" Additionally, he highlights the unique gameplay mechanics and character designs as particularly appealing. However, ThaneChambers also notes that he enjoys the exploration aspect, describing it as ""so unique and detailed"" and appreciating the lore behind the characters. Overall, ThaneChambers seems to have multiple parts of the game that he particularly likes, with his enjoyment spanning visual aesthetics, storytelling, gameplay, and exploration."
Which aspect of Black Myth: Wukong does LiHua find immersive?,The combat style and how it blends with the storyline,"According to the conversations recorded, LiHua finds several aspects of the game ""Black Myth: Wukong"" to be immersive. Primarily, she enjoys the exploration aspect of the game, noting that each area feels uniquely detailed and offers a lot of secrets to uncover. Additionally, she appreciates the lore behind the characters, which adds depth to her overall experience. Specifically, LiHua mentions, ""I really enjoy the exploration aspect too! Each area feels so unique and detailed. Plus, the lore behind the characters is fascinating."" This suggests that the combination of visually rich environments and rich narrative elements contributes significantly to the game's immersive quality for LiHua."
What is LiHua's reaction to the news about the new software?,LiHua is excited to check it out,"There isn't any specific mention of LiHua reacting to news about a new software in the provided data. The conversation revolves around various topics including humor, personal interests, health matters, and social activities, but does not specifically address any new software updates or reactions."
Who asks Jake to play as the goalkeeper for soccer training?,LiHua,"In the conversations provided, it appears that LiHua is the one who asks Jake to play as the goalkeeper for their soccer training sessions. Specifically, in the first message dated 20261003_12:00, LiHua initiates the request by saying, ""Hey Jake! Any chance you can play as the goalkeeper for our soccer training this weekend?"" This shows that LiHua is inviting Jake to participate in goalkeeper drills during their training sessions."
Who discusses classic matches between Barca and Bayern with Jake?,LiHua,"Jake Watson discusses classic matches between Barca and Bayern with LiHua. LiHua expresses admiration for these matches, noting the dramatic comebacks and the intense emotions they evoke. LiHua and Jake particularly reminisce about the 2015 match where Barca came back from a 4-0 deficit to win 5-4, which Jake describes as ""epic."" They also discuss various other notable matches between the two clubs, highlighting the drama and the emotional impact of these encounters."
In which year did Barca lose 4-0 against Bayern as mentioned in the conversation?,2013,"According to the conversation recorded on October 5, 2026, the match where Barcelona (Barca) lost 4-0 to Bayern was in 2013. This significant loss was part of the many dramatic and historic matches between these two teams in the UEFA Champions League (UCL)."
Which goal does Jake consider incredible from the 2015 match?,Neymar's goal,"In the 2015 match between Barca and Bayern Munich, Jake Watson considers Neymar's goal to be one of the most incredible moments. He describes it as ""incredible"" and notes that the way Neymar finished it and sealed Barca's place in the final was ""epic."" Jake also mentions the celebration that followed the goal, emphasizing the passion and emotion in the match. Specifically, Jake points out that Neymar's goal was part of a comeback where Barca had lost 4-0 earlier in the same match but then won 5-4 in extra time, showcasing the dramatic nature of the game."
What is LiHua looking forward to in the upcoming matches?,Seeing how Pedri and the team perform and if they can go far in the UCL,"In the upcoming matches, LiHua expresses enthusiasm and anticipation. She mentions her desire to catch more matches featuring Barcelona (Barça) as they compete in the UEFA Champions League (UCL). LiHua highlights the dramatic and emotional nature of the UCL matches, reminiscing about past matches against Bayern Munich, particularly the 2015 match which featured a remarkable comeback from a 4-0 deficit. She also points out the importance of watching players like Pedri, expressing hope that he can replicate the kind of magic seen in previous matches. LiHua looks forward to seeing how Pedri and the rest of the team perform this season and wonders if they can advance in the UCL again. Additionally, she plans to organize a watch party for the match, inviting friends to enjoy the game together with snacks and drinks. LiHua is eager to see Barça in action and enjoys the camaraderie that comes from discussing the game with friends."
What are Jake's go-to snacks for match days?,Chips and dip & pizza,"Jake Watson, who frequently discusses classic matches between Barcelona and Bayern, expresses his preferences for snacks during match days. In a conversation recorded on 20261023_23:00, Jake provides practical tips after an intense game, highlighting the importance of quickly refueling and staying hydrated. He suggests grabbing a snack with carbohydrates and protein, such as a banana with peanut butter, as well as emphasizing the significance of hydration with water or an electrolyte drink. Additionally, Jake mentions the benefit of stretching muscles to ease the tension after a game. While specific snack recommendations aren't detailed in this particular exchange, Jake clearly values snacks that provide energy and hydration to aid recovery."
Who does LiHua pick as the best football manager of all time?,Pep Guardiola,"In the discussion regarding the best football manager of all time, LiHua expressed her preference for Pep Guardiola. She highlighted several aspects of Guardiola's management that she admires, including the transformation of the teams he has led and the unique style of play he instills, such as the tiki-taka approach at Barcelona. LiHua noted that Guardiola not only focuses on winning trophies but also emphasizes the tactical approach and adaptability of his teams. She mentioned the success of Guardiola with Manchester City and the significant impact he has had on developing young talents within his squads, pointing out examples like Phil Foden and Rodri. LiHua clearly believes that Guardiola has a magic touch that helps elevate teams to new levels."
"Which team's style of play does Farrah remember as ""Total football""?",Barcelona,"According to the data, Farrah specifically mentions ""Total football"" in connection with the Barcelona team and Pep Guardiola's style of play. Therefore, it can be inferred that the style of play Farrah remembers as ""Total football"" belongs to Barcelona, under the management of Pep Guardiola."
Which player's development under Guardiola does Jasper mention?,Phil Foden,"According to the data, Jasper specifically mentions the development of Phil Foden under Pep Guardiola. Jasper expresses excitement about Foden's growth during a practice session, highlighting how Guardiola has nurtured and developed the young player."
What will LiHua bring for everyone to enjoy after the match?,Snacks,"In the conversation regarding the stand-up comedy night, WolfgangSchulz suggests grabbing some snacks before the show. LiHua agrees to bring some chips for the movie night, but for the stand-up comedy, WolfgangSchulz proposes grabbing some food first, specifically mentioning that they love the little pasta joint they frequent for great carbonara. However, there is no mention of what LiHua plans to bring after the match. Therefore, based on the available information, it is not clear what LiHua will bring for everyone to enjoy after the match."
Which match does Jasper mention that Manchester City played recently?,Against Chelsea in the Premier League,"According to the information provided, Jasper mentions a match involving Manchester City that he watched. Specifically, he discusses a match between Manchester City and Chelsea, where he provides commentary on Pep Guardiola's impact on players like Phil Foden and Rodri. This indicates that a recent match between Manchester City and Chelsea was the one Jasper watched. No specific date or year is mentioned, but the context suggests it was a recent match, likely within the timeframe of the discussions provided."
Who scored a stunner in the Manchester City vs. Chelsea match as mentioned in the conversation?,Phil Foden,"In the provided conversation, there isn't any specific mention of a particular standout performance or a stunner in a Manchester City vs. Chelsea match. The conversation mainly discusses the history of Manchester City and their performances, mentioning their comeback against Real Madrid and their strong financial resources. There is no detail given about a specific match or scorer. Therefore, based on the information available, it's not possible to identify a stunner in the Manchester City vs. Chelsea match."
What aspect of Rodri's performance does Henley praise?,His interceptions and passing,"Based on the information provided, Henley does not directly praise Rodri's performance. Instead, Henley is discussing a soccer practice session and mentions several activities, including passing drills, stretching, and hydrating. Henley does express enthusiasm for the upcoming event, indicating her readiness and excitement for the practice session, but no specific accolades are given to Rodri. Therefore, the question about Henley praising an aspect of Rodri's performance cannot be answered based on the details available in the given text."
Who checks in with LiHua about their arm muscles after the bench press session?,JenniferMoore,"Jennifer Moore regularly checks in with Li Hua about the condition of her arm muscles after their bench press sessions. In a conversation recorded on December 11, 2026 at 11:00 AM, Jennifer asks Li Hua, ""Hey Li Hua! Just checking in, how are those arm muscles feeling after our bench press session? Hope you're pushing through the soreness!"" This indicates that Jennifer is attentive to Li Hua's feedback regarding the effects of their workout on her arm muscles. Additionally, on June 22, 2026, Jennifer asks Li Hua, ""Hey Li Hua! Hope you're doing great! Could you please fill out a quick survey about your experience with our training sessions so far? Your feedback really helps me improve!"" This shows that Jennifer is not only concerned with the immediate post-workout status but also follows up with broader feedback to aid in continuous improvement of their training sessions."
What snack does LiHua agree to bring for the movie?,Chips,"In one of the conversations, WolfgangSchulz invites LiHua to watch the classic movie Star Wars: A New Hope at his place after work. WolfgangSchulz suggests bringing snacks for the movie, and LiHua agrees to bring some chips. Therefore, the snack that LiHua agrees to bring for the movie is chips."
Who will pick up the snacks and drinks on their way before the movie?,LiHua,"According to the conversation, LiHua will be picking up the snacks and drinks on their way to the movie night. Specifically, WolfgangSchulz suggests that LiHua grab some snacks and drinks, indicating that she will be responsible for these items. LiHua agrees, stating, ""I'll pick them up on my way."" Therefore, it is clear that LiHua will be handling the logistics for the snacks and drinks before the movie night."
What significant event in Cersei's life does Saffron highlight as a turning point?,Losing her kids,"Saffron highlights the significant event of Cersei losing her children as a turning point in her character arc. This event is described as pushing Cersei over the edge, leading her to embrace cruelty to secure her power. Saffron notes that this loss likely made Cersei question her path and the price she paid for her ambitions, suggesting that it was a critical moment that influenced her subsequent behavior and decisions throughout the series."
What idea does Rowan say Cersei represents?,Power comes at a cost,"According to Rowan's comments, Cersei represents the idea that power comes at a cost. Rowan points out how Cersei achieved her goals but lost so much along the way, highlighting the theme of the show where characters often lose their personal connections and integrity in pursuit of power. Rowan suggests that despite her confident facade, Cersei likely had moments of doubt and may have regretted certain choices, particularly after the loss of her children, which pushed her towards ruthlessness to maintain her position. This aligns with the broader narrative of the show, where the pursuit of power often leads to significant personal sacrifice and loss."
What aspect of Cersei's character does Quillan say often shadows her vulnerability?,Her desperation for control,"According to Quillan, Cersei's need for control often shadows her vulnerability. This need for control can be seen in her behavior, where she tends to push away those who care about her in favor of her ambition. This dynamic illustrates how Cersei's pursuit of power and her desire for control can sometimes isolate her, making her appear less connected and more emotionally distant. Despite her deep emotional layers, her fixation on maintaining power and avoiding vulnerability can lead to her seeming unrelatable or unempathetic to others."
What relationship could have potentially changed Cersei's path according to Phaedra?,Her relationship with Tyrion,"According to Phaedra, a relationship that could have significantly influenced Cersei's path and potentially changed her trajectory would have been her bond with Tyrion Lannister. Phaedra suggests that Tyrion always had a different perspective on power and that their dynamic could have brought out Cersei's vulnerability and humanity. This relationship, if stronger, could have helped Cersei see the world from a broader and more compassionate viewpoint, thus shaping her decisions and potentially altering her course. Phaedra also notes that Tyrion's influence could have allowed Cersei to listen to his advice and perhaps embrace a different approach to power, avoiding some of the ruthless choices she made."
How does Kieran describe Tywin's influence on Cersei?,He taught her ruthless methods,"According to the data, Kieran describes Tywin's influence on Cersei as significant. Specifically, Kieran states, ""Tywin is a character who has a significant influence on Cersei's character and choices."" This indicates that Tywin's actions and behaviors had a substantial impact on shaping Cersei's character, particularly her decisions and attitudes throughout the series."
What does Orion say about Cersei's mix of loyalty and fear towards Tywin?,It was a mix of both,"According to the discussions, Orion provides insight into Cersei's complex relationship with her father, Tywin Lannister. Specifically, Orion notes that Cersei developed a ""weird mix of loyalty and fear"" due to Tywin's influence. Orion describes how Tywin instilled a ""survival mentality"" in Cersei, which likely contributed to her becoming a ""player in the game"" and carving her own path. However, Orion also suggests that Cersei resented this, feeling that she had to choose between power and connection. This complex dynamic underscores the challenges Cersei faced as she navigated her path towards power, driven by both her loyalty and her fear of Tywin's methods."
What does Rowan say about Cersei's independence?,It made her stronger but also more isolated,"According to the discussion, Rowan expresses a nuanced view of Cersei's independence. Specifically, Rowan states, ""I think her independence definitely made her a lot stronger! She carved her own path, but at the same time, it turned her into such a fierce and isolated figure. It’s like she had to choose between power and connection, and she chose power, which backfired. That complexity is so intriguing!"" This indicates that while Cersei's independence allowed her to pursue power independently, it also resulted in her becoming fiercely isolated, highlighting the dual nature of her independence - it gave her strength but also contributed to her isolation and emotional distance."
What relationship could have shown Cersei a different perspective on power according to Lachlan?,Her relationship with Tyrion,"According to Lachlan, Tyrion Lannister could have shown Cersei a different perspective on power. Lachlan suggests that if Cersei had developed a stronger relationship with Tyrion, it might have influenced her decision-making and possibly prevented her from becoming so ruthless. Lachlan notes that Tyrion often had a different perspective on power and could have helped Cersei see the value in building alliances and working collaboratively rather than dominating and isolating herself. This dynamic between Cersei and Tyrion could have offered Cersei an alternative approach to wielding power, one that might have led to a more stable and supportive rule rather than the chaos and destruction she ultimately experienced."
What does Tamara say Cersei's love led to?,Her downfall,"Tamara discusses Cersei's character and its complexities, particularly focusing on how Cersei's love for her family, notably her children, drove her actions and ultimately led to her downfall. According to Tamara, Cersei's fierce protectiveness over her children was a driving force in her character, and this protective nature turned into an obsession that caused her to make ruthless choices. Tamara notes that this protectiveness, while powerful, became a weapon that destroyed her. She suggests that if Cersei had found a balance and embraced her family ties without letting ambition overshadow them, she might have created a more stable rule. This implies that her love for her family could have been a double-edged sword, driving her to extremes that ultimately led to her isolation and downfall."
What does EmilyBurnett say Cersei's choices led to?,Her isolation,"EmilyBurnett highlights the consequences of Cersei's choices, emphasizing how they led to a significant amount of isolation and a sense of emptiness despite achieving power. She notes that Cersei's relentless pursuit of power often came at the cost of meaningful connections, leading to her becoming ""isolated and hollow."" EmilyBurnett observes that Cersei's journey underscores the idea that power comes with a high price, as she achieved her goals but lost much along the way. Despite her confidence and outward display of control, EmilyBurnett suggests that Cersei must have experienced moments of doubt and regret, particularly regarding her actions towards her children. Overall, EmilyBurnett portrays Cersei's character as a complex figure whose ambitions and choices ultimately led to a tragic and lonely fate."
What does Quillan suggest could have been a game-changer for Cersei?,Accepting Tyrion's advice,"Based on the information provided, Quillan suggests that if Cersei had accepted Tyrion Lannister's advice over her internal pride, it could have been a significant turning point in her character arc. This advice could have helped Cersei reconsider her path and potentially lead her to collaborate rather than dominate, altering her perspective on power dynamics significantly. The suggestion implies that Tyrion's understanding of family dynamics and perhaps his counsel could have steered Cersei towards a more balanced approach, avoiding the extremes of ruthlessness and isolation."
Who initiates the discussion about game storytelling?,ThaneChambers,"The discussion about game storytelling begins with Elara, who expresses enthusiasm about the evolution of games that include deep emotional narratives and complex character arcs. She mentions that as games continue to evolve, they will resonate more with the complexities of real-life scenarios and will feature more nuanced characters. This sets the tone for the conversation around the significance of storytelling in games."
What game does ThaneChambers consider their top choice for storytelling?,The Last of Us,"Based on the conversations recorded, ThaneChambers identifies ""The Last of Us"" as his top choice for game storytelling. He emphasizes the strong narrative, emotional journey, and well-developed characters that make this game a standout. This preference aligns with Bronwyn's opinion as well, who agrees that ""The Last of Us"" is a masterpiece in terms of storytelling. Additionally, ThaneChambers mentions that he finds ""God of War"" storytelling impressive, particularly noting the emotional depth in the father-son dynamic and the power of the dialogue. However, his primary recommendation remains ""The Last of Us."""
What game does Gavriel mention for its characters and plot twists?,Final Fantasy VII Remake,"In the conversation, Gavriel mentions ""The Stanley Parable"" as a game that leaves a lasting impression due to its storytelling and unexpected twists. Specifically, Gavriel notes, ""That's wild how it twists expectations and keeps you guessing! Anyone else enjoyed that kind of storytelling?"" This suggests that Gavriel particularly appreciates games like ""The Stanley Parable"" for their ability to surprise players with unconventional narratives and choices that lead to multiple, often surprising outcomes."
Which game does ThaneChambers recommend for its choice-based storytelling?,Life is Strange,"In the conversations shared, ThaneChambers recommends ""The Last of Us"" as a game that offers compelling narrative choices and an emotionally engaging story. He expresses that he thinks highly of the game's ability to draw him into the characters' emotional journeys, describing it as a ""masterpiece."" Additionally, he suggests that the story of ""The Last of Us"" is one of the best out there, particularly praising its strong narrative elements and how it compares favorably to other games, such as ""Witcher 3,"" which he also mentions is filled with a rich storyline. However, it's clear that ThaneChambers finds ""The Last of Us"" to be especially noteworthy for its intricate and impactful storytelling."
What game does Elara mention for making her emotional?,Bioshock Infinite,"Elara mentions ""Firewatch"" as a game that left a lasting emotional impact on her. In ""Firewatch,"" she found herself forming a strong connection with the character Delilah through radio conversations, which allowed her to experience the game's emotional journey without extensive dialogue. This game exemplifies how simple interactions between characters can create a profound emotional connection."
What game does Dyllan describe as epic for its samurai culture?,Ghost of Tsushima,"According to the conversation, Dyllan expresses admiration for ""Ghost of Tsushima,"" describing it as having stunning visuals, especially during epic samurai duels. He highlights how the game's landscapes resemble paintings, particularly noting the cherry blossoms and the fun to be had in taking photos in the game's photo mode. This description aligns closely with the qualities that Dyllan appreciates in ""Ghost of Tsushima,"" which indeed features a rich and immersive samurai world, showcasing detailed landscapes and vivid cultural elements."
Which game does Helios call a masterpiece for making players feel connected to the characters?,Red Dead Redemption 2,"Helios mentions several games that he holds dear due to their strong character connections, but no single game is singled out as a ""masterpiece"" for him. However, he does reference ""Oxenfree,"" where he notes the remarkable impact of the characters' relationships and the choices players can make. Helios describes the game as having a unique dialogue system that feels very natural, leading to characters with significant depth. He emphasizes how these relationships and choices can influence the story, making the experience particularly impactful and memorable. While ""Oxenfree"" is highlighted for its strong character connections, it does not receive the moniker of a ""masterpiece"" from Helios himself."
"What scene from ""Red Dead Redemption 2"" does Bronwyn mention as emotional?",The scene with Arthur and John on the mountain,"Based on the conversation, Bronwyn did not specifically mention an emotional scene from ""Red Dead Redemption 2"". The discussion revolves around various game elements and moments, including landscapes, characters, and music, but does not focus on a particular emotional scene from ""Red Dead Redemption 2"". Bronwyn and the group seem to be discussing different games and experiences."
What game does Ileana say made her question the morality of her actions?,Red Dead Redemption 2,"Based on the conversation provided, there doesn't appear to be any mention of a game featuring a character named Ileana or a scenario where a character named Ileana questions the morality of her actions. The discussion revolves around various video games and their themes, but no specific game or character related to the query is referenced. Therefore, I cannot provide information about which game made Ileana question her actions based solely on the data available."
Which game does Caelum mention for encouraging emotional engagement with the narrative?,Red Dead Redemption 2,"Caelum mentions several games that encourage emotional engagement with the narrative, highlighting how games can evoke strong emotions through their storytelling. Specifically, Caelum talks about games that allow for deep character relationships and choices, which can profoundly impact the player's emotional investment. Among the games mentioned, Caelum points out ""Mass Effect,"" ""The Witcher 3,"" ""Oxenfree,"" and ""Firewatch."" These games are praised for their intricate character interactions, compelling storylines, and the way they make players feel invested in the characters and their journeys. For instance, in ""Mass Effect,"" players can form complex bonds with squad members, and each decision affects the outcome of the story, leading to a rich emotional experience. Similarly, ""The Witcher 3"" offers a vast world filled with morally ambiguous characters and choices that can significantly alter the story. ""Oxenfree"" excels in its dialogue-driven narrative, allowing players to develop deep connections with the characters, while ""Firewatch"" provides a serene yet emotionally charged experience through its intimate character interactions and the exploration of themes such as loneliness and personal struggle. Each of these games demonstrates how games can create a narrative that resonates emotionally, drawing players into the story and making them feel part of the experience."
What game does Bronwyn say mixes daily life with deep story arcs?,Persona 5,"In the conversation, Bronwyn mentions Red Dead Redemption 2 as a game that she is particularly fond of. She highlights several aspects of the game, including its attention to detail, immersive storytelling, and the richness of its quests and side stories. Bronwyn emphasizes how the game provides an engaging and detailed narrative while also offering players the freedom to engage in various activities, such as fishing and hunting, which add to the overall experience. This blend of daily life activities with deep and intricate story arcs is what Bronwyn appreciates most about Red Dead Redemption 2."
What game does LiHua mention for exploring themes of choice & consciousness & humanity?,Detroit: Become Human,"LiHua mentions ""Detroit: Become Human"" as an example of a game that explores themes of choice, consciousness, and humanity in a thought-provoking manner. The game allows players to experience different perspectives and makes them deeply aware of the impact of their decisions, making it a compelling narrative experience."
Which game does Dyllan say raised interesting questions and moral dilemmas?,Detroit: Become Human,"Dyllan mentioned that he found the game ""Detroit: Become Human"" particularly intriguing due to its exploration of themes such as choice, consciousness, and humanity. He noted that the way the game lets you experience different perspectives through multiple endings is quite engaging, and he had replayed several chapters to see the alternate outcomes. This game indeed offers a deep and thought-provoking narrative, challenging players to consider the ethical and moral dimensions of artificial intelligence and human existence."
What game does Dyllan recall for its intimate feel and dialogue?,Firewatch,"Dyllan mentions that ""Firewatch"" had an intimate feel and dialogue between the main characters that drew him in, creating a real connection that kept him engaged throughout the game. This intimate narrative style and the compelling dialogue were key aspects that made ""Firewatch"" a memorable and impactful game for Dyllan."
Which game does LiHua mention for playing with various storytelling tropes?,The Stanley Parable,"In the conversations shared, LiHua mentions ""The Stanley Parable"" as a game that plays with various storytelling tropes in a unique and entertaining manner. LiHua describes it as both hilarious and profound, noting that it ""twists expectations and keeps you guessing!"" This game seems to exemplify the idea of games doing storytelling in unexpected and creative ways, offering a replay value due to its various endings and paths."
What does Li Hua like about the curtains?,the patterns,"In the conversations involving the curtains, Li Hua expresses satisfaction with the product, indicating that they are ""perfect"" and ""totally meet my expectations."" Additionally, she mentions enjoying the patterns, showing that her preference includes both functionality and aesthetics."
What does MalfurionStormrage suggest for sunny days?,umbrellas for shade,"According to the discussions recorded, Malfurion Stormrage suggests several strategies to make the garden more comfortable during sunny days. Initially, he proposed adding tables to facilitate gatherings and picnics. Furthermore, he suggested including some shade elements such as umbrellas to provide relief from the sun. Additionally, Malfurion suggested enhancing the garden's ambiance by incorporating plants around the seating area to add greenery and privacy, which could also attract butterflies and create a more secluded and enjoyable setting. His suggestions clearly emphasize the importance of considering comfort and enjoyment, especially during the warmer months."
Who proposes the idea of adding tables near the benches?,RexxarRemar,"In the discussions regarding the benches, LiHua suggests adding tables near the benches for people to put down drinks or snacks while relaxing, indicating that she proposes the idea of having tables near the benches. This suggestion was made during a conversation about enhancing the garden's ambiance and comfort."
What does GromHellscream suggest to brighten the area in the evening?,lanterns or string lights,"In one of the discussions, GromHellscream suggested adding lanterns or string lights to brighten the area in the evening. GromHellscream proposed that these lanterns would create a ""cozy atmosphere during the evenings"" and would also be suitable for community gatherings. GromHellscream emphasized the importance of picking styles that blend in with the flowers and the garden theme, ensuring the lanterns are eco-friendly and provide a lovely soft glow."
What type of lanterns does MalfurionStormrage recommend?,solar-powered lanterns,"According to the conversation, Malfurion Stormrage recommends solar-powered lanterns. He specifically mentions that these would be eco-friendly and provide a lovely soft glow without any wiring hassles. Additionally, they can charge during the day while working in the garden, making them convenient and sustainable options for lighting the new garden space."
Who is excited to see how the garden evolves?,Thrall,"Several individuals in the conversation express excitement about the garden evolving and transforming. AdamSmith states, ""It's all about building a space we can be proud of together."" MuradinBronzebeard expresses his anticipation by saying, ""The more hands, the better. It'll be wonderful to see everyone’s contributions come together in the garden."" Additionally, Turalyon remarks, ""Totally agree! This is just the beginning, and with everyone’s input, the garden is going to be something we can all enjoy and take pride in. Keep those ideas rolling!"" These comments indicate a shared enthusiasm for the garden's development and the collective effort to bring it to fruition."
What does Turalyon think about the suggestions?,They are going to make the garden a fantastic community spot,"Turalyon shows significant support for the suggestions made in the discussions. He particularly appreciates the idea of grouping flowers by color or height for a better visual effect, which he calls ""a smart idea for the layout."" He enthusiastically agrees, stating that it will ""make the garden really pop!"" (Source: [Time: 20260507_16:00](#)). Additionally, Turalyon supports the addition of seating areas, describing it as ""perfect! It’ll give everyone a nice place to enjoy the garden. Plus, it’ll create a community space for us all to gather."" (Source: [Time: 20260507_16:00](#)). When discussing the importance of planning for maintenance, Turalyon emphasizes the need for a solid plan, suggesting setting up a schedule for watering and maintenance to avoid overwhelming anyone. He also suggests involving community members as volunteers to lighten the workload and strengthen the community bond. (Source: [Time: 20260507_16:00](#)). In the second discussion, Turalyon is supportive of the idea of community meetings to vote on the specific types of plants to be planted in the garden. He looks forward to seeing what everyone chooses and is excited about the potential for a variety of colors. (Source: [Time: 20260702_19:00](#)). Furthermore, Turalyon encourages the inclusion of herbs in the garden as a future addition, emphasizing that flowers are the current focus of the voting process. (Source: [Time: 20260702_19:00](#)). Overall, Turalyon’s enthusiasm and commitment to the garden project are evident in his responses, and he consistently offers constructive feedback and encouragement to the group."
What kind of activities does MalfurionStormrage suggest for the gathering?,games for kids & flower planting workshops & good food,"MalfurionStormrage suggests covering basic first aid, emergency response protocols, and communication strategies in training sessions for the community emergency response team. He also proposes roles such as team leader, medic, communication officer, and someone to manage logistics for the team. These activities aim to ensure that the community is well-prepared for emergencies and that all members understand their responsibilities during a response situation."
Who offers to check with friends for live music performance?,ArthasMenethil,"In the conversations provided, WolfgangSchulz offers to check out a local festival downtown with food stalls and live music with LiHua. This appears to be the first mention of someone offering to check with friends for a live music performance. However, it's important to note that no other individuals specifically offer to check with friends for live music performances."
What does MuradinBronzebeard think about live music?,It would really enhance the experience,"Based on the conversation snippets provided, MuradinBronzebeard is not mentioned. There is no specific discussion about live music preferences or opinions from MuradinBronzebeard. Therefore, we cannot provide any insights regarding his thoughts on live music from the given information."
Who suggests doing a group purchase of the new games?,ThaneChambers,"In the conversation, Thane Chambers initiates the idea of doing a group purchase of new games. He mentions, ""Hey everyone! Just saw the news about a bunch of new games dropping soon on both the PS digital store and physical disc. Who's excited? I'm thinking it might be cool to do a group purchase. What do you guys think? 🕹️"" Li Hua and others express enthusiasm for the idea, suggesting it would be fun to experience the games together and possibly share strategies. Thus, Thane Chambers is the one who first suggests doing a group purchase of the upcoming games."
What does ThaneChambers think about the new games?,excited and interested,"In the conversations ThaneChambers expresses interest in the latest and upcoming games, particularly focusing on their narrative aspects and character development. In a conversation dated 20261228_14:00, LiHua asks ThaneChambers about his thoughts on the game ""The Last of Us."" ThaneChambers enthusiastically recommends the game, praising its gripping and emotional story, well-developed characters, and intense gameplay. He recommends it to those who enjoy strong narratives and suggests it won't be a disappointment.Later, in a discussion dated 20260819_18:00, ThaneChambers expresses curiosity about upcoming PlayStation 5 (PS5) exclusives. He highlights ""Final Fantasy XVI"" as one of his top picks due to its stunning graphics and expected epic story, though he acknowledges that the shift towards a darker narrative may set it apart from previous entries. He also mentions ""Marvel's Spider-Man 2,"" noting its combination of action and stealth gameplay and its potential to appeal to fans of games with strong narratives.ThaneChambers also expresses excitement about ""Ghostwire: Tokyo,"" appreciating its unique blend of supernatural elements and urban exploration. He hopes for a game that offers a mix of action and strategy, keeping classic elements while also being engaging.Overall, ThaneChambers seems to be enthusiastic about new games, especially those with compelling narratives and character-driven stories. His recommendations suggest that he values games that offer rich emotional experiences and thoughtful character development."
What feature are they hoping for in the new game?,co-op missions and shared loot system,"In the recent discussion recorded on October 14, 2026 at 14:00, several features were highlighted as important for the upcoming game. Players expressed interest in customizable characters, which they believed would provide a personal touch and let them showcase their unique styles. Additionally, the need for a robust matchmaking system was emphasized as it helps in finding compatible teams with shared goals and skill levels. Another significant point was the inclusion of a deep skill tree or upgrade system, which they felt would contribute to the replayability of the game and encourage strategic thinking. Overall, the emphasis was on creating a game that offers engaging and strategic gameplay, allowing for varied and personalized experiences."
What does Helios want to know about the game?,whether it will feature crossplay,"Helios, a character who seems deeply engaged with the gaming community, has expressed interest in multiple aspects of the upcoming game. Specifically, he has shown enthusiasm towards potential intense moments in ""Final Fantasy XVI"" and the game's focus on action-oriented gameplay. Helios also looks forward to the gaming chats and shares updates, indicating he values staying informed about new releases and developments. Furthermore, he has expressed interest in the game's storytelling and character depth, referencing his excitement about the potential for deep narratives and character exploration. His contributions suggest a keen interest in various facets of the game, including its combat mechanics, narrative elements, and environmental interactions."
What does Dyllan think about crossplay?,it was awesome and makes playing together much easier,"According to the conversation, Dyllan expresses enthusiasm about crossplay, describing it as ""awesome"" and highlighting how it makes playing together much easier, especially when coordinating with friends across different consoles. Dyllan mentions having had good experiences with crossplay in other games, stating, ""Yes! I played a few games with crossplay, and it was awesome getting to team up with friends on different consoles."" This indicates that Dyllan is looking forward to crossplay features in the upcoming game, as it would provide a broader community of players and allow for more diverse gaming experiences."
What does Ileana think is essential for the new game?,a robust matchmaking system,"In the discussion regarding the new game, Ileana emphasized the importance of incorporating diverse settings. She highlighted how different environments can offer rich cultural contexts and add a fresh feel to the missions. Ileana mentioned the idea of exploring various parts of the world, including urban areas, jungles, and historical locations. This suggestion aligns with her appreciation for the emotional depth and storytelling that can be achieved through a variety of settings. Additionally, she proposed the use of gadgets that can detect movement or thermal imaging, which would increase the gameplay's strategic elements and heighten the sense of danger. These elements suggest that Ileana believes the new game should prioritize both innovative gameplay mechanics and a compelling narrative to engage players."
What does Helios think would be awesome for character development?,a deep skill tree or upgrade system,"Helios, a character who discusses games and their themes, expresses enthusiasm for character development and character evolution. In a conversation about evolving narratives and character depth in gaming, Helios is particularly excited about the potential for intense moments in ""Final Fantasy XVI"" and the focus on action-oriented gameplay. He also anticipates the gaming chats and shares updates, indicating his active participation in the gaming community. Helios seems to be looking forward to the character development and evolution that he believes the game promises, focusing on the action-oriented and engaging aspects of the narrative. Additionally, his references to Tokyo in relation to ""Ghostwire: Tokyo"" suggest a connection between the two discussions, possibly highlighting a shared interest in the game's setting and its narrative possibilities."
What does Gavriel think about crafting systems?,they offer a chance to create unique weapons and gear,"Based on the conversation, Gavriel has not specifically discussed crafting systems in relation to the game mechanics. However, in another discussion, Gavriel expressed enthusiasm for diverse settings in the game, suggesting that different locations could offer rich cultural contexts and unique gameplay elements. This indicates that Gavriel values the immersive aspects of the game world beyond just the core gameplay mechanics. Without direct comments on crafting systems, it's not possible to determine Gavriel's specific opinions on this aspect of the game."
What does Elara think about resource management?,it always makes it feel more immersive,"Elara expresses interest in a variety of resources within the game, suggesting a mix of consumables such as materials for crafting weapons and armor, rare items for upgrades, and even in-game currency for trading. She hopes for resources that could offer hidden treasures and surprises, indicating that thoughtful resource management could lead to engaging and strategic gameplay. This aligns with her belief that proper resource management could result in an exciting and dynamic experience, keeping players engaged and strategizing to acquire these resources effectively."
What does Fionnuala think about potions and temporary boosts?,they are always helpful,"According to the conversation, Fionnuala expresses enthusiasm for potions and temporary boosts, describing them as ""always helpful, especially in tough situations."" She suggests that these items add another layer of strategy because players must consider when and how to use them effectively. Specifically, Fionnuala mentions the inclusion of various types of boosts, such as health potions, buffs, and crafting ingredients, which she believes can significantly enrich the gameplay experience. She also notes that she thinks variety in potions would be fun, mentioning options like those that boost speed or enhance attack power for a short time. Overall, Fionnuala sees these elements as valuable additions to the game that offer tactical depth and excitement."
What does ThaneChambers think about stealth boosts?,they add a whole new layer to gameplay,"According to the discussions, ThaneChambers is enthusiastic about the idea of stealth boosts. In one conversation, he expressed a strong desire for stealth mechanics, saying, ""I’d love to see some stealth boosts! Being able to sneak past enemies or get the jump on them adds a whole new layer to gameplay. It could lead to some epic moments with strategies and surprises."" Additionally, in another exchange, ThaneChambers further emphasized the appeal of stealth, stating, ""Absolutely! Stealth mechanics can open up so many possibilities and create unique gameplay experiences. It lets players approach situations in different ways, which can be really refreshing."" These comments indicate that ThaneChambers appreciates the potential for stealth to add variety and excitement to gameplay scenarios."
What does LiHua think about the potential for stealth in the game?,it could lead to some really engaging and strategic gameplay,"During the discussion about the game's content, LiHua expressed enthusiasm for the possibility of stealth elements. Specifically, she said, ""I'm excited just thinking about it! We might need to assign roles, like having one of us distracting enemies while others sneak around. Communication will definitely be key, especially in those tense moments. I can't wait to see how it plays out!"" This indicates that LiHua is looking forward to exploring the potential for stealth mechanics, suggesting that she sees value in these features for enhancing the game's strategic and immersive aspects."
What is one characteristic of Real Madrid that JakeWatson mentions?,they thrive under pressure,"JakeWatson emphasizes the ""never-say-die attitude"" of Real Madrid, highlighting their ability to turn things around, especially in tough situations. He provides an example of a game where Real Madrid was down by two goals but managed to score two goals in quick succession in stoppage time, turning the match around. This exemplifies their resilience and determination to succeed even when facing significant challenges."
What was special about the match against Manchester City in 2022 according to the group discussion?,Rodrygo's stoppage-time goal,"According to the group discussion, the match against Manchester City in 2022 that stood out was the stoppage-time goal by Rodrygo, which was particularly notable. This goal came as Manchester City appeared to be on the verge of defeat, yet managed to score two goals in quick succession. The match was described as a ""pure drama"" moment, highlighting the resilience and determination of Real Madrid's players, especially in the face of adversity. This comeback victory showcased the ""never-say-die attitude"" of the team and the importance of their fans' support during critical moments. The group emphasized how this match exemplified Real Madrid's ability to turn things around and perform exceptionally well under pressure."
What does Aurora say about the atmosphere at the Bernabéu during tough games?,It was electric,"Aurora discusses the atmosphere at the Bernabéu during challenging matches, noting that it is filled with an intense emotional connection and an electric atmosphere. Aurora expresses that the visuals and sound design contribute significantly to this emotional intensity, making each moment feel like it's part of a larger story unfolding in front of the spectators. She highlights that moments like these can leave a lasting impact and contribute to the overall experience of watching football. Aurora further emphasizes how the combination of visuals, sound, and story can leave a lasting impression, much like the game itself is not just a playthrough but an experience to remember."
What does Evangeline say about Real Madrid's history in the Champions League?,They have a legendary history and a winning culture,"Evangeline expresses enthusiasm for Real Madrid's history in the Champions League, noting the club's winning culture and the influence it has on the team. She highlights how the club's spirit and home advantage contribute significantly to their success, especially during tough moments. Evangeline points out that Real Madrid's fans play a crucial role in boosting the team's morale, and she emphasizes the legendary nature of their performances in the Champions League. Her comments reflect a deep appreciation for the club's rich history and the impact it has on the team's performance."
Who is Real Madrid's coach according to Ivor?,Ancelotti,"According to the information provided, Ivor does not explicitly state who Real Madrid's current coach is. However, Ivor mentions that Real Madrid is a prominent Spanish football club known for their comeback capabilities, indicating familiarity with the team but without specific details about their coach."
What does Dacey propose to practice on Saturday?,soccer shooting skills,"Dacey proposes several activities for the Saturday practice session. She suggests setting up cones for target practice during the passing drills, which she believes will be a fun and interactive way to improve their skills. Additionally, Dacey brings up the idea of focusing on accuracy during the passing drills, as she recognizes its importance in actual matches. She also mentions that the practice session will involve a lot of running, so staying hydrated is crucial. Overall, Dacey seems enthusiastic about the practice and wants to make the most of the opportunity to improve their passing abilities."
What time do they plan to meet for soccer practice?,3 PM,"For the soccer practice sessions, various times have been proposed throughout the conversations. In one instance, Jake Watson mentions a potential practice session focused on shooting, and he suggests meeting at the park on Saturday at 3 PM. Li Hua responds positively, indicating that 3 PM works for him as well. Another instance involves a passing drill practice, where Li Hua suggests meeting around 3 PM on Saturday, emphasizing that it would provide ample time to practice and enjoy the session without rushing. Therefore, multiple times have been proposed for soccer practice, including Saturday at 3 PM, though the exact day may vary."
Who offers to bring cones for the soccer practice?,Aurora,"In one of the conversations, Henley offers to bring cones for the practice. Specifically, during a discussion about setting up drills and practicing defensive skills, Henley suggests, ""I'll bring some cones so we can set up drills and practice! Let's make sure we work on the weak spots from our last matches."" This indicates that Henley is volunteering to bring cones for the practice session."
What else does Henley plan to work on during the practice?,dribbling skills,"During the practice session, Henley plans to work on passing drills, as mentioned in the context where she says, ""I'm down for Saturday, but how about 3 PM? That way we have enough time to practice before it gets dark. Let's really focus on those short passes!"" This indicates that Henley is specifically looking to improve her passing skills, alongside the other participants, in preparation for an upcoming event or match."
Who suggests getting pizza for dinner?,WolfgangSchulz,"In the conversations provided, WolfgangSchulz suggests getting pizza for dinner multiple times. Specifically, in conversation ID 1 from October 15th, WolfgangSchulz proposes grabbing some pizza for dinner after work. Additionally, in conversation ID 2 from March 4th, WolfgangSchulz reminds LiHua about a reminder for a potluck dinner at 6 PM, indicating that he has been considering getting pizza as part of the dinner plans. Thus, WolfgangSchulz is the one who suggests getting pizza for dinner."
What drink does WolfgangSchulz usually have with his pizza?,soda or craft beer,"According to the conversation recorded on October 17, 2026 at 17:00, WolfgangSchulz typically pairs his pizza with a cold drink. He mentions, ""I usually go for a nice cold drink, maybe a soda or even some craft beer if I'm in the mood."" This indicates that he enjoys having a cold beverage alongside his pizza."
What do LiHua and Wolfgang plan to do together according to their conversation on 20261017?,plan a pizza night,"According to the conversation recorded on 20261015_15:00, LiHua and Wolfgang Schulz planned to meet up for dinner after work. Wolfgang suggested that they could go to a particular pizza place downtown that he had heard had some amazing toppings, and LiHua agreed. They discussed meeting around 7 pm, giving them enough time to unwind after work before heading to the restaurant. On 20261020_10:00, they also discussed plans to meet up for a discussion about their favorite games. However, there is no mention of any specific plans for 20261017, so the only confirmed plans for that day are the dinner meeting."
What songs does ChaeSong-hwa suggest starting with according to the discussion on 20261019?,"Sweet Home Alabama or ""Let It Be""","Based on the conversation recorded on 20261019, ChaeSong-hwa did not specify any particular songs to start with. The discussion revolved around planning for the upcoming jam session and considering various options including both classic and contemporary songs. There was no mention of a specific setlist or starting point. Therefore, no specific songs were suggested by ChaeSong-hwa for the initial part of the jam session on that date."
What type of songs does YurikoYamamoto want to try according to the discussion on 2026101?,upbeat pop songs,"Based on the conversation recorded, there is no specific mention of a jam session or song selection date on October 1st (2026101). Therefore, I cannot determine which songs YurikoYamamoto wants to try from this particular discussion. The conversations provided cover various topics and dates, but the one on October 1st does not detail any musical preferences or plans."
What songs does ChaeSong-hwa suggest adding to the mix according to the discussion on 2026101?,"Shallow or ""Shake It Off""","Based on the conversation recorded on 2026101_10:00, ChaeSong-hwa suggests including music that helps with babies' development. He mentions that recent studies indicate listening to music from time to time can be beneficial for baby development. ChaeSong-hwa proposes creating a ""sweet little playlist"" which could include lullabies and gentle guitar melodies to set a calming atmosphere for the babies. The suggestion is centered around the idea of incorporating music that nurtures and benefits infants, emphasizing the positive impact of musical exposure on their development. This aligns with the broader theme of using music as a tool for development and well-being, as discussed throughout the provided conversations."
What does ChaeSong-hwa plan to bring to karaoke night?,snacks,"In one of the interactions, ChaeSong-hwa mentions plans to bring something for LiHua as a Christmas gift. Specifically, he writes, ""Hey! Just wanted to let you know I got a little something for you for Christmas. It'll be at your doorstep this afternoon. Hope you like it!"" Although the exact nature of the gift isn't specified, it indicates that ChaeSong-hwa intends to bring a present to his friend LiHua for Christmas. This gift could be something tangible or perhaps a digital item like a music download or software. There is no mention of future karaoke nights in these interactions, so we cannot infer any specific items he plans to bring to upcoming karaoke activities based solely on the information provided."
What does WolfgangSchulz suggest the group do before the upcoming karaoke night?,pick their songs,"The provided data does not contain any information regarding WolfgangSchulz suggesting activities or plans for the group before the karaoke night. The data focuses primarily on WolfgangSchulz and LiHua discussing various social gatherings, concerts, jam sessions, and other social events throughout the year. There is no mention of a karaoke night in these records. Therefore, based on the available information, it is not possible to determine what WolfgangSchulz suggests the group do before the karaoke night."
How does LiHua feel about the upcoming karaoke night?,excited and can't wait,"According to the conversation, LiHua expresses enthusiasm and eagerness for the upcoming karaoke night. In a previous interaction, LiHua replied positively when ChaeSong-hwa suggested organizing a karaoke activity this Saturday at 7 PM. LiHua responded enthusiastically, saying ""That sounds awesome! I'm totally in for the karaoke activity this Saturday! Looking forward to it! 🎤✨"". This indicates that LiHua is excited and anticipates having a good time at the karaoke night. Additionally, in another exchange, LiHua mentions that they ""haven't sung in a while but enjoy it as a way to unwind,"" suggesting that he is open to participating in the karaoke activity. Overall, the dialogue portrays LiHua's positive feelings towards the upcoming karaoke night."
What does ChaeSong-hwa say about the karaoke night?,it's going to be a blast,"In one of the interactions, ChaeSong-hwa invites LiHua to join a karaoke activity he's organizing for the upcoming Saturday at 7 PM. He expresses his interest in having LiHua join by saying, ""Hey Li Hua! Just wanted to see if you're interested in joining a karaoke activity I’m organizing this Saturday at 7 PM. It'll be fun!"" LiHua responds positively, showing enthusiasm and willingness to participate, stating, ""Hey! That sounds awesome! I'm totally in for the karaoke activity this Saturday! Looking forward to it! 🎤✨"". During their conversation, ChaeSong-hwa further emphasizes the fun aspect of the event by saying, ""It'll be nice to have you there."" Additionally, he inquires about LiHua's singing habits, asking if he sings often. LiHua shares that he enjoys singing but doesn't do it frequently, mentioning it as a fun way to unwind. ChaeSong-hwa then compliments LiHua's enjoyment and suggests that they have a mix of genres, which LiHua agrees to, listing his preferences as including classic rock and some folk songs."
What is the current status of the curtains according to LiHua?,They are perfect and more than satisfies him,"According to the conversation records, LiHua has already received the curtains and is quite satisfied with them. Specifically, in one of the messages dated October 7th, AdamSmith informs LiHua that the curtains had been booked in the correct size and should arrive by the end of the weekend. In a subsequent message dated October 12th, AdamSmith asks LiHua if she has received the curtains, and LiHua confirms receipt from the previous day, stating that she ""Yep, I have received it yesterday! Thanks so much, Adam!"" Additionally, LiHua expresses her satisfaction with the patterns of the curtains. Thus, based on these conversations, it appears that the curtains have been successfully delivered to LiHua and she is pleased with the product."
What game does ThaneChambers remember as LiHua's favorite?,Black Myth: Wukong,"Based on the conversation, ThaneChambers remembers ""Black Myth: Wukong"" as LiHua's favorite game. This is evident from a previous interaction where LiHua mentions, ""Honestly, the visuals are stunning! The art style is super vibrant, and the world design is so immersive. Plus, the gameplay mechanics feel really fresh and exciting. What about you? Have you tried it?"" This indicates that LiHua has already played and enjoyed ""Black Myth: Wukong."""
"What does ThaneChambers like about the game ""Black Myth: Wukong""?",the storytelling,"According to the conversations recorded, ThaneChambers appreciates several aspects of the game ""Black Myth: Wukong."" He highlights the stunning visuals, which he describes as creating a magical atmosphere and making the world feel immersive. Additionally, ThaneChambers commends the game's compelling storytelling, noting how it reimagines classic tales with depth and complexity. Furthermore, he enjoys the unique and dynamic gameplay mechanics, which offer strategic and tactical challenges. These elements combine to create an engaging and immersive experience."
"What memorable moment does LiHua share from the game ""Black Myth: Wukong""?",an amazing battle scene where he had to outsmart a giant enemy,"In one of the conversations, LiHua shares a particularly memorable moment from ""Black Myth: Wukong."" Specifically, she mentions an ""amazing battle scene where I had to outsmart a giant enemy!"" The thrill of strategizing how to defeat this enemy was described as very satisfying, and the graphics of the scene made it even more epic. This indicates that LiHua appreciates both the game's visual quality and the strategic gameplay mechanics, which contribute to her enjoyment of the experience."
"What memorable moment does ThaneChambers share from the game ""Black Myth: Wukong""?",a moment where he faced a tricky puzzle,"In one of the conversations, ThaneChambers mentions an intense moment from the game ""Black Myth: Wukong."" Specifically, he describes a thrilling battle scene where he had to strategize against a giant enemy. ThaneChambers emphasizes that the strategy involved in this fight was satisfying, and the graphics made the experience even more epic. This indicates that ThaneChambers had a memorable and engaging moment while playing ""Black Myth: Wukong,"" likely contributing to his enjoyment of the game."
"How does LiHua describe the balance of combat and puzzles in the game ""Black Myth: Wukong""?",It's refreshing to switch between action and thinking,"In the conversations shared, LiHua expresses a positive view on the balance of combat and puzzles in ""Black Myth: Wukong"". Specifically, LiHua highlights that the game strikes a refreshing balance between action and strategic thinking. This dual approach, according to LiHua, makes every gaming session unique and engaging. She mentions that the game's ability to seamlessly shift between these two elements adds variety to the experience and prevents the gameplay from becoming repetitive. LiHua particularly appreciates how the blend of combat and brain teasers keeps the experience challenging and interesting, ensuring that players are constantly engaged and challenged."
Would LiHua be interested in playing co-op with the group?,Yes,"Based on the conversation, it seems that LiHua is generally open to the idea of playing co-op with the group. During a discussion about potential games, LiHua expressed enthusiasm for the possibility of a group purchase and shared excitement for the idea of playing a game together in co-op mode. When asked about particular co-op features they were hoping for in a new game, LiHua mentioned being particularly interested in a shared loot system, which suggests an inclination towards co-operative gameplay. Additionally, during a discussion about a music jam session, LiHua indicated a preference for co-op modes in music-related activities, saying ""It makes those tough parts feel easier when you have a team to back you up!"" This indicates a willingness to engage in co-op activities beyond just gaming. Therefore, it is reasonable to infer that LiHua would be interested in playing co-op with the group."
What TV series does EmilyBurnett remember LiHua likes?,Chernobyl,"Based on the conversations recorded, EmilyBurnett remembers that LiHua enjoys several TV series. In one interaction, Emily mentions, ""I know he [LiHua] likes ''Brooklyn Nine-Nine''."" Additionally, Emily notes, ""I really enjoy ''The Office'' too, it never gets old for me!"" Furthermore, Emily recalls, ""I have to say ''Brooklyn Nine-Nine'' is one of my favorites!"" and shares, ""I love the blend of humor and friendship! It’s fun to see how different personalities come together."" From these exchanges, it is clear that EmilyBurnett remembers LiHua appreciates the comedy series Brooklyn Nine-Nine and The Office. No other specific series are mentioned as being a particular favorite of LiHua."
What is EmilyBurnett's favorite TV show?,Game of Thrones,"Based on the conversations recorded, Emily Burnett expresses her preference for several TV shows. Initially, in the first interaction, she mentions enjoying ""The Office"" and ""Brooklyn Nine-Nine."" She describes her enjoyment of ""The Office"" moments, particularly those involving Jim's pranks on Dwight, and her affection for Jim's sarcastic wit and chemistry with Pam. Regarding ""Brooklyn Nine-Nine,"" she highlights the well-written characters and the fun camaraderie, especially appreciating the episode where the detectives dress up as superheroes.In another discussion, Emily Burnett shares her enthusiasm for ""The Bear,"" which she describes as a different and engaging series that dives into the complexities of running a restaurant, along with the underlying emotional aspects of the characters. This indicates that her current favorite among the shows mentioned is ""The Bear.""However, based on the information provided, her favorite TV show as of the latest interaction is ""The Bear,"" which she recommends to LiHua. Emily Burnett's preference leans towards variety, enjoying different genres and styles of television, but her current favorite appears to be ""The Bear."""
"What memorable scene from ""Chernobyl"" does LiHua mention?",the scene where they're trying to contain the radiation,"LiHua mentions a particularly impactful scene in ""Chernobyl"" where the workers are trying to contain the radiation and making significant sacrifices. This scene highlights the human spirit in times of crisis and is described as being very impactful."
"Who is LiHua's favorite actor in ""Chernobyl""?",Stellan Skarsgård as Boris Shcherbina,"Based on the conversation, Li Hua's favorite actor in ""Chernobyl"" is Stellan Skarsgård, who played the role of Boris Shcherbina. Li Hua particularly appreciated Skarsgård's character journey throughout the series and found his performance emotionally resonant."
What TV series is EmilyBurnett currently watching?,The Last of Us,"According to the conversation, Emily Burnett is currently watching ""The White Lotus."" She expressed her interest in the show, describing it as entertaining with a mix of drama and dark comedy, and hinted that it has some great twists. Emily also shared her enthusiasm for diving into the show, suggesting that Li Hua might enjoy it given their shared interest in layered characters and intricate plots."
What TV show does EmilyBurnett recommend LiHua to watch?,The Last of Us,"EmilyBurnett recommends several TV shows to LiHua based on their preferences and the discussions they have. Initially, she suggests ""The Crown"" as a historical drama with strong character development, which LiHua finds appealing. Later, she recommends ""Ted Lasso,"" describing it as a lighter show that provides a good laugh, which aligns with LiHua's preference for shows with layered characters and intricate plots. Additionally, Emily mentions ""The White Lotus"" as another show that could be interesting, given LiHua's interest in mixed genres with elements of drama and dark comedy. Therefore, among the recommendations, ""Ted Lasso"" seems to be the show that LiHua is most likely to take up after hearing positive feedback from EmilyBurnett."
"What does LiHua's plan about wathcing ""The Last of Us""?",binge it that weekend,"Based on the conversation, LiHua expressed interest in watching ""The Last of Us"" after receiving a recommendation from Thane Chambers. However, the specific details of LiHua's plan to watch the game were not provided in the given information. The dialogue focused more on Thane's recommendation and the positive feedback from LiHua regarding the game's story, characters, and gameplay. There isn't a clear indication of when or how LiHua intends to watch the game."
What does JakeWatson suggest for refueling after a soccer game?,a snack with carbs and protein and staying hydrated,"According to the conversation, JakeWatson suggests several practical tips for refueling after a soccer game. Specifically, he recommends quickly refueling with a snack that includes carbohydrates and protein, such as a banana with peanut butter. Additionally, he emphasizes the importance of hydration, suggesting that players should drink water or an electrolyte drink to replenish fluids lost during the game. These suggestions align with common nutritional advice for athletes to aid in recovery and prepare for the next game."
What are LiHua's usual recovery snacks after a game?,a protein shake and a fruit smoothie,"Based on the conversation recorded, LiHua mentioned several recovery snacks she enjoys after games. Specifically, she stated, ""Those smoothies sound yummy too! You can't go wrong staying hydrated. Maybe we can practice some stretches together after our next game. It'll be fun and helpful! You in? 🏃‍♂️💪"" In this context, it appears that LiHua prefers a smoothie as a post-game recovery snack, likely due to its convenience and the ability to incorporate various ingredients for added nutrition. Additionally, she highlighted the importance of hydration, suggesting that stretching is also beneficial for muscle recovery."
What is the purpose of the community picnic?,to bring the community together and get to know each other better,"The community picnic serves as a fun and interactive way to relax and get to know one another better. Participants can bring dishes to share, engage in various games, and enjoy the newly renovated community garden. The event aims to boost community spirit and create a sense of unity among the residents."
What type of food event did Turalyon suggest?,a potluck,"Turalyon suggested a picnic as the type of food event. This suggestion came during a conversation where he expressed enthusiasm about organizing a weekend picnic to bring the community together. He proposed including games and a potluck, where attendees could bring dishes to share, and also suggested bringing blankets or chairs for seating. The picnic idea was met with positive responses from other individuals, indicating their interest in participating in this communal gathering."
What does RexxarRemar suggest for the community picnic atmosphere?,organizing some music,"In one of the discussions, RexxarRemar suggests picnic tables as a perfect addition to the community garden, enhancing its potential for gatherings and events. He notes that having picnic tables would not only make the space more community-oriented but could also serve as a venue for outdoor activities such as games and snacks. RexxarRemar emphasizes the importance of hosting community events, envisioning a little get-together with games and snacks, which would foster a sense of togetherness among community members. His suggestion aligns with the broader goal of creating a lively and engaging space that encourages communal interaction and enjoyment."
What does TirionFordring suggest bringing for seating?,blankets or chairs,"According to the data, Tirion Fordring emphasizes the importance of collaboration and encourages everyone to participate in the emergency response team. However, when it comes to seating arrangements, no specific suggestions are provided. Instead, Tirion Fordring discusses the importance of prioritizing noise considerations in community planning, suggesting a circular or semi-circular layout for seating areas to facilitate conversation and viewing the surroundings. Additionally, he mentions the need for shade and water features, which can enhance the seating areas' appeal. Overall, the focus seems to be on creating comfortable and functional spaces rather than specific types of seating."
What day did the community members decide on for the picnic?,next Saturday,"The community members decided on the following Saturday for the picnic, which was set for next Saturday. This decision was made during one of the discussions where the group discussed potential dates for the picnic to ensure ample preparation time."
What does RexxarRemar suggest for keeping everyone energized during the picnic?,a mix of snacks and drinks,"During the picnic organized by Turalyon, RexxarRemar suggested bringing snacks and drinks to keep everyone energized. Specifically, he proposed having a mix of snacks and drinks, with the possibility of including desserts as well. RexxarRemar also mentioned that MuradinBronzebeard suggested having a mix of snacks and drinks to keep everyone energized, and RexxarRemar agreed with this idea, noting that it would be a nice way to keep everyone well-fed and hydrated throughout the event. Additionally, RexxarRemar emphasized the importance of ensuring there was enough water and drinks available, given that it might get warm during the day."
What does IllidanStormrage say he will bring to keep everyone entertained during the picnic?,some epic games,"According to the conversation, IllidanStormrage mentioned that he will bring his ""signature dish"" to impress. However, no specific dish was named. In the context of the picnic planning, it seems that Illidan is enthusiastic about contributing something unique and delicious to ensure the event remains enjoyable and engaging for everyone."
What places in Europe does WolfgangSchulz remember as stunning in Europe?,the fjords in Norway and the lavender fields in Provence,"According to WolfgangSchulz's conversations, several European locations he remembers as stunning include the fjords in Norway, the lavender fields in Provence, and the beaches in Amalfi Coast. These places are noted for their breathtaking views and unique characteristics, reflecting WolfgangSchulz's appreciation for diverse natural beauty across different regions of Europe."
What does WolfgangSchulz like about Prague?,its architecture and the vibe of the old town,"According to the conversation, WolfgangSchulz expresses a particular fondness for Prague, describing it as having ""magical"" architecture and an ""enchanted old town atmosphere."" This sentiment suggests that he finds the city's historical and architectural features particularly appealing, likely appreciating its romantic and timeless qualities. Additionally, he mentions the ""vibe of the old town"" as something ""else,"" indicating that the overall ambiance and feel of the area in Prague intrigue him."
What is WolfgangSchulz's favorite risotto memory?,having seafood risotto in Venice,"From the conversations shared, WolfgangSchulz mentions several times his excitement about trying the risotto at Venedia Grancaffe, where he had dinner after being promoted. However, his favorite risotto memory seems to be specifically associated with the restaurant's risotto, as he expresses enthusiasm about it multiple times. He describes it as ""really good"" and mentions looking forward to celebrating with LiHua there, indicating that he particularly cherishes the risotto from that dining experience. This risotto becomes a significant part of their dinner plans, especially given WolfgangSchulz's recent promotion."
What does WolfgangSchulz want to check out in Italy?,Cinque Terre,"In the provided data, there is no explicit mention of WolfgangSchulz wanting to check out something specific in Italy. The data primarily focuses on WolfgangSchulz's interactions with LiHua, including dinner plans, music sessions, and other activities they engage in together. There is one instance where Italy is mentioned in the context of a soccer match, referring to Italy as the opponent in the final of the Euros, but this does not pertain to WolfgangSchulz’s intentions regarding Italy. Therefore, based on the information given, we cannot determine what WolfgangSchulz wants to check out in Italy."
What does LiHua say about the seafood in Cinque Terre?,it's supposed to be fresh and delicious,"In one of their conversations, WolfgangSchulz mentions that he has heard the beaches in Amalfi Coast are unreal, noting that the colors of the water against the cliffs are ""next level."" However, there is no direct mention of seafood in Cinque Terre from either LiHua or WolfgangSchulz. Given that WolfgangSchulz expressed interest in visiting Cinque Terre, it's possible he plans to explore its coastal areas and experience its culinary offerings, including seafood. Nonetheless, based on the information available from the conversation data, there is no explicit statement about the seafood in Cinque Terre."
What time will Li Hua and Wolfgang meet for breakfast on the morning of the 9th?,Insufficient information,"Based on the conversation recorded in source 4, Li Hua and Wolfgang agreed to meet at the grocery store after work on the 9th of September at approximately 5:30 PM to grab some snacks. There's no mention of a specific time for breakfast that day. Therefore, the exact time for their breakfast meeting is not provided in the given sources."
"What type of exercise does Li Hua prefer to do at the gym, and what time does Wolfgang usually go to the gym?",Insufficient information,"Based on the conversation snippets provided, Li Hua does not specify the exact types of exercises he prefers to do at the gym. However, it is evident that he engages in various forms of physical activities that contribute to overall fitness and health, including strength training, cardio, and possibly yoga or other classes. The specific types of exercises vary depending on the context of the interactions.Regarding Wolfgang's gym habits, the information suggests that he visits the gym occasionally, likely for relaxation and to clear his mind after working on code. He has also expressed interest in attending a kickboxing class, indicating that he enjoys varied workouts. While Wolfgang does not mention a regular time for his gym visits, he has committed to meeting Li Hua at 2 PM for a workout together. Therefore, it appears that Wolfgang typically goes to the gym around 2 PM, although this may fluctuate based on his schedule and preferences."
What type of traditional games did Wolfgang Schulz play with Li Hua during the Lunar New Year celebration?,Insufficient information,"During the Lunar New Year celebration, there is no mention of traditional games being played between Wolfgang Schulz and Li Hua. The conversation primarily revolves around plans for the celebration, including discussions about the food and decorations they intend to prepare. They also discussed having a mini recap of the recent football exhibition and suggested setting up a jam session at the basement. There is no indication of traditional games being part of their plans for the Lunar New Year festivities."
"What did Li Hua eat for dinner on January 20, 2026?",Insufficient information,"On January 20, 2026, there isn't any explicit mention of a specific dinner Li Hua ate. The conversation primarily revolves around Adam Smith wishing Li Hua a happy Lunar New Year and discussing possible plans for the celebrations, including a family dinner and exchanging gifts. There is no detailed information about the type of meal Li Hua had on that particular day."
What movie did Li Hua and Wolfgang decide to watch together on New Year's Eve 2026?,Insufficient information,"Based on the conversation records, Li Hua and Wolfgang decided to watch ""Overwatch 3"" on New Year's Eve 2026. They discussed watching a movie at 7 PM, giving them ample time to grab food before the film starts. This aligns with Wolfgang's suggestion to meet at a place he likes, which he mentions is a ""nice spot"" they both enjoy."
What dish did Li Hua order for dessert after having Sichuan hot pot with Wolfgang Schulz?,Insufficient information,"Based on the conversation recorded in source 0, Li Hua and Wolfgang Schulz decided to have Sichuan hot pot for dinner. After their meal, they discussed dessert options. Li Hua suggested having a cold beer to complement the hot pot, which Wolfgang Schulz agreed with, indicating that they likely shared a beverage to accompany their meal. However, the table does not specify the exact dessert that Li Hua ordered after the hot pot dinner. Therefore, we cannot determine the particular dessert Li Hua chose from the information provided."
What specific diet did Li Hua follow to achieve his fitness results that Jennifer Moore recommended?,Insufficient information,"Jennifer Moore provided several dietary recommendations for Li Hua to achieve his fitness results. Initially, she suggested focusing on a balanced diet rich in whole foods, including lean proteins like chicken, fish, and tofu, whole grains such as quinoa or brown rice, plenty of vegetables, and healthy fats like avocados or nuts. She also encouraged Li Hua to eat every three to four hours to maintain consistent energy levels and stay hydrated. To further aid in maintaining a healthy diet, Jennifer recommended specific meal ideas that Li Hua could incorporate into his routine. These included breakfast options such as scrambled eggs with spinach and tomatoes on whole-grain toast, lunch ideas like grilled chicken salad with mixed greens, cucumbers, and a vinaigrette, and snack suggestions such as Greek yogurt with nuts and berries. Additionally, Jennifer advised Li Hua to pay attention to the quality and variety of his vegetables, emphasizing the importance of consuming a wide range of colorful produce. She also suggested preparing healthy meals in advance through recipes like quinoa salad, smoothie bowls, overnight oats, and zucchini noodles. By following these guidelines and making a conscious effort to eat whole foods, stay hydrated, and maintain a consistent intake of nutrients, Li Hua could achieve his fitness goals."
What alternative training sports does Li Hua consider besides the current routine mentioned in his conversation with Jennifer?,Insufficient information,"In the provided data, there isn't a direct mention of Li Hua considering alternative training sports besides his current routine. However, we can infer some possibilities based on the context. Throughout the conversations, Li Hua discusses various topics related to fitness, including exercises, training sessions, nutrition, and injury prevention. One significant piece of information comes from the conversation between Li Hua and Jake Watson on September 14th, 2026. In this discussion, Jake provides advice on strategies for soccer players to avoid injuries during games, suggesting proper warm-up and stretching, staying hydrated, and wearing appropriate footwear. This indicates that Li Hua is interested in and involved in soccer, which could imply he considers soccer as an alternative training sport alongside his current routine.Additionally, Li Hua mentions engaging in strength training exercises, which could indicate he may also consider weightlifting or bodyweight training as alternative training methods. Given the limited data available, it appears that Li Hua primarily considers soccer and strength training as alternative forms of training besides his existing routine. No other specific alternative sports are discussed within the provided conversations."
What type of diet is Li Hua following to support his training regimen and sleep schedule?,Insufficient information,"Based on the conversations recorded, Li Hua appears to be following a balanced diet that emphasizes whole foods. He focuses on lean proteins, whole grains, lots of vegetables, and healthy fats. His diet seems to be designed to provide him with sustained energy throughout the day, which is beneficial for his workouts and recovery. Additionally, he pays attention to hydration, which is crucial for both physical performance and sleep quality. The advice given by Jennifer Moore, including tips on eating at regular intervals and incorporating specific types of vegetables and fruits, suggests that Li Hua aims to maintain a nutritious diet that supports his active lifestyle and restful nights. Overall, Li Hua seems to be maintaining a healthy, balanced diet tailored to his training needs."
What type of protein shake does Li Hua prefer to drink before his workout sessions?,Insufficient information,"Based on the conversation between Li Hua and Jennifer Moore, Li Hua prefers to take a protein shake after his workouts for post-exercise recovery. There is no mention of him drinking a protein shake before his workout sessions. Therefore, we cannot determine a specific type of protein shake that Li Hua prefers to consume pre-workout."
What specific colors of paint does Li Hua plan to use for the basement walls after decorating with potted plants?,Insufficient information,"The provided data does not contain any specific details about the paint colors Li Hua plans to use for the basement walls after decorating with potted plants. There are no entries mentioning the color palette for the paint or the decorative elements for the basement. Therefore, based on the available information, it is not possible to determine the specific colors Li Hua intends to use."
"What specific design features did Li Hua suggest for Yuriko's studio homepage during their meeting at ""Central Perk""?",Insufficient information,"During their meeting at ""Central Perk"", Li Hua suggested several key design features for Yuriko's studio homepage. Specifically, Li Hua proposed adding a user feedback section, which included a simple form for users to leave comments or suggestions, along with a star rating system. He also suggested integrating testimonials, which Yuriko expressed interest in, to help build trust with new clients. Li Hua indicated he could incorporate a pastel color scheme to match the overall aesthetic of the studio, creating a welcoming and calming environment. Additionally, Li Hua offered to create a preview of the design once it was completed, giving Yuriko the opportunity to review and provide feedback before the final implementation."
What is the name of the concert that Wolfgang and Li Hua will attend on March 7th?,Insufficient information,"According to the conversation recorded in the source content, Wolfgang and Li Hua are planning to attend a concert on March 7th at 6 PM. Wolfgang mentions, ""Hey! Got an extra ticket for a concert on March 7th at 6 PM. Wanna join me? Would be awesome to catch up and enjoy some live music!"" Li Hua responds positively, indicating her willingness to attend. Therefore, the name of the concert Wolfgang and Li Hua are planning to attend on March 7th is not specified in the given data, but it is implied to be a live music performance."
What type of cake does Li Hua plan to bring to the meeting with Yuriko to celebrate her studio's homepage redesign?,Insufficient information,There is no mention of Li Hua bringing a cake specifically to the meeting with Yuriko to celebrate her studio's homepage redesign. The discussions revolve around improving the Studio's Homepage and planning future events such as a baking class at HaileyJohnson's bakery. There is no information provided about Li Hua bringing a cake to this particular meeting.
What color did Li Hua paint his house before the community garden renovation began?,Insufficient information,"There is no information provided in the given data about Li Hua painting his house or any color he may have chosen. The discussion revolves around the community garden renovation and involves various community members discussing ideas and plans for the garden. Therefore, based on the available data, we cannot determine the color of Li Hua's house prior to the renovation."
What specific dietary changes did Li Hua implement in his training regimen as a result of Jennifer's advice on endurance and flexibility?,Insufficient information,"Based on the conversation, Jennifer Moore provided several pieces of advice to Li Hua aimed at improving his endurance and flexibility. Regarding endurance, Jennifer suggested incorporating longer cardio sessions and interval training into Li Hua's routine. Additionally, she recommended diversifying his activities, including cycling, running, or swimming, to enhance his overall cardiovascular fitness. For enhancing flexibility and balance, Jennifer suggested adding yoga and dynamic stretching techniques to his routine. While specific dietary changes were not mentioned directly in the conversations provided, it is worth noting that Jennifer encouraged proper hydration and nutrition. She advised Li Hua to maintain a balanced diet rich in nutrients essential for muscle recovery and growth, which includes proteins, carbohydrates, and fats. This nutritional strategy supports his training regimen and helps him sustain his performance over time. Overall, although the exact dietary adjustments were not specified, the general emphasis on a balanced diet and hydration aligns with Jennifer's broader advice to support Li Hua's fitness journey."
What is the exact reason for Li Hua's unexpected work meeting on Thursday?,Insufficient information,"There is no specific mention of a work meeting for Li Hua on Thursday in the given data. The conversation revolves around AdamSmith and LiHua discussing potential meeting times, but there is no indication of a formal work meeting planned. Instead, the context suggests a casual meeting time of ""Thursday morning"" proposed by YurikoYamamoto for their chat session to finalize the blog section and content. Therefore, based on the information provided, there is no precise reason given for an unexpected work meeting on Thursday for Li Hua."
"What toppings did Hailey put on the bread for Li Hua's next delivery, and what is the name of the bakery she gets her bread from?",Insufficient information,"Based on the conversation, Hailey Johnson regularly delivers bread to Li Hua on Mondays and Fridays at 8 AM. There's no explicit mention of specific toppings on the bread. However, it's clear from the context that Hailey Johnson runs a bakery named ""Hailey's Bakery"" as evidenced by the frequent references to her bakery in various messages. Therefore, the bakery where Li Hua gets her bread is ""Hailey's Bakery."" As for the toppings, the conversations only indicate that the bread is generally fresh and delicious without mentioning specific toppings. Li Hua often expresses appreciation for the freshness and quality of the bread, but there's no detail provided about particular toppings."
What is the favorite type of music that Li Hua and Yuriko plan to play together?,Insufficient information,"Based on the conversation, Li Hua and Yuriko have expressed enthusiasm for playing a variety of songs during their jam sessions. However, no specific type of music has been explicitly stated as their favorite. Instead, they seem to enjoy exploring different genres and songs, including pop tunes, fusion pieces, and even game soundtracks. They mention that they usually just go with the flow and play some of their favorites, suggesting a preference for a diverse range of music rather than a single genre."
What are the specific reasons why Li Hua prefers classical music over pop music in their discussions?,Insufficient information,"In the conversations involving Li Hua, they express a preference for certain genres of music, specifically mentioning their enjoyment of classic rock and folk music. However, there is no explicit mention of Li Hua preferring classical music over pop music. Instead, Li Hua highlights their enjoyment of a mix of various genres, including classic rock, folk, and pop. In one discussion, Li Hua states, ""I’m into a mix! I love classic rock and some folk stuff too. What about you? Any favorites?"" This suggests that Li Hua appreciates a variety of musical styles rather than a clear preference for classical music over pop. Li Hua’s comments focus more on the versatility of different genres and the enjoyment derived from a range of musical tastes."
What is the name of the last song Wolfgang played using the new drum practice app?,Insufficient information,"The data provided does not contain any details regarding Wolfgang using a new drum practice app or playing a particular song with it. The entries in the table primarily focus on Wolfgang's participation in jam sessions and discussions related to musical activities. There is no mention of a new drum practice app or any specific song Wolfgang might have played with one. Therefore, based on the given information, it is not possible to determine the name of the last song Wolfgang played using a new drum practice app."
What flavor of new bread products did Li Hua really enjoy at the bakery's anniversary event?,Insufficient information,"At the bakery's anniversary event, Li Hua expressed enthusiasm for several items, but she specifically highlighted a particular bread she particularly enjoyed. During the event, Li Hua tried the new bread products and mentioned that the rosemary focaccia was ""amazing"" with its ""flavor and texture."" She also indicated her interest in trying sourdough bread, which suggests she likely enjoyed this as well. However, the standout product mentioned by Li Hua was the rosemary focaccia. This aligns with the description from Hailey Johnson, who noted that the rosemary focaccia was ""a hit!"" and was included in the new bread products launched for the event."
What flavor of cake did Hailey plan to bake for the bakery's anniversary celebration in February?,Insufficient information,"There isn't any explicit mention of a specific cake flavor that Hailey planned to bake for the bakery's anniversary celebration in February. The data provided focuses on various events, promotions, and activities that occurred throughout the year, but does not specifically detail the cake flavors for the anniversary event."
What type of dessert did Wolfgang plan to order for Li Hua during their dinner celebration?,Insufficient information,"During their dinner celebration, Wolfgang suggested trying the risotto, which he described as ""really good."" However, Wolfgang also expressed interest in ordering the steak, indicating that the meal would likely consist of a variety of dishes. Regarding the dessert, Wolfgang did not specify a particular dessert he wanted to order for Li Hua, focusing instead on recommending the risotto as a standout dish for the evening. Therefore, based on the information provided, Wolfgang did not mention a specific dessert he planned to order for Li Hua during their dinner celebration."
What were Raze's personal reasons for becoming a fitness coach before discussing pull-up techniques?,Insufficient information,"There isn't any explicit mention of Raze's personal reasons for becoming a fitness coach in the given conversation. The discussion revolves around techniques and tips related to pull-ups, with Raze expressing frustration about shaking during the exercise. Raze seeks advice from others on how to manage this issue, suggesting that his motivation likely stems from his own struggles with pull-ups rather than broader career decisions. The primary focus is on practical advice and solutions for overcoming the shaking during pull-ups, rather than background information about Raze's career path."
What specific construction projects were discussed at the meeting between Turalyon and the residents regarding noise control?,Insufficient information,"At the meeting held on 20260527_10:00, Turalyon announced his intention to limit noisy activities from 2-3 pm to address the concerns raised by the residents. He proposed two potential solutions:1. **Temporary Barriers or Quieter Tools**: Turalyon suggested that the team might use temporary barriers or quieter tools during the mentioned timeframe to mitigate noise levels. This was met with approval from the residents, who were eager to hear additional ideas.2. **Notification of Residents**: Another suggestion put forth by Turalyon was to notify residents a day in advance about any particularly loud work. This would allow them to plan around it, reducing the disruption caused by construction activities. The residents expressed their support for this idea, suggesting that updates could be shared via the chat or through a notice board at the entrance of the garden. In summary, the main points of discussion revolved around limiting noisy activities during specific hours, using quieter tools, and providing advance notifications to residents about any loud work."
What is the amount of rent Li Hua owes to Adam Smith for the months of April and May?,Insufficient information,"Based on the communication records provided, there is no explicit mention of Li Hua owing rent specifically for the months of April and May to Adam Smith. However, Li Hua has consistently paid rent on time through various methods, including bank transfers and direct payments, indicating that she has met her obligations. There is also no indication of any outstanding balances or reminders for unpaid rent during these months. Therefore, according to the available data, Li Hua does not owe rent to Adam Smith for April and May."
What song did Li Hua perform at the local music festival in 2026?,Insufficient information,"There isn't any explicit mention of a specific song that Li Hua performed at the Local Music Festival in the provided data. The description only states that Li Hua and her band are planning to perform at the event, but does not specify which song they will play. Therefore, based solely on the information available, it is not possible to determine the song Li Hua performed at the Local Music Festival."
"What is the name of the restaurant where Li Hua and Wolfgang had dinner on the night of June 9, 2026?",Insufficient information,"Based on the conversation records provided, there is no mention of a specific restaurant where Li Hua and Wolfgang had dinner on June 9, 2026. The record only indicates that they discussed having dinner together but does not specify the venue. Therefore, we cannot determine the name of the restaurant from the given data."
What is the nutritional value of the new line of high-protein breads compared to traditional white bread?,Insufficient information,"There isn't direct nutritional data provided about the new line of high-protein breads compared to traditional white bread. However, we can infer some details from the context. In the conversation, HaileyJohnson mentions launching a new line of high-protein breads designed for fitness enthusiasts. She emphasizes that these new breads are ""perfect for anyone who needs an alternative"" and highlights their high-protein content, suggesting they likely contain more protein than standard white bread. Typically, white bread is made primarily from refined flour and contains fewer nutrients compared to whole grain breads. Without specific nutritional data, we cannot quantify the exact difference in nutritional value, but the introduction implies these new breads are fortified with additional protein. To determine the precise nutritional values, one would need to consult the product labels or manufacturer's nutritional facts."
What specific sleep techniques did Li Hua use to improve her study habits after reading the neuroscience article and discussing the warm shower with Chae?,Insufficient information,"After reading the neuroscience article, Li Hua focused on improving her sleep quality, which she believed could enhance her overall performance. Specifically, she tried taking a warm shower before bedtime, a technique that ChaeSong-hwa had recommended earlier. This warm shower was intended to help her unwind and potentially increase the quality of her sleep. Following this recommendation, Li Hua noted that she has been sleeping better, with reports of around 7-8 hours per night. This improved sleep regimen could have contributed to her feeling more energized for her workouts and daily tasks, indicating that better sleep may indeed lead to increased productivity and readiness for her studies. Li Hua’s efforts to improve her sleep hygiene were part of a broader strategy to optimize her physical and mental health, which she believed would benefit her academic pursuits."
What type of special dietary restrictions does Li Hua follow when preparing meals for his family?,Insufficient information,"Li Hua does not mention any specific dietary restrictions he follows when preparing meals for his family. In fact, during a conversation with Adam Smith, Li Hua clarifies that he does not have any dietary restrictions and is ""all set"" for a family dinner celebration. Adam Smith mentions that they usually have a family dinner and exchange gifts during Lunar New Year celebrations, indicating that the primary concern for family gatherings revolves around sharing meals and exchanging gifts rather than adhering to strict dietary rules."
"What is the total cost of the air conditioner installation, including labor and materials, if Li Hua had previously discussed a budget of $2,000 with a different contractor?",Insufficient information,"There is no specific information provided in the given data regarding the cost of the air conditioner installation. The conversations focus on discussions about the type of air conditioner, its suitability for the basement, and coordination regarding installation dates and schedules. Additionally, there are mentions of rent reminders and discussions, but none relate to the cost of an air conditioner installation. Therefore, without additional details from the conversation logs or external sources, it is not possible to determine the total cost of the air conditioner installation based solely on the information provided."
What type of fusion music does Wolfgang Schulz plan to create with Li Hua during their weekend trip to the music store?,Insufficient information,"During their weekend trip to the local music store, Wolfgang Schulz and Li Hua express enthusiasm for exploring fusion music, particularly by blending jazz elements with rock music. They mention starting with a classic rock song and experimenting with jazz chords or improvisation. Specifically, Wolfgang Schulz suggests starting with a rock classic like ""Smoke on the Water"" or ""Back in Black,"" and adding jazz elements such as swing to the rhythm. Li Hua supports this idea, expressing excitement about the prospect of reimagining rock songs with a jazzy twist, possibly including improvisation. Their goal is to create something unique and creative during their jam session, aiming to take their music to a new level through this fusion approach."
What type of flowers were planted in the garden based on the residents' suggestions discussed by Turalyon?,Insufficient information,"Based on the discussions recorded, several types of flowers were suggested for the community garden. Initially, Turalyon proposed bluebells, camellias, and tulips, which were all mentioned as potential additions. Additionally, residents suggested incorporating lavender and coneflowers into the garden, as these plants not only add beauty but also attract pollinators like bees and butterflies. Furthermore, the community agreed to include a section for herbs, such as basil, mint, and rosemary, to make the garden more functional and appealing for culinary use. Thus, the types of flowers that were discussed and suggested for the garden included bluebells, camellias, tulips, lavender, coneflowers, and various herbs."
"What type of air-conditioner did Li Hua select for Adam's living room, and how does its temperature regulation compare to the one in the basement?",Insufficient information,"Based on the conversation, there is no mention of an air-conditioner being installed in Li Hua's living room. All discussions revolve around the air-conditioner for the basement, where Adam Smith and Li Hua have been discussing various aspects including the size, type (split-type), and SEER rating of the unit. They also discussed the importance of choosing an energy-efficient and quiet model, with Li Hua recommending inverter AC units from brands like Mitsubishi and Daikin. However, since there is no specific mention of an air-conditioner for the living room, it is impossible to determine the type selected for that area or compare it to the one in the basement."
What are the sales figures for the PS5 exclusive games released in 2026 that Thane discussed with group members?,Insufficient information,"There is no specific information provided about sales figures for the PS5 exclusive games discussed by Thane and his group members in the given data. The conversations revolve around their preferences for upcoming games and their excitement about potential group purchases, but no details are provided regarding sales performance or figures. Therefore, based on the available information, we cannot determine the sales figures for the PS5 exclusive games discussed in the conversation."
"What specific techniques did Li Hua use to prepare for a marathon race that took place on September 1, 2026?",Insufficient information,"The provided data does not contain any specific details about Li Hua preparing for a marathon race that occurred on September 1, 2026. The available records pertain to various fitness activities and challenges such as push-ups, pull-ups, bench presses, and training sessions. There is no mention of marathon preparation or the specific techniques used by Li Hua for a marathon race. Therefore, based on the given information, it is not possible to determine the techniques Li Hua utilized for his marathon race on September 1, 2026."
What type of dessert did Wolfgang plan to have with Li Hua after their hot pot dinner on a different day?,Insufficient information,"In one of the conversation threads, Wolfgang expressed interest in having Thai food for dinner. Specifically, he thought about trying pad thai and spring rolls. This conversation occurred on September 30, 2026, at 16:00, indicating that Wolfgang planned to have Thai cuisine with Li Hua after their hot pot dinner. However, it's important to note that this was a different day from the one mentioned in the question, which was October 19, 2026."
What did Jennifer say to Li Hua about their plan for a team swimming competition in December?,Insufficient information,"There is no mention of a team swimming competition or any related plans between Jennifer and Li Hua in the provided conversation logs. The discussions revolve around exercise routines, personal achievements, and motivational messages related to fitness activities such as push-ups, planks, and yoga. Therefore, there is insufficient information to answer the question regarding their plan for a team swimming competition."
What strategy did Li Hua use to score a goal in the championship match against their rival team?,Insufficient information,"The provided conversations do not contain specific details about a particular goal Li Hua scored in a championship match against their rival team. There is no detailed account of a scoring moment or the strategy used to score a goal. The discussions focus more on past matches, individual player performances, and the overall competitiveness of the rivalry between FC Barcelona and Real Madrid. Without additional context regarding a specific goal, it's not possible to provide information on Li Hua's strategy for scoring."
What is Li Hua's favorite type of exercise outside of pull-ups?,Insufficient information,"Based on the conversation, Li Hua has expressed enthusiasm for various types of outdoor exercises, particularly ones that involve cardio and strength training. In one interaction, Raze suggested outdoor circuits combining both cardio and strength exercises as a refreshing and enjoyable option. Additionally, Phoenix mentioned planning to add more core workouts into her routine this week, indicating an interest in both strength and core-focused activities. Given these points, it seems that Li Hua enjoys a diverse range of outdoor exercises, likely including a mix of cardio and strength-based routines. However, specific details about her favorite outdoor exercises beyond pull-ups are not explicitly stated in the provided conversations."
What time did Chae first suggest they visit the music festival in the morning?,Insufficient information,"Chae first suggested visiting the music festival in the morning during one of their conversations. Specifically, in a conversation recorded on 20260216_10:00, Chae expressed interest in attending a photography exhibition at 19:00 (7:00 PM) that evening. Later in the same conversation, Chae mentioned a music festival in the morning as part of their plans. However, the exact time for this morning visit to the music festival is not specified in the given data."
What are the reasons behind Jennifer and Li Hua's decision to change their training routine for the following month?,Insufficient information,"In the conversations recorded, Jennifer and Li Hua discussed potential adjustments to their training routines based on their current fitness conditions. One instance of this occurred in the interaction dated ""20260204_15:00"". In this conversation, Jennifer proposed changing the training plan to accommodate Li Hua's need to balance work and fitness better. She suggested training twice a week instead of their previous schedule and offered Tuesdays and Thursdays as suitable days for the sessions. This change reflects Jennifer's willingness to adapt the training regimen according to Li Hua's evolving needs, ensuring that it remains both supportive and feasible given his work commitments.Another notable discussion took place in ""20261222_22:00"", where Li Hua requested a return to the initial training intensity after recovering from an injury. Jennifer responded positively, suggesting that they should ""ramp it up and get back to that intensity!"" This indicates that Jennifer was open to revising the training intensity based on Li Hua's recovery status, emphasizing the importance of progressive and personalized training plans. These examples illustrate that Jennifer and Li Hua prioritize adjusting their training routine to suit Li Hua's current fitness level and lifestyle, thereby ensuring he can maintain his commitment to regular exercise."
What specific gifts did Wolfgang buy for Li Hua during his trip to Hong Kong?,Insufficient information,"During Wolfgang's trip to Hong Kong, he focused on finding unique and special items for Li Hua. Specifically, Wolfgang was tasked with looking for cool snacks and a local souvenir. However, the details of the exact gifts he found are not explicitly mentioned in the provided data. Instead, we learn that Wolfgang was instructed to ""keep an eye out for some unique snacks and a souvenir,"" indicating that his goal was to bring back something special rather than specific gifts. From the context of the conversations, it seems that Wolfgang managed to find suitable gifts, likely based on his expertise in identifying unique items that would appeal to Li Hua. The gifts were chosen to reflect Hong Kong's vibrant culture and to satisfy Li Hua's desire for something special. Without explicit mention of the specific items purchased, we cannot provide a detailed list of the gifts Wolfgang bought for Li Hua."
