question,type,run,verdict
"What does LiHua like most about ""Warzone""?",Single,1,accurate
What does JakeWatson suggest for refueling after a soccer game?,Single,1,error
Why does WolfgangSchulz inquire of the band members about health products?,Single,1,error
"What is the name of the restaurant where Li Hua and Wolfgang had dinner on the night of June 9, 2026?",Null,1,accurate
"What does LiHua appreciate about the series ""Chernobyl""?",Single,1,accurate
"Does LiHua plan to play ""Warzone"" after the updates?",Single,1,accurate
What does Ivor do the day before a game to help with hydration?,Single,1,accurate
When is Wolfgang Schulz's promotion celebration dinner?,Single,1,accurate
What is LiHua's feeback on Hailey's new artisanal donuts?,Single,1,neither
What else does Henley plan to work on during the practice?,Single,1,accurate
What was ThaneChambers' favorite horse-related side quest in Red Dead Redemption 2?,Single,1,error
When does Li Hua ask Jennifer Moore about adjusting the protein in her meal plan?,Multi,1,error
What game does ThaneChambers consider their top choice for storytelling?,Single,1,accurate
What songs does Chae propose to the Jolly band to try out on Sunday according to the conversation on 20260521?,Single,1,neither
Which scene stood out for Li Hua in The Witcher 3?,Single,1,accurate
What type of pizza does WolfgangSchulz prefer?,Single,1,neither
What color did Li Hua decide to paint the walls of the basement after completing the renovation?,Null,1,accurate
What does Aurora say about the atmosphere at the Bernabéu during tough games?,Single,1,accurate
"What type of feedback did Li Hua provide to Chae regarding the community medical knowledge lecture, and what is Wolfgang's role in the band rehearsal?",Null,1,error
What does Li Hua plan to do to clear their head?,Single,1,error
What is the current status of the curtains according to LiHua?,Single,1,error
Who does Jake believe has the potential to be a game-changer for Barca?,Single,1,accurate
Which moment involving Tyrion is Merrick's favorite?,Single,1,accurate
What does Dyllan think about crossplay?,Single,1,accurate
Who will bring cones for drills at the match?,Single,1,error
What does Briar remind everyone to bring to practice?,Single,1,accurate
Is the time interval more than 7 days between Adam asking LiHua to measure the size of the window and Adam informing Li Hua that he has booked the curtain of the right size?,Multi,1,error
What places in Europe does WolfgangSchulz remember as stunning in Europe?,Single,1,accurate
What type of dessert did Wolfgang plan to order for Li Hua during their dinner celebration?,Null,1,accurate
Did Li Hua ask Yuriko to play music together before Wolfgang proposed to pause playing musical instruments?,Multi,1,accurate
Why is LiHua praising Chae in their conversation on 20260717?,Single,1,error
What is the topic of discussion between Li Hua and Wolfgang Schulz on burger preferences?,Single,1,error
What specific colors of paint does Li Hua plan to use for the basement walls after decorating with potted plants?,Null,1,accurate
Did Wolfgang's promotion announcement occur before he invited Li Hua for dinner on 20260430?,Multi,1,error
When is the garage sale being discussed?,Single,1,accurate
"What payment method did Li Hua use to purchase groceries from the store on April 15, 2026?",Null,1,accurate
Li Hua has a difficult client. When did he solve that client's project?,Multi,1,neither
What is Li Hua's opinion on the characters in Succession?,Single,1,accurate
What do LiHua and Emily agree on regarding the anticipation for the next episode?,Single,1,accurate
What kind of activities does MalfurionStormrage suggest for the gathering?,Single,1,accurate
What type of gameplay does Jareth enjoy after a big challenge?,Single,1,accurate
What time does Hailey Johnson start baking?,Single,1,neither
Would LiHua be interested in playing co-op with the group?,Single,1,error
How does Fionnuala describe the convenience of the Control Center's audio settings adjustment?,Single,1,accurate
"What was LiHua's unforgettable match in ""Warzone""?",Single,1,accurate
When did Li Hua inform Adam Smith that the rent was transferred?,Single,1,error
Which regions in Witcher 3 did Li Hua and Thane Chambers discuss?,Single,1,accurate
Is the time interval more than 7 days between Adam asking LiHua about the size of the fridge and Adam informing LiHua that the fridge will be delivered at 4pm next day?,Multi,1,neither
What player's midfield importance does Aurora highlight?,Single,1,accurate
What type of fusion music does Wolfgang Schulz plan to create with Li Hua during their weekend trip to the music store?,Null,1,accurate
"Who is ThaneChambers' favorite character in ""Octopath Traveler""?",Single,1,accurate
Did Li Hua tell Wolfgang about making a new friend before Yuriko reminded the group members to meet for the music festival?,Multi,1,accurate
What does LiHua think makes Messi the best?,Single,1,accurate
How many servings of vegetables should LiHua aim for each day to keep body in good shape according to Jennifer?,Single,1,error
Did Li Hua send a message to Jennifer asking for her opinion on protein supplements before he consulted her about his daily protein powder consumption?,Multi,1,error
Question: Did Jennifer remind Li Hua to consume enough protein after the workout before she shared tips with the group members on common mistakes to avoid after an intense workout?,Multi,1,neither
Did Li Hua ask Jennifer for advice on how to prevent muscle soreness after an intense workout session before he told her that he feels soreness in his arm muscles after the workout this week?,Multi,1,error
What does LiHua find as a perfect place to work in his conversation with Chae?,Single,1,neither
"Which moment does LiHua find memorable for the ""Man in Black""?",Single,1,accurate
What is the nutritional value of the new line of high-protein breads compared to traditional white bread?,Null,1,accurate
Which character's dynamic with Cersei is mentioned as complicated?,Single,1,accurate
What does Li Hua like about the curtains?,Single,1,neither
What does Lachlan appreciate about Arya Stark's character development?,Single,1,accurate
"What does ThaneChambers say about ""Warzone""?",Single,1,accurate
What tips does Jennifer give to LiHua about preventing muscle soreness after a tough workout?,Single,1,accurate
What does WolfgangSchulz want to check out in Italy?,Single,1,accurate
What type of drink does LiHua suggest to have with hot pot?,Single,1,accurate
Who introduced the bread delivery service and recommend Alice for the delivery?,Multi,1,accurate
What new songs are LiHua working on lately on his guitar as of 20260908?,Single,1,accurate
What does Lachlan think about Jaime's final decision to protect Cersei?,Single,1,accurate
What brands of air-conditioners does LiHua recommend to Wolfgang?,Single,1,accurate
What tip does Jennifer give to the gym members on 20260630?,Single,1,neither
Has EmilyBurnett ever met anyone like Shedlon Cooper in her real life?,Single,1,accurate
What TV show does EmilyBurnett recommend LiHua to watch?,Single,1,accurate
What does LiHua want to know about WolfgangSchulz's pizza preference?,Single,1,accurate
What is the name of the song that Li Hua will sing at the karaoke on 20260425?,Null,1,accurate
Who is Real Madrid's coach according to Ivor?,Single,1,accurate
Who offers to help with the installation of the curtains?,Single,1,accurate
What is the purpose of starting with bodyweight exercises?,Single,1,neither
What feedbacks does Hailey ask from LiHua in July?,Multi,1,error
Did it take more than a week from Adam asking LiHua about the ideal installation date to Adam reminding LiHua about the contractor team installing air-conditioner at 18:00?,Multi,1,accurate
What is Kendall's relationship with Logan like according to the group's discussion?,Single,1,accurate
How does YurikoYamamoto feel about adding a new dimension to their music with binaural tones?,Single,1,neither
"What is LiHua curious about regarding the ""Man in Black"" in Westworld?",Single,1,accurate
Who initiates the discussion about binaural tones?,Single,1,neither
What suggestions does Jennifer give to LiHua to help boost his endurance?,Single,1,error
What is WolfgangSchulz's favorite risotto memory?,Single,1,accurate
What is Li Hua looking forward to trying from the summer promotion?,Single,1,error
Who is the most hateable character in Game of Thrones in Orion's opinion?,Single,1,accurate
What will be a gift for Li Hua if he chooses to renew the fitness contract with Jennifer Moore?,Single,1,neither
Who initiates the discussion about game storytelling?,Single,1,accurate
What did Wolfgang Schulz suggest Li Hua to do when Li Hua face a difficult client?,Single,1,neither
What was the exact date and time when Cersei Lannister first met Jaime Lannister in the Game of Thrones series?,Null,1,accurate
Does LiHua play the game solo or with friends?,Single,1,accurate
What will special guest speaker be talking about as Jennifer mentions to LiHua?,Single,1,neither
What is Li Hua's favorite type of exercise outside of pull-ups?,Null,1,error
Who suggested Li Hua keep a clear log of all the changes requested by the client?,Single,1,neither
Which game is LiHua currently obsessed with for its graphics and storytelling?,Single,1,accurate
What were the specific requirements that the customers modified and how did Li Hua respond to each change?,Null,1,neither
What was special about the match against Manchester City in 2022 according to the group discussion?,Single,1,accurate
What new song does the Jolly band decide to work on for the jam session according to their discussion on 20260410?,Single,1,neither
"What does EmilyBurnett think is the main motive for the ""Man in Black""?",Single,1,accurate
Who initiates the suggestion to go to the grocery store after work on 20260923?,Single,1,neither
Which performance does Chae want the band members to check out in their discussion on 20260715?,Single,1,neither
What does LiHua say about the seafood in Cinque Terre?,Single,1,accurate
What is the proposed solution for making the garden more inviting on sunny days?,Single,1,accurate
Who does Li Hua mention as their favorite character from The Witcher 3?,Single,1,accurate
What tips on balancing work and personal hobbies does LiHua give to Chae?,Single,1,neither
Who is Li Hua bringing to the band's jam session according to their discussion on 20260425?,Single,1,accurate
What does Li Hua suggest to Hailey regarding the frequency of bread delivery?,Single,1,error
Which game does Helios suggest for tactical fun with a great story and character development?,Single,1,accurate
"What does LiHua predict will happen in ""The Rings of Power""?",Single,1,accurate
Did Li Hua provide feedback to Jennifer Moore on his new meal plan before he asked her for advice on a healthy meal plan?,Multi,1,accurate
Where does Li Hua plan to meet Yuriko Yamamoto to show the final website?,Single,1,accurate
When is Wolfgang and LiHua going to the photography exhibition on 20260805?,Single,1,accurate
What does Farrah admire about Rodri's play?,Single,1,accurate
How long should each stretch be held according to JakeWatson?,Single,1,neither
What will LiHua bring for everyone to enjoy after the match?,Single,1,accurate
What specific diet did Li Hua follow to achieve his fitness results that Jennifer Moore recommended?,Null,1,accurate
What game has Gavriel been hooked on recently for its blend of RPG elements and social simulation?,Single,1,accurate
What were the specific details of the negotiation between Jake Watson and Li Hua regarding player transfers from FC Barcelona to FC Bayern Munich?,Null,1,accurate
"Did Yuriko ask Li Hua for help with her studio's homepage before she booked a seat at the ""Central Perk"" cafe?",Multi,1,accurate
Which theme of Westworld resonates the most for LiHua?,Single,1,error
What event does LiHua think is an opportunity for the Jolly band to perform in front of the crowd?,Single,1,accurate
How does Saffron feel about Jaime's choice to protect Cersei?,Single,1,accurate
What time does Turalyon plan to limit noisy activities?,Single,1,neither
When is the anniversary event of Hailey Johnson's bakery shop?,Single,1,accurate
What time does LiHua propose for dinner on 20260930?,Single,1,accurate
What TV series does LiHua mention that they are curious about in relation to The Lord of the Rings?,Single,1,accurate
What TV series does EmilyBurnett remember LiHua likes?,Single,1,accurate
Li Hua accidentally broke a light fixture once. What did Adam say about the light fixture?,Single,1,neither
Did Li Hua ask Wolfgang Schulz for a recommendation on a gym or fitness center before asking Jennifer Moore for book recommendations on fitness nutrition?,Multi,1,error
What flavor of new bread products did Li Hua really enjoy at the bakery's anniversary event?,Null,1,error
What game is ThaneChambers currently playing?,Single,1,error
What is the size of the basement?,Single,1,neither
What are LiHua's usual recovery snacks after a game?,Single,1,neither
What does Quillan suggest could have been a game-changer for Cersei?,Single,1,accurate
What does WolfgangSchulz suggest the group do before the upcoming karaoke night?,Single,1,accurate
Who are JakeWatson's and LiHua's favorite defenders?,Single,1,accurate
What special offerings did Hailey have for her backery shop in the month of May?,Multi,1,error
"What is Aisling's opinion on using traps in ""Octopath Traveler""?",Single,1,error
When is the Freelancer Group Meeting scheduled for according to the conversation between LiHua and Yuriko?,Single,1,accurate
Who suggests going out for hot pot?,Single,1,accurate
Which match does JakeWatson remember for Real Madrid's comeback?,Single,1,accurate
What does Lachlan find haunting about Cersei's end?,Single,1,accurate
What does Hailey Johnson want Li Hua to help with at the bakery according to their discussion on 20260731?,Single,1,accurate
What game does ThaneChambers remember as LiHua's favorite?,Single,1,error
Did Adam Smith send Li Hua a reminder about the upcoming rent due date before Li Hua sent a message about having already transferred the rent on 20260301?,Multi,1,error
How does LiHua feel about the soreness in their arm muscles?,Single,1,neither
What does Aisling find emotionally impactful about Red Dead Redemption 2's ending?,Single,1,accurate
What does Li Hua plan to celebrate Chinese Lunar New Year?,Single,1,accurate
What does EmilyBurnett say Cersei's choices led to?,Single,1,accurate
"What aspect of ""Black Myth: Wukong"" does LiHua find the most impressive?",Single,1,accurate
"How does LiHua describe the balance of combat and puzzles in the game ""Black Myth: Wukong""?",Single,1,neither
In which year did Barca lose 4-0 against Bayern as mentioned in the conversation?,Single,1,accurate
What does Gavriel think about crafting systems?,Single,1,neither
What new flavor is LiHua looking for as he mentions to Hailey in their conversation on 20260714?,Single,1,error
Wolfgang suddenly becomes very concerned about good body shape and healthy food choices in December. What are the two conversations he had with LiHua in December that reflect this?,Multi,1,error
"What specific feedback did Yuriko give to Li Hua about the demo website during their meeting at the cafe ""Central Perk"" on Thursday morning, and how did Li Hua respond to her comments?",Null,1,error
What kind of songs are Li Hua and Chae Song-hwa considering adding to their playlist for babies?,Single,1,error
What does LiHua think about the potential for stealth in the game?,Single,1,accurate
Did the group members talk about their favorite characters in the TV series Game of Thrones after Emily started a vote on the most hateable character?,Multi,1,accurate
Which game does Caelum mention for encouraging emotional engagement with the narrative?,Single,1,accurate
What does Fionnuala think about matchmaking systems?,Single,1,neither
What specific gifts did Wolfgang buy for Li Hua during his trip to Hong Kong?,Null,1,accurate
What is the amount of rent Li Hua owes to Adam Smith for the months of April and May?,Null,1,accurate
Who will pick up the snacks and drinks on their way before the movie?,Single,1,accurate
Which game does LiHua mention he's been playing on 20260920?,Single,1,neither
Why does LiHua bring up Adam Smith in the band's conversation on 20260616?,Single,1,error
What does Ileana think is essential for the new game?,Single,1,accurate
Who offers to help with setting up for the garage sale?,Single,1,accurate
What time does Li Hua check in with Adam about moving in?,Single,1,neither
Did Li Hua ask Wolfgang Schulz if he wants to go to the gym together before Jennifer reminded Li Hua to participate in the gym's membership feedback activity?,Multi,1,accurate
What mission does Gavriel mention that shows Arthur's growth in the game?,Single,1,accurate
"What toppings did Hailey put on the bread for Li Hua's next delivery, and what is the name of the bakery she gets her bread from?",Null,1,accurate
What does Saffron say Cersei was blinded by?,Single,1,accurate
What is the exact reason for Li Hua's unexpected work meeting on Thursday?,Null,1,accurate
Who does JakeWatson consider the best defender in the history of FC Barcelona?,Single,1,accurate
What specific sleep techniques did Li Hua use to improve her study habits after reading the neuroscience article and discussing the warm shower with Chae?,Null,1,accurate
What does RexxarRemar suggest to have available to keep everyone hydrated during the picnic?,Single,1,accurate
What does LiHua express feeling after the encouragement from Jennifer?,Single,1,accurate
"What memorable moment does LiHua share from the game ""Black Myth: Wukong""?",Single,1,error
How does RexxarRemar plan to spend time in the garden once it's done?,Single,1,accurate
"How does Dyllan describe the importance of a balanced party in ""Octopath Traveler""?",Single,1,accurate
What time does WolfgangSchulz propose for going to the grocery store on 20260923?,Single,1,neither
What is the topic of the online tutorial Yuriko shares with the group?,Single,1,neither
Who is the best midfielder in the past decade in JakeWatson's opinion?,Single,1,accurate
Is the time interval between LiHua asking JakeWatson to help him with dribbling skills and Li Hua asking the group about classic must-watch UCL matches more than 2 days (restrict your search within August)?,Multi,1,accurate
What does WolfgangSchulz like about Prague?,Single,1,accurate
Can Li Hua hang his artworks on the wall?,Single,1,neither
"Which team's style of play does Farrah remember as ""Total football""?",Single,1,accurate
Does Jake agree to play as the goalkeeper?,Single,1,error
What are some of Jennifer Moore's tips for dealing with muscle soreness?,Single,1,accurate
Who asks LiHua to measure the window in the basement?,Single,1,error
What type of special dietary restrictions does Li Hua follow when preparing meals for his family?,Null,1,error
When did Li Hua receive the curtains?,Single,1,neither
What game does Dyllan recall for its intimate feel and dialogue?,Single,1,accurate
Has LiHua ever met anyone like Shedlon Cooper in his real life?,Single,1,accurate
What does Helios want to know about the game?,Single,1,neither
Who informs LiHua that the new software is almost done?,Single,1,accurate
What is Li Hua's impression of the Blood and Wine expansion?,Single,1,accurate
What specific suggestions did Li Hua have regarding the construction schedule during the last community meeting?,Null,1,accurate
What does LiHua ask Jake about soccer?,Single,1,error
What game does Elara mention for making her emotional?,Single,1,accurate
Why does Wolfgang prefer a well-done meat patty in a burger?,Single,1,neither
Did Li Hua ask Wolfgang for advice on renovating the basement before he invited Adam Smith to check the progress of the basement renovation?,Multi,1,neither
What is the name of the Italian restaurant where Wolfgang and Li Hua are having dinner to celebrate Wolfgang's promotion?,Single,1,accurate
When is the karaoke activity organized by ChaeSong-hwa?,Single,1,accurate
Which player's development under Guardiola does Jasper mention?,Single,1,accurate
Which goal does JakeWatson never forget from Messi?,Single,1,accurate
What team does JakeWatson admire for their comebacks?,Single,1,accurate
What does LiHua think about the graphics and gameplay of Black Myth: Wukong?,Single,1,accurate
Who knows about Wolfgang going to Hong Kong?,Multi,1,error
Who is recommended by Jennifer to share some fitness tips in the gym group chat on 20260730?,Single,1,accurate
What is the building's policy that Adam reminds Li Hua about?,Single,1,error
What does MuradinBronzebeard think about the cushions idea?,Single,1,neither
Why did Li Hua ask for extra exercises to do at home?,Single,1,accurate
What is the opportunity that makes Wolfgang and Yuriko acquaitances?,Multi,1,accurate
What did Jennifer say to Li Hua about their plan for a team swimming competition in December?,Null,1,accurate
What is LiHua looking forward to in the upcoming matches?,Single,1,accurate
Which aspect of Black Myth: Wukong does LiHua find immersive?,Single,1,neither
What specific dietary changes did Li Hua implement in his training regimen as a result of Jennifer's advice on endurance and flexibility?,Null,1,error
What time did Chae first suggest they visit the music festival in the morning?,Null,1,accurate
Who will bring the tools for the curtain installation?,Single,1,accurate
Why does Li Hua ask ChaeSong-hwa about whether neurosurgeons actually use test tubes in their work?,Single,1,neither
What does ChaeSong-hwa suggest binaural tones could enhance?,Single,1,neither
Which game does Helios call a masterpiece for making players feel connected to the characters?,Single,1,accurate
"How does ThaneChambers feel about upcoming ""Warzone"" updates?",Single,1,accurate
What does GromHellscream suggest to brighten the area in the evening?,Single,1,neither
What does Fionnuala think about potions and temporary boosts?,Single,1,accurate
How does TirionFordring emphasize the importance of balancing the garden renovation with supporting local vendors?,Single,1,accurate
What is Li Hua's opinion about Yennefer's character?,Single,1,accurate
What does ThaneChambers love about the boss battles in Black Myth: Wukong?,Single,1,accurate
What new hobbies does Wolfgang Schulz propose to Li Hua?,Single,1,error
What type of protein shake does Li Hua prefer to drink before his workout sessions?,Null,1,accurate
What local dish did WolfgangSchulz try in Prague?,Single,1,accurate
What is LiHua's favorite superhero?,Single,1,accurate
What pizza does LiHua like?,Single,1,neither
When is the web design seminar at Wolfgang's company happening?,Single,1,accurate
What songs does ChaeSong-hwa suggest adding to the mix according to the discussion on 2026101?,Single,1,accurate
Who invites Li Hua to join the community bake sale?,Single,1,accurate
Who shared a music theory tutorial with the group?,Single,1,accurate
Who does LiHua ask for help with installing a curtain?,Single,1,accurate
Why did Adam remind Li Hua not to play guitar late at night?,Single,1,neither
What drink does WolfgangSchulz usually have with his pizza?,Single,1,neither
What does Thrall suggest they create to support local businesses?,Single,1,error
Which two specific pastries does Hailey Johnson recommend for Mother's Day?,Single,1,accurate
What game does Gavriel mention for its characters and plot twists?,Single,1,accurate
Which game does Dyllan recommend for turn-based combat and art style?,Single,1,accurate
What TV show does EmilyBurnett recommend to Li Hua after discussing Succession?,Single,1,accurate
What is one characteristic of Real Madrid that JakeWatson mentions?,Single,1,accurate
What is the main topic of the conversation between LiHua and ChaeSong-hwa on 20260626?,Single,1,accurate
Why is protein important according to JenniferMoore?,Single,1,accurate
What does Rowan say about Cersei's independence?,Single,1,accurate
Has Wolfgang ever been to Hong Kong?,Multi,1,accurate
What feature on the PS5 does Ileana praise for making switching between games smoother?,Single,1,accurate
What does MuradinBronzebeard think about live music?,Single,1,accurate
"What is the total cost of the air conditioner installation, including labor and materials, if Li Hua had previously discussed a budget of $2,000 with a different contractor?",Null,1,accurate
What relationship could have shown Cersei a different perspective on power according to Lachlan?,Single,1,accurate
What suggestions does Li Hua propose to Adam Smith about the upcoming community garden renovation?,Single,1,accurate
What does Kieran wish Jaime had done differently?,Single,1,accurate
Did Jake Watson and Li Hua discuss the classic matches between FC Barcelona and FC Bayern Munich before the group members discussed the classic matches between FC Barcelona and Real Madrid?,Multi,1,accurate
Did Li Hua discuss his progress with the fitness plan before he shared a blog post about his recent fitness achievements?,Multi,1,accurate
Did Li Hua share a blog post about his recent fitness achievements after Jennifer sent him a motivational message?,Multi,1,error
When is the contractor team going to install the air-conditioner?,Single,1,neither
What is the name of Hailey Johnson's new weekly flavor cheese?,Single,1,neither
What does TirionFordring suggest bringing for seating?,Single,1,accurate
"What does ThaneChambers propose to do with the ""Warzone"" updates?",Single,1,accurate
What is the focus for the next session suggested by JenniferMoore on 20260930?,Single,1,neither
What days does Li Hua takes for the training sessions?,Single,1,error
Who proposes adding picnic tables for families to enjoy some snacks after playing?,Single,1,error
How does Niamh think Jaime could've ended up differently?,Single,1,accurate
What is Wolfgang's favorite superhero?,Single,1,accurate
What type of lighting is preferred for the seating area in the community garden?,Single,1,accurate
What does HaileyJohnson want LiHua to taste?,Single,1,accurate
Which stretches does JakeWatson recommend for soccer-specific areas?,Single,1,error
How does JakeWatson view Messi's impact on future generations of players?,Single,1,accurate
What makes Wolfgang feel under a lot of pressure according to his conversation with LiHua on 20260905?,Single,1,accurate
What dish does Li Hua agree to bring to the neighborhood potluck dinner?,Single,1,accurate
Did Turalyon announce the construction updates and feedback from residents after Illidan Stormrage complained about the construction noise?,Multi,1,error
What does Adam say about having friends over?,Single,1,neither
What are the reasons behind Jennifer and Li Hua's decision to change their training routine for the following month?,Null,1,neither
How does Kieran describe Tywin's influence on Cersei?,Single,1,accurate
Who congratulates LiHua on pushing their limits with the bench press?,Single,1,accurate
What game is Helios currently playing and finds the world and gameplay mechanics stunning?,Single,1,accurate
What is Li Hua's preference for a burger patty's doneness?,Single,1,neither
Why is Chae Song-hwa unable to join the rehearsal?,Single,1,accurate
Who suggests exploring the PS5 settings for accessibility features and Game Help?,Single,1,accurate
What does AdamSmith agree is crucial to align with the garden project schedule?,Single,1,error
"What did Li Hua eat for dinner on January 20, 2026?",Null,1,accurate
Who does Li Hua plan to celebrate Chinese Lunar New Year with?,Single,1,accurate
Did Jennifer challenge Li Hua to do 60 pull-ups in a training session after she challenged him to do 100 pushups?,Multi,1,error
Who reminds everyone to drink water before and during the match?,Single,1,error
How does LiHua feel about the upcoming karaoke night?,Single,1,accurate
On which day do LiHua and AdamSmith agree to install the curtain?,Single,1,accurate
What kinds of flowers does Li Hua recommend to Adam Smith for the flower beds?,Single,1,accurate
"What does LiHua's plan about wathcing ""The Last of Us""?",Single,1,accurate
What is LiHua's favorite match involving Barcelona?,Single,1,accurate
When did Li Hua change the training plan?,Single,1,error
What are the sales figures for the PS5 exclusive games released in 2026 that Thane discussed with group members?,Null,1,accurate
What does Elara enjoy doing to unwind after intense battles in games?,Single,1,error
"Who is LiHua's favorite actor in ""Chernobyl""?",Single,1,accurate
What does Dacey propose to practice on Saturday?,Single,1,accurate
What aspect of Elrond's character does Emily appreciate?,Single,1,accurate
Who proposes adding some outdoor games or a small water feature to the children's play areain the community discussion?,Single,1,accurate
What suggestions does Li Hua give for promoting the new scheduling feature?,Single,1,neither
Which UCL match does Jasper recommend as a classic must-watch?,Single,1,accurate
Who offers to bring cones for the soccer practice?,Single,1,error
What song did Yuriko and Wolfgang decide to perform together after watching the drum tutorial?,Null,1,neither
"What new species of flowers will be featured in the community garden renovation, according to the feedback provided by Li Hua during the progress reports?",Null,1,error
What type of instrument does Li Hua play in the basement?,Single,1,accurate
What is JenniferMoore's reminder to LiHua about on 20260919?,Single,1,neither
Waht songs does Chae recommend in the band's group discussion on 20260629?,Single,1,error
What exercises did Jennifer Moore suggest Li Hua do at home?,Single,1,error
What is LiHua's reaction to the news about the new software?,Single,1,accurate
Who is considering buying Sekiro: Shadows Die Twice and asks for ThaneChambers' opinion?,Single,1,accurate
What is the address where Li Hua wants the bread delivery to be made?,Single,1,accurate
Who suggests getting pizza for dinner?,Single,1,accurate
What aspect of Cersei's character does Quillan say often shadows her vulnerability?,Single,1,accurate
Who asks Emily if she has read The Lord of the Rings novels?,Single,1,accurate
What does Briar think about Real Madrid's chances for the rest of the season?,Single,1,accurate
What does ChaeSong-hwa say about the karaoke night?,Single,1,accurate
Which character does LiHua mention as their favorite and describe as inspiring?,Single,1,accurate
What songs does ChaeSong-hwa suggest starting with according to the discussion on 20261019?,Single,1,accurate
What playing style is associated with Guardiola's Barcelona team?,Single,1,accurate
Why does LiHua like Geralt from The Witcher 3?,Single,1,accurate
How does Rowan describe Cersei's transformation throughout the series?,Single,1,accurate
Which game does LiHua mention for playing with various storytelling tropes?,Single,1,error
How long does it take in total from LiHua planning on getting the air-conditioner to the air-conditioner been installed?,Multi,1,accurate
What does Li Hua think about improvisation during the jam session?,Single,1,accurate
What type of ambiance does YurikoYamamoto want for her studio's homepage?,Single,1,accurate
What additional advice does JakeWatson give for maintaining muscle flexibility?,Single,1,error
What aspect of Rodri's performance does Henley praise?,Single,1,accurate
"Did Yuriko tell Li Hua about booking a seat at the ""Central Perk"" cafe before Li Hua sent her a message to confirm the details of their next meeting?",Multi,1,error
"What type of air-conditioner did Li Hua select for Adam's living room, and how does its temperature regulation compare to the one in the basement?",Null,1,accurate
Who is excited to see how the garden evolves?,Single,1,error
What does Turalyon think about the suggestions?,Single,1,accurate
What skill does Li Hua plan to improve with WolfgangSchulz's help?,Single,1,error
Why deoes the construction have to be postponed according to Tirion Fordring?,Single,1,accurate
Did Li Hua ask Jennifer Moore for book recommendations on fitness nutrition before she announced the special guest speaker at the gym?,Multi,1,accurate
Which game does Jareth praise for its storytelling in side quests?,Single,1,accurate
What idea does Rowan say Cersei represents?,Single,1,accurate
What joke does Wolfgang make as an April Fool's joke?,Single,1,neither
What new components are being added to the garden project as Turalyon announces it on 20260806?,Single,1,neither
What does LiHua think about Gerard Piqué as a defender?,Single,1,accurate
What is the purpose of the community picnic?,Single,1,accurate
Who does LiHua pick as the best football manager of all time?,Single,1,accurate
What breathing technique does Jennifer Moore suggest for running?,Single,1,error
What does RexxarRemar suggest to make the garage sale more enjoyable?,Single,1,accurate
What specific measurements did Li Hua take for the window size before the installation of the curtain?,Null,1,accurate
What is LiHua's response to the suggestion of taking a warm shower before bed?,Single,1,neither
Did Hailey announce the new line of high-protein breads before inviting Li Hua to the special bakery event?,Multi,1,accurate
What type of stretches does Sage prefer before hitting the gym?,Single,1,accurate
"What is EmilyBurnett's favorite moment of the ""Man in Black""?",Single,1,accurate
What funny glitch did Fionnuala experience in the game Red Dead Redemption 2?,Single,1,accurate
What time is the power outage in the neighborhood?,Single,1,accurate
When is the construction of the garden supposed to start?,Single,1,accurate
How does Phaedra view Jaime's character arc?,Single,1,accurate
What are the dimensions of the window that LiHua measures?,Single,1,neither
When does Adam confirm the plumber will arrive?,Single,1,accurate
Who is delivering the bread to Li Hua on 20260403?,Single,1,neither
Did Chae tell Li Hua that taking a warm shower before sleeping can improve the sleep quality before sharing the neuroscience article with her?,Multi,1,accurate
When did Li Hua inform Adam Smith that the rent for last month (implied to be May) had been transferred?,Single,1,error
What new pastry does Hailey think is perfect for a fitness lover like Li Hua?,Single,1,accurate
When is the community meeting for the garden project scheduled according to the discussion on 20260507?,Single,1,neither
"What specific techniques did Li Hua use to prepare for a marathon race that took place on September 1, 2026?",Null,1,accurate
What is the name of the song that Yuriko recommend to the band on 20260706?,Single,1,accurate
What is LiHua's suggestion regarding pizza places?,Single,1,accurate
When was the first time Li Hua had dinner with Wolfgang this year?,Single,1,accurate
Did Li Hua send a follow-up message to Jennifer before she asked him about his latest sleeping schedule?,Multi,1,error
What dietary restrictions does LiHua have in his conversation with Hailey?,Single,1,accurate
Did Li Hua send a message to Jennifer thanking her for the new training schedule before he requested a change in his training schedule for Thursday?,Multi,1,error
What drinks does WolfgangSchulz want to have while watching the movie?,Single,1,accurate
What does Li Hua agree to bring to the bonfire singing party hosted by Chae Song-hwa?,Single,1,accurate
What flavor of cake did Hailey plan to bake for the bakery's anniversary celebration in February?,Null,1,accurate
What does Giselle remind everyone to do before practice?,Single,1,accurate
What is on WolfgangSchulz's list for a future trip?,Single,1,accurate
What aspects of Sekiro: Shadows Die Twice does ThaneChambers highlight?,Single,1,accurate
What does EmilyBurnett think about the future relevance of Westworld's themes?,Single,1,accurate
Who asks Jake to play as the goalkeeper for soccer training?,Single,1,neither
What garden-related activity is Thrall planning to organize?,Single,1,accurate
When does Li Hua confirm the rent transfer to Adam?,Single,1,error
Who proposes that the band takes a break from jamming this week?,Single,1,error
Who does LiHua want to invite to the photo exhibition and who goes with him (during August)?,Multi,1,accurate
What percentage discount is Hailey Johnson offering for Mother's Day pastries?,Single,1,accurate
What song did Li Hua perform at the local music festival in 2026?,Null,1,accurate
What time do they plan to meet for soccer practice?,Single,1,accurate
What does Emily say about the series making her feel like she is really getting to know the characters?,Single,1,accurate
Why are Wolfgang and LiHua going to the local music store?,Single,1,accurate
What are Jake's go-to snacks for match days?,Single,1,accurate
How much discount is Hailey willing to give to LiHua according to their conversation on 20260816?,Single,1,neither
Did Li Hua agree to go out for dinner after Wolfgang first asked him if he wanted to go out for dinner?,Multi,1,error
When does Li Hua plan to celebrate Chinese Lunar New Year?,Single,1,accurate
What does LiHua think about the themes of Westworld?,Single,1,neither
What could have changed everything for Cersei if she had embraced it according to Tamara?,Single,1,accurate
What does Li Hua report to Adam on January 6th?,Single,1,error
Did the discussion about Jaime Lannister's character occur after the discussion about Cersei Lannister's character?,Multi,1,error
What did Li Hua enjoy the most about the restaurant that he and Wolfgang visited for dinner on 20260514?,Single,1,neither
"What strategy does Helios recommend for dealing with flying machines in ""Horizon Forbidden West""?",Single,1,accurate
What type of cake does Li Hua plan to bring to the meeting with Yuriko to celebrate her studio's homepage redesign?,Null,1,accurate
What was the content of the first-ever delivery from Hailey to LiHua and what was LiHua's opinion about it?,Multi,1,neither
What does Adam Smith suggest Li Hua use to hang artwork without damaging the walls?,Single,1,neither
What does ThaneChambers think about the new games?,Single,1,accurate
"What memorable scene from ""Chernobyl"" does LiHua mention?",Single,1,accurate
Did Li Hua ask Adam Smith about placing potted plants in the basement before he asked about decorating the basement?,Multi,1,accurate
When is the installation of the air-conditioner for the basement?,Single,1,accurate
Who invites LiHua to taste a new bread recipe?,Single,1,accurate
Did Li Hua agree to have dinner with Wolfgang after he told Wolfgang about the lunch arrangement?,Multi,1,accurate
What relationship could have potentially changed Cersei's path according to Phaedra?,Single,1,accurate
Who suggests doing a group purchase of the new games?,Single,1,neither
Who initiated the discussion about the community garden renovation and its benefits to local businesses?,Single,1,neither
What does Evangeline say about Real Madrid's history in the Champions League?,Single,1,accurate
Who wished Li Hua a happy Lunar New Year?,Multi,1,accurate
Who offers to check with friends for live music performance?,Single,1,error
Did it take more than 3 weeks from LiHua planning on getting the air-conditioner to the air-conditioner been actually installed?,Multi,1,accurate
What type of traditional games did Wolfgang Schulz play with Li Hua during the Lunar New Year celebration?,Null,1,accurate
What does RexxarRemar suggest for keeping everyone energized during the picnic?,Single,1,error
What does Li Hua want to have on Hailey's bakery shop anniversary event?,Single,1,accurate
When does Li Hua plan to meet JakeWatson for soccer practice?,Single,1,error
What sports would LiHua like to see on the community sports day?,Single,1,accurate
What could Jaime and Brienne have done to rebuild trust according to Merrick?,Single,1,accurate
Did Wolfgang ask Li Hua if she wants to have pizza for dinner after work today before he wondered if she wanted to have Sichuan hot pot for dinner tonight?,Multi,1,accurate
What day did the community members decide on for the picnic?,Single,1,accurate
What dish did Li Hua order for dessert after having Sichuan hot pot with Wolfgang Schulz?,Null,1,neither
"What type of exercise does Li Hua prefer to do at the gym, and what time does Wolfgang usually go to the gym?",Null,1,error
Which match does Jasper mention that Manchester City played recently?,Single,1,accurate
What does WolfgangSchulz suggest incorporating into practice sessions according to the discussion on 20260916?,Single,1,neither
Who proposes creating a little garden area where kids can help plant flowers or vegetables?,Single,1,accurate
What are LiHua's favorite snacks for the game?,Single,1,error
When does AdamSmith say he is available to help with the curtain installation?,Single,1,accurate
What does ArthasMenethil describe the outcome of the garden project and supporting local vendors as?,Single,1,accurate
What significant event in Cersei's life does Saffron highlight as a turning point?,Single,1,accurate
What aspect does ThaneChambers enjoy about sharing clips on the PS5?,Single,1,accurate
Did Li Hua send a message to Jennifer asking if he can turn the Thursday class to Friday after he requested a change in his training schedule for Thursday?,Multi,1,error
Who initiated the discussion about Cersei's journey in Game of Thrones?,Single,1,accurate
How many times does Li Hua train per week now?,Single,1,error
How does LiHua feel about the bench press challenge proposed by JenniferMoore?,Single,1,neither
What does MalfurionStormrage suggest for sunny days?,Single,1,error
"Who does Li Hua go to watch the movie ""Overwatch 3"" with?",Multi,1,neither
Is the time interval more than 3 days between LiHua first asking Adam if he can buy a small fridge for the basement and Adam asking LiHua about the size of the fridge?,Multi,1,accurate
What day and time is the community bake sale taking place?,Single,1,accurate
What does JenniferMoore suggest to improve performance and prevent injuries?,Single,1,accurate
What time is Li Hua's lunch with Wolfgang Schulz at the cozy café downtown?,Single,1,neither
What day do Li Hua and Wolfgang Schulz plan to visit the photography exhibition?,Single,1,accurate
Why is Yuriko asking for LiHua's help on 20260807?,Single,1,neither
"What specific design features did Li Hua suggest for Yuriko's studio homepage during their meeting at ""Central Perk""?",Null,1,error
What does Bronwyn think about the idea of stealth missions?,Single,1,accurate
"What aspect of ""The Rings of Power"" does Emily appreciate in terms of visuals?",Single,1,accurate
When is ChaeSong-hwa hosting the community medical knowledge lecture?,Single,1,accurate
Did Li Hua's complaint about the customer who modifies their requirements occur before Wolfgang comforted him?,Multi,1,accurate
What does ThaneChambers think about Sekiro: Shadows Die Twice?,Single,1,accurate
Did Wolfgang arrive in Hong Kong after he informed Li Hua about his upcoming trip?,Multi,1,accurate
What song does Yuriko propose that the band can practice this weekend according to the band's discussion on 20260703?,Single,1,error
What does Jake suggest to improve flexibility and prevent muscle issues?,Single,1,error
Where was the first time Li Hua had dinner with Wolfgang this year?,Single,1,error
What does Sova plan to do to keep their cardio interesting?,Single,1,neither
What is Thane's favorite type of food that he enjoys while playing video games?,Null,1,accurate
What topics will be covered in the community medical knowledge lecture?,Single,1,accurate
Who is Li Hua meeting with to discuss homepage design updates?,Single,1,accurate
What is the name of the gym that Wolfgang recommended LiHua to go to?,Single,1,neither
"What is Bronwyn's experience with going full support in tough fights in ""Octopath Traveler""?",Single,1,accurate
"What time does Li Hua watch the movie ""Overwatch 3""?",Multi,1,neither
What is the essence of YurikoYamamoto Li Hua is helping with her homepage?,Single,1,error
What is the Wi-Fi password at Li Hua's house?,Single,1,neither
Did Li Hua send a message to Wolfgang Schulz saying that he has prepared all the delicious food for tonight's Chinese Lunar New Year before Wolfgang sent a message to Li Hua wishing him a happy Lunar New Year?,Multi,1,error
What is the name of the last song Wolfgang played using the new drum practice app?,Null,1,accurate
What is Li Hua's feedback on Chae Song-hwa's medical knowledge lecture?,Single,1,accurate
Is the time interval more than 3 days between LiHua confirming that he has received the curtain and Adam asking LiHua if the curtain is all good?,Multi,1,error
What is the phone number for the maintenance worker that Adam Smith provided to Li Hua for the broken streetlight?,Single,1,accurate
What offer does AdamSmith extend to LiHua regarding the basement?,Single,1,accurate
What are some of the upcoming PS5 exclusives discussed?,Single,1,accurate
Why does Adam reach out to LiHua on 20260810?,Single,1,neither
What idea did IllidanStormrage propose to help involve the community in supporting local businesses?,Single,1,neither
What does Li Hua think about the rosemary focaccia?,Single,1,neither
What TV series is EmilyBurnett currently watching?,Single,1,error
What is LiHua's favorite player moment from Messi?,Single,1,accurate
What game does Bronwyn say mixes daily life with deep story arcs?,Single,1,accurate
What is Wolfgang's preference for a burger patty's doneness?,Single,1,neither
Which flowers does RexxarRemar suggest for a vibrant vibe?,Single,1,accurate
"What scene from ""Red Dead Redemption 2"" does Bronwyn mention as emotional?",Single,1,accurate
What does Giselle emphasize about passing drills?,Single,1,accurate
Who does EmilyBurnett think is a standout character in the Game of Thrones series?,Single,1,accurate
Why is wearing the right footwear important in soccer?,Single,1,accurate
What is the name of the concert that Wolfgang and Li Hua will attend on March 7th?,Null,1,accurate
What specific construction projects were discussed at the meeting between Turalyon and the residents regarding noise control?,Null,1,neither
Why are LiHua and Adam concerned about the basement in their conversation on 20260707?,Single,1,accurate
What toppings does Wolfgang Schulz prefer on his burger?,Single,1,neither
What video does LiHua send to the band group chat on 20260624?,Single,1,neither
What is the name of the café where Li Hua and YurikoYamamoto first meeting to talk about Yuriko's website?,Single,1,accurate
Who scored a stunner in the Manchester City vs. Chelsea match as mentioned in the conversation?,Single,1,accurate
How does GromHellscream believe the local shops will benefit from the completed garden?,Single,1,accurate
What alternative training sports does Li Hua consider besides the current routine mentioned in his conversation with Jennifer?,Null,1,error
When did Li Hua express frustration about a client changing requirements?,Single,1,neither
What technique does JenniferMoore suggest to gradually increase weight of the bench press exercise?,Single,1,accurate
What event is the community organizing?,Single,1,error
"What memorable moment does ThaneChambers share from the game ""Black Myth: Wukong""?",Single,1,error
Why does AdamSmith want the window measured?,Single,1,neither
How does LiHua feel about the idea of improvisation based on the chat on 20260916?,Single,1,neither
Which game does Dyllan say raised interesting questions and moral dilemmas?,Single,1,accurate
What movie did Li Hua and Wolfgang decide to watch together on New Year's Eve 2026?,Null,1,accurate
Did Jennifer remind Li Hua about proper nutrition and hydration before Jake shared his tips for staying hydrated during the match?,Multi,1,error
Waht song does Wolfgang propose adding to the band's practice set on 20260625?,Single,1,accurate
Which game's narrative does Bronwyn appreciate for its father-son dynamic?,Single,1,accurate
What type of hot pot does WolfgangSchulz prefer?,Single,1,accurate
What type of flowers were planted in the garden based on the residents' suggestions discussed by Turalyon?,Null,1,error
What time do they agree to meet for pizza?,Single,1,accurate
Which kind of pastry does Li Hua express his interest in trying in his conversation with Hailey on 20260531?,Single,1,neither
Which game does Ileana mention for its unique world and storytelling?,Single,1,accurate
What type of combat does Gavriel prefer in games?,Single,1,accurate
What time will Li Hua and Wolfgang meet for breakfast on the morning of the 9th?,Null,1,accurate
When is the music concert that Wolfgang invites Li Hua to?,Single,1,accurate
What is the main theme of game group's discussion on 20260901_13:00?,Single,1,neither
When does the special event at Hailey's bakery start according to Hailey and LiHua's conversation on 20260622?,Single,1,accurate
How does Bronwyn describe the epilogue of the game Red Dead Redemption 2?,Single,1,accurate
What type of diet is Li Hua following to support his training regimen and sleep schedule?,Null,1,error
Who is the most hateable character in Game of Thrones in Merrick's opinion?,Single,1,error
Which scene in The Witcher 3 does ThaneChambers consider as one of his favorites involving Yennefer?,Single,1,accurate
"Did Wolfgang ask Li Hua about watching ""Star Wars: A New Hope"" after he asked Li Hua about going to see ""Overwatch 3""?",Multi,1,error
What cool thing does Wolfgang find that he wants to share with LiHua?,Single,1,error
What is Li Hua's suggestion for scheduling the water pipe repairs in the garden?,Single,1,accurate
What does ChaeSong-hwa plan to bring to karaoke night?,Single,1,accurate
What type of equipment does Wolfgang Schulz use when he works out at the gym?,Null,1,error
What is the common interest between Li Hua and Jake Watson?,Single,1,accurate
What were Li Hua's specific fitness goals and how did Jennifer's advice on nutrition influence them during his training for a marathon?,Null,1,error
What aspect of Jaime Lannister's storyline does Rowan find intriguing?,Single,1,accurate
What new pizza place does WolfgangSchulz suggest?,Single,1,accurate
Did Adam Smith send a message to Li Hua about the upcoming building maintenance schedule before the administrators announced a temporary change in the construction schedule due to weather conditions?,Multi,1,error
Did Jake share common knowledge about offside in soccer with Li Hua before he passed practical techniques to Li Hua on how to avoid offside for a forward?,Multi,1,error
What is ThaneChambers' question to LiHua on 20260920?,Single,1,neither
Why is Jennifer checking in in the gym group chat on 20260708?,Single,1,neither
What opportunity did LiHua create for Chae to meet Wolfgang and Yuriko?,Multi,1,error
When did Li Hua invite Adam Smith to check the basement renovation progress?,Single,1,error
What practice idea does Dacey suggest to improve passing skills?,Single,1,accurate
What does RexxarRemar suggest for the community picnic atmosphere?,Single,1,accurate
What type of food event did Turalyon suggest?,Single,1,accurate
Who proposes the idea of adding tables near the benches?,Single,1,error
Is the time interval more than 3 days between LiHua asking Adam to help him install a curtain on the basement window and Adam asking LiHua to measure the size of the window?,Multi,1,error
What kinds of Thai food does Wolfgang want to try out at the Thai restaurant on 20260702?,Single,1,accurate
What is JakeWatson's favorite memory of Puyol and Piqué playing together?,Single,1,accurate
What does Emily think will happen next in the series in terms of story development?,Single,1,accurate
What food did Emily order for the group's discussion about Game of Thrones characters?,Null,1,accurate
What type of lanterns does MalfurionStormrage recommend?,Single,1,neither
When and where does JakeWatson propose to meet for the practice session according to the conversation on 20260925?,Single,1,neither
"Which boss did Gavriel struggle with the most in ""Octopath Traveler""?",Single,1,accurate
Did the group members debate about the best football manager in the Premier League history after they debated if Pep Guardiola is the greatest soccer manager in football history?,Multi,1,accurate
Who checks in with LiHua about their arm muscles after the bench press session?,Single,1,accurate
Which goal does Jake consider incredible from the 2015 match?,Single,1,accurate
Did Li Hua ask Thane about his opinion on The Last of Us before he asked about Sekiro: Shadows Die Twice?,Multi,1,accurate
What does Tamara say Cersei's love led to?,Single,1,accurate
What games are LiHua and ThaneChambers planning to check out during their shopping trip according to their discussion on 20260911?,Single,1,accurate
What does JenniferMoore congratulate LiHua for pn 20261022?,Single,1,accurate
What is the main topic of the conversation on 2026-04-28 at 5 PM?,Single,1,neither
What house rule does Adam mention?,Single,1,error
What does ThaneChambers think about stealth boosts?,Single,1,neither
What was the final match score of the 2025 UEFA Champions League final?,Null,1,accurate
Which upcoming PS5 exclusive game does Gavriel express curiosity about?,Single,1,accurate
What color was the curtain that Li Hua chose for his living room?,Null,1,accurate
What does ChaeSong-hwa suggest for the garden once everything is set up?,Single,1,error
What is the latest good news from Wolfgang as of 20260908?,Single,1,accurate
What ideas did Wolfgang Schulz suggest for Li Hua's basement practice spot?,Single,1,error
What type of passes does Briar suggest adding to the practice?,Single,1,accurate
What does Orion say about Cersei's mix of loyalty and fear towards Tywin?,Single,1,accurate
What game does LiHua mention for exploring themes of choice & consciousness & humanity?,Single,1,accurate
What specific brand of protein supplement does Jennifer recommend for Li Hua's weight loss journey?,Null,1,accurate
Who suggests hitting Starbucks after work on 20260918?,Single,1,accurate
What game does Ileana say made her question the morality of her actions?,Single,1,error
What drink does JakeWatson recommend for hydration after a match?,Single,1,error
What is EmilyBurnett's favorite TV show?,Single,1,accurate
Why can't people sit on the benches when Turalyon informs the community that the benches have been installed on 20260604?,Single,1,neither
What feature are they hoping for in the new game?,Single,1,accurate
What snack does LiHua agree to bring for the movie?,Single,1,accurate
What is Adam Smith's condition for Li Hua to add decorations to the basement?,Single,1,accurate
"What does ThaneChambers like about the game ""Black Myth: Wukong""?",Single,1,accurate
What service does Hailey Johnson offer to Li Hua?,Single,1,accurate
What aspect of Guardiola's career does JakeWatson admire?,Single,1,accurate
What songs does LiHua suggest adding to the karaoke playlist in his conversation with Chae?,Single,1,error
What were Raze's personal reasons for becoming a fitness coach before discussing pull-up techniques?,Null,1,accurate
"What type of protein supplements did Li Hua use after the workout on September 19, 2026?",Null,1,accurate
What memorable quote is mentioned by Phaedra?,Single,1,accurate
What moment does Rowan find mind-blowing in Arya's storyline?,Single,1,accurate
When did Li Hua ask Jennifer Moore for tips on dealing with muscle soreness?,Single,1,error
What is Wolfgang looking for in his new drums?,Single,1,accurate
When did Adam Smith inform Li Hua about potential issues with the pipes in the basement?,Single,1,error
Why does AdamSmith ask LiHua about the basement on 20260907?,Single,1,accurate
Where do they plan to meet for soccer practice?,Single,1,accurate
"What does Rowan love about Tyrion's ""I drink and I know things"" line?",Single,1,accurate
What does Helios think would be awesome for character development?,Single,1,error
What is the reason Thrall cannot participate in the garage sale?,Single,1,accurate
What game does Dyllan describe as epic for its samurai culture?,Single,1,accurate
What strategy did Li Hua use to score a goal in the championship match against their rival team?,Null,1,accurate
What is the article that Chae shares with LiHua about?,Single,1,error
What do LiHua and Wolfgang plan to do together according to their conversation on 20261017?,Single,1,neither
What does Elara think about resource management?,Single,1,neither
What are the specific reasons why Li Hua prefers classical music over pop music in their discussions?,Null,1,neither
What is the survey that Jennifer wants LiHua to fill out about?,Single,1,error
What exercises does JakeWatson recommend for leg strength?,Single,1,neither
What color did Li Hua paint his house before the community garden renovation began?,Null,1,accurate
When does Li Hua request a delivery from Hailey Johnson?,Single,1,accurate
When was the first time Wolfgang went to Li Hua's basement?,Single,1,neither
What does LiHua say Cersei's power came at the price of?,Single,1,accurate
What is the favorite type of music that Li Hua and Yuriko plan to play together?,Null,1,error
Who discusses classic matches between Barca and Bayern with Jake?,Single,1,accurate
Who comes up with the idea of picking up drinks on the way to hot pot?,Single,1,error
What activities are being discussed for the community sports day?,Single,1,accurate
How does strength training help prevent soccer injuries?,Single,1,accurate
What is the name of the café Wolfgang Schulz recommends to Li Hua?,Single,1,error
"Who does Li Hua go to watch the movie ""Overwatch 3"" with?",Multi,1,neither
"How does Dyllan describe the combat in ""Horizon Forbidden West""?",Single,1,accurate
What song does Li Hua suggest for the jam session on 20260405?,Single,1,neither
What does Li Hua ask Adam about the door hinge?,Single,1,neither
"Did Wolfgang Schulz recommend the band learns ""Viva la Vida"" by Coldplay after he and Li Hua discussed what song to play this Sunday?",Multi,1,error
What is the name of the song LiHua suggests revisiting for the band's music session according to their conversation on 20260529?,Single,1,neither
What type of exercises does Jake recommend for strength training?,Single,1,neither
What does IllidanStormrage say he will bring to keep everyone entertained during the picnic?,Single,1,accurate
What is IllidanStormrage's suggestion to the ongoing garden construction according to the discussion on 20260522?,Single,1,neither
What type of stretches does JenniferMoore suggest before and after workouts?,Single,1,accurate
What type of songs does YurikoYamamoto want to try according to the discussion on 2026101?,Single,1,error
What is the purpose of going to the grocery store on 20260923 according to WolfgangSchulz?,Single,1,neither
What side mission in Red Dead Redemption 2 resonated with Jareth?,Single,1,accurate
What does LiHua suggest they should do as the series unfolds?,Single,1,accurate
"What is ThaneChambers' memorable ""Warzone"" experience?",Single,1,accurate
What does Viper plan to do to increase their stamina?,Single,1,neither
What was the final showdown that Elara found unforgettable in Red Dead Redemption 2?,Single,1,accurate
What is the focus of Li Hua's next month's fitness plan according to Jennifer?,Single,1,error
Does ThaneChambers recommend Sekiro: Shadows Die Twice to those who love a challenge?,Single,1,accurate
What part of Black Myth: Wukong does ThaneChambers like the most?,Single,1,error
What does Turalyon want to hear everyone's thoughts on?,Single,1,error
What match does JakeWatson cherish from the Champions League final against Manchester United?,Single,1,accurate
Which game does ThaneChambers recommend for its choice-based storytelling?,Single,1,accurate
"What time does Li Hua watch the movie ""Overwatch 3""?",Multi,1,neither
"How does LiHua feel about the ""Man in Black's"" search for meaning?",Single,1,accurate
How is the basement after the storm?,Single,1,neither
What is Jake's first tip for avoiding soccer injuries?,Single,1,accurate
What books does Jennifer recommend to LiHua for deepening understanding of fitness nutrition?,Single,1,neither
"Who is LiHua's favorite character in the game ""Black Myth: Wukong""?",Single,1,neither
What type of dessert did Wolfgang plan to have with Li Hua after their hot pot dinner on a different day?,Null,1,neither
What new feature does Yuriko Yamamoto consider adding to her studio's homepage?,Single,1,error
Did Li Hua provide feedback to Jennifer Moore on his new meal plan before he asked her for advice on a healthy meal plan?,Multi,2,accurate
Who informs LiHua that the new software is almost done?,Single,2,accurate
Who comes up with the idea of picking up drinks on the way to hot pot?,Single,2,error
Who asks Emily if she has read The Lord of the Rings novels?,Single,2,accurate
Who are JakeWatson's and LiHua's favorite defenders?,Single,2,accurate
What song does Yuriko propose that the band can practice this weekend according to the band's discussion on 20260703?,Single,2,error
Who introduced the bread delivery service and recommend Alice for the delivery?,Multi,2,accurate
What aspects of Sekiro: Shadows Die Twice does ThaneChambers highlight?,Single,2,accurate
Which two specific pastries does Hailey Johnson recommend for Mother's Day?,Single,2,accurate
Which character does LiHua mention as their favorite and describe as inspiring?,Single,2,accurate
Which match does JakeWatson remember for Real Madrid's comeback?,Single,2,accurate
Did Jake share common knowledge about offside in soccer with Li Hua before he passed practical techniques to Li Hua on how to avoid offside for a forward?,Multi,2,error
What does Lachlan find haunting about Cersei's end?,Single,2,accurate
Who does JakeWatson consider the best defender in the history of FC Barcelona?,Single,2,accurate
What does JakeWatson suggest for refueling after a soccer game?,Single,2,error
Who proposes the idea of adding tables near the benches?,Single,2,error
What will special guest speaker be talking about as Jennifer mentions to LiHua?,Single,2,neither
Does LiHua play the game solo or with friends?,Single,2,accurate
Which game does Helios call a masterpiece for making players feel connected to the characters?,Single,2,accurate
When is the anniversary event of Hailey Johnson's bakery shop?,Single,2,accurate
Who proposes adding picnic tables for families to enjoy some snacks after playing?,Single,2,error
"What new species of flowers will be featured in the community garden renovation, according to the feedback provided by Li Hua during the progress reports?",Null,2,error
How long does it take in total from LiHua planning on getting the air-conditioner to the air-conditioner been installed?,Multi,2,accurate
What does Emily say about the series making her feel like she is really getting to know the characters?,Single,2,accurate
What specific dietary changes did Li Hua implement in his training regimen as a result of Jennifer's advice on endurance and flexibility?,Null,2,error
Which goal does Jake consider incredible from the 2015 match?,Single,2,accurate
Why did Li Hua ask for extra exercises to do at home?,Single,2,accurate
"Who is LiHua's favorite character in the game ""Black Myth: Wukong""?",Single,2,neither
What does ThaneChambers love about the boss battles in Black Myth: Wukong?,Single,2,accurate
What drinks does WolfgangSchulz want to have while watching the movie?,Single,2,accurate
What aspect of Rodri's performance does Henley praise?,Single,2,accurate
Who does Li Hua plan to celebrate Chinese Lunar New Year with?,Single,2,accurate
What could Jaime and Brienne have done to rebuild trust according to Merrick?,Single,2,accurate
"What does ThaneChambers like about the game ""Black Myth: Wukong""?",Single,2,accurate
Did Li Hua send a message to Wolfgang Schulz saying that he has prepared all the delicious food for tonight's Chinese Lunar New Year before Wolfgang sent a message to Li Hua wishing him a happy Lunar New Year?,Multi,2,error
How many servings of vegetables should LiHua aim for each day to keep body in good shape according to Jennifer?,Single,2,error
Did Jennifer challenge Li Hua to do 60 pull-ups in a training session after she challenged him to do 100 pushups?,Multi,2,error
What is the focus for the next session suggested by JenniferMoore on 20260930?,Single,2,neither
What does Gavriel think about crafting systems?,Single,2,neither
Why does AdamSmith ask LiHua about the basement on 20260907?,Single,2,accurate
What does Quillan suggest could have been a game-changer for Cersei?,Single,2,accurate
Has Wolfgang ever been to Hong Kong?,Multi,2,accurate
What does HaileyJohnson want LiHua to taste?,Single,2,accurate
"How does Dyllan describe the combat in ""Horizon Forbidden West""?",Single,2,accurate
What snack does LiHua agree to bring for the movie?,Single,2,accurate
Did Jake Watson and Li Hua discuss the classic matches between FC Barcelona and FC Bayern Munich before the group members discussed the classic matches between FC Barcelona and Real Madrid?,Multi,2,accurate
What did Jennifer say to Li Hua about their plan for a team swimming competition in December?,Null,2,accurate
"Did Yuriko ask Li Hua for help with her studio's homepage before she booked a seat at the ""Central Perk"" cafe?",Multi,2,accurate
Where was the first time Li Hua had dinner with Wolfgang this year?,Single,2,error
What house rule does Adam mention?,Single,2,neither
Did Adam Smith send a message to Li Hua about the upcoming building maintenance schedule before the administrators announced a temporary change in the construction schedule due to weather conditions?,Multi,2,error
What does AdamSmith agree is crucial to align with the garden project schedule?,Single,2,error
What specific construction projects were discussed at the meeting between Turalyon and the residents regarding noise control?,Null,2,neither
Who does LiHua want to invite to the photo exhibition and who goes with him (during August)?,Multi,2,accurate
When does Li Hua request a delivery from Hailey Johnson?,Single,2,accurate
"What did Li Hua eat for dinner on January 20, 2026?",Null,2,accurate
What does Dyllan think about crossplay?,Single,2,accurate
When does Adam confirm the plumber will arrive?,Single,2,accurate
"What specific feedback did Yuriko give to Li Hua about the demo website during their meeting at the cafe ""Central Perk"" on Thursday morning, and how did Li Hua respond to her comments?",Null,2,error
What does Evangeline say about Real Madrid's history in the Champions League?,Single,2,accurate
"What type of feedback did Li Hua provide to Chae regarding the community medical knowledge lecture, and what is Wolfgang's role in the band rehearsal?",Null,2,error
"How does Dyllan describe the importance of a balanced party in ""Octopath Traveler""?",Single,2,accurate
"What aspect of ""Black Myth: Wukong"" does LiHua find the most impressive?",Single,2,accurate
Why is Chae Song-hwa unable to join the rehearsal?,Single,2,accurate
Did Li Hua send a message to Jennifer asking for her opinion on protein supplements before he consulted her about his daily protein powder consumption?,Multi,2,error
What specific colors of paint does Li Hua plan to use for the basement walls after decorating with potted plants?,Null,2,accurate
What type of special dietary restrictions does Li Hua follow when preparing meals for his family?,Null,2,error
What places in Europe does WolfgangSchulz remember as stunning in Europe?,Single,2,accurate
"What does LiHua's plan about wathcing ""The Last of Us""?",Single,2,accurate
Did it take more than a week from Adam asking LiHua about the ideal installation date to Adam reminding LiHua about the contractor team installing air-conditioner at 18:00?,Multi,2,accurate
What garden-related activity is Thrall planning to organize?,Single,2,accurate
What type of pizza does WolfgangSchulz prefer?,Single,2,neither
What funny glitch did Fionnuala experience in the game Red Dead Redemption 2?,Single,2,accurate
What does RexxarRemar suggest for the community picnic atmosphere?,Single,2,accurate
What does Farrah admire about Rodri's play?,Single,2,accurate
What activities are being discussed for the community sports day?,Single,2,accurate
What are the specific reasons why Li Hua prefers classical music over pop music in their discussions?,Null,2,neither
What idea does Rowan say Cersei represents?,Single,2,accurate
What tips does Jennifer give to LiHua about preventing muscle soreness after a tough workout?,Single,2,accurate
Did Li Hua send a message to Jennifer asking if he can turn the Thursday class to Friday after he requested a change in his training schedule for Thursday?,Multi,2,error
What were the specific requirements that the customers modified and how did Li Hua respond to each change?,Null,2,neither
What does LiHua think about the graphics and gameplay of Black Myth: Wukong?,Single,2,accurate
What does Li Hua want to have on Hailey's bakery shop anniversary event?,Single,2,accurate
"What time does Li Hua watch the movie ""Overwatch 3""?",Multi,2,neither
When is the karaoke activity organized by ChaeSong-hwa?,Single,2,accurate
What color did Li Hua paint his house before the community garden renovation began?,Null,2,accurate
What does Saffron say Cersei was blinded by?,Single,2,accurate
Which game is LiHua currently obsessed with for its graphics and storytelling?,Single,2,accurate
What type of instrument does Li Hua play in the basement?,Single,2,accurate
When did Adam Smith inform Li Hua about potential issues with the pipes in the basement?,Single,2,error
When did Li Hua receive the curtains?,Single,2,neither
What game does ThaneChambers remember as LiHua's favorite?,Single,2,error
What song did Li Hua perform at the local music festival in 2026?,Null,2,accurate
What part of Black Myth: Wukong does ThaneChambers like the most?,Single,2,accurate
Why did Adam remind Li Hua not to play guitar late at night?,Single,2,neither
What does RexxarRemar suggest to make the garage sale more enjoyable?,Single,2,accurate
What song did Yuriko and Wolfgang decide to perform together after watching the drum tutorial?,Null,2,neither
What type of combat does Gavriel prefer in games?,Single,2,accurate
What time will Li Hua and Wolfgang meet for breakfast on the morning of the 9th?,Null,2,accurate
What does Li Hua ask Adam about the door hinge?,Single,2,neither
What is the size of the basement?,Single,2,neither
What food did Emily order for the group's discussion about Game of Thrones characters?,Null,2,accurate
What type of traditional games did Wolfgang Schulz play with Li Hua during the Lunar New Year celebration?,Null,2,accurate
Did the group members debate about the best football manager in the Premier League history after they debated if Pep Guardiola is the greatest soccer manager in football history?,Multi,2,accurate
What does LiHua think about the themes of Westworld?,Single,2,neither
What specific gifts did Wolfgang buy for Li Hua during his trip to Hong Kong?,Null,2,accurate
What skill does Li Hua plan to improve with WolfgangSchulz's help?,Single,2,error
Why does Wolfgang prefer a well-done meat patty in a burger?,Single,2,neither
Did Li Hua's complaint about the customer who modifies their requirements occur before Wolfgang comforted him?,Multi,2,accurate
What was ThaneChambers' favorite horse-related side quest in Red Dead Redemption 2?,Single,2,error
When is Wolfgang Schulz's promotion celebration dinner?,Single,2,accurate
What exercises does JakeWatson recommend for leg strength?,Single,2,error
Did Li Hua ask Jennifer for advice on how to prevent muscle soreness after an intense workout session before he told her that he feels soreness in his arm muscles after the workout this week?,Multi,2,error
Why is Yuriko asking for LiHua's help on 20260807?,Single,2,neither
When was the first time Wolfgang went to Li Hua's basement?,Single,2,neither
What team does JakeWatson admire for their comebacks?,Single,2,accurate
Has EmilyBurnett ever met anyone like Shedlon Cooper in her real life?,Single,2,accurate
What is Li Hua's opinion about Yennefer's character?,Single,2,accurate
Who is excited to see how the garden evolves?,Single,2,error
What song does Li Hua suggest for the jam session on 20260405?,Single,2,neither
Who offers to help with setting up for the garage sale?,Single,2,accurate
What are Jake's go-to snacks for match days?,Single,2,accurate
What new hobbies does Wolfgang Schulz propose to Li Hua?,Single,2,error
What video does LiHua send to the band group chat on 20260624?,Single,2,neither
"What specific techniques did Li Hua use to prepare for a marathon race that took place on September 1, 2026?",Null,2,accurate
"What is Bronwyn's experience with going full support in tough fights in ""Octopath Traveler""?",Single,2,accurate
What is the reason Thrall cannot participate in the garage sale?,Single,2,accurate
"Does LiHua plan to play ""Warzone"" after the updates?",Single,2,accurate
What cool thing does Wolfgang find that he wants to share with LiHua?,Single,2,error
What is the opportunity that makes Wolfgang and Yuriko acquaitances?,Multi,2,accurate
Who suggests getting pizza for dinner?,Single,2,accurate
Is the time interval more than 7 days between Adam asking LiHua about the size of the fridge and Adam informing LiHua that the fridge will be delivered at 4pm next day?,Multi,2,neither
"What type of air-conditioner did Li Hua select for Adam's living room, and how does its temperature regulation compare to the one in the basement?",Null,2,accurate
"What does ThaneChambers propose to do with the ""Warzone"" updates?",Single,2,accurate
Did Wolfgang arrive in Hong Kong after he informed Li Hua about his upcoming trip?,Multi,2,accurate
Why are Wolfgang and LiHua going to the local music store?,Single,2,accurate
Why is Jennifer checking in in the gym group chat on 20260708?,Single,2,neither
Is the time interval more than 3 days between LiHua confirming that he has received the curtain and Adam asking LiHua if the curtain is all good?,Multi,2,error
What aspect of Guardiola's career does JakeWatson admire?,Single,2,accurate
What tip does Jennifer give to the gym members on 20260630?,Single,2,neither
How does JakeWatson view Messi's impact on future generations of players?,Single,2,accurate
Who will bring the tools for the curtain installation?,Single,2,accurate
What does Aurora say about the atmosphere at the Bernabéu during tough games?,Single,2,accurate
Which game does Helios suggest for tactical fun with a great story and character development?,Single,2,accurate
What is LiHua's suggestion regarding pizza places?,Single,2,accurate
Question: Did Jennifer remind Li Hua to consume enough protein after the workout before she shared tips with the group members on common mistakes to avoid after an intense workout?,Multi,2,neither
What does RexxarRemar suggest for keeping everyone energized during the picnic?,Single,2,error
What specific sleep techniques did Li Hua use to improve her study habits after reading the neuroscience article and discussing the warm shower with Chae?,Null,2,accurate
Why is wearing the right footwear important in soccer?,Single,2,accurate
What aspect of Jaime Lannister's storyline does Rowan find intriguing?,Single,2,accurate
What is the name of the song that Li Hua will sing at the karaoke on 20260425?,Null,2,accurate
Which game does ThaneChambers recommend for its choice-based storytelling?,Single,2,accurate
Did Li Hua send a message to Jennifer thanking her for the new training schedule before he requested a change in his training schedule for Thursday?,Multi,2,accurate
What does Turalyon think about the suggestions?,Single,2,accurate
What is the article that Chae shares with LiHua about?,Single,2,error
What does Li Hua report to Adam on January 6th?,Single,2,neither
"What time does Li Hua watch the movie ""Overwatch 3""?",Multi,2,neither
What technique does JenniferMoore suggest to gradually increase weight of the bench press exercise?,Single,2,accurate
What is the name of the gym that Wolfgang recommended LiHua to go to?,Single,2,neither
"What does Rowan love about Tyrion's ""I drink and I know things"" line?",Single,2,accurate
What is the name of the café where Li Hua and YurikoYamamoto first meeting to talk about Yuriko's website?,Single,2,accurate
Is the time interval more than 3 days between LiHua first asking Adam if he can buy a small fridge for the basement and Adam asking LiHua about the size of the fridge?,Multi,2,accurate
What is LiHua's reaction to the news about the new software?,Single,2,accurate
Which aspect of Black Myth: Wukong does LiHua find immersive?,Single,2,neither
When does the special event at Hailey's bakery start according to Hailey and LiHua's conversation on 20260622?,Single,2,accurate
Which player's development under Guardiola does Jasper mention?,Single,2,accurate
Which upcoming PS5 exclusive game does Gavriel express curiosity about?,Single,2,accurate
How long should each stretch be held according to JakeWatson?,Single,2,neither
What new pastry does Hailey think is perfect for a fitness lover like Li Hua?,Single,2,accurate
What does WolfgangSchulz suggest incorporating into practice sessions according to the discussion on 20260916?,Single,2,neither
What does WolfgangSchulz like about Prague?,Single,2,accurate
What type of lighting is preferred for the seating area in the community garden?,Single,2,accurate
Who is delivering the bread to Li Hua on 20260403?,Single,2,neither
When does AdamSmith say he is available to help with the curtain installation?,Single,2,accurate
What does ThaneChambers think about the new games?,Single,2,accurate
What else does Henley plan to work on during the practice?,Single,2,accurate
"What specific design features did Li Hua suggest for Yuriko's studio homepage during their meeting at ""Central Perk""?",Null,2,error
"What is the name of the restaurant where Li Hua and Wolfgang had dinner on the night of June 9, 2026?",Null,2,accurate
"What payment method did Li Hua use to purchase groceries from the store on April 15, 2026?",Null,2,accurate
What is the survey that Jennifer wants LiHua to fill out about?,Single,2,error
What is Li Hua's suggestion for scheduling the water pipe repairs in the garden?,Single,2,accurate
"Who is ThaneChambers' favorite character in ""Octopath Traveler""?",Single,2,accurate
How does Bronwyn describe the epilogue of the game Red Dead Redemption 2?,Single,2,accurate
Did Li Hua discuss his progress with the fitness plan before he shared a blog post about his recent fitness achievements?,Multi,2,accurate
What new songs are LiHua working on lately on his guitar as of 20260908?,Single,2,accurate
What does LiHua think about Gerard Piqué as a defender?,Single,2,accurate
"What aspect of ""The Rings of Power"" does Emily appreciate in terms of visuals?",Single,2,accurate
What playing style is associated with Guardiola's Barcelona team?,Single,2,accurate
What topics will be covered in the community medical knowledge lecture?,Single,2,accurate
What is Wolfgang's preference for a burger patty's doneness?,Single,2,neither
What does Lachlan appreciate about Arya Stark's character development?,Single,2,accurate
When did Li Hua change the training plan?,Single,2,error
Did Hailey announce the new line of high-protein breads before inviting Li Hua to the special bakery event?,Multi,2,accurate
What type of fusion music does Wolfgang Schulz plan to create with Li Hua during their weekend trip to the music store?,Null,2,neither
Did Wolfgang ask Li Hua if she wants to have pizza for dinner after work today before he wondered if she wanted to have Sichuan hot pot for dinner tonight?,Multi,2,accurate
Which stretches does JakeWatson recommend for soccer-specific areas?,Single,2,error
What does ChaeSong-hwa plan to bring to karaoke night?,Single,2,accurate
Which game's narrative does Bronwyn appreciate for its father-son dynamic?,Single,2,accurate
Did it take more than 3 weeks from LiHua planning on getting the air-conditioner to the air-conditioner been actually installed?,Multi,2,accurate
What were Li Hua's specific fitness goals and how did Jennifer's advice on nutrition influence them during his training for a marathon?,Null,2,error
What match does JakeWatson cherish from the Champions League final against Manchester United?,Single,2,accurate
Why does Li Hua ask ChaeSong-hwa about whether neurosurgeons actually use test tubes in their work?,Single,2,neither
When is the web design seminar at Wolfgang's company happening?,Single,2,accurate
When is the garage sale being discussed?,Single,2,accurate
What type of ambiance does YurikoYamamoto want for her studio's homepage?,Single,2,accurate
Which game does Ileana mention for its unique world and storytelling?,Single,2,accurate
What are the reasons behind Jennifer and Li Hua's decision to change their training routine for the following month?,Null,2,neither
Did the discussion about Jaime Lannister's character occur after the discussion about Cersei Lannister's character?,Multi,2,error
What mission does Gavriel mention that shows Arthur's growth in the game?,Single,2,accurate
Which game does Jareth praise for its storytelling in side quests?,Single,2,accurate
What does LiHua want to know about WolfgangSchulz's pizza preference?,Single,2,accurate
What does LiHua suggest they should do as the series unfolds?,Single,2,accurate
What suggestions does Li Hua give for promoting the new scheduling feature?,Single,2,neither
What TV series does EmilyBurnett remember LiHua likes?,Single,2,accurate
What does LiHua ask Jake about soccer?,Single,2,error
Did Jennifer remind Li Hua about proper nutrition and hydration before Jake shared his tips for staying hydrated during the match?,Multi,2,error
Who proposes adding some outdoor games or a small water feature to the children's play areain the community discussion?,Single,2,accurate
When is the music concert that Wolfgang invites Li Hua to?,Single,2,accurate
Did Li Hua ask Adam Smith about placing potted plants in the basement before he asked about decorating the basement?,Multi,2,accurate
"What memorable moment does ThaneChambers share from the game ""Black Myth: Wukong""?",Single,2,error
What are LiHua's usual recovery snacks after a game?,Single,2,neither
When is Wolfgang and LiHua going to the photography exhibition on 20260805?,Single,2,accurate
What are the dimensions of the window that LiHua measures?,Single,2,neither
What is the focus of Li Hua's next month's fitness plan according to Jennifer?,Single,2,error
When is the installation of the air-conditioner for the basement?,Single,2,accurate
What time do they agree to meet for pizza?,Single,2,accurate
Why deoes the construction have to be postponed according to Tirion Fordring?,Single,2,accurate
What ideas did Wolfgang Schulz suggest for Li Hua's basement practice spot?,Single,2,error
What does Thrall suggest they create to support local businesses?,Single,2,error
What will be a gift for Li Hua if he chooses to renew the fitness contract with Jennifer Moore?,Single,2,neither
Why does WolfgangSchulz inquire of the band members about health products?,Single,2,error
What dish does Li Hua agree to bring to the neighborhood potluck dinner?,Single,2,accurate
What are some of Jennifer Moore's tips for dealing with muscle soreness?,Single,2,accurate
How does Kieran describe Tywin's influence on Cersei?,Single,2,accurate
What does Li Hua like about the curtains?,Single,2,neither
What is LiHua looking forward to in the upcoming matches?,Single,2,accurate
What was the final match score of the 2025 UEFA Champions League final?,Null,2,accurate
What does Helios think would be awesome for character development?,Single,2,error
What percentage discount is Hailey Johnson offering for Mother's Day pastries?,Single,2,accurate
What were the specific details of the negotiation between Jake Watson and Li Hua regarding player transfers from FC Barcelona to FC Bayern Munich?,Null,2,accurate
What does EmilyBurnett think about the future relevance of Westworld's themes?,Single,2,accurate
What does Li Hua plan to do to clear their head?,Single,2,error
What relationship could have potentially changed Cersei's path according to Phaedra?,Single,2,accurate
What do LiHua and Emily agree on regarding the anticipation for the next episode?,Single,2,accurate
What is the nutritional value of the new line of high-protein breads compared to traditional white bread?,Null,2,accurate
What songs does ChaeSong-hwa suggest starting with according to the discussion on 20261019?,Single,2,accurate
What was the exact date and time when Cersei Lannister first met Jaime Lannister in the Game of Thrones series?,Null,2,accurate
What game has Gavriel been hooked on recently for its blend of RPG elements and social simulation?,Single,2,accurate
Why are LiHua and Adam concerned about the basement in their conversation on 20260707?,Single,2,accurate
Does Jake agree to play as the goalkeeper?,Single,2,error
"Did Wolfgang Schulz recommend the band learns ""Viva la Vida"" by Coldplay after he and Li Hua discussed what song to play this Sunday?",Multi,2,error
What type of stretches does JenniferMoore suggest before and after workouts?,Single,2,accurate
On which day do LiHua and AdamSmith agree to install the curtain?,Single,2,accurate
What TV show does EmilyBurnett recommend LiHua to watch?,Single,2,accurate
When is the construction of the garden supposed to start?,Single,2,accurate
What is Jake's first tip for avoiding soccer injuries?,Single,2,accurate
"What was LiHua's unforgettable match in ""Warzone""?",Single,2,accurate
What time does LiHua propose for dinner on 20260930?,Single,2,accurate
What is the main topic of the conversation between LiHua and ChaeSong-hwa on 20260626?,Single,2,accurate
What is Li Hua's preference for a burger patty's doneness?,Single,2,neither
What does Li Hua agree to bring to the bonfire singing party hosted by Chae Song-hwa?,Single,2,accurate
"What memorable scene from ""Chernobyl"" does LiHua mention?",Single,2,accurate
What books does Jennifer recommend to LiHua for deepening understanding of fitness nutrition?,Single,2,neither
"Which team's style of play does Farrah remember as ""Total football""?",Single,2,accurate
What games are LiHua and ThaneChambers planning to check out during their shopping trip according to their discussion on 20260911?,Single,2,accurate
What is the building's policy that Adam reminds Li Hua about?,Single,2,error
What is the current status of the curtains according to LiHua?,Single,2,error
When is ChaeSong-hwa hosting the community medical knowledge lecture?,Single,2,accurate
What did Li Hua enjoy the most about the restaurant that he and Wolfgang visited for dinner on 20260514?,Single,2,neither
When did Li Hua ask Jennifer Moore for tips on dealing with muscle soreness?,Single,2,error
What is Li Hua's favorite type of exercise outside of pull-ups?,Null,2,error
What service does Hailey Johnson offer to Li Hua?,Single,2,accurate
Who does EmilyBurnett think is a standout character in the Game of Thrones series?,Single,2,accurate
What is the main theme of game group's discussion on 20260901_13:00?,Single,2,neither
What is the exact reason for Li Hua's unexpected work meeting on Thursday?,Null,2,accurate
Did Li Hua agree to have dinner with Wolfgang after he told Wolfgang about the lunch arrangement?,Multi,2,accurate
Which game does Dyllan say raised interesting questions and moral dilemmas?,Single,2,accurate
What does IllidanStormrage say he will bring to keep everyone entertained during the picnic?,Single,2,accurate
What kinds of Thai food does Wolfgang want to try out at the Thai restaurant on 20260702?,Single,2,accurate
What game does Bronwyn say mixes daily life with deep story arcs?,Single,2,accurate
Who proposes creating a little garden area where kids can help plant flowers or vegetables?,Single,2,accurate
What is the name of the song that Yuriko recommend to the band on 20260706?,Single,2,accurate
What drink does WolfgangSchulz usually have with his pizza?,Single,2,neither
What does ChaeSong-hwa suggest binaural tones could enhance?,Single,2,neither
Which moment involving Tyrion is Merrick's favorite?,Single,2,accurate
What is Wolfgang's favorite superhero?,Single,2,accurate
What local dish did WolfgangSchulz try in Prague?,Single,2,accurate
Who does Jake believe has the potential to be a game-changer for Barca?,Single,2,accurate
What is the main topic of the conversation on 2026-04-28 at 5 PM?,Single,2,neither
What day and time is the community bake sale taking place?,Single,2,accurate
Why does Adam reach out to LiHua on 20260810?,Single,2,neither
Why is LiHua praising Chae in their conversation on 20260717?,Single,2,error
What time is the power outage in the neighborhood?,Single,2,accurate
What type of dessert did Wolfgang plan to order for Li Hua during their dinner celebration?,Null,2,neither
What are LiHua's favorite snacks for the game?,Single,2,error
What does Aisling find emotionally impactful about Red Dead Redemption 2's ending?,Single,2,accurate
What is Kendall's relationship with Logan like according to the group's discussion?,Single,2,accurate
When does Li Hua plan to celebrate Chinese Lunar New Year?,Single,2,accurate
What is the topic of the online tutorial Yuriko shares with the group?,Single,2,neither
What songs does ChaeSong-hwa suggest adding to the mix according to the discussion on 2026101?,Single,2,accurate
What does Sova plan to do to keep their cardio interesting?,Single,2,error
What does Li Hua plan to celebrate Chinese Lunar New Year?,Single,2,accurate
What is the name of the Italian restaurant where Wolfgang and Li Hua are having dinner to celebrate Wolfgang's promotion?,Single,2,accurate
What new song does the Jolly band decide to work on for the jam session according to their discussion on 20260410?,Single,2,neither
What does MuradinBronzebeard think about the cushions idea?,Single,2,neither
What time did Chae first suggest they visit the music festival in the morning?,Null,2,accurate
What is LiHua's favorite match involving Barcelona?,Single,2,accurate
"What is ThaneChambers' memorable ""Warzone"" experience?",Single,2,accurate
What type of diet is Li Hua following to support his training regimen and sleep schedule?,Null,2,error
"Did Yuriko tell Li Hua about booking a seat at the ""Central Perk"" cafe before Li Hua sent her a message to confirm the details of their next meeting?",Multi,2,error
Who is recommended by Jennifer to share some fitness tips in the gym group chat on 20260730?,Single,2,accurate
Who proposes that the band takes a break from jamming this week?,Single,2,error
What days does Li Hua takes for the training sessions?,Single,2,error
What does Li Hua think about improvisation during the jam session?,Single,2,accurate
How does LiHua feel about the soreness in their arm muscles?,Single,2,neither
What songs does LiHua suggest adding to the karaoke playlist in his conversation with Chae?,Single,2,error
What idea did IllidanStormrage propose to help involve the community in supporting local businesses?,Single,2,neither
What new pizza place does WolfgangSchulz suggest?,Single,2,accurate
What does GromHellscream suggest to brighten the area in the evening?,Single,2,neither
"What type of protein supplements did Li Hua use after the workout on September 19, 2026?",Null,2,accurate
What makes Wolfgang feel under a lot of pressure according to his conversation with LiHua on 20260905?,Single,2,accurate
What is the purpose of starting with bodyweight exercises?,Single,2,neither
What is the name of the last song Wolfgang played using the new drum practice app?,Null,2,accurate
Who invites Li Hua to join the community bake sale?,Single,2,accurate
What new feature does Yuriko Yamamoto consider adding to her studio's homepage?,Single,2,error
Is the time interval more than 3 days between LiHua asking Adam to help him install a curtain on the basement window and Adam asking LiHua to measure the size of the window?,Multi,2,error
What does EmilyBurnett say Cersei's choices led to?,Single,2,accurate
What does Rowan say about Cersei's independence?,Single,2,accurate
Would LiHua be interested in playing co-op with the group?,Single,2,error
What type of protein shake does Li Hua prefer to drink before his workout sessions?,Null,2,accurate
What type of lanterns does MalfurionStormrage recommend?,Single,2,neither
What does TirionFordring suggest bringing for seating?,Single,2,accurate
Which flowers does RexxarRemar suggest for a vibrant vibe?,Single,2,accurate
What is the name of the café Wolfgang Schulz recommends to Li Hua?,Single,2,error
What offer does AdamSmith extend to LiHua regarding the basement?,Single,2,accurate
What is the common interest between Li Hua and Jake Watson?,Single,2,accurate
What does RexxarRemar suggest to have available to keep everyone hydrated during the picnic?,Single,2,accurate
What type of gameplay does Jareth enjoy after a big challenge?,Single,2,accurate
"What is the total cost of the air conditioner installation, including labor and materials, if Li Hua had previously discussed a budget of $2,000 with a different contractor?",Null,2,accurate
Why does LiHua like Geralt from The Witcher 3?,Single,2,accurate
What is LiHua's feeback on Hailey's new artisanal donuts?,Single,2,neither
What is Li Hua's feedback on Chae Song-hwa's medical knowledge lecture?,Single,2,accurate
Who reminds everyone to drink water before and during the match?,Single,2,error
What does WolfgangSchulz suggest the group do before the upcoming karaoke night?,Single,2,accurate
How much discount is Hailey willing to give to LiHua according to their conversation on 20260816?,Single,2,neither
Who discusses classic matches between Barca and Bayern with Jake?,Single,2,accurate
"What type of exercise does Li Hua prefer to do at the gym, and what time does Wolfgang usually go to the gym?",Null,2,error
What type of drink does LiHua suggest to have with hot pot?,Single,2,accurate
Who does LiHua pick as the best football manager of all time?,Single,2,accurate
What drink does JakeWatson recommend for hydration after a match?,Single,2,error
What is LiHua's favorite player moment from Messi?,Single,2,accurate
What does Fionnuala think about matchmaking systems?,Single,2,neither
"What is EmilyBurnett's favorite moment of the ""Man in Black""?",Single,2,accurate
What aspect does ThaneChambers enjoy about sharing clips on the PS5?,Single,2,accurate
What color did Li Hua decide to paint the walls of the basement after completing the renovation?,Null,2,accurate
What type of songs does YurikoYamamoto want to try according to the discussion on 2026101?,Single,2,error
How does TirionFordring emphasize the importance of balancing the garden renovation with supporting local vendors?,Single,2,accurate
What day did the community members decide on for the picnic?,Single,2,accurate
When did Li Hua inform Adam Smith that the rent for last month (implied to be May) had been transferred?,Single,2,error
Who does Li Hua mention as their favorite character from The Witcher 3?,Single,2,accurate
Did Turalyon announce the construction updates and feedback from residents after Illidan Stormrage complained about the construction noise?,Multi,2,error
What feature on the PS5 does Ileana praise for making switching between games smoother?,Single,2,accurate
What does Li Hua think about the rosemary focaccia?,Single,2,neither
What type of stretches does Sage prefer before hitting the gym?,Single,2,accurate
What kinds of flowers does Li Hua recommend to Adam Smith for the flower beds?,Single,2,accurate
What new components are being added to the garden project as Turalyon announces it on 20260806?,Single,2,error
What opportunity did LiHua create for Chae to meet Wolfgang and Yuriko?,Multi,2,error
When is the contractor team going to install the air-conditioner?,Single,2,accurate
Why does AdamSmith want the window measured?,Single,2,neither
How does LiHua feel about the idea of improvisation based on the chat on 20260916?,Single,2,neither
How does LiHua feel about the bench press challenge proposed by JenniferMoore?,Single,2,neither
What will LiHua bring for everyone to enjoy after the match?,Single,2,accurate
Which UCL match does Jasper recommend as a classic must-watch?,Single,2,accurate
What is Thane's favorite type of food that he enjoys while playing video games?,Null,2,accurate
What kind of activities does MalfurionStormrage suggest for the gathering?,Single,2,accurate
Who is the most hateable character in Game of Thrones in Merrick's opinion?,Single,2,error
What type of food event did Turalyon suggest?,Single,2,accurate
What does Lachlan think about Jaime's final decision to protect Cersei?,Single,2,accurate
Waht songs does Chae recommend in the band's group discussion on 20260629?,Single,2,error
What does Adam Smith suggest Li Hua use to hang artwork without damaging the walls?,Single,2,neither
Who asks LiHua to measure the window in the basement?,Single,2,error
How does YurikoYamamoto feel about adding a new dimension to their music with binaural tones?,Single,2,neither
What feature are they hoping for in the new game?,Single,2,accurate
What day do Li Hua and Wolfgang Schulz plan to visit the photography exhibition?,Single,2,accurate
Who initiated the discussion about Cersei's journey in Game of Thrones?,Single,2,accurate
"Who does Li Hua go to watch the movie ""Overwatch 3"" with?",Multi,2,neither
"What scene from ""Red Dead Redemption 2"" does Bronwyn mention as emotional?",Single,2,accurate
Who will bring cones for drills at the match?,Single,2,error
Who suggests doing a group purchase of the new games?,Single,2,neither
What time does Hailey Johnson start baking?,Single,2,neither
Who suggested Li Hua keep a clear log of all the changes requested by the client?,Single,2,neither
Who is the best midfielder in the past decade in JakeWatson's opinion?,Single,2,accurate
What does JenniferMoore suggest to improve performance and prevent injuries?,Single,2,accurate
What is the purpose of going to the grocery store on 20260923 according to WolfgangSchulz?,Single,2,neither
What special offerings did Hailey have for her backery shop in the month of May?,Multi,2,error
What color was the curtain that Li Hua chose for his living room?,Null,2,accurate
Who initiates the discussion about binaural tones?,Single,2,neither
When did Li Hua inform Adam Smith that the rent was transferred?,Single,2,error
What does Briar think about Real Madrid's chances for the rest of the season?,Single,2,accurate
How does GromHellscream believe the local shops will benefit from the completed garden?,Single,2,accurate
What was the content of the first-ever delivery from Hailey to LiHua and what was LiHua's opinion about it?,Multi,2,neither
What game does LiHua mention for exploring themes of choice & consciousness & humanity?,Single,2,accurate
Who is Li Hua meeting with to discuss homepage design updates?,Single,2,accurate
What are the sales figures for the PS5 exclusive games released in 2026 that Thane discussed with group members?,Null,2,accurate
"How does LiHua feel about the ""Man in Black's"" search for meaning?",Single,2,accurate
What time do they plan to meet for soccer practice?,Single,2,accurate
What TV show does EmilyBurnett recommend to Li Hua after discussing Succession?,Single,2,accurate
What does MuradinBronzebeard think about live music?,Single,2,accurate
What is Adam Smith's condition for Li Hua to add decorations to the basement?,Single,2,accurate
What event does LiHua think is an opportunity for the Jolly band to perform in front of the crowd?,Single,2,accurate
"What toppings did Hailey put on the bread for Li Hua's next delivery, and what is the name of the bakery she gets her bread from?",Null,2,accurate
What type of hot pot does WolfgangSchulz prefer?,Single,2,accurate
What is the Wi-Fi password at Li Hua's house?,Single,2,neither
Why can't people sit on the benches when Turalyon informs the community that the benches have been installed on 20260604?,Single,2,neither
What suggestions does Li Hua propose to Adam Smith about the upcoming community garden renovation?,Single,2,accurate
Did Chae tell Li Hua that taking a warm shower before sleeping can improve the sleep quality before sharing the neuroscience article with her?,Multi,2,accurate
What sports would LiHua like to see on the community sports day?,Single,2,accurate
Who suggests exploring the PS5 settings for accessibility features and Game Help?,Single,2,accurate
How does Phaedra view Jaime's character arc?,Single,2,accurate
What does Ileana think is essential for the new game?,Single,2,accurate
Which scene in The Witcher 3 does ThaneChambers consider as one of his favorites involving Yennefer?,Single,2,accurate
What is the phone number for the maintenance worker that Adam Smith provided to Li Hua for the broken streetlight?,Single,2,accurate
What does Briar remind everyone to bring to practice?,Single,2,accurate
What does ThaneChambers think about stealth boosts?,Single,2,error
What does Tamara say Cersei's love led to?,Single,2,accurate
What player's midfield importance does Aurora highlight?,Single,2,accurate
What specific suggestions did Li Hua have regarding the construction schedule during the last community meeting?,Null,2,accurate
What does Fionnuala think about potions and temporary boosts?,Single,2,accurate
When does Li Hua plan to meet JakeWatson for soccer practice?,Single,2,error
What flavor of new bread products did Li Hua really enjoy at the bakery's anniversary event?,Null,2,error
Has LiHua ever met anyone like Shedlon Cooper in his real life?,Single,2,accurate
Did Li Hua ask Wolfgang for advice on renovating the basement before he invited Adam Smith to check the progress of the basement renovation?,Multi,2,neither
"What does ThaneChambers say about ""Warzone""?",Single,2,accurate
"Who is LiHua's favorite actor in ""Chernobyl""?",Single,2,accurate
What does ArthasMenethil describe the outcome of the garden project and supporting local vendors as?,Single,2,accurate
What moment does Rowan find mind-blowing in Arya's storyline?,Single,2,accurate
What specific diet did Li Hua follow to achieve his fitness results that Jennifer Moore recommended?,Null,2,accurate
What is LiHua's favorite superhero?,Single,2,accurate
Waht song does Wolfgang propose adding to the band's practice set on 20260625?,Single,2,accurate
What is IllidanStormrage's suggestion to the ongoing garden construction according to the discussion on 20260522?,Single,2,neither
Who congratulates LiHua on pushing their limits with the bench press?,Single,2,accurate
What game does Dyllan describe as epic for its samurai culture?,Single,2,accurate
What type of exercises does Jake recommend for strength training?,Single,2,neither
What is the purpose of the community picnic?,Single,2,accurate
"What is LiHua curious about regarding the ""Man in Black"" in Westworld?",Single,2,accurate
When did Li Hua invite Adam Smith to check the basement renovation progress?,Single,2,error
What relationship could have shown Cersei a different perspective on power according to Lachlan?,Single,2,accurate
When did Li Hua express frustration about a client changing requirements?,Single,2,neither
What were Raze's personal reasons for becoming a fitness coach before discussing pull-up techniques?,Null,2,accurate
What is the amount of rent Li Hua owes to Adam Smith for the months of April and May?,Null,2,accurate
Who does LiHua ask for help with installing a curtain?,Single,2,accurate
What is on WolfgangSchulz's list for a future trip?,Single,2,accurate
Li Hua accidentally broke a light fixture once. What did Adam say about the light fixture?,Single,2,neither
Who checks in with LiHua about their arm muscles after the bench press session?,Single,2,accurate
Who is considering buying Sekiro: Shadows Die Twice and asks for ThaneChambers' opinion?,Single,2,accurate
Did Li Hua ask Wolfgang Schulz if he wants to go to the gym together before Jennifer reminded Li Hua to participate in the gym's membership feedback activity?,Multi,2,accurate
"What memorable moment does LiHua share from the game ""Black Myth: Wukong""?",Single,2,error
"What does EmilyBurnett think is the main motive for the ""Man in Black""?",Single,2,accurate
Does ThaneChambers recommend Sekiro: Shadows Die Twice to those who love a challenge?,Single,2,accurate
Which performance does Chae want the band members to check out in their discussion on 20260715?,Single,2,neither
What time does Li Hua check in with Adam about moving in?,Single,2,neither
How does Saffron feel about Jaime's choice to protect Cersei?,Single,2,accurate
What is the topic of discussion between Li Hua and Wolfgang Schulz on burger preferences?,Single,2,error
Who suggests hitting Starbucks after work on 20260918?,Single,2,accurate
How does strength training help prevent soccer injuries?,Single,2,accurate
What does LiHua think makes Messi the best?,Single,2,accurate
What is LiHua's response to the suggestion of taking a warm shower before bed?,Single,2,neither
What type of flowers were planted in the garden based on the residents' suggestions discussed by Turalyon?,Null,2,error
When is the Freelancer Group Meeting scheduled for according to the conversation between LiHua and Yuriko?,Single,2,accurate
What does Elara think about resource management?,Single,2,neither
Did Li Hua ask Wolfgang Schulz for a recommendation on a gym or fitness center before asking Jennifer Moore for book recommendations on fitness nutrition?,Multi,2,error
Who offers to help with the installation of the curtains?,Single,2,accurate
What is the name of the concert that Wolfgang and Li Hua will attend on March 7th?,Null,2,accurate
How does Rowan describe Cersei's transformation throughout the series?,Single,2,accurate
What game does ThaneChambers consider their top choice for storytelling?,Single,2,accurate
What does Orion say about Cersei's mix of loyalty and fear towards Tywin?,Single,2,accurate
What is the name of Hailey Johnson's new weekly flavor cheese?,Single,2,neither
What tips on balancing work and personal hobbies does LiHua give to Chae?,Single,2,neither
What is EmilyBurnett's favorite TV show?,Single,2,accurate
What time does WolfgangSchulz propose for going to the grocery store on 20260923?,Single,2,neither
What type of passes does Briar suggest adding to the practice?,Single,2,accurate
Did Adam Smith send Li Hua a reminder about the upcoming rent due date before Li Hua sent a message about having already transferred the rent on 20260301?,Multi,2,error
What additional advice does JakeWatson give for maintaining muscle flexibility?,Single,2,error
What kind of songs are Li Hua and Chae Song-hwa considering adding to their playlist for babies?,Single,2,neither
What significant event in Cersei's life does Saffron highlight as a turning point?,Single,2,accurate
Who initiated the discussion about the community garden renovation and its benefits to local businesses?,Single,2,neither
How many times does Li Hua train per week now?,Single,2,error
Who will pick up the snacks and drinks on their way before the movie?,Single,2,accurate
Who knows about Wolfgang going to Hong Kong?,Multi,2,error
How does LiHua feel about the upcoming karaoke night?,Single,2,accurate
What breathing technique does Jennifer Moore suggest for running?,Single,2,error
What is the address where Li Hua wants the bread delivery to be made?,Single,2,accurate
What TV series does LiHua mention that they are curious about in relation to The Lord of the Rings?,Single,2,accurate
Why does LiHua bring up Adam Smith in the band's conversation on 20260616?,Single,2,neither
Who invites LiHua to taste a new bread recipe?,Single,2,accurate
"Did Wolfgang ask Li Hua about watching ""Star Wars: A New Hope"" after he asked Li Hua about going to see ""Overwatch 3""?",Multi,2,error
What songs does Chae propose to the Jolly band to try out on Sunday according to the conversation on 20260521?,Single,2,neither
What toppings does Wolfgang Schulz prefer on his burger?,Single,2,neither
What strategy did Li Hua use to score a goal in the championship match against their rival team?,Null,2,accurate
"Which moment does LiHua find memorable for the ""Man in Black""?",Single,2,accurate
Which game does Dyllan recommend for turn-based combat and art style?,Single,2,accurate
What is Wolfgang looking for in his new drums?,Single,2,accurate
Which game does Caelum mention for encouraging emotional engagement with the narrative?,Single,2,accurate
What time does Turalyon plan to limit noisy activities?,Single,2,neither
Which kind of pastry does Li Hua express his interest in trying in his conversation with Hailey on 20260531?,Single,2,neither
What is the latest good news from Wolfgang as of 20260908?,Single,2,accurate
What does JenniferMoore congratulate LiHua for pn 20261022?,Single,2,accurate
Who is the most hateable character in Game of Thrones in Orion's opinion?,Single,2,accurate
When does Li Hua confirm the rent transfer to Adam?,Single,2,error
What joke does Wolfgang make as an April Fool's joke?,Single,2,neither
When does Li Hua ask Jennifer Moore about adjusting the protein in her meal plan?,Multi,2,error
Did Li Hua agree to go out for dinner after Wolfgang first asked him if he wanted to go out for dinner?,Multi,2,error
What practice idea does Dacey suggest to improve passing skills?,Single,2,accurate
What does Elara enjoy doing to unwind after intense battles in games?,Single,2,error
What TV series is EmilyBurnett currently watching?,Single,2,error
What does Ivor do the day before a game to help with hydration?,Single,2,accurate
Which character's dynamic with Cersei is mentioned as complicated?,Single,2,accurate
Who wished Li Hua a happy Lunar New Year?,Multi,2,accurate
What is ThaneChambers' question to LiHua on 20260920?,Single,2,neither
Who initiates the discussion about game storytelling?,Single,2,accurate
What is JakeWatson's favorite memory of Puyol and Piqué playing together?,Single,2,accurate
What do LiHua and Wolfgang plan to do together according to their conversation on 20261017?,Single,2,neither
"Which boss did Gavriel struggle with the most in ""Octopath Traveler""?",Single,2,accurate
What aspect of Cersei's character does Quillan say often shadows her vulnerability?,Single,2,accurate
Who suggests going out for hot pot?,Single,2,accurate
How does Fionnuala describe the convenience of the Control Center's audio settings adjustment?,Single,2,accurate
Did Li Hua send a follow-up message to Jennifer before she asked him about his latest sleeping schedule?,Multi,2,error
Did Li Hua ask Yuriko to play music together before Wolfgang proposed to pause playing musical instruments?,Multi,2,accurate
Can Li Hua hang his artworks on the wall?,Single,2,neither
What specific brand of protein supplement does Jennifer recommend for Li Hua's weight loss journey?,Null,2,accurate
What game does Gavriel mention for its characters and plot twists?,Single,2,accurate
What type of equipment does Wolfgang Schulz use when he works out at the gym?,Null,2,error
Which game does LiHua mention for playing with various storytelling tropes?,Single,2,error
What did Wolfgang Schulz suggest Li Hua to do when Li Hua face a difficult client?,Single,2,neither
What does LiHua say about the seafood in Cinque Terre?,Single,2,accurate
When was the first time Li Hua had dinner with Wolfgang this year?,Single,2,accurate
What does WolfgangSchulz want to check out in Italy?,Single,2,accurate
Is the time interval more than 7 days between Adam asking LiHua to measure the size of the window and Adam informing Li Hua that he has booked the curtain of the right size?,Multi,2,error
Who is Real Madrid's coach according to Ivor?,Single,2,accurate
What does Helios want to know about the game?,Single,2,neither
What does Dacey propose to practice on Saturday?,Single,2,accurate
What does LiHua find as a perfect place to work in his conversation with Chae?,Single,2,neither
How is the basement after the storm?,Single,2,neither
Did Li Hua tell Wolfgang about making a new friend before Yuriko reminded the group members to meet for the music festival?,Multi,2,accurate
What is the favorite type of music that Li Hua and Yuriko plan to play together?,Null,2,error
Is the time interval between LiHua asking JakeWatson to help him with dribbling skills and Li Hua asking the group about classic must-watch UCL matches more than 2 days (restrict your search within August)?,Multi,2,accurate
What time is Li Hua's lunch with Wolfgang Schulz at the cozy café downtown?,Single,2,neither
How does Niamh think Jaime could've ended up differently?,Single,2,accurate
What exercises did Jennifer Moore suggest Li Hua do at home?,Single,2,error
What side mission in Red Dead Redemption 2 resonated with Jareth?,Single,2,accurate
Did Li Hua ask Jennifer Moore for book recommendations on fitness nutrition before she announced the special guest speaker at the gym?,Multi,2,accurate
What does LiHua express feeling after the encouragement from Jennifer?,Single,2,accurate
What does Giselle remind everyone to do before practice?,Single,2,accurate
What is one characteristic of Real Madrid that JakeWatson mentions?,Single,2,accurate
Where does Li Hua plan to meet Yuriko Yamamoto to show the final website?,Single,2,accurate
What is the proposed solution for making the garden more inviting on sunny days?,Single,2,accurate
What does ChaeSong-hwa suggest for the garden once everything is set up?,Single,2,neither
What does Jake suggest to improve flexibility and prevent muscle issues?,Single,2,error
What dish did Li Hua order for dessert after having Sichuan hot pot with Wolfgang Schulz?,Null,2,neither
What could have changed everything for Cersei if she had embraced it according to Tamara?,Single,2,accurate
What game is Helios currently playing and finds the world and gameplay mechanics stunning?,Single,2,accurate
Who offers to check with friends for live music performance?,Single,2,error
What does Giselle emphasize about passing drills?,Single,2,accurate
"How does ThaneChambers feel about upcoming ""Warzone"" updates?",Single,2,accurate
What is the name of the song LiHua suggests revisiting for the band's music session according to their conversation on 20260529?,Single,2,neither
Why is protein important according to JenniferMoore?,Single,2,accurate
What is JenniferMoore's reminder to LiHua about on 20260919?,Single,2,neither
What are some of the upcoming PS5 exclusives discussed?,Single,2,accurate
What flavor of cake did Hailey plan to bake for the bakery's anniversary celebration in February?,Null,2,accurate
What aspect of Elrond's character does Emily appreciate?,Single,2,accurate
Where do they plan to meet for soccer practice?,Single,2,accurate
What event is the community organizing?,Single,2,error
What dietary restrictions does LiHua have in his conversation with Hailey?,Single,2,accurate
What is Li Hua's opinion on the characters in Succession?,Single,2,accurate
Who offers to bring cones for the soccer practice?,Single,2,error
Who asks Jake to play as the goalkeeper for soccer training?,Single,2,neither
Which theme of Westworld resonates the most for LiHua?,Single,2,accurate
What is WolfgangSchulz's favorite risotto memory?,Single,2,accurate
What does MalfurionStormrage suggest for sunny days?,Single,2,error
"Who does Li Hua go to watch the movie ""Overwatch 3"" with?",Multi,2,neither
Wolfgang suddenly becomes very concerned about good body shape and healthy food choices in December. What are the two conversations he had with LiHua in December that reflect this?,Multi,2,error
What game is ThaneChambers currently playing?,Single,2,error
What specific measurements did Li Hua take for the window size before the installation of the curtain?,Null,2,accurate
What is the essence of YurikoYamamoto Li Hua is helping with her homepage?,Single,2,error
What is Li Hua looking forward to trying from the summer promotion?,Single,2,error
What was special about the match against Manchester City in 2022 according to the group discussion?,Single,2,accurate
"How does LiHua describe the balance of combat and puzzles in the game ""Black Myth: Wukong""?",Single,2,neither
What does Kieran wish Jaime had done differently?,Single,2,accurate
What type of dessert did Wolfgang plan to have with Li Hua after their hot pot dinner on a different day?,Null,2,neither
What suggestions does Jennifer give to LiHua to help boost his endurance?,Single,2,error
"What does LiHua appreciate about the series ""Chernobyl""?",Single,2,accurate
Who is Li Hua bringing to the band's jam session according to their discussion on 20260425?,Single,2,accurate
What new flavor is LiHua looking for as he mentions to Hailey in their conversation on 20260714?,Single,2,error
Did Li Hua ask Thane about his opinion on The Last of Us before he asked about Sekiro: Shadows Die Twice?,Multi,2,accurate
What does LiHua think about the potential for stealth in the game?,Single,2,accurate
What does Adam say about having friends over?,Single,2,neither
In which year did Barca lose 4-0 against Bayern as mentioned in the conversation?,Single,2,accurate
What game does Elara mention for making her emotional?,Single,2,accurate
"What does LiHua like most about ""Warzone""?",Single,2,accurate
What alternative training sports does Li Hua consider besides the current routine mentioned in his conversation with Jennifer?,Null,2,error
What does LiHua say Cersei's power came at the price of?,Single,2,accurate
Who initiates the suggestion to go to the grocery store after work on 20260923?,Single,2,neither
What movie did Li Hua and Wolfgang decide to watch together on New Year's Eve 2026?,Null,2,accurate
What game does Dyllan recall for its intimate feel and dialogue?,Single,2,accurate
Li Hua has a difficult client. When did he solve that client's project?,Multi,2,neither
What does Bronwyn think about the idea of stealth missions?,Single,2,accurate
Which match does Jasper mention that Manchester City played recently?,Single,2,accurate
What game does Ileana say made her question the morality of her actions?,Single,2,error
What type of cake does Li Hua plan to bring to the meeting with Yuriko to celebrate her studio's homepage redesign?,Null,2,accurate
What is Li Hua's impression of the Blood and Wine expansion?,Single,2,accurate
Who scored a stunner in the Manchester City vs. Chelsea match as mentioned in the conversation?,Single,2,accurate
What pizza does LiHua like?,Single,2,error
Which goal does JakeWatson never forget from Messi?,Single,2,accurate
What does Viper plan to do to increase their stamina?,Single,2,neither
Which game does LiHua mention he's been playing on 20260920?,Single,2,neither
"What does LiHua predict will happen in ""The Rings of Power""?",Single,2,accurate
What brands of air-conditioners does LiHua recommend to Wolfgang?,Single,2,accurate
Which scene stood out for Li Hua in The Witcher 3?,Single,2,accurate
"What is Aisling's opinion on using traps in ""Octopath Traveler""?",Single,2,error
What was the final showdown that Elara found unforgettable in Red Dead Redemption 2?,Single,2,accurate
What does ThaneChambers think about Sekiro: Shadows Die Twice?,Single,2,accurate
What memorable quote is mentioned by Phaedra?,Single,2,accurate
What does Emily think will happen next in the series in terms of story development?,Single,2,accurate
What does Turalyon want to hear everyone's thoughts on?,Single,2,error
"What strategy does Helios recommend for dealing with flying machines in ""Horizon Forbidden West""?",Single,2,accurate
What does Li Hua suggest to Hailey regarding the frequency of bread delivery?,Single,2,error
Which regions in Witcher 3 did Li Hua and Thane Chambers discuss?,Single,2,accurate
When and where does JakeWatson propose to meet for the practice session according to the conversation on 20260925?,Single,2,neither
When is the community meeting for the garden project scheduled according to the discussion on 20260507?,Single,2,neither
Did Li Hua share a blog post about his recent fitness achievements after Jennifer sent him a motivational message?,Multi,2,error
Did the group members talk about their favorite characters in the TV series Game of Thrones after Emily started a vote on the most hateable character?,Multi,2,accurate
Who shared a music theory tutorial with the group?,Single,2,accurate
How does RexxarRemar plan to spend time in the garden once it's done?,Single,2,accurate
What feedbacks does Hailey ask from LiHua in July?,Multi,2,error
What does ChaeSong-hwa say about the karaoke night?,Single,2,accurate
Did Wolfgang's promotion announcement occur before he invited Li Hua for dinner on 20260430?,Multi,2,error
What does Hailey Johnson want Li Hua to help with at the bakery according to their discussion on 20260731?,Single,2,accurate
What day do Li Hua and Wolfgang Schulz plan to visit the photography exhibition?,Single,3,accurate
Who does Li Hua mention as their favorite character from The Witcher 3?,Single,3,accurate
Who is Real Madrid's coach according to Ivor?,Single,3,accurate
What does LiHua express feeling after the encouragement from Jennifer?,Single,3,accurate
Who offers to help with the installation of the curtains?,Single,3,accurate
What feature on the PS5 does Ileana praise for making switching between games smoother?,Single,3,accurate
What relationship could have potentially changed Cersei's path according to Phaedra?,Single,3,accurate
What does Turalyon think about the suggestions?,Single,3,accurate
What memorable quote is mentioned by Phaedra?,Single,3,accurate
Who does JakeWatson consider the best defender in the history of FC Barcelona?,Single,3,accurate
What is the Wi-Fi password at Li Hua's house?,Single,3,neither
What does Evangeline say about Real Madrid's history in the Champions League?,Single,3,accurate
"What toppings did Hailey put on the bread for Li Hua's next delivery, and what is the name of the bakery she gets her bread from?",Null,3,accurate
Which game does LiHua mention for playing with various storytelling tropes?,Single,3,error
Who comes up with the idea of picking up drinks on the way to hot pot?,Single,3,error
What does RexxarRemar suggest to make the garage sale more enjoyable?,Single,3,accurate
Who is Li Hua bringing to the band's jam session according to their discussion on 20260425?,Single,3,accurate
Wolfgang suddenly becomes very concerned about good body shape and healthy food choices in December. What are the two conversations he had with LiHua in December that reflect this?,Multi,3,error
What kinds of flowers does Li Hua recommend to Adam Smith for the flower beds?,Single,3,accurate
What songs does Chae propose to the Jolly band to try out on Sunday according to the conversation on 20260521?,Single,3,neither
What color did Li Hua decide to paint the walls of the basement after completing the renovation?,Null,3,accurate
What joke does Wolfgang make as an April Fool's joke?,Single,3,neither
What does Ivor do the day before a game to help with hydration?,Single,3,error
Who asks Jake to play as the goalkeeper for soccer training?,Single,3,neither
What flavor of new bread products did Li Hua really enjoy at the bakery's anniversary event?,Null,3,error
What new pizza place does WolfgangSchulz suggest?,Single,3,accurate
"What memorable moment does LiHua share from the game ""Black Myth: Wukong""?",Single,3,error
What is LiHua's suggestion regarding pizza places?,Single,3,accurate
What does Lachlan appreciate about Arya Stark's character development?,Single,3,accurate
What is the building's policy that Adam reminds Li Hua about?,Single,3,error
Which scene stood out for Li Hua in The Witcher 3?,Single,3,accurate
What was the content of the first-ever delivery from Hailey to LiHua and what was LiHua's opinion about it?,Multi,3,neither
What funny glitch did Fionnuala experience in the game Red Dead Redemption 2?,Single,3,accurate
When does Adam confirm the plumber will arrive?,Single,3,accurate
How does GromHellscream believe the local shops will benefit from the completed garden?,Single,3,accurate
What does Li Hua suggest to Hailey regarding the frequency of bread delivery?,Single,3,error
What was the final match score of the 2025 UEFA Champions League final?,Null,3,accurate
What does JenniferMoore congratulate LiHua for pn 20261022?,Single,3,accurate
What are the sales figures for the PS5 exclusive games released in 2026 that Thane discussed with group members?,Null,3,accurate
When did Li Hua invite Adam Smith to check the basement renovation progress?,Single,3,error
What game does ThaneChambers remember as LiHua's favorite?,Single,3,error
Who initiated the discussion about the community garden renovation and its benefits to local businesses?,Single,3,neither
What food did Emily order for the group's discussion about Game of Thrones characters?,Null,3,accurate
Why is wearing the right footwear important in soccer?,Single,3,accurate
What type of special dietary restrictions does Li Hua follow when preparing meals for his family?,Null,3,error
Who initiates the discussion about binaural tones?,Single,3,neither
What does Helios think would be awesome for character development?,Single,3,error
What specific brand of protein supplement does Jennifer recommend for Li Hua's weight loss journey?,Null,3,accurate
How does Niamh think Jaime could've ended up differently?,Single,3,accurate
Why can't people sit on the benches when Turalyon informs the community that the benches have been installed on 20260604?,Single,3,neither
Did Jennifer challenge Li Hua to do 60 pull-ups in a training session after she challenged him to do 100 pushups?,Multi,3,error
"What memorable moment does ThaneChambers share from the game ""Black Myth: Wukong""?",Single,3,error
What tips does Jennifer give to LiHua about preventing muscle soreness after a tough workout?,Single,3,accurate
Who offers to check with friends for live music performance?,Single,3,error
What does Aurora say about the atmosphere at the Bernabéu during tough games?,Single,3,accurate
Why is protein important according to JenniferMoore?,Single,3,accurate
Who discusses classic matches between Barca and Bayern with Jake?,Single,3,accurate
What does Farrah admire about Rodri's play?,Single,3,accurate
What game is ThaneChambers currently playing?,Single,3,error
What does Ileana think is essential for the new game?,Single,3,accurate
What is the essence of YurikoYamamoto Li Hua is helping with her homepage?,Single,3,error
Which performance does Chae want the band members to check out in their discussion on 20260715?,Single,3,neither
What does EmilyBurnett say Cersei's choices led to?,Single,3,accurate
What was the final showdown that Elara found unforgettable in Red Dead Redemption 2?,Single,3,accurate
Which UCL match does Jasper recommend as a classic must-watch?,Single,3,accurate
"Which boss did Gavriel struggle with the most in ""Octopath Traveler""?",Single,3,error
What does Orion say about Cersei's mix of loyalty and fear towards Tywin?,Single,3,accurate
Why does AdamSmith want the window measured?,Single,3,neither
Did Li Hua ask Jennifer Moore for book recommendations on fitness nutrition before she announced the special guest speaker at the gym?,Multi,3,accurate
What does Briar think about Real Madrid's chances for the rest of the season?,Single,3,accurate
What game does Dyllan recall for its intimate feel and dialogue?,Single,3,accurate
Who introduced the bread delivery service and recommend Alice for the delivery?,Multi,3,accurate
What does ThaneChambers think about the new games?,Single,3,accurate
What game does LiHua mention for exploring themes of choice & consciousness & humanity?,Single,3,accurate
When is ChaeSong-hwa hosting the community medical knowledge lecture?,Single,3,accurate
What local dish did WolfgangSchulz try in Prague?,Single,3,accurate
How does Rowan describe Cersei's transformation throughout the series?,Single,3,accurate
What part of Black Myth: Wukong does ThaneChambers like the most?,Single,3,error
What aspect of Rodri's performance does Henley praise?,Single,3,accurate
Who does LiHua pick as the best football manager of all time?,Single,3,accurate
What is Thane's favorite type of food that he enjoys while playing video games?,Null,3,accurate
What places in Europe does WolfgangSchulz remember as stunning in Europe?,Single,3,accurate
What dish did Li Hua order for dessert after having Sichuan hot pot with Wolfgang Schulz?,Null,3,accurate
What does Lachlan find haunting about Cersei's end?,Single,3,accurate
When is the construction of the garden supposed to start?,Single,3,accurate
What opportunity did LiHua create for Chae to meet Wolfgang and Yuriko?,Multi,3,error
Which game does ThaneChambers recommend for its choice-based storytelling?,Single,3,accurate
What kind of songs are Li Hua and Chae Song-hwa considering adding to their playlist for babies?,Single,3,neither
What does LiHua want to know about WolfgangSchulz's pizza preference?,Single,3,accurate
Which theme of Westworld resonates the most for LiHua?,Single,3,accurate
What time is Li Hua's lunch with Wolfgang Schulz at the cozy café downtown?,Single,3,neither
Did Turalyon announce the construction updates and feedback from residents after Illidan Stormrage complained about the construction noise?,Multi,3,error
What does ThaneChambers think about Sekiro: Shadows Die Twice?,Single,3,accurate
What feature are they hoping for in the new game?,Single,3,accurate
Did the group members talk about their favorite characters in the TV series Game of Thrones after Emily started a vote on the most hateable character?,Multi,3,accurate
What drinks does WolfgangSchulz want to have while watching the movie?,Single,3,accurate
When does Li Hua plan to celebrate Chinese Lunar New Year?,Single,3,accurate
"Who is ThaneChambers' favorite character in ""Octopath Traveler""?",Single,3,accurate
What is LiHua's feeback on Hailey's new artisanal donuts?,Single,3,neither
What dietary restrictions does LiHua have in his conversation with Hailey?,Single,3,accurate
What is the purpose of going to the grocery store on 20260923 according to WolfgangSchulz?,Single,3,neither
What game does Dyllan describe as epic for its samurai culture?,Single,3,accurate
How does LiHua feel about the upcoming karaoke night?,Single,3,accurate
Where do they plan to meet for soccer practice?,Single,3,accurate
What does GromHellscream suggest to brighten the area in the evening?,Single,3,neither
What does LiHua suggest they should do as the series unfolds?,Single,3,accurate
When is the karaoke activity organized by ChaeSong-hwa?,Single,3,accurate
What was ThaneChambers' favorite horse-related side quest in Red Dead Redemption 2?,Single,3,neither
What does Gavriel think about crafting systems?,Single,3,neither
"What aspect of ""Black Myth: Wukong"" does LiHua find the most impressive?",Single,3,accurate
Who suggested Li Hua keep a clear log of all the changes requested by the client?,Single,3,neither
What time does Turalyon plan to limit noisy activities?,Single,3,neither
What aspect of Guardiola's career does JakeWatson admire?,Single,3,accurate
What books does Jennifer recommend to LiHua for deepening understanding of fitness nutrition?,Single,3,neither
What is Jake's first tip for avoiding soccer injuries?,Single,3,accurate
Who is delivering the bread to Li Hua on 20260403?,Single,3,neither
What do LiHua and Wolfgang plan to do together according to their conversation on 20261017?,Single,3,neither
What type of combat does Gavriel prefer in games?,Single,3,accurate
Did Li Hua provide feedback to Jennifer Moore on his new meal plan before he asked her for advice on a healthy meal plan?,Multi,3,accurate
What does Thrall suggest they create to support local businesses?,Single,3,error
What new pastry does Hailey think is perfect for a fitness lover like Li Hua?,Single,3,accurate
What type of pizza does WolfgangSchulz prefer?,Single,3,neither
What type of equipment does Wolfgang Schulz use when he works out at the gym?,Null,3,error
What movie did Li Hua and Wolfgang decide to watch together on New Year's Eve 2026?,Null,3,accurate
What type of exercises does Jake recommend for strength training?,Single,3,neither
What time will Li Hua and Wolfgang meet for breakfast on the morning of the 9th?,Null,3,accurate
What type of stretches does JenniferMoore suggest before and after workouts?,Single,3,accurate
"Who is LiHua's favorite actor in ""Chernobyl""?",Single,3,accurate
What TV show does EmilyBurnett recommend LiHua to watch?,Single,3,accurate
What are some of Jennifer Moore's tips for dealing with muscle soreness?,Single,3,accurate
Did Li Hua share a blog post about his recent fitness achievements after Jennifer sent him a motivational message?,Multi,3,error
How does Bronwyn describe the epilogue of the game Red Dead Redemption 2?,Single,3,accurate
How does TirionFordring emphasize the importance of balancing the garden renovation with supporting local vendors?,Single,3,accurate
What type of protein shake does Li Hua prefer to drink before his workout sessions?,Null,3,accurate
What is the phone number for the maintenance worker that Adam Smith provided to Li Hua for the broken streetlight?,Single,3,accurate
What is Li Hua's suggestion for scheduling the water pipe repairs in the garden?,Single,3,accurate
Who is considering buying Sekiro: Shadows Die Twice and asks for ThaneChambers' opinion?,Single,3,accurate
What could Jaime and Brienne have done to rebuild trust according to Merrick?,Single,3,accurate
"Did Yuriko tell Li Hua about booking a seat at the ""Central Perk"" cafe before Li Hua sent her a message to confirm the details of their next meeting?",Multi,3,error
What new components are being added to the garden project as Turalyon announces it on 20260806?,Single,3,neither
When is the anniversary event of Hailey Johnson's bakery shop?,Single,3,accurate
"What new species of flowers will be featured in the community garden renovation, according to the feedback provided by Li Hua during the progress reports?",Null,3,error
How does strength training help prevent soccer injuries?,Single,3,accurate
What does Li Hua think about improvisation during the jam session?,Single,3,accurate
What TV show does EmilyBurnett recommend to Li Hua after discussing Succession?,Single,3,accurate
Who proposes that the band takes a break from jamming this week?,Single,3,error
Who invites Li Hua to join the community bake sale?,Single,3,accurate
What song does Yuriko propose that the band can practice this weekend according to the band's discussion on 20260703?,Single,3,error
Who suggests doing a group purchase of the new games?,Single,3,neither
Did Li Hua ask Jennifer for advice on how to prevent muscle soreness after an intense workout session before he told her that he feels soreness in his arm muscles after the workout this week?,Multi,3,error
What does Giselle emphasize about passing drills?,Single,3,accurate
What strategy did Li Hua use to score a goal in the championship match against their rival team?,Null,3,accurate
"What does LiHua predict will happen in ""The Rings of Power""?",Single,3,accurate
What drink does JakeWatson recommend for hydration after a match?,Single,3,error
"How does LiHua feel about the ""Man in Black's"" search for meaning?",Single,3,accurate
What TV series is EmilyBurnett currently watching?,Single,3,error
What is the name of the café where Li Hua and YurikoYamamoto first meeting to talk about Yuriko's website?,Single,3,accurate
What did Wolfgang Schulz suggest Li Hua to do when Li Hua face a difficult client?,Single,3,neither
When does Li Hua plan to meet JakeWatson for soccer practice?,Single,3,error
What new feature does Yuriko Yamamoto consider adding to her studio's homepage?,Single,3,error
What does ArthasMenethil describe the outcome of the garden project and supporting local vendors as?,Single,3,accurate
What specific colors of paint does Li Hua plan to use for the basement walls after decorating with potted plants?,Null,3,accurate
What is WolfgangSchulz's favorite risotto memory?,Single,3,accurate
What game has Gavriel been hooked on recently for its blend of RPG elements and social simulation?,Single,3,accurate
What does LiHua find as a perfect place to work in his conversation with Chae?,Single,3,neither
What special offerings did Hailey have for her backery shop in the month of May?,Multi,3,error
Did Li Hua send a message to Wolfgang Schulz saying that he has prepared all the delicious food for tonight's Chinese Lunar New Year before Wolfgang sent a message to Li Hua wishing him a happy Lunar New Year?,Multi,3,error
What songs does LiHua suggest adding to the karaoke playlist in his conversation with Chae?,Single,3,error
Did Li Hua discuss his progress with the fitness plan before he shared a blog post about his recent fitness achievements?,Multi,3,accurate
What feedbacks does Hailey ask from LiHua in July?,Multi,3,error
"What payment method did Li Hua use to purchase groceries from the store on April 15, 2026?",Null,3,accurate
What days does Li Hua takes for the training sessions?,Single,3,error
Who suggests going out for hot pot?,Single,3,accurate
What day did the community members decide on for the picnic?,Single,3,accurate
Who asks Emily if she has read The Lord of the Rings novels?,Single,3,accurate
Which kind of pastry does Li Hua express his interest in trying in his conversation with Hailey on 20260531?,Single,3,neither
What type of hot pot does WolfgangSchulz prefer?,Single,3,accurate
Why is Yuriko asking for LiHua's help on 20260807?,Single,3,neither
Which game does Dyllan recommend for turn-based combat and art style?,Single,3,accurate
When is Wolfgang and LiHua going to the photography exhibition on 20260805?,Single,3,accurate
What type of food event did Turalyon suggest?,Single,3,accurate
How does Saffron feel about Jaime's choice to protect Cersei?,Single,3,accurate
When was the first time Wolfgang went to Li Hua's basement?,Single,3,neither
Which game does Ileana mention for its unique world and storytelling?,Single,3,accurate
What does ThaneChambers love about the boss battles in Black Myth: Wukong?,Single,3,accurate
Waht song does Wolfgang propose adding to the band's practice set on 20260625?,Single,3,accurate
What does Li Hua plan to do to clear their head?,Single,3,error
What is the article that Chae shares with LiHua about?,Single,3,error
What is the topic of discussion between Li Hua and Wolfgang Schulz on burger preferences?,Single,3,error
When is the Freelancer Group Meeting scheduled for according to the conversation between LiHua and Yuriko?,Single,3,accurate
"What does Rowan love about Tyrion's ""I drink and I know things"" line?",Single,3,accurate
How long should each stretch be held according to JakeWatson?,Single,3,neither
When did Li Hua receive the curtains?,Single,3,neither
What does LiHua think about Gerard Piqué as a defender?,Single,3,accurate
Why does AdamSmith ask LiHua about the basement on 20260907?,Single,3,accurate
When did Li Hua ask Jennifer Moore for tips on dealing with muscle soreness?,Single,3,error
What does Li Hua think about the rosemary focaccia?,Single,3,neither
When does Li Hua confirm the rent transfer to Adam?,Single,3,error
Who knows about Wolfgang going to Hong Kong?,Multi,3,error
How does YurikoYamamoto feel about adding a new dimension to their music with binaural tones?,Single,3,neither
What does Briar remind everyone to bring to practice?,Single,3,accurate
Which match does Jasper mention that Manchester City played recently?,Single,3,accurate
What is the main topic of the conversation between LiHua and ChaeSong-hwa on 20260626?,Single,3,accurate
Did Jake share common knowledge about offside in soccer with Li Hua before he passed practical techniques to Li Hua on how to avoid offside for a forward?,Multi,3,error
What will be a gift for Li Hua if he chooses to renew the fitness contract with Jennifer Moore?,Single,3,neither
What was the exact date and time when Cersei Lannister first met Jaime Lannister in the Game of Thrones series?,Null,3,accurate
Who proposes creating a little garden area where kids can help plant flowers or vegetables?,Single,3,accurate
What specific dietary changes did Li Hua implement in his training regimen as a result of Jennifer's advice on endurance and flexibility?,Null,3,error
What does Li Hua ask Adam about the door hinge?,Single,3,neither
How does Kieran describe Tywin's influence on Cersei?,Single,3,accurate
What does Li Hua want to have on Hailey's bakery shop anniversary event?,Single,3,accurate
"What specific design features did Li Hua suggest for Yuriko's studio homepage during their meeting at ""Central Perk""?",Null,3,error
What does Jake suggest to improve flexibility and prevent muscle issues?,Single,3,error
What video does LiHua send to the band group chat on 20260624?,Single,3,neither
What is the favorite type of music that Li Hua and Yuriko plan to play together?,Null,3,neither
Who initiated the discussion about Cersei's journey in Game of Thrones?,Single,3,accurate
Why does WolfgangSchulz inquire of the band members about health products?,Single,3,error
Which moment involving Tyrion is Merrick's favorite?,Single,3,accurate
What does Quillan suggest could have been a game-changer for Cersei?,Single,3,accurate
How does LiHua feel about the idea of improvisation based on the chat on 20260916?,Single,3,neither
What type of gameplay does Jareth enjoy after a big challenge?,Single,3,accurate
"What time does Li Hua watch the movie ""Overwatch 3""?",Multi,3,neither
"What is LiHua curious about regarding the ""Man in Black"" in Westworld?",Single,3,accurate
What is Li Hua's favorite type of exercise outside of pull-ups?,Null,3,error
Who initiates the suggestion to go to the grocery store after work on 20260923?,Single,3,neither
Is the time interval more than 3 days between LiHua asking Adam to help him install a curtain on the basement window and Adam asking LiHua to measure the size of the window?,Multi,3,error
When did Li Hua express frustration about a client changing requirements?,Single,3,neither
Did Li Hua agree to go out for dinner after Wolfgang first asked him if he wanted to go out for dinner?,Multi,3,error
What is the name of the song that Yuriko recommend to the band on 20260706?,Single,3,accurate
What cool thing does Wolfgang find that he wants to share with LiHua?,Single,3,error
What type of diet is Li Hua following to support his training regimen and sleep schedule?,Null,3,error
Has LiHua ever met anyone like Shedlon Cooper in his real life?,Single,3,error
What game does Elara mention for making her emotional?,Single,3,accurate
Who is recommended by Jennifer to share some fitness tips in the gym group chat on 20260730?,Single,3,accurate
Waht songs does Chae recommend in the band's group discussion on 20260629?,Single,3,error
"What time does Li Hua watch the movie ""Overwatch 3""?",Multi,3,neither
"How does ThaneChambers feel about upcoming ""Warzone"" updates?",Single,3,accurate
Which stretches does JakeWatson recommend for soccer-specific areas?,Single,3,error
Which character does LiHua mention as their favorite and describe as inspiring?,Single,3,accurate
Can Li Hua hang his artworks on the wall?,Single,3,neither
What does WolfgangSchulz like about Prague?,Single,3,accurate
Did Li Hua send a follow-up message to Jennifer before she asked him about his latest sleeping schedule?,Multi,3,error
What does MuradinBronzebeard think about the cushions idea?,Single,3,neither
What type of songs does YurikoYamamoto want to try according to the discussion on 2026101?,Single,3,error
What will LiHua bring for everyone to enjoy after the match?,Single,3,accurate
"What does LiHua like most about ""Warzone""?",Single,3,accurate
"What aspect of ""The Rings of Power"" does Emily appreciate in terms of visuals?",Single,3,accurate
What TV series does LiHua mention that they are curious about in relation to The Lord of the Rings?,Single,3,accurate
Did Li Hua ask Wolfgang Schulz for a recommendation on a gym or fitness center before asking Jennifer Moore for book recommendations on fitness nutrition?,Multi,3,error
What will special guest speaker be talking about as Jennifer mentions to LiHua?,Single,3,neither
"Did Wolfgang ask Li Hua about watching ""Star Wars: A New Hope"" after he asked Li Hua about going to see ""Overwatch 3""?",Multi,3,error
Who proposes adding picnic tables for families to enjoy some snacks after playing?,Single,3,error
What is one characteristic of Real Madrid that JakeWatson mentions?,Single,3,accurate
Did Li Hua send a message to Jennifer thanking her for the new training schedule before he requested a change in his training schedule for Thursday?,Multi,3,accurate
What technique does JenniferMoore suggest to gradually increase weight of the bench press exercise?,Single,3,accurate
"What is the total cost of the air conditioner installation, including labor and materials, if Li Hua had previously discussed a budget of $2,000 with a different contractor?",Null,3,accurate
What type of dessert did Wolfgang plan to have with Li Hua after their hot pot dinner on a different day?,Null,3,neither
What is the name of the Italian restaurant where Wolfgang and Li Hua are having dinner to celebrate Wolfgang's promotion?,Single,3,accurate
How much discount is Hailey willing to give to LiHua according to their conversation on 20260816?,Single,3,neither
What suggestions does Li Hua propose to Adam Smith about the upcoming community garden renovation?,Single,3,accurate
What is the size of the basement?,Single,3,neither
Which character's dynamic with Cersei is mentioned as complicated?,Single,3,accurate
"What specific techniques did Li Hua use to prepare for a marathon race that took place on September 1, 2026?",Null,3,accurate
What songs does ChaeSong-hwa suggest starting with according to the discussion on 20261019?,Single,3,accurate
What does IllidanStormrage say he will bring to keep everyone entertained during the picnic?,Single,3,accurate
"What does ThaneChambers like about the game ""Black Myth: Wukong""?",Single,3,accurate
What specific sleep techniques did Li Hua use to improve her study habits after reading the neuroscience article and discussing the warm shower with Chae?,Null,3,accurate
What kinds of Thai food does Wolfgang want to try out at the Thai restaurant on 20260702?,Single,3,accurate
What new song does the Jolly band decide to work on for the jam session according to their discussion on 20260410?,Single,3,neither
How long does it take in total from LiHua planning on getting the air-conditioner to the air-conditioner been installed?,Multi,3,accurate
How does RexxarRemar plan to spend time in the garden once it's done?,Single,3,accurate
What specific measurements did Li Hua take for the window size before the installation of the curtain?,Null,3,accurate
What are the reasons behind Jennifer and Li Hua's decision to change their training routine for the following month?,Null,3,neither
What is Li Hua's feedback on Chae Song-hwa's medical knowledge lecture?,Single,3,accurate
Which two specific pastries does Hailey Johnson recommend for Mother's Day?,Single,3,accurate
When does AdamSmith say he is available to help with the curtain installation?,Single,3,accurate
What is the purpose of starting with bodyweight exercises?,Single,3,neither
Is the time interval between LiHua asking JakeWatson to help him with dribbling skills and Li Hua asking the group about classic must-watch UCL matches more than 2 days (restrict your search within August)?,Multi,3,accurate
What moment does Rowan find mind-blowing in Arya's storyline?,Single,3,accurate
What does TirionFordring suggest bringing for seating?,Single,3,accurate
How does LiHua feel about the soreness in their arm muscles?,Single,3,neither
Why does Adam reach out to LiHua on 20260810?,Single,3,neither
What does LiHua think about the potential for stealth in the game?,Single,3,accurate
What does Viper plan to do to increase their stamina?,Single,3,neither
When is the web design seminar at Wolfgang's company happening?,Single,3,accurate
What game does Bronwyn say mixes daily life with deep story arcs?,Single,3,accurate
Which aspect of Black Myth: Wukong does LiHua find immersive?,Single,3,neither
What does Tamara say Cersei's love led to?,Single,3,accurate
What type of traditional games did Wolfgang Schulz play with Li Hua during the Lunar New Year celebration?,Null,3,accurate
"What is EmilyBurnett's favorite moment of the ""Man in Black""?",Single,3,accurate
How many servings of vegetables should LiHua aim for each day to keep body in good shape according to Jennifer?,Single,3,error
What were the specific details of the negotiation between Jake Watson and Li Hua regarding player transfers from FC Barcelona to FC Bayern Munich?,Null,3,accurate
Who invites LiHua to taste a new bread recipe?,Single,3,accurate
What idea does Rowan say Cersei represents?,Single,3,accurate
What specific suggestions did Li Hua have regarding the construction schedule during the last community meeting?,Null,3,accurate
What alternative training sports does Li Hua consider besides the current routine mentioned in his conversation with Jennifer?,Null,3,error
What is the current status of the curtains according to LiHua?,Single,3,error
Who does LiHua ask for help with installing a curtain?,Single,3,accurate
Who are JakeWatson's and LiHua's favorite defenders?,Single,3,accurate
Which player's development under Guardiola does Jasper mention?,Single,3,accurate
When does Li Hua ask Jennifer Moore about adjusting the protein in her meal plan?,Multi,3,error
Question: Did Jennifer remind Li Hua to consume enough protein after the workout before she shared tips with the group members on common mistakes to avoid after an intense workout?,Multi,3,neither
What specific construction projects were discussed at the meeting between Turalyon and the residents regarding noise control?,Null,3,error
Which match does JakeWatson remember for Real Madrid's comeback?,Single,3,accurate
"How does Dyllan describe the combat in ""Horizon Forbidden West""?",Single,3,accurate
Why deoes the construction have to be postponed according to Tirion Fordring?,Single,3,accurate
What time do they plan to meet for soccer practice?,Single,3,accurate
How does JakeWatson view Messi's impact on future generations of players?,Single,3,accurate
What is the exact reason for Li Hua's unexpected work meeting on Thursday?,Null,3,accurate
What is IllidanStormrage's suggestion to the ongoing garden construction according to the discussion on 20260522?,Single,3,neither
What does Li Hua agree to bring to the bonfire singing party hosted by Chae Song-hwa?,Single,3,accurate
"What strategy does Helios recommend for dealing with flying machines in ""Horizon Forbidden West""?",Single,3,accurate
What is LiHua's reaction to the news about the new software?,Single,3,accurate
What color was the curtain that Li Hua chose for his living room?,Null,3,accurate
What aspect of Cersei's character does Quillan say often shadows her vulnerability?,Single,3,accurate
What is LiHua's favorite superhero?,Single,3,accurate
What type of dessert did Wolfgang plan to order for Li Hua during their dinner celebration?,Null,3,accurate
What type of flowers were planted in the garden based on the residents' suggestions discussed by Turalyon?,Null,3,error
What breathing technique does Jennifer Moore suggest for running?,Single,3,neither
What game does Gavriel mention for its characters and plot twists?,Single,3,accurate
What brands of air-conditioners does LiHua recommend to Wolfgang?,Single,3,error
What does Giselle remind everyone to do before practice?,Single,3,accurate
What is the amount of rent Li Hua owes to Adam Smith for the months of April and May?,Null,3,accurate
What is LiHua looking forward to in the upcoming matches?,Single,3,accurate
What new hobbies does Wolfgang Schulz propose to Li Hua?,Single,3,error
What does ChaeSong-hwa suggest for the garden once everything is set up?,Single,3,neither
Who is Li Hua meeting with to discuss homepage design updates?,Single,3,accurate
What does ThaneChambers think about stealth boosts?,Single,3,neither
Why did Adam remind Li Hua not to play guitar late at night?,Single,3,error
What aspect of Elrond's character does Emily appreciate?,Single,3,accurate
Did Li Hua send a message to Jennifer asking if he can turn the Thursday class to Friday after he requested a change in his training schedule for Thursday?,Multi,3,error
What does Elara think about resource management?,Single,3,neither
When and where does JakeWatson propose to meet for the practice session according to the conversation on 20260925?,Single,3,neither
What were Li Hua's specific fitness goals and how did Jennifer's advice on nutrition influence them during his training for a marathon?,Null,3,error
What game is Helios currently playing and finds the world and gameplay mechanics stunning?,Single,3,accurate
What type of ambiance does YurikoYamamoto want for her studio's homepage?,Single,3,accurate
What does WolfgangSchulz suggest incorporating into practice sessions according to the discussion on 20260916?,Single,3,neither
Why are LiHua and Adam concerned about the basement in their conversation on 20260707?,Single,3,accurate
Which goal does JakeWatson never forget from Messi?,Single,3,accurate
What time does Li Hua check in with Adam about moving in?,Single,3,neither
What topics will be covered in the community medical knowledge lecture?,Single,3,accurate
What activities are being discussed for the community sports day?,Single,3,accurate
What snack does LiHua agree to bring for the movie?,Single,3,accurate
Did Li Hua ask Adam Smith about placing potted plants in the basement before he asked about decorating the basement?,Multi,3,accurate
Why does LiHua bring up Adam Smith in the band's conversation on 20260616?,Single,3,neither
Did the group members debate about the best football manager in the Premier League history after they debated if Pep Guardiola is the greatest soccer manager in football history?,Multi,3,accurate
What does Hailey Johnson want Li Hua to help with at the bakery according to their discussion on 20260731?,Single,3,accurate
What does LiHua think about the graphics and gameplay of Black Myth: Wukong?,Single,3,accurate
What does WolfgangSchulz want to check out in Italy?,Single,3,accurate
Which game does Helios suggest for tactical fun with a great story and character development?,Single,3,accurate
Who does Li Hua plan to celebrate Chinese Lunar New Year with?,Single,3,accurate
What does Li Hua plan to celebrate Chinese Lunar New Year?,Single,3,accurate
What does MalfurionStormrage suggest for sunny days?,Single,3,error
Did Jennifer remind Li Hua about proper nutrition and hydration before Jake shared his tips for staying hydrated during the match?,Multi,3,error
Which game's narrative does Bronwyn appreciate for its father-son dynamic?,Single,3,accurate
What does LiHua say Cersei's power came at the price of?,Single,3,accurate
"What specific feedback did Yuriko give to Li Hua about the demo website during their meeting at the cafe ""Central Perk"" on Thursday morning, and how did Li Hua respond to her comments?",Null,3,error
Why did Li Hua ask for extra exercises to do at home?,Single,3,accurate
Is the time interval more than 3 days between LiHua first asking Adam if he can buy a small fridge for the basement and Adam asking LiHua about the size of the fridge?,Multi,3,accurate
What is the reason Thrall cannot participate in the garage sale?,Single,3,accurate
What is on WolfgangSchulz's list for a future trip?,Single,3,accurate
What are Jake's go-to snacks for match days?,Single,3,accurate
What are the specific reasons why Li Hua prefers classical music over pop music in their discussions?,Null,3,neither
What time does Hailey Johnson start baking?,Single,3,neither
What is the purpose of the community picnic?,Single,3,accurate
"How does Dyllan describe the importance of a balanced party in ""Octopath Traveler""?",Single,3,accurate
"What is Aisling's opinion on using traps in ""Octopath Traveler""?",Single,3,error
What type of drink does LiHua suggest to have with hot pot?,Single,3,accurate
What does RexxarRemar suggest for keeping everyone energized during the picnic?,Single,3,error
Did Li Hua ask Thane about his opinion on The Last of Us before he asked about Sekiro: Shadows Die Twice?,Multi,3,accurate
Li Hua accidentally broke a light fixture once. What did Adam say about the light fixture?,Single,3,neither
What TV series does EmilyBurnett remember LiHua likes?,Single,3,accurate
What song did Li Hua perform at the local music festival in 2026?,Null,3,accurate
What does AdamSmith agree is crucial to align with the garden project schedule?,Single,3,error
What is the main topic of the conversation on 2026-04-28 at 5 PM?,Single,3,neither
What additional advice does JakeWatson give for maintaining muscle flexibility?,Single,3,error
What tip does Jennifer give to the gym members on 20260630?,Single,3,neither
What is EmilyBurnett's favorite TV show?,Single,3,accurate
What song did Yuriko and Wolfgang decide to perform together after watching the drum tutorial?,Null,3,neither
What is the name of the last song Wolfgang played using the new drum practice app?,Null,3,accurate
Did Adam Smith send Li Hua a reminder about the upcoming rent due date before Li Hua sent a message about having already transferred the rent on 20260301?,Multi,3,error
What is the name of the song that Li Hua will sing at the karaoke on 20260425?,Null,3,accurate
What type of passes does Briar suggest adding to the practice?,Single,3,accurate
Which scene in The Witcher 3 does ThaneChambers consider as one of his favorites involving Yennefer?,Single,3,accurate
What do LiHua and Emily agree on regarding the anticipation for the next episode?,Single,3,accurate
What does Li Hua report to Adam on January 6th?,Single,3,error
Who proposes adding some outdoor games or a small water feature to the children's play areain the community discussion?,Single,3,accurate
What is Kendall's relationship with Logan like according to the group's discussion?,Single,3,accurate
"What does EmilyBurnett think is the main motive for the ""Man in Black""?",Single,3,accurate
What game does Ileana say made her question the morality of her actions?,Single,3,error
What suggestions does Li Hua give for promoting the new scheduling feature?,Single,3,neither
What time do they agree to meet for pizza?,Single,3,accurate
What is LiHua's favorite player moment from Messi?,Single,3,accurate
What does LiHua think makes Messi the best?,Single,3,accurate
"What type of exercise does Li Hua prefer to do at the gym, and what time does Wolfgang usually go to the gym?",Null,3,error
What new songs are LiHua working on lately on his guitar as of 20260908?,Single,3,accurate
What does WolfgangSchulz suggest the group do before the upcoming karaoke night?,Single,3,accurate
What are the dimensions of the window that LiHua measures?,Single,3,neither
How does LiHua feel about the bench press challenge proposed by JenniferMoore?,Single,3,neither
"Does LiHua plan to play ""Warzone"" after the updates?",Single,3,accurate
Who suggests exploring the PS5 settings for accessibility features and Game Help?,Single,3,accurate
What does LiHua ask Jake about soccer?,Single,3,error
"What does ThaneChambers say about ""Warzone""?",Single,3,accurate
"What memorable scene from ""Chernobyl"" does LiHua mention?",Single,3,accurate
Which game does Jareth praise for its storytelling in side quests?,Single,3,accurate
Who suggests getting pizza for dinner?,Single,3,accurate
What playing style is associated with Guardiola's Barcelona team?,Single,3,accurate
"What is Bronwyn's experience with going full support in tough fights in ""Octopath Traveler""?",Single,3,accurate
What does ChaeSong-hwa say about the karaoke night?,Single,3,accurate
What time did Chae first suggest they visit the music festival in the morning?,Null,3,accurate
"Who does Li Hua go to watch the movie ""Overwatch 3"" with?",Multi,3,neither
What relationship could have shown Cersei a different perspective on power according to Lachlan?,Single,3,accurate
Which game does LiHua mention he's been playing on 20260920?,Single,3,neither
Why is Jennifer checking in in the gym group chat on 20260708?,Single,3,neither
What type of lanterns does MalfurionStormrage recommend?,Single,3,neither
What does JakeWatson suggest for refueling after a soccer game?,Single,3,error
Why does Li Hua ask ChaeSong-hwa about whether neurosurgeons actually use test tubes in their work?,Single,3,neither
What is the nutritional value of the new line of high-protein breads compared to traditional white bread?,Null,3,accurate
When did Adam Smith inform Li Hua about potential issues with the pipes in the basement?,Single,3,error
What is ThaneChambers' question to LiHua on 20260920?,Single,3,neither
What match does JakeWatson cherish from the Champions League final against Manchester United?,Single,3,accurate
What does Fionnuala think about matchmaking systems?,Single,3,neither
When did Li Hua inform Adam Smith that the rent for last month (implied to be May) had been transferred?,Single,3,error
What day and time is the community bake sale taking place?,Single,3,accurate
Did Adam Smith send a message to Li Hua about the upcoming building maintenance schedule before the administrators announced a temporary change in the construction schedule due to weather conditions?,Multi,3,error
Who initiates the discussion about game storytelling?,Single,3,accurate
What type of cake does Li Hua plan to bring to the meeting with Yuriko to celebrate her studio's homepage redesign?,Null,3,accurate
What does Emily say about the series making her feel like she is really getting to know the characters?,Single,3,accurate
What does LiHua say about the seafood in Cinque Terre?,Single,3,accurate
What did Jennifer say to Li Hua about their plan for a team swimming competition in December?,Null,3,accurate
What ideas did Wolfgang Schulz suggest for Li Hua's basement practice spot?,Single,3,error
When does Li Hua request a delivery from Hailey Johnson?,Single,3,accurate
What does RexxarRemar suggest to have available to keep everyone hydrated during the picnic?,Single,3,accurate
What new flavor is LiHua looking for as he mentions to Hailey in their conversation on 20260714?,Single,3,error
What garden-related activity is Thrall planning to organize?,Single,3,accurate
What does Fionnuala think about potions and temporary boosts?,Single,3,accurate
When does the special event at Hailey's bakery start according to Hailey and LiHua's conversation on 20260622?,Single,3,accurate
What does Emily think will happen next in the series in terms of story development?,Single,3,accurate
Did Li Hua ask Wolfgang Schulz if he wants to go to the gym together before Jennifer reminded Li Hua to participate in the gym's membership feedback activity?,Multi,3,accurate
What does Adam Smith suggest Li Hua use to hang artwork without damaging the walls?,Single,3,neither
Has EmilyBurnett ever met anyone like Shedlon Cooper in her real life?,Single,3,accurate
What is the name of Hailey Johnson's new weekly flavor cheese?,Single,3,neither
What is the latest good news from Wolfgang as of 20260908?,Single,3,accurate
Did Wolfgang arrive in Hong Kong after he informed Li Hua about his upcoming trip?,Multi,3,accurate
What is the focus for the next session suggested by JenniferMoore on 20260930?,Single,3,neither
What exercises does JakeWatson recommend for leg strength?,Single,3,neither
What is the main theme of game group's discussion on 20260901_13:00?,Single,3,neither
Does Jake agree to play as the goalkeeper?,Single,3,error
Who does LiHua want to invite to the photo exhibition and who goes with him (during August)?,Multi,3,accurate
What is Li Hua's impression of the Blood and Wine expansion?,Single,3,accurate
Has Wolfgang ever been to Hong Kong?,Multi,3,accurate
Which flowers does RexxarRemar suggest for a vibrant vibe?,Single,3,accurate
Who will bring the tools for the curtain installation?,Single,3,accurate
What were Raze's personal reasons for becoming a fitness coach before discussing pull-up techniques?,Null,3,accurate
Did Li Hua's complaint about the customer who modifies their requirements occur before Wolfgang comforted him?,Multi,3,accurate
What aspect does ThaneChambers enjoy about sharing clips on the PS5?,Single,3,accurate
"What is ThaneChambers' memorable ""Warzone"" experience?",Single,3,accurate
What time does LiHua propose for dinner on 20260930?,Single,3,accurate
Did it take more than a week from Adam asking LiHua about the ideal installation date to Adam reminding LiHua about the contractor team installing air-conditioner at 18:00?,Multi,3,accurate
Who does EmilyBurnett think is a standout character in the Game of Thrones series?,Single,3,accurate
What toppings does Wolfgang Schulz prefer on his burger?,Single,3,neither
What house rule does Adam mention?,Single,3,neither
What is the common interest between Li Hua and Jake Watson?,Single,3,accurate
What type of stretches does Sage prefer before hitting the gym?,Single,3,accurate
What does LiHua think about the themes of Westworld?,Single,3,neither
What dish does Li Hua agree to bring to the neighborhood potluck dinner?,Single,3,accurate
Which upcoming PS5 exclusive game does Gavriel express curiosity about?,Single,3,accurate
What idea did IllidanStormrage propose to help involve the community in supporting local businesses?,Single,3,neither
What games are LiHua and ThaneChambers planning to check out during their shopping trip according to their discussion on 20260911?,Single,3,accurate
What is the topic of the online tutorial Yuriko shares with the group?,Single,3,error
Who is the most hateable character in Game of Thrones in Orion's opinion?,Single,3,accurate
What is LiHua's response to the suggestion of taking a warm shower before bed?,Single,3,neither
Does LiHua play the game solo or with friends?,Single,3,accurate
Would LiHua be interested in playing co-op with the group?,Single,3,error
Who congratulates LiHua on pushing their limits with the bench press?,Single,3,accurate
What drink does WolfgangSchulz usually have with his pizza?,Single,3,neither
Who is excited to see how the garden evolves?,Single,3,error
When was the first time Li Hua had dinner with Wolfgang this year?,Single,3,accurate
What percentage discount is Hailey Johnson offering for Mother's Day pastries?,Single,3,accurate
What does Kieran wish Jaime had done differently?,Single,3,accurate
What is Li Hua looking forward to trying from the summer promotion?,Single,3,error
What is Wolfgang's preference for a burger patty's doneness?,Single,3,neither
"Who is LiHua's favorite character in the game ""Black Myth: Wukong""?",Single,3,neither
"What type of feedback did Li Hua provide to Chae regarding the community medical knowledge lecture, and what is Wolfgang's role in the band rehearsal?",Null,3,error
When is the installation of the air-conditioner for the basement?,Single,3,accurate
On which day do LiHua and AdamSmith agree to install the curtain?,Single,3,accurate
What is the name of the concert that Wolfgang and Li Hua will attend on March 7th?,Null,3,accurate
What sports would LiHua like to see on the community sports day?,Single,3,accurate
What significant event in Cersei's life does Saffron highlight as a turning point?,Single,3,accurate
When did Li Hua change the training plan?,Single,3,error
"Which team's style of play does Farrah remember as ""Total football""?",Single,3,accurate
Why are Wolfgang and LiHua going to the local music store?,Single,3,accurate
How does Fionnuala describe the convenience of the Control Center's audio settings adjustment?,Single,3,accurate
What is the survey that Jennifer wants LiHua to fill out about?,Single,3,error
What exercises did Jennifer Moore suggest Li Hua do at home?,Single,3,error
What does HaileyJohnson want LiHua to taste?,Single,3,accurate
What is the address where Li Hua wants the bread delivery to be made?,Single,3,accurate
Who is the most hateable character in Game of Thrones in Merrick's opinion?,Single,3,error
What else does Henley plan to work on during the practice?,Single,3,accurate
What is Wolfgang's favorite superhero?,Single,3,accurate
What does Rowan say about Cersei's independence?,Single,3,accurate
What were the specific requirements that the customers modified and how did Li Hua respond to each change?,Null,3,neither
What could have changed everything for Cersei if she had embraced it according to Tamara?,Single,3,accurate
Where was the first time Li Hua had dinner with Wolfgang this year?,Single,3,error
What is the focus of Li Hua's next month's fitness plan according to Jennifer?,Single,3,accurate
What tips on balancing work and personal hobbies does LiHua give to Chae?,Single,3,neither
What flavor of cake did Hailey plan to bake for the bakery's anniversary celebration in February?,Null,3,accurate
What event is the community organizing?,Single,3,error
When is the garage sale being discussed?,Single,3,accurate
What are LiHua's usual recovery snacks after a game?,Single,3,neither
Did Li Hua ask Wolfgang for advice on renovating the basement before he invited Adam Smith to check the progress of the basement renovation?,Multi,3,neither
How does Phaedra view Jaime's character arc?,Single,3,accurate
What time is the power outage in the neighborhood?,Single,3,accurate
What player's midfield importance does Aurora highlight?,Single,3,accurate
"What does LiHua appreciate about the series ""Chernobyl""?",Single,3,accurate
When is the contractor team going to install the air-conditioner?,Single,3,neither
When did Li Hua inform Adam Smith that the rent was transferred?,Single,3,error
Who reminds everyone to drink water before and during the match?,Single,3,error
Who offers to bring cones for the soccer practice?,Single,3,error
"How does LiHua describe the balance of combat and puzzles in the game ""Black Myth: Wukong""?",Single,3,neither
Who will pick up the snacks and drinks on their way before the movie?,Single,3,accurate
Why is LiHua praising Chae in their conversation on 20260717?,Single,3,error
Who wished Li Hua a happy Lunar New Year?,Multi,3,accurate
Did Li Hua tell Wolfgang about making a new friend before Yuriko reminded the group members to meet for the music festival?,Multi,3,accurate
What does ChaeSong-hwa plan to bring to karaoke night?,Single,3,accurate
What side mission in Red Dead Redemption 2 resonated with Jareth?,Single,3,accurate
What specific diet did Li Hua follow to achieve his fitness results that Jennifer Moore recommended?,Null,3,accurate
What does Turalyon want to hear everyone's thoughts on?,Single,3,error
"What is the name of the restaurant where Li Hua and Wolfgang had dinner on the night of June 9, 2026?",Null,3,accurate
In which year did Barca lose 4-0 against Bayern as mentioned in the conversation?,Single,3,accurate
Did it take more than 3 weeks from LiHua planning on getting the air-conditioner to the air-conditioner been actually installed?,Multi,3,accurate
Who does Jake believe has the potential to be a game-changer for Barca?,Single,3,accurate
What practice idea does Dacey suggest to improve passing skills?,Single,3,accurate
Who is the best midfielder in the past decade in JakeWatson's opinion?,Single,3,accurate
When is the community meeting for the garden project scheduled according to the discussion on 20260507?,Single,3,neither
When is the music concert that Wolfgang invites Li Hua to?,Single,3,accurate
Where does Li Hua plan to meet Yuriko Yamamoto to show the final website?,Single,3,accurate
Why does Wolfgang prefer a well-done meat patty in a burger?,Single,3,neither
Who shared a music theory tutorial with the group?,Single,3,accurate
Did Wolfgang's promotion announcement occur before he invited Li Hua for dinner on 20260430?,Multi,3,neither
What event does LiHua think is an opportunity for the Jolly band to perform in front of the crowd?,Single,3,accurate
Which regions in Witcher 3 did Li Hua and Thane Chambers discuss?,Single,3,accurate
How is the basement after the storm?,Single,3,neither
What did Li Hua enjoy the most about the restaurant that he and Wolfgang visited for dinner on 20260514?,Single,3,neither
What aspects of Sekiro: Shadows Die Twice does ThaneChambers highlight?,Single,3,accurate
Did Li Hua agree to have dinner with Wolfgang after he told Wolfgang about the lunch arrangement?,Multi,3,accurate
What service does Hailey Johnson offer to Li Hua?,Single,3,accurate
Is the time interval more than 7 days between Adam asking LiHua about the size of the fridge and Adam informing LiHua that the fridge will be delivered at 4pm next day?,Multi,3,neither
Does ThaneChambers recommend Sekiro: Shadows Die Twice to those who love a challenge?,Single,3,accurate
Did Li Hua ask Yuriko to play music together before Wolfgang proposed to pause playing musical instruments?,Multi,3,accurate
What is Li Hua's preference for a burger patty's doneness?,Single,3,neither
What is Wolfgang looking for in his new drums?,Single,3,accurate
What is Adam Smith's condition for Li Hua to add decorations to the basement?,Single,3,accurate
What type of instrument does Li Hua play in the basement?,Single,3,accurate
What does RexxarRemar suggest for the community picnic atmosphere?,Single,3,accurate
What is Li Hua's opinion about Yennefer's character?,Single,3,accurate
What is the name of the gym that Wolfgang recommended LiHua to go to?,Single,3,neither
What pizza does LiHua like?,Single,3,error
What does MuradinBronzebeard think about live music?,Single,3,accurate
"What does ThaneChambers propose to do with the ""Warzone"" updates?",Single,3,accurate
Who informs LiHua that the new software is almost done?,Single,3,accurate
Is the time interval more than 7 days between Adam asking LiHua to measure the size of the window and Adam informing Li Hua that he has booked the curtain of the right size?,Multi,3,error
"What does LiHua's plan about wathcing ""The Last of Us""?",Single,3,accurate
What is the opportunity that makes Wolfgang and Yuriko acquaitances?,Multi,3,accurate
Who asks LiHua to measure the window in the basement?,Single,3,error
Which goal does Jake consider incredible from the 2015 match?,Single,3,accurate
What is Li Hua's opinion on the characters in Succession?,Single,3,accurate
When is Wolfgang Schulz's promotion celebration dinner?,Single,3,accurate
Did Wolfgang ask Li Hua if she wants to have pizza for dinner after work today before he wondered if she wanted to have Sichuan hot pot for dinner tonight?,Multi,3,accurate
What does Dacey propose to practice on Saturday?,Single,3,accurate
Li Hua has a difficult client. When did he solve that client's project?,Multi,3,neither
"What scene from ""Red Dead Redemption 2"" does Bronwyn mention as emotional?",Single,3,accurate
What song does Li Hua suggest for the jam session on 20260405?,Single,3,neither
What kind of activities does MalfurionStormrage suggest for the gathering?,Single,3,accurate
Did Chae tell Li Hua that taking a warm shower before sleeping can improve the sleep quality before sharing the neuroscience article with her?,Multi,3,accurate
What team does JakeWatson admire for their comebacks?,Single,3,accurate
What does Saffron say Cersei was blinded by?,Single,3,accurate
Did Hailey announce the new line of high-protein breads before inviting Li Hua to the special bakery event?,Multi,3,accurate
What does Dyllan think about crossplay?,Single,3,accurate
What is the name of the song LiHua suggests revisiting for the band's music session according to their conversation on 20260529?,Single,3,neither
What does Adam say about having friends over?,Single,3,neither
Which game does Helios call a masterpiece for making players feel connected to the characters?,Single,3,accurate
Which game does Dyllan say raised interesting questions and moral dilemmas?,Single,3,accurate
"What was LiHua's unforgettable match in ""Warzone""?",Single,3,accurate
What is LiHua's favorite match involving Barcelona?,Single,3,accurate
Who suggests hitting Starbucks after work on 20260918?,Single,3,accurate
What type of lighting is preferred for the seating area in the community garden?,Single,3,accurate
What does Bronwyn think about the idea of stealth missions?,Single,3,accurate
What are some of the upcoming PS5 exclusives discussed?,Single,3,accurate
What does ChaeSong-hwa suggest binaural tones could enhance?,Single,3,neither
What offer does AdamSmith extend to LiHua regarding the basement?,Single,3,accurate
"Did Yuriko ask Li Hua for help with her studio's homepage before she booked a seat at the ""Central Perk"" cafe?",Multi,3,accurate
What is the name of the café Wolfgang Schulz recommends to Li Hua?,Single,3,error
What aspect of Jaime Lannister's storyline does Rowan find intriguing?,Single,3,accurate
Is the time interval more than 3 days between LiHua confirming that he has received the curtain and Adam asking LiHua if the curtain is all good?,Multi,3,error
What color did Li Hua paint his house before the community garden renovation began?,Null,3,accurate
"Which moment does LiHua find memorable for the ""Man in Black""?",Single,3,accurate
"What did Li Hua eat for dinner on January 20, 2026?",Null,3,accurate
What suggestions does Jennifer give to LiHua to help boost his endurance?,Single,3,error
What songs does ChaeSong-hwa suggest adding to the mix according to the discussion on 2026101?,Single,3,accurate
Who checks in with LiHua about their arm muscles after the bench press session?,Single,3,accurate
What was special about the match against Manchester City in 2022 according to the group discussion?,Single,3,accurate
What does Elara enjoy doing to unwind after intense battles in games?,Single,3,error
How many times does Li Hua train per week now?,Single,3,error
Who scored a stunner in the Manchester City vs. Chelsea match as mentioned in the conversation?,Single,3,accurate
What mission does Gavriel mention that shows Arthur's growth in the game?,Single,3,accurate
What specific gifts did Wolfgang buy for Li Hua during his trip to Hong Kong?,Null,3,accurate
"What type of air-conditioner did Li Hua select for Adam's living room, and how does its temperature regulation compare to the one in the basement?",Null,3,accurate
What does Sova plan to do to keep their cardio interesting?,Single,3,neither
"What type of protein supplements did Li Hua use after the workout on September 19, 2026?",Null,3,accurate
Which game does Caelum mention for encouraging emotional engagement with the narrative?,Single,3,accurate
What does Li Hua like about the curtains?,Single,3,neither
"Who does Li Hua go to watch the movie ""Overwatch 3"" with?",Multi,3,neither
Why is Chae Song-hwa unable to join the rehearsal?,Single,3,accurate
Did Jake Watson and Li Hua discuss the classic matches between FC Barcelona and FC Bayern Munich before the group members discussed the classic matches between FC Barcelona and Real Madrid?,Multi,3,accurate
What makes Wolfgang feel under a lot of pressure according to his conversation with LiHua on 20260905?,Single,3,error
Who offers to help with setting up for the garage sale?,Single,3,accurate
Did the discussion about Jaime Lannister's character occur after the discussion about Cersei Lannister's character?,Multi,3,error
What is JenniferMoore's reminder to LiHua about on 20260919?,Single,3,neither
What type of fusion music does Wolfgang Schulz plan to create with Li Hua during their weekend trip to the music store?,Null,3,neither
What is the proposed solution for making the garden more inviting on sunny days?,Single,3,accurate
Which game is LiHua currently obsessed with for its graphics and storytelling?,Single,3,accurate
What is JakeWatson's favorite memory of Puyol and Piqué playing together?,Single,3,accurate
What does EmilyBurnett think about the future relevance of Westworld's themes?,Single,3,accurate
"Did Wolfgang Schulz recommend the band learns ""Viva la Vida"" by Coldplay after he and Li Hua discussed what song to play this Sunday?",Multi,3,error
What does JenniferMoore suggest to improve performance and prevent injuries?,Single,3,accurate
What skill does Li Hua plan to improve with WolfgangSchulz's help?,Single,3,error
What does Aisling find emotionally impactful about Red Dead Redemption 2's ending?,Single,3,accurate
What are LiHua's favorite snacks for the game?,Single,3,error
Did Li Hua send a message to Jennifer asking for her opinion on protein supplements before he consulted her about his daily protein powder consumption?,Multi,3,error
What game does ThaneChambers consider their top choice for storytelling?,Single,3,accurate
Why does LiHua like Geralt from The Witcher 3?,Single,3,accurate
Who will bring cones for drills at the match?,Single,3,error
What does Lachlan think about Jaime's final decision to protect Cersei?,Single,3,accurate
What does Helios want to know about the game?,Single,3,error
Who proposes the idea of adding tables near the benches?,Single,3,error
What time does WolfgangSchulz propose for going to the grocery store on 20260923?,Single,3,neither
