Question,Gold Answer,minirag
Did Adam Smith send a message to Li Hua about the upcoming building maintenance schedule before the administrators announced a temporary change in the construction schedule due to weather conditions?,Yes,"Based on the provided data records, Adam Smith did reach out to Li Hua regarding upcoming building maintenance. On January 21, 2026, Adam sent a message letting Li Hua know about the maintenance work and asked if there were any times she would prefer to avoid. Li Hua replied that mornings were best avoided, and Adam promised to update her with the specific schedule once it was finalized. However, the provided records do not contain any information about administrators announcing a temporary change in the construction schedule due to weather conditions. Therefore, while Adam did send an initial message about the upcoming maintenance schedule, it is not possible to determine from the data whether this occurred *before* any weather-related construction schedule changes by administrators."
"Did Wolfgang ask Li Hua about watching ""Star Wars: A New Hope"" after he asked Li Hua about going to see ""Overwatch 3""?",Yes,"Based on the provided conversation data and records, Wolfgang Schulz did not ask Li Hua about going to see ""Overwatch 3."" Therefore, he could not have asked her about watching ""Star Wars: A New Hope"" afterward in that context. However, looking through the interactions between Wolfgang Schulz and Li Hua, Wolfgang did invite Li Hua to watch the classic movie *""Star Wars: A New Hope""* at his place after work. This invitation took place during a conversation on October 9, 2026, where they also planned to grab snacks like chips, soda, and juice for the movie night. Aside from movie nights and their musical jam sessions with ""The Jolly Band,"" there is no mention of ""Overwatch 3"" anywhere in the provided communication logs. Wolfgang's conversations with Li Hua more frequently revolve around their band practice, upcoming photography walks, sharing photos from Hong Kong, and grabbing meals together, such as Thai food or risotto to celebrate his promotion."
Did Li Hua agree to go out for dinner after Wolfgang first asked him if he wanted to go out for dinner?,Yes,"Li Hua and Wolfgang Schulz frequently chat about food, music, and socializing. Their interactions often involve planning meals and discussing various culinary experiences, ranging from casual pizza nights to authentic international cuisines. When looking at their conversational history regarding going out for dinner, Li Hua did indeed agree to go out after Wolfgang first extended an invitation. Specifically, when Wolfgang proposed grabbing hot pot for dinner, Li Hua enthusiastically responded and even suggested a time of 7 pm to ensure they had enough time to get ready. Wolfgang agreed with the timing, and they finalized the plans to enjoy some spicy Sichuan-style hot pot together accompanied by cold beer.This dynamic of readily accepting dinner invitations is a common theme in their communications. In subsequent interactions throughout the year, whether Wolfgang suggested trying out a new pizza place downtown, checking out a budget-friendly Thai restaurant, or celebrating a promotion at Venedia Grancaffe, Li Hua consistently matched Wolfgang's enthusiasm, confirming times and discussing what delicious dishes—such as risotto, pasta, or pad thai—they were looking forward to ordering."
Did Li Hua send a message to Jennifer thanking her for the new training schedule before he requested a change in his training schedule for Thursday?,Yes,"Based on the provided data tables, the timeline of interactions between Li Hua and Jennifer Moore reveals the sequence of their training-related conversations. In early 2026, Li Hua and Jennifer frequently discussed workouts, nutrition, and personal records. For instance, on March 5, 2026, Li Hua expressed enjoyment of her current workout plan and thanked Jennifer for her guidance, noting that she wanted to focus more on increasing strength and flexibility. Jennifer suggested incorporating resistance training and dedicated stretching or yoga sessions to tweak the current plan accordingly.Later in the year, specifically on December 22, 2026, Li Hua reached out to Jennifer to check if they could return to the original workout intensity now that her arm muscles had fully recovered. Jennifer enthusiastically agreed to ramp the intensity back up for their upcoming session on Thursday. Therefore, reviewing the chronological log, Li Hua did indeed send messages expressing appreciation for Jennifer's guidance and workout plans prior to specifically requesting an adjustment back to the original workout intensity for Thursday once her arm muscles were healed."
Did Li Hua ask Jennifer for advice on how to prevent muscle soreness after an intense workout session before he told her that he feels soreness in his arm muscles after the workout this week?,Yes,"Based on the conversation records provided in the data tables, Li Hua did not ask Jennifer for advice on preventing muscle soreness before mentioning arm soreness this week. In fact, Li Hua's interactions with Jennifer regarding workouts generally focus on increasing stamina, overall fitness improvement, strength, and flexibility, rather than seeking specific remedies for sore arm muscles after a workout. For instance, during a check-in on March 5, 2026, Li Hua mentioned feeling more stamina and enjoyment during workout sessions, and subsequently asked for guidance on how to approach increasing strength and flexibility. Jennifer suggested incorporating more resistance training for strength and dedicated stretching or yoga sessions for flexibility. Additionally, Li Hua achieves various milestones under Jennifer's coaching, such as receiving praise for pushing limits with planks and celebrating overall fitness progress. While many participants in the broader fitness group discuss recovery techniques—such as static stretches, foam rolling, hydration, and mobility drills to prevent soreness—Li Hua's specific direct dialogues with Jennifer center more on overall fitness goals, strength gains, nutrition talks, and scheduled gym sessions rather than asking for advice specifically regarding sore arm muscles."
Did Li Hua send a message to Jennifer asking for her opinion on protein supplements before he consulted her about his daily protein powder consumption?,Yes,"Based on the provided data, there is no mention of Li Hua sending a message to Jennifer asking for her opinion on protein supplements or consulting her about daily protein powder consumption. While the conversation records show Li Hua interacting with Jennifer regarding various fitness milestones, gym membership feedback, workout plans, and scheduling talks with nutrition guest speakers, the specific topic of protein supplements or consulting about protein powder consumption does not appear in the sources. Therefore, based on the input data, Li Hua did not send such a message."
"Did Yuriko ask Li Hua for help with her studio's homepage before she booked a seat at the ""Central Perk"" cafe?",Yes,"Yes, Yuriko did ask Li Hua for help regarding her studio's homepage before their scheduled meetings at the Central Perk café. According to the provided data, Yuriko Yamamoto and Li Hua frequently used Central Perk as a designated meeting place. In a conversation recorded on March 9, 2026 (source 2), Yuriko reminded Li Hua about their upcoming Thursday brainstorming session at 9 am at Central Perk to discuss her studio homepage. Earlier that same day, in another message thread (source 1), Yuriko expressed excitement about the demo website and specifically asked if they could look at incorporating information about the therapy techniques she was developing, alongside a section for community outreach programs. This demonstrates that Yuriko had indeed discussed and requested specific additions and help for her studio's web presence prior to gathering at Central Perk."
Did Li Hua discuss his progress with the fitness plan before he shared a blog post about his recent fitness achievements?,Yes,"Yes, Li Hua did discuss the progress and improvements in his fitness plan before sharing his achievements with the group. In a conversation from March 5, 2026, Li Hua chatted with Jennifer Moore, noting that he had noticed distinct improvements in his fitness level. He mentioned feeling an increase in stamina during his workouts, expressed enjoyment in the sessions, and confirmed that the current workout plan was working well for him. During this exchange, they even discussed adjustments to incorporate more strength training and flexibility work into his routine.Later, on August 17, 2026, Li Hua shared a post celebrating a fitness goal he had successfully achieved under Jennifer's coaching guidance the previous month. This sequence highlights that his check-ins and discussions regarding the effectiveness of his workout plan occurred well before he celebrated his milestone achievements with the community."
Did Li Hua send a message to Jennifer asking if he can turn the Thursday class to Friday after he requested a change in his training schedule for Thursday?,Yes,"Based on the provided communication logs and training schedules between Li Hua and Jennifer Moore, there is no record of Li Hua sending a message asking to change a Thursday class or training session to a Friday. While the records show regular interactions and workout updates between Li Hua and Jennifer—such as preparing for sessions, celebrating personal records like pull-ups and planks, discussing nutritional recipes, and planning fitness goals—none of the archived conversations involve Li Hua requesting a schedule change from Thursday to Friday."
Did Li Hua ask Yuriko to play music together before Wolfgang proposed to pause playing musical instruments?,Yes,"Yes, Li Hua did ask Yuriko to play music together before Wolfgang Schulz proposed pausing their musical instrument rehearsals. To trace the timeline, on March 19, 2026, Li Hua introduced Yuriko Yamamoto and Wolfgang Schulz to one another and actively suggested they all plan a jam session together, noting that Yuriko loves playing bass and that it would be awesome to create rhythms and grooves as a group. This sentiment was echoed in subsequent conversations, such as when Li Hua and Yuriko enthusiastically organized Sunday jam sessions, discussed Beatles songs, and brought snacks. Later on, in a conversation dated May 15, 2026, Chae Song-hwa informed the group that she had to attend a medical lecture on Sunday evening and would be unable to join the rehearsal. In response to this absence, Wolfgang Schulz suggested pausing their rehearsals for the week, stating there was no point in rehearsing without Chae. Therefore, Li Hua's invitation and the group's early musical collaborations occurred well before Wolfgang proposed this temporary pause."
"Did Wolfgang Schulz recommend the band learns ""Viva la Vida"" by Coldplay after he and Li Hua discussed what song to play this Sunday?",Yes,"Wolfgang Schulz did indeed suggest that the band add the popular Coldplay song ""Viva la Vida"" to their set list. Known as a hit track that crowds usually love, the song was recognized for bringing great energy to performances and providing a fun rhythm for the drums. However, looking at the timeline of the band's conversations, Wolfgang's recommendation did not happen directly after a Sunday song discussion with Li Hua. Instead, the proposal of ""Viva la Vida"" occurred earlier during a music jam preparation in late June 2026, where the group enthusiastically agreed to practice and play the track."
Did Wolfgang's promotion announcement occur before he invited Li Hua for dinner on 20260430?,Yes,"Wolfgang Schulz's promotion announcement and his invitation to Li Hua for dinner actually occurred on the exact same day, which was April 30, 2026. According to the communication records, Wolfgang reached out to Li Hua at 17:00 on April 30 to share the exciting news about his promotion and simultaneously remind her about their dinner plans scheduled for 6 PM that same evening at the Venedia Grancaffe. In their conversation, Wolfgang expressed his eagerness to celebrate his career milestone over Italian food, specifically mentioning a craving to try the restaurant's risotto. Li Hua enthusiastically responded in support of the promotion and confirmed her attendance, stating she was ready to feast on some pasta while catching up. Therefore, rather than preceding the dinner invite, the promotion announcement and the dinner reminder were delivered together as part of the same celebratory invitation."
Did Turalyon announce the construction updates and feedback from residents after Illidan Stormrage complained about the construction noise?,Yes,"Based on the provided community discussions and records, the timeline of events surrounding the construction noise and subsequent updates shows a collaborative effort among community members, though not precisely in the direct Q&A sequence you might expect. When Illidan Stormrage initially complained about the frustration regarding the construction noise, expressing how it made it hard to relax or focus, other residents quickly chimed in. ArthasMenethil, RexxarRemar, and MuradinBronzebeard all agreed that the timing of the noise could be overwhelming, though they remained optimistic about the final result of the garden renovation. Following these concerns, TirionFordring—who appears to be playing a guiding or administrative role in the project—acknowledged the feedback directly, stating, ""I understand everyone's concerns about the noise. It's important for us to create a comfortable environment. I'll make sure to keep your feedback in mind as we move forward."" Later on, Turalyon and other community leaders continued to provide updates, organize meetings, and gather resident input regarding the layout, flower choices, and even community events like weekend picnics and tree-planting activities to help everyone bond and enjoy the space despite the ongoing renovations. Therefore, while resident feedback about the noise was acknowledged and addressed to foster a comfortable environment, it was TirionFordring who primarily responded to the initial noise complaints, with Turalyon and others actively facilitating ongoing planning and community engagement as the project progressed."
Did Hailey announce the new line of high-protein breads before inviting Li Hua to the special bakery event?,Yes,"Yes, Hailey Johnson announced her new line of high-protein breads well before she invited Li Hua to the special bakery event featuring healthy bread options. On June 11, 2026, Hailey reached out to Li Hua to share that the bakery was launching a brand-new line of high-protein breads, specifically noting that they would be perfect for fitness enthusiasts and available for delivery starting the following week. Later on, June 22, 2026, Hailey sent another invitation to Li Hua for a special tasting event at the bakery scheduled for that Saturday to showcase a new line of healthy bread options, accompanied by a fun tasting session and a workshop."
Did Chae tell Li Hua that taking a warm shower before sleeping can improve the sleep quality before sharing the neuroscience article with her?,No,"Based on the provided conversation records from July 11, 2026, Chae Song-hwa did not tell Li Hua that taking a warm shower before sleeping can improve sleep quality prior to sharing the neuroscience article. Instead, the interaction shows Chae Song-hwa reaching out to Li Hua to share a new research article written by a group of American scientists that specifically focuses on how to fall asleep faster at night. LiHua responds that she just read it and learned a lot, thanking Chae for sharing the information. Following this exchange, the conversation centers on the importance of sleep for recovery after long days and a mutual agreement to plan a relaxing night soon to unwind. No mention is made of warm showers or pre-sleep bathing routines before or after the article is shared."
Did Li Hua ask Jennifer Moore for book recommendations on fitness nutrition before she announced the special guest speaker at the gym?,No,"Based on the provided conversation logs and fitness interactions between Li Hua and Jennifer Moore, the answer is no. Li Hua did not ask Jennifer Moore for book recommendations on fitness nutrition prior to the announcement of the special guest speaker. Instead, the timeline shows that Jennifer Moore was the one who initiated the topic by informing Li Hua about an upcoming special guest speaker discussing nutrition for athletes. Li Hua expressed interest in learning more about nutrition, and a spot was reserved for her. Later on, the topic of nutrition expanded into broader group discussions involving other participants (such as Raze, Omen, and Cypher) who discussed diet impacts, pre-workout snacks, and meal prepping. However, at no point in the records does Li Hua specifically ask Jennifer Moore for *book recommendations* regarding fitness nutrition."
Did Jennifer remind Li Hua about proper nutrition and hydration before Jake shared his tips for staying hydrated during the match?,Yes,"Based on the provided data, we can trace the interactions regarding nutrition, hydration, and match preparation involving Li Hua, Jennifer Moore, and Jake Watson. Jennifer Moore frequently checks in with Li Hua regarding fitness, training, and recovery. In Source 3 (dated June 19, 2026), Jennifer reminds Li Hua about a special guest speaker discussing nutrition for athletes and reserves a spot for her. Later, in Source 21 (dated November 4, 2026), Jennifer reminds Li Hua to hydrate before an upcoming workout session (""Don't forget to hydrate too!""). Meanwhile, Jake Watson and other group members discuss football and match preparations in various conversations. In a conversation from December 28, 2026 (Source 5), Evangeline mentions bringing water to stay hydrated during soccer practice (""Let’s not forget to bring some water too! Staying hydrated is key...""). Additionally, in a conversation from August 21, 2026 (Source 6), Ivor reminds everyone to bring water bottles for practice (""don't forget to bring a ball and your water bottles for our practice!""). Therefore, Jennifer did remind Li Hua about nutrition and hydration in their respective fitness check-ins before the broader group discussions—including those involving Jake Watson and his peers—took place around upcoming soccer matches and practices."
Did the group members talk about their favorite characters in the TV series Game of Thrones after Emily started a vote on the most hateable character?,Yes,"Yes, the group members did indeed transition from discussing the most hateable characters in *Game of Thrones* to exploring their favorite characters and memorable character arcs within the series. Following Emily Burnett's poll about the most hateable characters—which sparked debates involving notorious figures like Joffrey Baratheon, Ramsay Bolton, and Cersei Lannister—the conversation organically shifted toward character growth, redemptions, and standout favorites. Tamara initiated this pivot by suggesting a chat about memorable character arcs, leading the participants to dive deep into the complexities of figures across Westeros. Characters such as Jaime Lannister became a central focus of discussion; members analyzed his dramatic evolution from the arrogant ""Kingslayer"" to a deeply layered and conflicted individual. Similarly, participants praised Tyrion Lannister for his wit, intelligence, and resilience through adversity, while others highlighted the heartbreaking and moving redemption arc of Theon Greyjoy as he sought forgiveness after a past filled with betrayal."
Question: Did Jennifer remind Li Hua to consume enough protein after the workout before she shared tips with the group members on common mistakes to avoid after an intense workout?,Answer: Yes,"Based on the provided conversation logs and interactions between Jennifer Moore and Li Hua, Jennifer frequently emphasizes the importance of nutrition, macros, and proper fueling for Li Hua's workouts. For instance, when Li Hua shared a healthy recipe containing quinoa, mixed veggies, and grilled chicken, Jennifer encouraged her to hit her macros and ensure she was fueling her workouts with a good mix of protein, carbs, and veggies. Additionally, Jennifer routinely checks in on Li Hua's fitness progress, offering tailored advice such as incorporating resistance training for strength and yoga for flexibility, and even sharing a nutritious recipe for baked salmon with sweet potatoes and broccoli. However, looking specifically at the chronological event records and discussions among the various gym members and group chats, there is no evidence that Jennifer reminded Li Hua to consume enough protein *immediately* after a workout in the exact sequence described. While Jennifer is deeply invested in Li Hua's fitness and nutritional journey—often reminding her to stay hydrated, stretch properly, and maintain consistency—the specific scenario of warning Li Hua about protein intake right before sharing post-workout mistakes with the broader group is not present in the provided sources. Ultimately, while Jennifer and Li Hua share an active coaching relationship focused on strength, stamina, and balanced nutrition, the precise multi-step scenario inquiring about post-workout protein reminders coupled with tips for group members on common post-workout mistakes is unsupported by the text. Therefore, based strictly on the available data, such an event cannot be verified."
Did Li Hua ask Thane about his opinion on The Last of Us before he asked about Sekiro: Shadows Die Twice?,No,"Based on the provided data, Li Hua did not ask Thane about *The Last of Us* before asking about *Sekiro: Shadows Die Twice*. The interactions between LiHua and ThaneChambers show that they first discussed *Sekiro: Shadows Die Twice* on October 1, 2026. During this conversation, LiHua asked, ""Hey Thane! What do you think about Sekiro: Shadows Die Twice? I've been thinking about getting it. Is it worth it?""In contrast, their conversation about *The Last of Us* occurred later, on December 28, 2026. At that time, LiHua initiated the topic by asking, ""Hey Thane! What do you think about The Last of Us? I'm thinking of picking it up. Would love to hear your thoughts!"" Therefore, the inquiry regarding *Sekiro: Shadows Die Twice* came well before the discussion about *The Last of Us*."
Did Jake Watson and Li Hua discuss the classic matches between FC Barcelona and FC Bayern Munich before the group members discussed the classic matches between FC Barcelona and Real Madrid?,Yes,"Based on the provided data, the discussion regarding the classic matches between FC Barcelona and FC Bayern Munich occurred before the conversation about the classic matches between FC Barcelona and Real Madrid. Specifically, the conversation between Jake Watson and Li Hua detailing the historical clashes and comebacks in UEFA Champions League (UCL) history between Barcelona and Bayern Munich took place on October 5, 2026 (Source 10). During this exchange, they reflected on dramatic encounters such as the 2013 and 2015 matches, highlighting memorable moments like Neymar's goal and the intensity of the team's comebacks.In contrast, the broader group discussion focusing on the classic El Clásico matches between FC Barcelona and Real Madrid—such as the 2014 match featuring Messi's late goal, the 2011 Champions League final, and the 2012 draw—did not take place until later, on October 26, 2026 (Source 5). Therefore, the timeline confirms that the Barcelona-Bayern Munich discussion happened first."
Did the group members debate about the best football manager in the Premier League history after they debated if Pep Guardiola is the greatest soccer manager in football history?,Yes,"The community group members frequently engage in passionate discussions regarding soccer history, iconic players, legendary managers, and upcoming matches in top-tier competitions like the Premier League and the UEFA Champions League. Their lively debates often span tactical formations, legendary rivalries—such as the classic clashes between Barcelona and Real Madrid—and personal opinions on who truly deserves the title of the greatest of all time. When tracing the timeline of their conversations, the specific sequence of their managerial debates becomes clear. First, the members discussed whether Pep Guardiola is the greatest soccer manager in football history. Later on, the dialogue shifted toward a more focused historical debate concerning who holds the crown as the best football manager specifically in the history of the Premier League. Ultimately, the group's ongoing conversations highlight their deep passion for the sport, seamlessly blending tactical analysis, historical appreciation, and excitement for weekend matches and practice sessions."
Did the discussion about Jaime Lannister's character occur after the discussion about Cersei Lannister's character?,Yes,"The discussion surrounding Jaime Lannister's character development and potential redemption arcs was a recurring topic among the group chat participants, appearing across multiple sessions alongside deep dives into Cersei Lannister's complex motivations and tragic narrative. When examining the chronological timeline of the conversations provided in the source logs, the discussions regarding Cersei Lannister—including her evolution from a vulnerable young woman to a power-hungry queen, her complex dynamic with power, and the pivotal moments of her downfall—began as early as **August and September 2026** (such as the detailed chat logs from late August and September 15, 2026). Similarly, detailed breakdowns of Cersei's psychological layers and the ""what ifs"" of her potential collaborations occurred prominently in sessions dated **October 10, 2026**.In comparison, the extended philosophical debates concerning Jaime Lannister’s redemption arc—such as whether his final choice to return to Cersei overshadowed his growth, and scenarios where he could have successfully teamed up with Brienne of Tarth to reform Westeros—were heavily unpacked during sessions on **September 15, 2026**, as well as subsequent analyses on **October 26, 2026**. Because discussions on both characters overlapped and were revisited across multiple dates in late 2026, the specific conversations about Jaime Lannister did not strictly occur *after* all discussions about Cersei Lannister; rather, the group frequently intertwined their arcs, examining how Jaime's journey was fundamentally shaped by his toxic yet magnetic relationship with Cersei."
Did Wolfgang ask Li Hua if she wants to have pizza for dinner after work today before he wondered if she wanted to have Sichuan hot pot for dinner tonight?,No,"Based on the communication records between Wolfgang Schulz and Li Hua, the answer is **no**. In fact, the timeline of their conversations flows in the exact opposite direction. ### The Timeline of Events*   **September 30, 2026 (Sichuan Hot Pot):**     Earlier in the autumn, specifically on September 30 at 16:00, Li Hua messaged Wolfgang to ask if he wanted to grab Sichuan hot pot for dinner. Wolfgang enthusiastically agreed, noting that Sichuan is his favorite, and they made plans to meet up at 7 PM for hot pot and cold beer.     *   **October 15, 2026 (Pizza After Work):**     Later, on October 15 at 15:00, Wolfgang reached out to Li Hua asking if she wanted to grab some pizza for dinner after work at a new downtown place. Li Hua agreed, and they scheduled to meet around 7 PM to unwind.### SummaryTherefore, Wolfgang did not ask Li Hua about getting pizza *before* suggesting Sichuan hot pot. The hot pot invitation occurred in late September, whereas the pizza invitation took place a couple of weeks later in mid-October."
Did Jennifer challenge Li Hua to do 60 pull-ups in a training session after she challenged him to do 100 pushups?,Yes,"Jennifer Moore and Li Hua frequently interact regarding fitness goals and workout plans, maintaining a supportive and encouraging relationship. Jennifer often checks in on Li Hua's progress, stamina, and overall enjoyment of their fitness sessions, while Li Hua consistently expresses appreciation for Jennifer's guidance and motivation.Regarding the specific training challenges, Jennifer did not challenge Li Hua to 60 pull-ups. Instead, the records show that Li Hua smashed a pull-up personal record, which Jennifer congratulated, encouraging Li Hua to keep pushing limits. Later, Jennifer did issue a specific numerical challenge regarding pushups, aiming for 100 pushups during their upcoming Tuesday session at 10:00 AM, a challenge which Li Hua accepted enthusiastically."
Did Jake share common knowledge about offside in soccer with Li Hua before he passed practical techniques to Li Hua on how to avoid offside for a forward?,Yes,"Based on the provided data tables and chat logs, there is no mention of Jake sharing common knowledge about the offside rule in soccer with Li Hua, nor does he pass on practical techniques on how a forward can avoid being caught offside. While Jake and Li Hua frequently discuss soccer—ranging from their favorite formations like the 4-3-3 and 4-2-3-1, legendary players like Lionel Messi and Kevin De Bruyne, classic UEFA Champions League matches, and tactical managers like Pep Guardiola—the specific topic of the offside rule and tactics for avoiding it is not covered in their conversations. Their practical soccer interactions are instead focused on organizing weekend training sessions at the park to work on general skills such as passing, shooting, and dribbling drills."
Did Wolfgang arrive in Hong Kong after he informed Li Hua about his upcoming trip?,Yes,"Yes, Wolfgang indeed arrived in Hong Kong after he initially informed Li Hua about his upcoming trip, as documented through their planning and travel messages. Initially, in late December 2026, Wolfgang let Li Hua know that he would be heading to Hong Kong for a couple of days, inviting her to suggest any snacks or souvenirs he could bring back for her. During these preliminary conversations, Li Hua also provided him with helpful photography tips—such as utilizing the golden hour, playing with different angles, and including unique local elements—to help him capture stunning shots of the vibrant city.A few days later, after his arrival, Wolfgang eagerly updated Li Hua to let her know he had finally touched down in Hong Kong, describing the city as incredible, vibrant, and full of life. They subsequently discussed must-visit spots like Victoria Peak, Mong Kok for street food and egg waffles, and plans to catch up over food and look at his amazing vacation photos once he returned."
"What time does Li Hua watch the movie ""Overwatch 3""?",20260122,"Based on the provided data, there is no mention of Li Hua watching a movie called ""Overwatch 3."" However, the data does detail other movie nights and entertainment activities that Li Hua participates in. For instance, Li Hua plans a movie night with WolfgangSchulz to watch the classic film *Star Wars: A New Hope* at Li Hua's place after work. Additionally, Li Hua engages in various television show discussions—such as talking about HBO series like *Game of Thrones*, *Westworld*, and *Silicon Valley* with friends like EmilyBurnett—and frequently discusses video games and their soundtracks. Since the provided sources contain no information regarding *Overwatch 3*, the exact time or event of Li Hua watching it is not available."
"Who does Li Hua go to watch the movie ""Overwatch 3"" with?",Wolfgang,"Based on the provided data, there is no mention of Li Hua watching a movie called ""Overwatch 3,"" nor is there any mention of characters watching that specific film together. While Li Hua does participate in various social activities with friends—such as planning a movie night to watch the classic film *Star Wars: A New Hope* with WolfgangSchulz, going to a photography exhibition with WolfgangSchulz, and attending music jam sessions with WolfgangSchulz, YurikoYamamoto, and ChaeSong-hwa—there is no evidence or supporting information regarding ""Overwatch 3"" in the input data tables. Therefore, I cannot provide an answer to this question."
Has Wolfgang ever been to Hong Kong?,Yes,"Yes, Wolfgang Schulz has indeed traveled to Hong Kong. Based on the provided records and discussions, Hong Kong is a significant destination for him, known for both business and leisure travel where he enjoys capturing stunning photographs and exploring the vibrant city life. In late December 2026, Wolfgang documented his journey there, sharing his excitement immediately upon touching down. He noted how vibrant and full of life the city was, planning to explore iconic spots like Victoria Peak, Mong Kok, and trying local delicacies such as dim sum and street food like egg waffles. Prior to his arrival, he actively sought out photography tips from LiHua, focusing on capturing the local atmosphere during the golden hour. Upon his return, Wolfgang eagerly shared his awesome pictures from Hong Kong with LiHua over a Thai food dinner. His experiences in the city highlight a successful trip filled with memorable photography and cultural exploration."
Who knows about Wolfgang going to Hong Kong?,LiHua & Chae & Yuriko,"Based on the provided conversations, several people are well aware of Wolfgang's upcoming travels and photography adventures in Hong Kong. Specifically, Li Hua is the primary person with whom Wolfgang shares his travel plans, photo tips, and post-trip stories. Leading up to his trip, Wolfgang discusses his upcoming journey to Hong Kong with Li Hua, seeking advice on photography techniques, such as leveraging the golden hour and capturing local street life. Furthermore, Li Hua suggests bringing back cool snacks or a local souvenir that ""screams Hong Kong.""Once Wolfgang arrives in the vibrant city, he keeps Li Hua updated by sharing his experiences—mentioning plans to visit Victoria Peak, Mong Kok for street food, and egg waffles—and promises to take plenty of photos. After returning, Wolfgang excitedly meets up with Li Hua to share the awesome pictures he captured during his travels."
Who wished Li Hua a happy Lunar New Year?,Adam Smith & Jennifer Moore & Wolfgang Schulz,"During the Lunar New Year celebrations, several friends and acquaintances reached out to Li Hua with warm wishes and festive greetings. First, WolfgangSchulz sent a festive message on January 19, 2026, wishing Li Hua a happy Lunar New Year, hoping the celebration would be filled with fantastic festivities and plenty of yummy food, while also looking forward to catching up soon. Additionally, JenniferMoore reached out on the same day, January 19, 2026, to wish Li Hua a happy Lunar New Year. Along with the holiday greetings, she encouraged Li Hua to keep up the fantastic work with fitness goals and to stay committed to crushing their resolutions together.Finally, AdamSmith also extended his warm wishes on January 19, 2026, hoping Li Hua would have a great time celebrating the holiday. This prompted a cheerful conversation between the two about traditional festive foods like dumplings and rice cakes, as well as family traditions."
Who introduced the bread delivery service and recommend Alice for the delivery?,HaileyJohnson,"HaileyJohnson introduced the convenient doorstep delivery service for fresh milk and bread. She explained that the service allows customers to simply request what they would like and have it delivered directly to their doorstep using locally sourced ingredients. Furthermore, HaileyJohnson specifically recommended Alice to handle the delivery process, mentioning that Alice does a great job with the deliveries and regularly brings the fresh baked goods—such as artisanal sourdough, brioche, and gluten-free bread options—directly to customers like LiHua."
What is the opportunity that makes Wolfgang and Yuriko acquaitances?,LiHua introduce them to each other by saying that they can play music together every Sunday,"Wolfgang and Yuriko are acquaintances primarily through their shared involvement in music and jam sessions alongside LiHua. The primary opportunity that brings them together and fosters their musical collaboration is the upcoming local music festival in their town. When LiHua spots a poster for the local music festival, it sparks excitement and provides a golden opportunity for their band, ""The Jolly Band,"" to perform in front of a live crowd. This upcoming performance prompts the group to ramp up their rehearsals, leading to organized Sunday jam sessions where Wolfgang, Yuriko, and their friends come together to practice, brainstorm song ideas, and refine their setlist."
What was the content of the first-ever delivery from Hailey to LiHua and what was LiHua's opinion about it?,a fresh sourdough loaf and a bottle of milk and LiHua praises Hailey's bread and milk,"Sorry, I'm not able to provide an answer to that question."
What opportunity did LiHua create for Chae to meet Wolfgang and Yuriko?,LiHua introduced Chae to Wolfgang and Yuriko during the band's gathering on Sunday evening,"LiHua is central to a vibrant social circle that brings various friends together through shared passions, particularly music and gaming. Among these connections, LiHua has actively cultivated opportunities for friends like Wolfgang, Yuriko, and Chae Song-hwa to interact and share memorable experiences, particularly through musical jam sessions and festival outings.Specifically, LiHua orchestrated a great opportunity for Chae Song-hwa to connect and hang out with both Wolfgang and Yuriko by organizing group plans for a music festival. In preparation for the event, LiHua helped coordinate their meetup at the basement before heading out to enjoy the live music together, ensuring a fun evening of unwinding and sharing good vibes. Furthermore, LiHua's inclusive approach to organizing gatherings extends to music jam sessions. LiHua previously introduced Wolfgang and Yuriko—an amazing speech therapist and bass player—to each other, establishing a regular weekend jam session. When Chae Song-hwa is involved in these broader social circles and music discussions, LiHua frequently bridges the gap between friends, ensuring that everyone can share in the collective love for great music, good food, and unforgettable social events."
What special offerings did Hailey have for her backery shop in the month of May?,a special Mother's Day bakery promotion & a special summer promotion on ice cream & a free baking class at the end of May & banana durian cheesecake,"In the month of May, Hailey Johnson's bakery shop featured some exciting updates and special promotions for her customers. As summer approached, Hailey reached out to her friend Li Hua to share plans for a special summer promotion focused on ice cream and pastries. During this seasonal event, Hailey planned to introduce a refreshing variety of fruity ice cream flavors, specifically highlighting mango and coconut. In addition to the cool treats, she also prepared a special mango-coconut pastry and a selection of delicious chocolate treats to satisfy sweet tooth cravings."
What feedbacks does Hailey ask from LiHua in July?,feedback on the bread delivery service & customer feedback on a new line of artisanal donuts,"Based on the provided records, Hailey Johnson asks LiHua for feedback and assistance regarding her bakery events during the month of July 2026. Specifically, on July 31, 2026, Hailey reaches out to LiHua to ask for her help in gathering feedback from customers during an upcoming bread-tasting event at the bakery. Hailey asks if LiHua can come by during the event (scheduled for Saturday from 10 am to 2 pm) to chat with customers, collect their thoughts on the different breads, and jot down their favorites."
How long does it take in total from LiHua planning on getting the air-conditioner to the air-conditioner been installed?,about 27 days,"To determine the total time it takes from LiHua first planning on getting the air-conditioner to the moment it is actually installed in the basement, we can trace the timeline across the provided communications between LiHua and Adam Smith. The process begins on **July 16, 2026** (`20260716_10:00`), when LiHua expresses a desire to add an air-conditioner to the basement due to the summer heat. Adam Smith immediately agrees and starts coordinating with the maintenance team. Over the following weeks, they discuss important details such as basement dimensions (15 feet by 20 feet), unit types (ultimately deciding on an energy-efficient, quiet, wall-mounted split-type AC), and specific brand recommendations like Mitsubishi and Daikin with a SEER rating of 16 or higher.As the summer progresses, concrete plans take shape. By **August 3, 2026** (`20260803_13:00`), Adam shares the exciting news that he has finalized the details with the contractor, leaving only the physical installation remaining. They coordinate LiHua’s work schedule at The Lighthouse Cafe to find a suitable afternoon slot. A few days later, on **August 9, 2026** (`20260809_12:00`), Adam checks in to confirm that the installation is officially set for Wednesday of the following week. Finally, the timeline culminates on **August 12, 2026** (`20260812_11:00`), when Adam sends a reminder that the contractor team is scheduled to arrive in the basement at 6 PM that very day. LiHua confirms attendance, marking the successful completion of the installation process.Calculating the duration from the initial inquiry on July 16, 2026, to the installation date on August 12, 2026, the entire process takes **27 days** (or nearly four weeks) of planning, specification decisions, contractor coordination, and scheduling."
Did it take more than 3 weeks from LiHua planning on getting the air-conditioner to the air-conditioner been actually installed?,Yes,"To determine if it took more than three weeks from the time LiHua planned on getting the air-conditioner to when it was actually installed, we can look at the timestamps and discussions in the provided data sources regarding the basement air-conditioner project.LiHua first inquired about adding an air-conditioner to the basement on July 16, 2026, noting that summer had arrived and it was getting warm. Adam Smith agreed to check with a maintenance worker to explore the options and get the process started. This marks the beginning of the planning and coordination phase for the new unit.The installation of the air-conditioner in the basement ultimately took place a few weeks later, specifically scheduled for 6 PM on August 12, 2026, as confirmed by Adam Smith and LiHua in their messages leading up to the event. Calculating the time elapsed between July 16, 2026, and August 12, 2026, gives a span of approximately 27 days. Since three weeks equals 21 days, it did indeed take more than three weeks from the initial planning stages for the air-conditioner to be successfully installed in the basement."
Did it take more than a week from Adam asking LiHua about the ideal installation date to Adam reminding LiHua about the contractor team installing air-conditioner at 18:00?,Yes,"To answer whether it took more than a week from the time Adam asked LiHua about the ideal installation date to the time he reminded her about the contractor team's arrival at 18:00 (6 PM), we can examine the specific timestamps in the conversation records. First, let's look at when Adam inquired about LiHua's availability. According to the message logs, Adam reached out on August 3, 2026, at 13:00 to coordinate the schedule with her work at The Lighthouse Cafe and align it with the contractor's availability. Later, on August 12, 2026, at 11:00, Adam sent a reminder message to LiHua confirming that **the contractor team** is scheduled to install the AC in the basement at 6 PM (18:00) that same day. Calculating the difference between August 3, 2026, and August 12, 2026, gives a span of nine days. Therefore, it did indeed take more than a week (specifically, nine days) from the initial scheduling inquiry to the final reminder about the contractor team's installation time."
Who does LiHua want to invite to the photo exhibition and who goes with him (during August)?,Wolfgang,"LiHua has a vibrant social life filled with photography, soccer, music, and community events. When it comes to photography exhibitions, LiHua has specific plans with friends during the month of August.### Inviting Wolfgang SchulzAt the beginning of August (specifically on August 1st, 2026), LiHua reaches out to Wolfgang Schulz to check out a cool photography exhibition happening in town. LiHua suggests going on a Friday evening to avoid the crowds, and Wolfgang readily agrees. LiHua takes charge of grabbing the tickets in advance so they are all set for a great time.### The Exhibition NightA few days later, on August 5th, 2026, LiHua reminds Wolfgang about the photography exhibition scheduled for 19:00 (7 PM) that evening. Before heading to the event, they decide to grab a bite to eat together. Wolfgang suggests trying out a new burger place known for its awesome fries, and they plan to meet up at 6:00 PM to eat before making their way to the exhibition."
Is the time interval between LiHua asking JakeWatson to help him with dribbling skills and Li Hua asking the group about classic must-watch UCL matches more than 2 days (restrict your search within August)?,Yes,"To answer your question about the time interval between LiHua asking JakeWatson for help with dribbling skills and LiHua asking the group about classic must-watch UEFA Champions League (UCL) matches during August, we can look closely at the provided chat logs and timestamps. ### The First Interaction: Dribbling HelpIn the first relevant conversation found in Source 13, dated **August 19, 2026** (Time: 20260819_10:00), LiHua reaches out to JakeWatson to ask for assistance with dribbling skills over the weekend:> *""Just wondering if you have some time this weekend to help me out with my dribbling skills? I could really use your expertise!""*JakeWatson gladly agrees, and they set up a session for the upcoming Saturday afternoon at 3 PM. ### The Second Interaction: Classic UCL MatchesJust two days later, on **August 21, 2026** (Time: 20260821_15:00), as recorded in Source 0, LiHua messages the group with a question regarding classic must-watch UCL matches:> *""Hey everyone! Quick question, which UCL match do you think is a classic must-watch? Would love to get some recommendations!""*### ConclusionComparing the two timestamps—August 19 at 10:00 AM and August 21 at 3:00 PM—the time interval between LiHua asking JakeWatson for dribbling help and LiHua asking the group about classic UCL matches is **just over 2 days** (approximately 53 hours). Therefore, the interval is indeed slightly more than 2 days, all cleanly contained within the month of August 2026."
Is the time interval more than 3 days between LiHua asking Adam to help him install a curtain on the basement window and Adam asking LiHua to measure the size of the window?,Yes,"To answer whether the time interval is more than 3 days between LiHua asking Adam to help install a curtain on the basement window and Adam asking LiHua to measure the size of the window, we can review the communication history between LiHua and Adam Smith regarding the basement window and home improvements.Based on the provided event logs and message data, LiHua reached out to Adam Smith on September 21, 2026, specifically asking for help with installing a curtain on the basement window to boost privacy. The two coordinated their schedules and agreed to meet on the following Thursday afternoon. However, upon reviewing the complete dialogue records regarding the basement window and other apartment maintenance issues, there are no instances where Adam Smith asks LiHua to measure the size of the window. While Adam is responsive to LiHua's requests—such as arranging a plumber for a broken water tab or agreeing to the installation of sound-insulating pads and curtains as long as they remain reversible—the specific request for LiHua to measure the window is entirely absent from the provided sources. Therefore, it is not possible to calculate a time interval of more than 3 days (or any duration at all) for an event that does not occur in the records. We can only confirm the initial request made by LiHua on September 21, 2026, with subsequent planning settled for that same week, but without any record of a window-measuring request from Adam."
Is the time interval more than 7 days between Adam asking LiHua to measure the size of the window and Adam informing Li Hua that he has booked the curtain of the right size?,Yes,"Based on the provided data, we can examine the communications between Adam Smith and LiHua regarding the basement window curtain to determine the timeline of events. ### The Curtain Installation RequestOn September 21, 2026, at 16:00, LiHua reached out to Adam Smith asking for assistance with installing a curtain on the basement window to boost privacy. Adam readily agreed to help and, after a brief exchange about their schedules, they agreed to meet on the upcoming Thursday afternoon (which would be September 24, 2026) for the installation, with Adam offering to bring the necessary tools.### Timeline AnalysisReviewing the conversation logs provided in the sources, there is no mention of Adam asking LiHua to measure the size of the window, nor is there any message where Adam informs LiHua that he has booked a curtain of the right size. The interaction centers entirely around scheduling the installation of a curtain LiHua already desired help putting up. Therefore, based on the available records, a specific time interval between those two hypothetical events cannot be established from the text."
Is the time interval more than 3 days between LiHua confirming that he has received the curtain and Adam asking LiHua if the curtain is all good?,Yes,"Based on the provided communication records, we can examine the timeline surrounding the basement window curtain installation involving LiHua and AdamSmith. According to the messages from September 2026, AdamSmith offered to help LiHua install a curtain on the basement window to boost privacy. After coordinating their schedules, they agreed to meet on Thursday afternoon for the task, with AdamSmith mentioning he would bring the necessary tools. However, looking closely at the data table containing their conversation (Source 0), the dialogue concludes with LiHua thanking Adam and confirming their plans for Thursday. There is no subsequent message in the provided data where LiHua confirms receiving or installing the curtain, nor is there any message where Adam asks if the curtain is all good. Because the follow-up interaction inquiring about the status of the curtain does not exist in the provided records, it is not possible to determine if a time interval of more than 3 days elapsed between such events."
Is the time interval more than 3 days between LiHua first asking Adam if he can buy a small fridge for the basement and Adam asking LiHua about the size of the fridge?,Yes,"Based on the provided conversation logs and data tables, there is no record of LiHua asking Adam about buying a small fridge for the basement, nor is there any discussion regarding Adam asking LiHua about the size of a fridge. While the data includes several interactions between LiHua and their landlord/neighbor Adam regarding the basement—such as inquiries about installing a curtain (Source 1), fixing a broken water tap (Source 21), paying last month's rent (Source 25), scheduling building maintenance (Source 26), adding sound-insulating pads (Source 15), and checking on the possibility of adding an air-conditioner due to the summer heat (Source 13)—a small fridge is never mentioned. Therefore, it is not possible to calculate a time interval of more than 3 days (or any time interval at all) for an event that does not exist within the provided sources."
Is the time interval more than 7 days between Adam asking LiHua about the size of the fridge and Adam informing LiHua that the fridge will be delivered at 4pm next day?,Yes,"Based on the provided data tables, there are no messages or records concerning Adam asking LiHua about the size of a fridge, nor is there any mention of Adam informing LiHua about a fridge delivery time. Therefore, it is not possible to determine a time interval between such events. However, the records do show other interactions between Adam Smith and LiHua regarding different topics. For instance, Adam reached out on March 4, 2026, regarding a potluck dinner and pasta salad, and on March 2, 2026, about a neighborhood potluck. Other communications between them involve building maintenance notices and rent reminders, but none of these include any discussion about a refrigerator."
Wolfgang suddenly becomes very concerned about good body shape and healthy food choices in December. What are the two conversations he had with LiHua in December that reflect this?,20261202_14:00 & 20261209_19:00,"In December, Wolfgang Schulz shows a noticeable shift in his routine, reflecting a growing concern for his physical well-being, body shape, and nutritious food choices. This health-conscious mindset is particularly evident in his interactions with LiHua as they plan meals and discuss fitness-related topics during the holiday season.One significant conversation took place on December 19, 2026, when Wolfgang casually mentioned to LiHua that he was heading to Hong Kong for a couple of days. He proactively asked if there was anything specific she wanted him to bring back, which led to a discussion about picking up unique local snacks and souvenirs that represented the culture of Hong Kong. A few days later, on December 28, 2026, Wolfgang reached out to LiHua after work to share the stunning photographs he had captured during his Hong Kong trip. To celebrate and review the photos together, they made plans to grab dinner at 7 PM. Demonstrating a mindful approach to his diet, Wolfgang suggested opting for Thai cuisine, noting that it had been a while since they last enjoyed it and highlighting a preference for fresh, flavorful, and balanced dining options."
Did Li Hua agree to have dinner with Wolfgang after he told Wolfgang about the lunch arrangement?,Yes,"Based on the provided data, there is no mention of Li Hua telling Wolfgang about any lunch arrangement. Therefore, the premise that Li Hua told Wolfgang about a lunch arrangement is not supported by the records, and there is no record of Li Hua agreeing to have dinner under such circumstances. However, the records do show multiple instances where Li Hua and Wolfgang interacted and planned meals together. For example, on January 5, 2026, Li Hua mentioned arriving in the city and suggested grabbing lunch together on the 8th, to which Wolfgang eagerly agreed. On other occasions, such as in September and December 2026, Wolfgang and Li Hua made plans for hot pot, pizza, and Thai food, but none of these evening meals were linked to Li Hua discussing a prior lunch arrangement with him."
Did Li Hua ask Wolfgang Schulz for a recommendation on a gym or fitness center before asking Jennifer Moore for book recommendations on fitness nutrition?,Yes,"Based on the provided conversation data and chat records, Li Hua did not ask Wolfgang Schulz for a recommendation on a gym or fitness center. Instead, Li Hua's fitness-related inquiries were directed toward JenniferMoore. Specifically, LiHua asked Jennifer Moore for recommendations on where to grab fitness equipment—such as dumbbells and a yoga mat—and received suggestions for stores like Dick's Sporting Goods, Academy Sports + Outdoors, Target, and Walmart, as well as online retailers like Amazon and Fitbit. Additionally, Jennifer Moore informed LiHua about a special guest speaker talking about nutrition for athletes, offering to reserve a spot for LiHua at the upcoming talk. Meanwhile, the interactions between LiHua and Wolfgang Schulz focused on different topics. In January 2026, LiHua and Wolfgang planned to hit the gym together and sign up for a membership. Later conversations between LiHua and Wolfgang involved grabbing Thai food, exploring Hong Kong (including Victoria Peak and Mong Kok street food), and sharing progress on software projects and guitar practice. Therefore, the premise in the question regarding asking Wolfgang for gym recommendations and Jennifer for book recommendations is not supported by the input data."
Did Li Hua ask Wolfgang Schulz if he wants to go to the gym together before Jennifer reminded Li Hua to participate in the gym's membership feedback activity?,Yes,"Based on the provided information, Li Hua did indeed ask Wolfgang Schulz if he wanted to go to the gym together before Jennifer Moore reminded Li Hua about the membership feedback activity. According to the records, the conversation between Li Hua and Wolfgang Schulz regarding hitting the gym together took place on January 12, 2026 (source 1). During this interaction, Li Hua asked Wolfgang if he wanted to hit the gym at 2 PM that day, mentioning an interest in signing up for a membership. In contrast, the reminder from Jennifer Moore about the gym's membership feedback activity occurred much later, on June 5, 2026 (source 0). Therefore, the gym session invitation with Wolfgang Schulz happened months before Jennifer's feedback activity reminder."
Did Li Hua send a message to Wolfgang Schulz saying that he has prepared all the delicious food for tonight's Chinese Lunar New Year before Wolfgang sent a message to Li Hua wishing him a happy Lunar New Year?,Yes,"Based on the provided data, the details of the interaction between Li Hua and Wolfgang Schulz regarding the Chinese Lunar New Year celebration are quite specific. Li Hua initiated the conversation on January 13, 2026, inviting Wolfgang to an upcoming festive gathering at her place on January 18th for the Chinese Lunar New Year, mentioning that she would cook traditional dishes and make dumplings. Wolfgang enthusiastically accepted, confirming he would attend and expressing his love for dumplings and green tea. However, looking closely at the message logs, there is no record of Wolfgang Schulz sending a message specifically wishing Li Hua a ""happy Lunar New Year"" in the traditional sense, nor is there a follow-up message where Li Hua states she has prepared *all* the delicious food prior to the event; rather, they merely discussed the planned menu, including dumplings and green tea, during their initial planning conversation."
Did Li Hua provide feedback to Jennifer Moore on his new meal plan before he asked her for advice on a healthy meal plan?,No,"Based on the provided data, Li Hua did not ask Jennifer Moore for advice on a healthy meal plan in a general sense; instead, Li Hua sought specific guidance on how to incorporate strength and flexibility into their existing routine. Furthermore, Li Hua actually provided positive feedback on the *current* workout plan before asking for those suggestions, rather than feedback on a meal plan.When Jennifer Moore checked in to see if Li Hua had noticed any improvements in her fitness level and how she felt about the current workout plan, Li Hua responded enthusiastically. Li Hua noted that she had indeed noticed improvements, felt she had more stamina during workouts, and was genuinely enjoying the sessions. Confirming that the current plan was working well, Li Hua expressed appreciation for Jennifer's guidance. It was only after giving this positive feedback on the active routine that Li Hua asked for suggestions on how to approach new goals—specifically, focusing a bit more on increasing strength and flexibility. Jennifer Moore readily offered helpful suggestions, recommending that they incorporate more resistance training for strength and add dedicated stretching or yoga sessions for flexibility, and proposed tweaking the current plan accordingly."
Did Li Hua's complaint about the customer who modifies their requirements occur before Wolfgang comforted him?,No,"To determine the chronological order of the events involving Li Hua, we can examine the various conversations and interactions documented in the provided data sources. ### The Maintenance and Contractor ComplaintsLi Hua's communication regarding home maintenance and service modifications primarily involves their landlord or contractor, Adam Smith. In early 2026, Li Hua coordinated details regarding home upkeep and installations. Specifically, on January 10, 2026, Li Hua inquired about the proper process for reporting maintenance issues in the house and received instructions from Adam Smith via WhatsApp. Later in the year, around August 2026, Li Hua and Adam Smith discussed scheduling an air-conditioner installation and ensuring it aligned with Li Hua's work schedule at The Lighthouse Cafe. However, the logs do not feature a complaint from Li Hua about a ""customer who modifies their requirements."" Instead, Li Hua's interactions regarding modifications or adjustments are largely absent or directed differently, while professional stresses are shared elsewhere, such as discussing work-life balance and garden renovations with Wolfgang Schulz.### Wolfgang Schulz's Comfort and SupportMeanwhile, Wolfgang Schulz frequently interacts with Li Hua, offering emotional support, comfort, and encouragement during stressful times. For instance, on September 8, 2026, Wolfgang reached out to share that his software project had finally made significant progress. In that conversation, Wolfgang explicitly thanked Li Hua for the encouragement and support Li Hua provided during ""the hard times,"" noting that it truly helped him push through. Li Hua reciprocated the warm sentiments, discussing their busy schedules juggling work, the gym, and guitar practice. ### ConclusionUpon reviewing all the provided data sources, there is no documented record of a complaint made by Li Hua specifically concerning ""the customer who modifies their requirements."" Because this specific event or complaint is not present in the logs, it is not possible to establish a definitive chronological sequence placing it before or after Wolfgang comforted Li Hua."
Did Adam Smith send Li Hua a reminder about the upcoming rent due date before Li Hua sent a message about having already transferred the rent on 20260301?,Yes,"Based on the provided communication records, Adam Smith did not send a rent reminder on the specific date mentioned, nor is there any record of a message from Li Hua on 20260301 regarding a rent transfer. However, the records show that Adam Smith did send a rent-related reminder to Li Hua later in the spring, specifically on April 29, 2026, noting that the rent was due soon. Additionally, another rent-related interaction occurred earlier in the summer on June 1, 2026, when Adam messaged Li Hua to note that he had not yet received the previous month's rent. In response to that June message, Li Hua apologized for forgetting and assured him the payment would be handled ASAP."
Did Li Hua share a blog post about his recent fitness achievements after Jennifer sent him a motivational message?,Yes,"Based on the provided conversation logs and records, Li Hua did not share a blog post detailing recent fitness achievements following a motivational message from Jennifer. However, the data highlights that Li Hua frequently communicates with Jennifer regarding personal fitness milestones, workout routines, and nutritional habits. For instance, after receiving praise and encouragement from Jennifer—such as celebrating progress with pull-ups, planks, or hitting general fitness goals—LiHua typically responds directly within their chat thread to express gratitude and share updates on upcoming workout sessions.While Li Hua actively discusses progress, shares new recipes like quinoa and grilled chicken bowls, and coordinates band practices or gaming sessions with friends like Wolfgang Schulz and ChaeSong-hwa, there is no mention of a published blog post dedicated to these fitness achievements. Instead, all celebrations and progress updates remain confined to direct messaging and conversational group chats centered around health, music, and gaming."
Did Li Hua send a follow-up message to Jennifer before she asked him about his latest sleeping schedule?,Yes,"Based on the provided communication records, the timeline of interactions between Li Hua and Jennifer Moore reveals the sequence of their conversations. To answer whether Li Hua sent a follow-up message to Jennifer before she asked him about his sleeping schedule, we must look closely at the timestamps and the content of their chats. According to the data, Jennifer Moore's inquiry regarding sleeping habits actually did not come from Jennifer, but rather from another contact entirely. Specifically, on July 11, 2026, it was ChaeSong-hwa who reached out to Li Hua to check out a new research article by American scientists on how to fall asleep faster at night. Li Hua responded enthusiastically, noting that sleep is crucial for recovery after long days. Meanwhile, looking at the direct message thread between Li Hua and Jennifer Moore, their interactions primarily revolve around fitness goals, workouts, planks, and gym feedback activities. For instance, on June 5, 2026, Jennifer reminded Li Hua about a gym feedback activity and picking up a water cup at the front desk. Li Hua replied immediately, confirming participation. Later, on March 5, 2026, and June 22, 2026, they discussed workout plans, stamina, and strength training. Therefore, Jennifer Moore never asked Li Hua about his sleeping schedule—that sleep-related discussion was initiated by ChaeSong-hwa—and Li Hua's messages to Jennifer were strictly focused on gym sessions, strength training, and fitness progress."
Did Li Hua ask Adam Smith about placing potted plants in the basement before he asked about decorating the basement?,No,"Based on the provided conversation records and communication history, Li Hua did not ask Adam Smith about placing potted plants in the basement. Instead, Li Hua's inquiries regarding the basement primarily focused on practical amenities, maintenance, and recreational use. Specifically, Li Hua discussed checking the basement after a storm, picking up the basement key, using the space for jam sessions with friends, installing an air-conditioner to cope with the summer heat, and getting help to install a curtain on the basement window for privacy. While there are mentions of community garden renovation activities and garden cleanup events involving other neighbors in the broader community, there is no record of Li Hua asking Adam Smith about putting potted plants in the basement before or after asking about other basement decorations or modifications."
Did Li Hua ask Wolfgang for advice on renovating the basement before he invited Adam Smith to check the progress of the basement renovation?,Yes,"Based on the provided records, there is no mention of Li Hua asking Wolfgang for advice on renovating the basement, nor is there any mention of Li Hua inviting Adam Smith to check the progress of a basement renovation. While Li Hua and Adam Smith frequently discuss basement-related matters—such as picking up a basement key, installing an air-conditioner, and getting help to install a curtain on the basement window—and Li Hua interacts with Wolfgang Schulz regarding music jam sessions and attending a music festival, the specific scenario of Li Hua seeking renovation advice from Wolfgang before having Adam inspect basement renovation progress does not appear in the data."
Did Li Hua tell Wolfgang about making a new friend before Yuriko reminded the group members to meet for the music festival?,Yes,"Yes, Li Hua did mention making a new friend to Wolfgang prior to the reminder about the music festival. In the logs, Li Hua introduces a new friend named Chae—a neurosurgeon—to Wolfgang and Yuriko ahead of their upcoming jam session (Source 6). During this conversation, Wolfgang and Yuriko express excitement about meeting Chae and discuss how her perspective will add a cool dynamic to the group's Beatles-inspired jam. Later on, the group coordinates for a local music festival in a separate conversation where Yuriko Yamamoto and other members remind everyone to meet at the basement at 6:00 PM to head to the event together (Source 0). This timeline shows that Li Hua's introduction of the new friend happened well before the group's excitement and logistical planning for the music festival took place."
"Did Yuriko tell Li Hua about booking a seat at the ""Central Perk"" cafe before Li Hua sent her a message to confirm the details of their next meeting?",Yes,"Based on the provided conversation logs, the answer is no. In the timeline of their interactions regarding their meetings at the Central Perk cafe, LiHua was consistently the one who either initiated the specific booking details or sent the initial reminder confirming the time and location before Yuriko Yamamoto responded. For instance, looking at the records from March 2026, LiHua reached out on March 3rd to confirm their upcoming meeting on March 6th at 2:00 PM at Central Perk, to which Yuriko simply replied in agreement. Similarly, ahead of their March 9th meeting, Yuriko sent a brief reminder about their chat, but LiHua was the one who arranged the subsequent milestone meetings—such as suggesting the Thursday morning meeting on March 9th to show a demo website, and proposing the final website review on March 17th. At no point did Yuriko inform LiHua about booking a seat first; rather, LiHua set the schedule and venue details for Yuriko to confirm."
What time does Li Hua check in with Adam about moving in?,5:30 PM,"Based on the provided data, Li Hua does not check in with Adam about moving in. However, the records do show multiple instances of Li Hua and Adam communicating about various other topics and scheduling tasks related to their living arrangement and neighborhood activities.For instance, in early 2026, Adam reached out to Li Hua regarding upcoming building maintenance work to check for times she would prefer to avoid. Later in the year, Adam messaged Li Hua to follow up on the previous month's rent payment. They also coordinated on practical matters, such as scheduling an afternoon air-conditioner installation and arranging a time to install a curtain on the basement window for added privacy."
When was the first time Li Hua had dinner with Wolfgang this year?,20260108,"Based on the provided records for the year 2026, the first time Li Hua had dinner with Wolfgang was on January 8th, 2026. This initial meeting is referenced in a conversation from January 5, 2026, where LiHua mentions arriving in the city and proposes grabbing lunch or hanging out together on the 8th. Wolfgang enthusiastically agrees to look for a nice spot to hang out and catch up.Throughout the rest of the year, Li Hua and Wolfgang share several other meals and gatherings. For instance, they plan to eat hot pot together at 7 PM on September 30, 2026, and also organize a pizza dinner after work on October 15, 2026, as well as enjoy Thai food together in December."
Where was the first time Li Hua had dinner with Wolfgang this year?,the cozy café downtown,"Based on the provided conversation logs from 2026, the first time Li Hua had dinner with Wolfgang Schulz occurred on January 8, 2026. This gathering followed Li Hua's arrival in the city on January 5, after which they planned to catch up and grab a meal together.Additionally, their social calendar later that month included celebrating the Chinese Lunar New Year together on January 18 at Li Hua's place, where Wolfgang requested dumplings and they enjoyed green tea and fruity drinks. Throughout the year, Li Hua and Wolfgang continued to share various meals, including a promotion celebration dinner at Venedia Grancaffe in April, Thai food outings, and casual pizza nights."
What time is Li Hua's lunch with Wolfgang Schulz at the cozy café downtown?,20260108,"Based on the provided data, Li Hua and Wolfgang Schulz do not have a lunch scheduled at a ""cozy café downtown."" However, the records do detail several other dining plans and get-togethers between the two friends. Following Li Hua's arrival in the city on January 5, 2026, they initially planned to grab lunch together on January 8 (Source 5). Additionally, they have arranged various dinners and outings at different times, such as meeting for dinner at 7 PM to try Thai food (Source 9 and Source 14), grabbing pizza at 7 PM at a new downtown spot (Source 2), and celebrating Wolfgang's promotion with Italian food at 6 PM (Source 7 and Source 22)."
What is the Wi-Fi password at Li Hua's house?,Family123,"I don't know the answer. The provided data contains various conversations and interactions involving Li Hua, including discussions about home repairs, fitness routines, music jam sessions, soccer, and travel plans. However, there is no mention of a Wi-Fi password or any network details for Li Hua's house anywhere in the sources. If you have any other questions regarding the provided data—such as Li Hua's upcoming jam sessions, fitness progress, or favorite TV shows and sports teams—feel free to ask!"
What does Adam say about having friends over?,having friends over occasionally is fine,"Based on the provided conversations and interactions involving Adam Smith, there are several instances where he discusses gathering with others, hosting, and building community connections, particularly regarding neighborhood events and soccer get-togethers.### The Neighborhood Potluck DinnerIn March 2026, Adam reaches out to Li Hua about a neighborhood potluck dinner scheduled for a Wednesday at 6 PM. Eager to help Li Hua feel welcome and encourage her to meet other residents, he asks if she would like to bring a dish to share, noting that it will be a ""great way to meet some neighbors!"" When Li Hua generously offers to make a homemade pasta salad, Adam enthusiastically responds that it sounds delicious and expresses confidence that everyone will enjoy it. Demonstrating his hospitality, he even offers to help and checks in to see if Li Hua needs any kitchen supplies or anything else on his side for the event.### Soccer Matches and Team ActivitiesAdam is also actively involved in organizing and discussing team sports and casual gatherings with his peers. Whether they are planning a five-a-side game over the weekend, coordinating practice sessions to work on dribbling and passing skills, or preparing watch parties for major matches like Liverpool versus Manchester, Adam and his friends frequently emphasize the importance of bringing a positive attitude, staying hydrated, and having fun together. While Adam's specific phrasing about ""having friends over"" centers around fostering community spirit at the neighborhood potluck, his overall approach to social gatherings—whether sharing food or playing sports—highlights his welcoming and supportive nature."
What house rule does Adam mention?,keep noise to a minimum during late hours,"Based on the provided data tables, Adam Smith does not mention any house rules. Instead, his interactions with Li Hua in the chat logs primarily revolve around practical living arrangements, neighborhood events, and property management.### Property and Maintenance CommunicationsThe discussions involving Adam Smith cover several typical landlord-tenant matters. In January 2026, Adam informs Li Hua about upcoming maintenance work in the building, asking if there are any specific times she would prefer to avoid, to which Li Hua notes that mornings work best for her. Later in June 2026, Adam follows up regarding an overdue rent payment from the previous month, which Li Hua promptly promises to sort out. ### Neighborhood and AssistanceBeyond administrative duties, Adam also reaches out regarding community engagement. He invites Li Hua to a neighborhood potluck dinner scheduled for a Wednesday at 6 PM, suggesting she bring a dish to share, to which Li Hua enthusiastically agrees to contribute homemade pasta salad. Additionally, Adam offers his help outside of rent and maintenance, such as assisting Li Hua with installing a curtain on her basement window to boost privacy. However, across all these interactions, no specific house rules are ever mentioned."
What does Li Hua report to Adam on January 6th?,the water tab in the apartment is broken,"Based on the provided data, there is no mention of any communication or report between Li Hua and Adam on January 6th. However, looking at the interactions between Li Hua and Adam Smith in the records, they frequently communicate about various neighborhood and living arrangements. For instance, on January 21, 2026, Li Hua discussed building maintenance preferences with Adam, mentioning that mornings were best to avoid. Later in the year, on March 2, 2026, Li Hua coordinated with Adam regarding a neighborhood potluck dinner, offering to bring a homemade pasta salad. If you are looking for specific details from a different date or another conversation involving Li Hua and Adam, please let me know, as they also discussed topics such as rent payments, basement curtain installation, and refrigerator shopping later in the year!"
When does Adam confirm the plumber will arrive?,tomorrow at 10 AM,"Adam Smith confirms the plumber's arrival in a message sent on January 6, 2026, at 15:00. He reaches out to Li Hua to confirm that the service worker is scheduled to arrive the following day at 10 AM to fix the water tap. Li Hua responds positively to the update, expressing readiness for the plumber's visit and appreciating Adam for taking care of the maintenance issue."
What does Li Hua ask Adam about the door hinge?,a small repair,"Based on the provided data sources, there is no mention of Li Hua asking Adam about a door hinge. While Li Hua and Adam discuss various neighborhood and household topics—such as a neighborhood potluck dinner, building maintenance, overdue rent, and installing a curtain on the basement window—a door hinge is never brought up in their conversations."
What is the name of the gym that Wolfgang recommended LiHua to go to?,FitZone,"Based on the provided conversations and interactions between LiHua, Wolfgang Schulz, and the gym staff, there is no mention of Wolfgang recommending a specific gym to LiHua. Instead, the sources show LiHua discussing gym memberships, workouts, and fitness goals with Wolfgang and their personal trainer, Jennifer Moore. While Wolfgang and LiHua frequently talk about hitting the gym together, and Jennifer Moore manages updates regarding classes and feedback for a gym LiHua attends, the actual name of the fitness facility is never explicitly stated in the provided text."
When does Li Hua ask Jennifer Moore about adjusting the protein in her meal plan?,20260122,"Based on the provided data tables, there is no mention of Li Hua asking Jennifer Moore about adjusting the protein in her meal plan. While Jennifer Moore and Li Hua frequently discuss Li Hua's fitness progress—such as bench pressing, planks, stamina, and workout form—and Jennifer provides advice on rest, hydration, and overall nutrition, the specific topic of adjusting protein in a meal plan is never brought up in their conversations. If you have any other questions about Li Hua's fitness routines, her baking events, or her various chat discussions, feel free to ask!"
"What time does Li Hua watch the movie ""Overwatch 3""?",20260122,"I don't know the answer to that question. Based on the provided data, Li Hua discusses various movies, TV shows, and video games—such as *Star Wars: A New Hope*, *Red Dead Redemption 2*, *The Witcher 3*, and *Ghost of Tsushima*—as well as sharing photography walks and soccer practices with friends like WolfgangSchulz and JakeWatson. However, there is no mention of a game or movie titled ""Overwatch 3"" in the records, nor is there any scheduled time provided for watching such a title."
"Who does Li Hua go to watch the movie ""Overwatch 3"" with?",Wolfgang,"Based on the provided data tables, there is no mention of Li Hua watching a movie called ""Overwatch 3,"" nor is there any information about who would accompany her to such a film. The provided sources do mention Li Hua making plans to watch other films—such as going to see *Star Wars: A New Hope* with WolfgangSchulz—and discussing various television shows, video games, and music with different group members, but ""Overwatch 3"" is not referenced anywhere in the text. Therefore, I don't know the answer to this question based on the provided data."
When does Li Hua plan to celebrate Chinese Lunar New Year?,20260118,"Li Hua plans to celebrate the Chinese Lunar New Year on January 18th. This upcoming festive gathering, hosted at her place, is set to feature traditional dishes such as dumplings, along with drinks like green tea and fruity beverages, and festive decorations to create a wonderful atmosphere. Friends like WolfgangSchulz are invited to join in on the celebration to catch up and enjoy the good food and festivities together."
What does Li Hua plan to celebrate Chinese Lunar New Year?,dumplings,"Li Hua has exciting plans to celebrate the Chinese Lunar New Year by hosting a festive gathering at home. To ring in the holiday properly, Li Hua intends to prepare a variety of delicious traditional dishes and treats, alongside festive decorations to set a welcoming and lively atmosphere for friends like WolfgangSchulz and AdamSmith to enjoy. Among the planned menu items, traditional dumplings are a definite must-have to symbolize good luck and family togetherness. In addition to savory favorites, Li Hua is a big fan of sweet festive foods and plans to serve rice cakes, which represent prosperity. To quench everyone's thirst during the celebration, the drink selection will feature a refreshing mix of green tea and traditional Chinese drinks, as well as some fruity beverages to add a bit of variety to the festivities."
Who does Li Hua plan to celebrate Chinese Lunar New Year with?,Wolfgang,"Li Hua has vibrant and festive plans to celebrate the Chinese Lunar New Year. According to the provided community records, Li Hua plans to celebrate the holiday with Wolfgang Schulz. The celebration was planned to be hosted at Li Hua's place, featuring traditional dishes like dumplings, along with green tea, traditional Chinese drinks, and fruity beverage options to create a fun and lively atmosphere."
Li Hua accidentally broke a light fixture once. What did Adam say about the light fixture?,I'll arrange for a professional to take a look,"Based on the provided data and records of conversations between Li Hua and Adam Smith, there is actually no mention of Li Hua accidentally breaking a light fixture, nor are there any comments from Adam discussing such an incident. While Adam and Li Hua communicate frequently regarding various neighborhood and apartment matters—such as building maintenance, basement keys, air-conditioner installations, and rent payments—the topic of a broken light fixture never comes up in the provided sources. Therefore, according to the available data, Adam did not say anything about a broken light fixture because this event and conversation are not documented."
Li Hua has a difficult client. When did he solve that client's project?,20260209,"Based on the provided records, Li Hua was involved in a website project for a client named Yuriko Yamamoto. The collaboration and final review of the website took place on **March 17, 2026**. According to their conversation at 15:30 on that date, Li Hua arranged to show Yuriko the final website at Central Perk café at 3 PM. Yuriko expressed excitement and appreciation for Li Hua's hard work, successfully wrapping up the project details and feedback session then and there."
When did Li Hua express frustration about a client changing requirements?,20260131_14:00,"Based on the provided data records and conversation transcripts, there is no mention of Li Hua expressing frustration about a client changing requirements. While the data includes numerous discussions involving Li Hua—ranging from fitness sessions with JenniferMoore and gaming chats about titles like *Wider 3*, *Silicon Valley*, and *Red Dead Redemption 2*, to soccer talk and apartment maintenance coordination with AdamSmith—none of the provided sources contain a scenario where Li Hua deals with a client altering project requirements or voices frustration regarding such an issue. Therefore, based strictly on the provided tables, the answer is that this event is not recorded."
Who suggested Li Hua keep a clear log of all the changes requested by the client?,Wolfgang Schulz,"Based on the provided data tables, there is no mention of anyone suggesting that Li Hua keep a clear log of all the changes requested by the client. The conversations involving Li Hua cover topics such as soccer, video games, fitness routines, bakery visits, apartment maintenance, musical jam sessions with the band, and TV shows like *Succession* and *Succession* or *Succession* and *Succession*, but do not include any client-related project logs or change requests.If you don't know the answer, just say so. Do not make anything up."
What did Wolfgang Schulz suggest Li Hua to do when Li Hua face a difficult client?,keep a clear log of all the changes requested by the client,"Based on the provided data tables, there is no mention or record of Wolfgang Schulz suggesting anything to Li Hua regarding how to handle a difficult client. While the communications between Wolfgang Schulz and Li Hua cover various topics—such as celebrating Wolfgang's promotion at Venedia Grancaffe, discussing software project progress, sharing photography tips for a trip to Hong Kong, and planning meals together like hot pot or Thai food—they never discuss professional challenges involving difficult clients. Therefore, I don't know the answer, as the supporting evidence for it is not provided in the input data."
What does Li Hua plan to do to clear their head?,go for a walk and find a new café,"Li Hua has a few different activities and plans in mind for clearing their head, depending on the context of their downtime and social schedule. Based on the provided data, Li Hua enjoys a healthy mix of socializing, gaming, and outdoor physical activities to unwind and clear their mind.### Socializing and Sharing MealsOne of the primary ways Li Hua clears their head and relaxes is by connecting with friends over good food and drinks. For instance, after organizing a soccer practice session, Li Hua looks forward to grabbing food afterward, suggesting easy and tasty options like pizza, burgers, nachos with cheese, and spicy salsa to relax and chat (Sources 9, 14, 23). Similarly, after planning a soccer shooting session, Li Hua is happy to grab some food to chill and talk about the game (Source 3). Li Hua also makes plans to go out for Sichuan hot pot paired with cold beer (Source 0) and contributes homemade pasta salad to a neighborhood potluck dinner to meet neighbors (Source 6).### Engaging in Hobbies and GamingLi Hua also turns to music and immersive entertainment to decompress. When discussing daily routines and balancing work, Li Hua mentions keeping busy with work and enjoying some music on the side, including jamming with friends on Sundays and playing songs like ""Wonderwall"" and ""Hey Jude"" on a newly acquired guitar (Source 20). Additionally, Li Hua loves diving into video games and discussing epic game soundtracks—such as *Journey*, *Celeste*, *Red Dead Redemption 2*, and *Final Fantasy X*—which provide a great way to escape and unwind (Source 15). ### Physical Activity and SoccerPhysical fitness and sports are another major outlet for Li Hua. To stay active and clear their head, Li Hua frequently joins friends for soccer practice sessions—focusing on dribbling, passing, and shooting drills (Sources 2, 4, 9, 14)—as well as participating in fitness training sessions (Source 7) and practicing soccer goalkeeper drills with Jake Watson (Source 5)."
What is the name of the café Wolfgang Schulz recommends to Li Hua?,The Java Spot,"Wolfgang Schulz and Li Hua frequently chat about various topics, including travel destinations, delicious meals, soccer, and fitness progress. In one of their conversations, Wolfgang Schulz specifically mentions a popular dining spot to Li Hua.The name of the café that Wolfgang Schulz recommends to Li Hua is **Venedia Grancaffe**, where they planned a dinner celebration for his promotion."
Can Li Hua hang his artworks on the wall?,Yes,"Based on the provided conversations and activities involving Li Hua, there is no mention of Li Hua hanging artworks on a wall. While Li Hua engages in discussions about photography, video game visuals, and game soundtracks with friends like Wolfgang Schulz, and even discusses home improvement tasks like installing a curtain on a basement window with Adam Smith, the specific topic of hanging artworks is not addressed in the data sources.Therefore, based strictly on the available information, it is not possible to determine whether Li Hua can or has hung artworks on the wall."
What does Adam Smith suggest Li Hua use to hang artwork without damaging the walls?,use removable hooks,"Based on the provided conversation logs, there is no mention of Adam Smith suggesting any specific methods or products for Li Hua to hang artwork without damaging the walls. While Adam Smith and Li Hua interact on several occasions—such as discussing neighborhood potlucks, building maintenance, rent payments, and helping install a basement window curtain—the topic of hanging artwork damage-free does not appear in the available data sources."
How many times does Li Hua train per week now?,2,"Li Hua's training schedule is a blend of personal fitness goals, group soccer sessions, and workout challenges that keep her active throughout the week. Based on her various fitness routines and social sports engagements with friends like Jennifer Moore and the local soccer group, her weekly activity involves multiple targeted sessions.Her regimen includes high-intensity workouts with her trainer, Jennifer, focusing on strength, pull-ups, planks, and endurance. Additionally, Li Hua is heavily involved in soccer practice, regularly joining weekend and midweek matches and drills (such as dribbling and shooting practice) with JakeWatson, Caspian, and other friends. While the exact number of workouts can vary slightly depending on the week's social plans and training milestones—such as aiming for intense push-up or pull-up challenges—Li Hua typically participates in structured workouts and soccer practices multiple times a week. This consistent routine highlights her dedication to balancing strength training, cardio, and team sports."
When did Li Hua change the training plan?,20260204,"Li Hua changed her training plan following a discussion with her coach, Jennifer Moore. In a conversation that took place on March 5, 2026, Li Hua mentioned to Jennifer that she had noticed improvements in her stamina and overall fitness level from her current workout routine. Building on this progress, Li Hua expressed a desire to focus more on increasing her strength and flexibility. Jennifer Moore readily agreed with these new goals, suggesting they incorporate resistance training for strength and dedicated stretching or yoga sessions for flexibility. Consequently, they agreed to tweak the current workout plan during this session to accommodate these new fitness objectives."
What days does Li Hua takes for the training sessions?,Tuesdays and Thursdays,"Based on the provided data, Li Hua participates in various training and fitness sessions scheduled on specific days of the week, often alongside friends and trainers like Jennifer Moore. According to the records, Li Hua regularly has gym and workout sessions scheduled for **Tuesdays**. For instance, Jennifer Moore mentions a session on Tuesday at 10:00 am to work on fitness goals and pushup challenges, and other Tuesday check-ins and sessions are highlighted for tracking strength progress, planks, and stamina. In addition to the regular Tuesday workouts, Li Hua and a group of friends frequently organize weekend soccer practices and drills, specifically setting them up for **Saturdays** and **Sundays** at various afternoon times (such as 2 PM or 3 PM) to work on passing, shooting, and dribbling skills."
When did Li Hua ask Jennifer Moore for tips on dealing with muscle soreness?,20260206_16:00,"Li Hua and Jennifer Moore interact frequently regarding fitness progress, workouts, and proper training techniques, such as when discussing strength gains, endurance, and form. However, a review of the provided logs reveals that Li Hua did not ask Jennifer Moore for tips on dealing with muscle soreness. Instead, the topic of muscle recovery and soreness is discussed among other participants in the fitness group. Specifically, Viper inquires about mobility routines to prevent soreness so they can hit the gym hard during workouts, prompting Omen, Phoenix, and Brimstone to share their personal routines involving yoga stretches, static stretching, foam rolling, and hydration."
What are some of Jennifer Moore's tips for dealing with muscle soreness?,hydration&active recovery&stretching&foam rolling&rest,"Jennifer Moore is a dedicated fitness instructor, trainer, and coach who frequently engages with individuals like Li Hua to provide comprehensive workout guidance, motivation, and recovery advice. Across various training sessions and fitness discussions, she emphasizes that proper recovery techniques are just as important as the physical exertion of the workout itself. When it comes to addressing and preventing muscle soreness, Jennifer highlights several key strategies. First and foremost, she strongly advocates for proper hydration. She regularly reminds her clients to stay hydrated and rest up, noting that keeping the body well-hydrated plays a crucial role in muscle recovery and overall physical well-being.In addition to hydration, Jennifer stresses the importance of adequate rest and a proper cooldown routine. To prepare the body and aid in recovery, she highlights that dynamic stretches are great before a workout to warm up the muscles, while static stretches are best after exercising to cool down. She notes that proper stretching helps increase flexibility, prevents injuries, and leaves her feeling more powerful, in control, and less prone to post-workout cramps."
Why did Li Hua ask for extra exercises to do at home?,to complement his training schedule,"Li Hua’s fitness journey involves a strong commitment to improving various aspects of her physical health and overall well-being. Throughout her sessions with her coach, Jennifer Moore, Li Hua frequently engages in discussions regarding her progress, stamina, and specific fitness goals. Her dedication is evident as she balances her workouts with other interests, such as music, gaming, and socializing with friends. When discussing her routine with Jennifer Moore, Li Hua expressed a desire to focus more on specific areas like increasing her overall strength and improving her flexibility. Recognizing that these particular physical attributes needed extra attention, Li Hua sought out additional guidance and suggestions on how to approach these goals effectively at home and during their regular training sessions."
What exercises did Jennifer Moore suggest Li Hua do at home?,bodyweight squats& plank holds&push-ups&lunges&glute bridges,"Based on the fitness and training interactions between Li Hua and her supportive coach, Jennifer Moore, various exercises and physical activities are frequently discussed to help Li Hua achieve her fitness goals, which include increasing strength, improving flexibility, and boosting endurance. While much of their training regimen involves specialized coaching and gym-based movements—such as bench pressing with a focus on form, control, and progressive overload, as well as tracking progress on planks and pull-ups—Jennifer also provides comprehensive guidance that extends to overall physical conditioning and lifestyle habits. To complement their sessions and address Li Hua's goals of improving both strength and flexibility, Jennifer Moore suggests incorporating specific physical training methods into her routine:*   **Resistance Training:** Jennifer recommends adding more resistance training into Li Hua's routine to effectively build and increase her overall muscular strength.*   **Stretching and Yoga:** To specifically address Li Hua's desire for improved flexibility, Jennifer advises incorporating dedicated stretching or yoga sessions to help her lengthen muscles and aid in post-workout recovery. *   **Outdoor Hops and Cardio:** In addition to core routines, Jennifer enthusiastically supports mixing up workouts with dynamic movements like hopping exercises (such as single-leg or lateral hops) to build power, explosiveness, and core stability, which can easily be integrated into active routines.Through these tailored suggestions, Jennifer Moore ensures that Li Hua maintains a well-rounded fitness regimen that balances strength, flexibility, and overall physical vitality."
What is Adam Smith's condition for Li Hua to add decorations to the basement?,must be reversible and not damage anything,"Adam Smith has specific guidelines regarding any alterations made to the basement property. When Li Hua inquired about adding decorations, such as sound-insulating pads, Adam gave his approval with one clear condition. Specifically, Adam stated that as long as the decorations are entirely reversible and do not cause any damage to the property, he is completely fine with it. This ensures that the basement remains uncompromised and easy to restore to its original state whenever necessary."
When was the first time Wolfgang went to Li Hua's basement?,20260221,"Based on the provided conversation logs, the first recorded mention of Wolfgang going to Li Hua's basement occurs on **March 19, 2026**. During this conversation, Li Hua introduces Wolfgang to Yuriko Yamamoto and suggests they all plan a jam session together. Li Hua proposes meeting up for a musical evening, and Wolfgang agrees to the plans, confirming that Sunday evening works for him to meet at the basement.Later interactions show that the basement serves as a regular hangout and rehearsal spot for their musical get-togethers, including a later session on December 12, 2026, where the group gathered at the basement before heading out to a music festival."
What ideas did Wolfgang Schulz suggest for Li Hua's basement practice spot?,good lighting&soundproofing&a comfy chair,"Wolfgang Schulz and Li Hua share a vibrant musical and social connection, frequently collaborating as part of their band, often referred to affectionately as ""The Jolly Band"" alongside other creatives like YurikoYamamoto and ChaeSong-hwa. Within their shared musical journey, the basement serves as a central hub for practice sessions, hangouts, and preparations for events like music festivals. When discussing creative direction and practice routines for their basement jam sessions, Wolfgang suggested several engaging ideas. Notably, he proposed incorporating improvisational solos into their practice sessions to help boost their jazz fusion skills and encourage the band to vibe off each other spontaneously without a strict plan. Additionally, Wolfgang has actively contributed song choices for their practices, suggesting classic tracks like ""Come Together"" and ""Here Comes the Sun"" by The Beatles, noting how awesome they sound when played together as a group."
Why did Adam remind Li Hua not to play guitar late at night?,a few neighbors have mentioned they're hearing guitar music late at night,"Based on the provided data tables, there is no mention of Adam reminding Li Hua not to play the guitar late at night. While Adam Smith appears in the records as a neighbor or landlord discussing topics such as a neighborhood potluck dinner, building maintenance, and rent payments, and Li Hua frequently discusses playing the guitar and jamming with friends like Wolfgang Schulz, ChaeSong-hwa, and YurikoYamamoto, no conversation exists where Adam makes such a request regarding late-night guitar playing. Therefore, based on the provided evidence, I don't know the answer to this question."
What type of ambiance does YurikoYamamoto want for her studio's homepage?,more welcoming and engaging,"YurikoYamamoto envisions a warm and inviting atmosphere for her speech therapy studio's homepage. When discussing the website's layout and design with Li Hua, she emphasizes the desire to make the homepage much more welcoming and engaging for visitors. To achieve this, she is interested in incorporating meaningful visuals that genuinely reflect the core essence of speech therapy. Additionally, to enhance both the user experience and the studio's overall professional yet approachable ambiance, Yuriko plans to include dedicated sections for helpful resources and inspiring success stories. Through these thoughtful updates, she aims to create a supportive online space that resonates well with clients and their families."
When did Li Hua invite Adam Smith to check the basement renovation progress?,20260223_19:00,"Based on the provided conversation records between Li Hua and Adam Smith, there is no mention of Li Hua ever inviting Adam Smith to check the progress of a basement renovation. While the basement is a frequent topic in their correspondence—ranging from discussing maintenance, picking up a basement key, and adding sound-insulating pads to installing an air-conditioner and hanging a window curtain—the specific event of Li Hua inviting Adam to check on a renovation does not appear in the data."
What is the name of the café where Li Hua and YurikoYamamoto first meeting to talk about Yuriko's website?,Central Perk,"Li Hua and Yuriko Yamamoto met to discuss Yuriko's website at the Central Perk café. During these interactions, they finalized details and reviewed progress on the digital project, combining professional collaboration with a friendly atmosphere. Central Perk served as a convenient and welcoming meeting spot for the two. Their discussions included planning features for Yuriko's studio website, such as adding therapy technique information and community outreach sections, ensuring a successful rollout."
What is the essence of YurikoYamamoto Li Hua is helping with her homepage?,speech therapy,"Li Hua has been instrumental in supporting Yuriko Yamamoto with her professional and creative endeavors. A significant part of this assistance revolves around helping Yuriko with her studio homepage. Through thoughtful discussions—such as a brainstorming session at the Central Perk café—Li Hua has provided valuable advice on website implementation, including recommending user-friendly contact form plugins like ""Contact Form 7"" and ""WPForms"" to enable a ""leave a message"" feature for studio visitors. Beyond website design and technical support, their interactions reflect a deep and multifaceted friendship rooted in mutual encouragement and shared creative projects. Alongside her work on the studio homepage, Yuriko makes steady progress in her career as a therapist helping children with stammers, while also pursuing psychology books and unwinding by playing the bass. Together with Li Hua and other bandmates like Wolfgang Schulz and Chae Song-hwa, Yuriko is part of ""The Jolly Band,"" where they frequently jam, plan performances for local music festivals, and explore innovative fusions, such as blending traditional Chinese instruments like the erhu into their setlists."
What type of instrument does Li Hua play in the basement?,guitar,"Based on the provided conversations and the activities of Li Hua and their friends in the basement, Li Hua primarily plays the **guitar**. Throughout the various chat logs, Li Hua frequently mentions practicing and playing the guitar, often bringing it along for jam sessions and gatherings. For instance, while discussing upcoming practices and performances with the band, Li Hua mentions working on songs like ""Blackbird"" and ""Hotel California"" on the guitar to improve strumming, as well as bringing a guitar to a bonfire singing party. The basement serves as the primary meeting and rehearsal space for Li Hua and their musical group, ""The Jolly Band""—which includes members like Wolfgang Schulz on drums and YurikoYamamoto on bass. Together in the basement, the group frequently coordinates jam sessions, collaborates on setlists featuring classic rock and Beatles tunes, and prepares for performances while enjoying food, drinks, and a shared passion for music."
When did Adam Smith inform Li Hua about potential issues with the pipes in the basement?,20260301_13:00,"Adam Smith and Li Hua communicate frequently regarding various apartment matters, including maintenance, neighborhood activities, and upgrades. When it comes to the specific plumbing issues concerning the water tap in the apartment building, the initial contact occurred on January 6, 2026. Specifically, on **January 6, 2026, at 13:00**, Li Hua reached out to Adam Smith to let him know that the water tap was broken and asked for assistance. Shortly after, at **15:00** on the same day, Adam Smith followed up to confirm that a plumber would be arriving the next day at 10 AM to fix the issue."
When did Li Hua inform Adam Smith that the rent was transferred?,20260301_10:00,"Based on the provided conversation records and communication logs between Li Hua and Adam Smith, there is no mention of Li Hua informing Adam Smith that the rent was actually transferred. While Adam Smith did remind Li Hua about unpaid rent on a couple of occasions—such as on June 1, 2026, regarding ""last month's rent"" and again on April 29, 2026—Li Hua only acknowledged the reminders and promised to sort the payments out. Specifically, on June 1, 2026, Li Hua stated, ""I'll make sure to get that sorted out ASAP,"" but no follow-up message confirming the completion or transfer of the rent payment is recorded in the provided data."
When is the music concert that Wolfgang invites Li Hua to?,20260307_18:00,"Wolfgang Schulz invites his friend Li Hua to a music concert scheduled for March 7th at 6 PM. In their initial conversation about the event, Wolfgang mentions that he has an extra ticket for the performance, and Li Hua excitedly accepts the invitation, looking forward to enjoying some live music and taking a break from coding. To make a proper evening out of the occasion, the pair also plans a pre-concert meal. Wolfgang suggests trying out a new restaurant located on Main Street, and Li Hua enthusiastically agrees. On the day of the concert itself, March 7th at 3 PM, Wolfgang sends a quick reminder confirming their meetup at 5 PM at the Main Street restaurant before heading over to the venue together to enjoy the music."
What dish does Li Hua agree to bring to the neighborhood potluck dinner?,Homemade pasta salad,"Li Hua is known to be quite active in her community and enjoys participating in local gatherings. When Adam Smith mentions an upcoming neighborhood potluck dinner scheduled for Wednesday at 6 PM, Li Hua eagerly accepts the invitation to contribute a dish. Specifically, Li Hua offers to whip up some **homemade pasta salad** for the event. Adam enthusiastically agrees that this sounds delicious and expresses confidence that everyone in the neighborhood will enjoy it."
Who is Li Hua meeting with to discuss homepage design updates?,Yuriko Yamamoto,"Li Hua is meeting with Yuriko Yamamoto to discuss homepage design updates for Yuriko's speech therapy studio. Their collaboration begins after they meet at a freelancer gathering, where Yuriko asks Li Hua for assistance in improving her studio's online presence to make it more welcoming and engaging. Throughout their discussions, they plan specific elements for the homepage, such as incorporating visuals that reflect speech therapy, success stories, resources, therapy techniques, and community outreach programs. Their planning includes in-person coordination, such as a scheduled meeting at Central Perk café, where Li Hua is set to share the demo website and finalized design concepts."
What new feature does Yuriko Yamamoto consider adding to her studio's homepage?,A blog section,"Yuriko Yamamoto is an active professional who balances her career as a speech therapist with her passion for playing the bass in a band. In addition to helping children make progress with their stammers and preparing for weekend jam sessions, she has been exploring ways to enhance her professional online presence.When considering updates and improvements for her speech therapy studio's website, Yuriko discusses adding a specific interactive element to her homepage. Specifically, Yuriko Yamamoto considers adding a **""leave a message"" feature** to her studio website so that visitors can easily get in touch. To bring this idea to life, Yuriko seeks advice from her peers on how to implement the feature properly. Since she is not particularly fond of coding, she leans toward using a user-friendly plugin and explores recommendations such as ""Contact Form 7"" or ""WPForms"" to make the homepage more welcoming and engaging for her clients."
What time is the power outage in the neighborhood?,2 PM to 3 PM,"Based on the provided records, there was a scheduled power outage in the neighborhood for maintenance. According to a message from AdamSmith on March 7, 2026, the power outage took place the following day, March 8, from 2:00 PM to 3:00 PM."
What suggestions does Li Hua give for promoting the new scheduling feature?,Showcase it on social media platforms and include a short tutorial and send out a newsletter to clients,"Based on the provided data and records of Li Hua's conversations, there are no mentions or suggestions given by Li Hua regarding promoting a ""new scheduling feature."" While Li Hua engages in numerous discussions—ranging from football analyses of FC Barcelona and Lionel Messi, planning weekend soccer practices and jam sessions with friends like JakeWatson and WolfgangSchulz, to discussing television series like *Succession*—the topic of a scheduling feature and its promotion never appears in the logs. If this refers to a work project or a specific task not captured in the current conversation logs, no supporting evidence is available in the provided text to answer what suggestions she might have offered for it."
Who invites Li Hua to join the community bake sale?,Adam Smith,"AdamSmith invites Li Hua to participate in the community bake sale. In a conversation from March 2026, Adam reaches out to Li Hua to let her know about the upcoming event, which is scheduled for Sunday at 3 PM to support a local charity and connect neighbors. LiHua enthusiastically accepts the invitation, expressing excitement about helping out and enjoying some baked goods while connecting with the community."
What day and time is the community bake sale taking place?,Sunday at 3 PM,"Based on the provided information, the community bake sale is scheduled to take place on **Sunday at 3 PM**. The event was organized to support a local charity and provide a wonderful opportunity for neighbors to connect, meet one another, and enjoy some baked goods together."
When does Li Hua request a delivery from Hailey Johnson?,Tuesday,"Li Hua first requests a delivery from Hailey Johnson on **March 14, 2026** (20260314_17:00). During their conversation at that time, Li Hua expresses interest in trying Hailey's fresh artisanal sourdough bread and schedules a trial run delivery specifically for the upcoming Tuesday. Throughout their ongoing relationship detailed in the communications, Li Hua continues to coordinate various deliveries and additions with Hailey. For instance, on **May 8, 2026** (20260508_08:00), Li Hua takes advantage of a Mother's Day promotion to order a dozen raspberry-filled croissants and a dozen chocolate eclairs for a Monday morning delivery at 8 AM. Additionally, Li Hua eagerly adds new items to upcoming deliveries when informed by Hailey, such as opting into the new high-protein breads on **June 11, 2026** (20260611_12:45)."
What is the address where Li Hua wants the bread delivery to be made?,123 Sunny Street,"Li Hua's address for the bread delivery can be found in her communications with Hailey Johnson regarding Hailey's bakery doorstep delivery service. When setting up a trial run for fresh bread, Li Hua specifies her location so that the delivery can be made right to her doorstep. The address provided by Li Hua for the bread delivery is **123 Sunny Street**."
What service does Hailey Johnson offer to Li Hua?,Doorstep delivery service for fresh milk and bread,"Hailey Johnson offers a convenient doorstep delivery service for fresh milk and bread. She provides locally sourced products, ensuring the freshest quality for her customers, and allows them to choose between regular scheduled deliveries or ordering on an as-needed basis.Over time, Hailey expands her offerings to Li Hua and other customers beyond standard fresh bread and milk. Her product line grows to include artisanal sourdough, chocolate chip brioche, gluten-free bread options, and high-protein breads tailored for fitness enthusiasts."
What time does Hailey Johnson start baking?,4 AM,"Based on the provided data tables, there is no specific mention of the exact time of day that Hailey Johnson starts baking. The messages show her managing orders, hosting baking classes, and organizing events, but her daily baking start time is not disclosed. However, the records do highlight several scheduled interactions and deliveries involving her bakery and her clerk, Alice. For instance, doorstep deliveries of fresh milk and bread are coordinated for Mondays and Fridays, with Alice taking care of orders at 8:00 AM. Additionally, Hailey organizes special baking classes and tasting events, often scheduled around times like 10:00 AM or 3:00 PM, but the specific morning hour she begins preparing her artisanal goods remains unmentioned in the correspondence."
Where does Li Hua plan to meet Yuriko Yamamoto to show the final website?,Central Perk café,"Li Hua and Yuriko Yamamoto have planned to meet at a specific, cozy location to review the final website project. According to their scheduled arrangements, their meeting is set to take place at the Central Perk café. This meetup is anticipated with great excitement from both sides, as Li Hua prepares to walk Yuriko through the final results of the hard work put into the website, while Yuriko looks forward to providing her feedback."
What does Li Hua suggest to Hailey regarding the frequency of bread delivery?,Twice a week on Mondays and Fridays at 8am,"Li Hua discusses the frequency of bread delivery with Hailey during their initial setup of the delivery service. After Hailey explains that she can arrange deliveries a couple of times a week or set up a regular schedule depending on what is needed, Li Hua suggests starting with a trial run to figure out how often deliveries will actually be required. Specifically, Li Hua proposes beginning the service with a trial delivery scheduled for a Tuesday to see how well it fits her routine and what frequency will ultimately work best."
What does Li Hua agree to bring to the bonfire singing party hosted by Chae Song-hwa?,Li Hua will bring his guitar,"At the bonfire singing party hosted by Chae Song-hwa, Li Hua enthusiastically agrees to bring their guitar to contribute to the music and help create a memorable evening of good tunes and fun times with neighbors. The event, which was organized to take place on a Saturday at 9 pm, was warmly received by Li Hua, who immediately expressed excitement about joining in and confirmed that the guitar would be packed for the festivities."
What is the focus of Li Hua's next month's fitness plan according to Jennifer?,Strengthening lower limbs,"According to Jennifer Moore's fitness guidance for Li Hua, their evolving workout routine centers around a balanced approach to overall physical improvement, stamina, and targeted strength development. Throughout their training sessions, Jennifer has consistently encouraged Li Hua to push her limits and maintain consistency across various exercises, ranging from high-intensity challenges to structured muscle conditioning.When discussing specific goals for the upcoming fitness plans, Li Hua expressed a desire to focus more heavily on increasing her overall strength and improving her flexibility. In response, Jennifer suggested incorporating more dedicated resistance training into the routine to build strength, alongside adding structured stretching or yoga sessions to effectively address flexibility and help prevent injuries. In addition to these core areas, Jennifer frequently introduces specific milestones and challenges to keep Li Hua motivated. Whether they are preparing for intense goals like completing large sets of push-ups, building stamina, or refining form and control during heavy lifts like the bench press, the fitness plan remains dynamic, supportive, and tailored to Li Hua's continuous progress."
What is the building's policy that Adam reminds Li Hua about?,Recycling policy,"Based on the provided conversation records, the building's policy that Adam Smith reminds Li Hua about pertains to modifications and improvements made to her basement space. Specifically, when Li Hua asked Adam if she could add sound-insulating pads and other decorations to the basement, Adam agreed on the condition that the modifications remain **reversible and do not damage anything** in the building."
What is the topic of the online tutorial Yuriko shares with the group?,Advanced drum techniques,"Yuriko Yamamoto is a multi-talented member of ""The Jolly Band,"" a musical group that includes friends such as LiHua, Wolfgang Schulz, and ChaeSong-hwa. Alongside her musical pursuits—which involve playing bass-heavy tracks and exploring fusion styles—Yuriko is a speech therapy professional who connects with bandmates and friends online to discuss various creative and educational topics. Regarding the online tutorial mentioned in the group's interactions, it is actually ChaeSong-hwa—not Yuriko—who shares the resource with the band. ChaeSong-hwa introduces a music theory tutorial designed to help the group take their musical skills to the next level and incorporate fresh ideas into their upcoming sets and jam sessions. While Yuriko is actively involved in brainstorming and enthusiastic about learning from this tutorial, the specific content shared by ChaeSong-hwa focuses on music theory to help enhance the band's overall sound and performance quality."
What is Wolfgang looking for in his new drums?,Something versatile that sounds good for both rock and softer tunes like The Beatles,"Wolfgang is currently on the hunt for some new drum gear that strikes a balance between professional-grade sound quality and affordability, wanting something that will not break the bank. Specifically, he is aiming for a versatile sound profile that can handle multiple genres. According to his discussions with the band, he wants his new drums to sound great for upbeat rock music as well as softer, melodic tunes, specifically mentioning the music of The Beatles. As he explores different options, he has noted that brands like PDP offer a nice range with great value kits, such as the PDP Concept series, which appeal to him for their diverse stylistic application."
What song does Li Hua suggest for the jam session on 20260405?,Viva la Vida,"Based on the provided data and records, there is no specific entry or chat log corresponding to the exact date of 20260405. The records skip from late February 2026 straight to late March 2026, meaning no conversation took place on that particular day regarding a jam session suggestion by Li Hua. However, looking at the surrounding dates in early spring 2026, Li Hua and the rest of ""The Jolly Band""—which includes members like Wolfgang Schulz, YurikoYamamoto, and later ChaeSong-hwa—frequently collaborated on Sunday jam sessions. During this period, they often played and discussed a variety of classic tracks and timeless hits.For instance, around late March and April 2026, the group frequently discussed legendary numbers such as The Beatles' ""Hey Jude,"" ""Here Comes the Sun,"" and various classic rock staples. While a direct suggestion for April 5, 2026, is absent from the logs, Li Hua and her bandmates consistently maintained an enthusiastic approach to picking crowd-pleasers and classic tunes for their regular weekend meetups."
What does Li Hua think about the rosemary focaccia?,Li Hua thinks the rosemary focaccia is amazing,"Based on the provided data, there is no mention of rosemary focaccia or Li Hua's opinion on it. Li Hua frequently engages in conversations about music, video games, fitness, television shows like *Succession* and *The Rings of Power*, and soccer (including discussing favorite managers like Pep Guardiola and playing matches with friends). Additionally, Li Hua often talks about food with friends—such as planning to bring homemade pasta salad to a neighborhood potluck, eating hot pot with Wolfgang Schulz, discussing European dishes like goulash and seafood risotto, and enjoying pizza or burgers after soccer practice—but rosemary focaccia is never specifically mentioned in the records."
When does Li Hua confirm the rent transfer to Adam?,20260331_17:00,"Based on the provided conversation logs between Adam Smith and Li Hua regarding building management and rent, the specific timeline of their interactions reveals how the topic of rent was handled. In a message dated June 1, 2026, Adam Smith reached out to Li Hua to note that he had not yet received the previous month's rent and asked her to check on the payment. Li Hua immediately responded by admitting she had forgotten, apologizing, and stating that she would get the matter sorted out as soon as possible. Following this initial check-in, Li Hua assured Adam that she would handle the payment and let him know once the task was completed. However, the provided chat records do not contain a subsequent confirmation message from Li Hua explicitly stating that the rent transfer has officially been sent or completed."
What joke does Wolfgang make as an April Fool's joke?,That Wolfgang bought a set of expensive drums,"Based on the provided data, there is no mention of any April Fool's joke made by Wolfgang. While the records show Wolfgang interacting with Li Hua regarding a dinner celebration for his promotion at the Venedia Grancaffe on April 30, 2026, and participating in various music sessions and travel discussions, no specific event or dialogue is recorded regarding April Fool's Day jokes."
Who is delivering the bread to Li Hua on 20260403?,Alice,"Based on the provided data records and communication logs, there is no specific mention of a bread delivery happening on **20260403**. However, looking at the scheduling and recurring routines established by Hailey Johnson and her bakery team (where Alice frequently manages notifications for bread deliveries), Hailey typically handles Li Hua's regular orders. For context, Hailey previously arranged a trial sourdough run for a Tuesday following a bake sale, and Alice's automated or routine delivery notices appear across various dates in April and May 2026 (such as April 12, April 19, April 26, and May dates). Because the specific date of April 3, 2026, is not referenced in the available delivery logs or messages, the exact delivery person for that specific day cannot be confirmed from the text."
What does Li Hua think about improvisation during the jam session?,Improvisation sounds great,"Li Hua holds a very enthusiastic and positive view of incorporating improvisational solos into the band's practice sessions. When the idea is first brought up, Li Hua believes that improvisation will make their music sessions significantly more fun and creative, while also presenting a great challenge that helps them all grow as musicians. Furthermore, Li Hua appreciates the spontaneity of the process, expressing a strong preference for jamming without a strict plan rather than sticking to a rigid structure. By going with the flow and vibing off one another, Li Hua feels that it keeps the collaborative experience fresh, exciting, and full of musical creativity."
When is ChaeSong-hwa hosting the community medical knowledge lecture?,7 PM on Saturday,"ChaeSong-hwa is scheduled to host the community medical knowledge lecture at **7:00 PM on April 11, 2026**. This engaging and casual discussion event is designed to cover basic health tips, preventive care, and common medical myths, providing a great opportunity for attendees to ask questions and learn more about everyday health topics. As a busy professional who juggles teaching and surgeries alongside her community engagements, ChaeSong-hwa previously promoted the upcoming lecture to friends like LiHua, emphasizing that no special items are required to attend—just curiosity and a willingness to learn. Following the initial announcement days prior, reminders were shared on the day of the event to ensure everyone interested could join in on the informative session."
What topics will be covered in the community medical knowledge lecture?,Basics of common health issues and how to prevent them,"The community medical knowledge lecture, hosted by ChaeSong-hwa, is designed to be a casual yet informative discussion focused on health and wellness. According to the event schedule and discussions, the lecture covers basic health tips and addresses common medical myths to help attendees better understand everyday health concerns. Additionally, the sessions delve into the basics of common health issues and effective ways to prevent them, providing valuable insights for everyone in attendance."
What new song does the Jolly band decide to work on for the jam session according to their discussion on 20260410?,Stand By Me,"Based on the band discussions, The Jolly Band has had many exciting music-making sessions, featuring various themes, classic rock tunes, and creative experiments. However, there is no specific data or discussion record provided for the exact date of April 10, 2026 (20260410). Looking at the surrounding timeline, the band—featuring members like LiHua, Wolfgang Schulz, Yuriko Yamamoto, and Chae Song-hwa—frequently collaborates on a wide variety of tracks for their weekend jam sessions. Some of the notable songs and ideas they have worked on or discussed around that period include popular hits like ""Viva la Vida"" by Coldplay, as well as classic rock staples and medley ideas such as ""Hotel California,"" ""The Joker,"" ""Sweet Home Alabama,"" and ""Blackbird."" Without direct source entries for April 10, 2026, it is not possible to pinpoint an exact song chosen strictly on that date. Nevertheless, the group consistently maintains an enthusiastic and eclectic approach to their repertoire, frequently blending classic rock, pop tunes, and creative fusion concepts to keep their musical get-togethers fresh and engaging."
What is Li Hua's feedback on Chae Song-hwa's medical knowledge lecture?,It is insightful and makes complex topics easy to understand,"Li Hua attended a community medical knowledge lecture hosted by Chae Song-hwa, and the feedback provided was overwhelmingly positive and enthusiastic. Following the event, Li Hua shared that the lecture was truly insightful, noting that a lot was learned specifically about the latest advancements in neurosurgery. Furthermore, Li Hua praised Chae Song-hwa's communication and presentation style, highlighting how complex medical topics were made easy to understand. Impressed by the experience, Li Hua even inquired about any upcoming events planned for the future and commended the great work, encouraging Chae Song-hwa to keep it up."
When is the anniversary event of Hailey Johnson's bakery shop?,April 15 to 17,"The anniversary event for Hailey Johnson's bakery shop is scheduled to take place from **April 15 to April 17, 2026**. During this special celebration, the bakery features a variety of attractions for the community, including exciting discounts, new bread products, and special treats. Among the featured items are fresh batches of sourdough and delicious sweet pastries, such as a popular raspberry tart. The event provides a great vibe for the community, bringing together locals like LiHua and Wolfgang to celebrate the bakery, enjoy the new offerings, and share in the festive atmosphere."
What does Li Hua want to have on Hailey's bakery shop anniversary event?,Sourdough and sweet pastries,"Li Hua has actively participated in and supported Hailey Johnson's bakery endeavors, notably looking forward to and engaging with Hailey's bakery anniversary events. When Hailey announced the bakery's special anniversary event scheduled from April 15 to 17, Li Hua expressed excitement and a strong desire to stop by and check out the new offerings. Regarding specific treats for the anniversary, Li Hua shared a distinct craving for a classic favorite. Specifically, Li Hua noted a great love for fresh sourdough bread, hoping it would be featured, along with a desire for some sweet pastries to celebrate the milestone occasion."
Why does Li Hua ask ChaeSong-hwa about whether neurosurgeons actually use test tubes in their work?,Li Hua is trying to get some insights for a website design,"Based on the provided data, there is no mention of Li Hua asking ChaeSong-hwa about whether neurosurgeons actually use test tubes in their work. While the dataset records several interactions between Li Hua and ChaeSong-hwa—such as discussions about neurosurgery advancements following a medical lecture, karaoke nights, music fusion ideas for ""The Jolly Band,"" and ChaeSong-hwa being introduced as a neurosurgeon friend at a jam session—this specific question about test tubes does not appear in the sources. As a helpful assistant, I must rely solely on the provided data tables, which do not support or contain evidence of such a conversation taking place between them."
Who proposes that the band takes a break from jamming this week?,Wolfgang Schulz,"Based on the provided data regarding the band's communications and rehearsals, the members—primarily consisting of LiHua, Wolfgang Schulz, Yuriko Yamamoto, and Chae Song-hwa—frequently organize their musical get-togethers and jam sessions. When it comes to scheduling and managing the band's availability, Wolfgang Schulz is notably the one who mentions his busy schedule during the week. Because of his packed routine, Wolfgang consistently emphasizes the importance of keeping rehearsals strictly to their usual weekend jam sessions, particularly on Sunday evenings, while noting that they should avoid overdoing it with extra rehearsals outside of their established routine."
What suggestions does Li Hua propose to Adam Smith about the upcoming community garden renovation?,Add more seating areas for people to relax and enjoy the space and some flower beds with native plants,"The community garden renovation project has generated a wave of enthusiastic participation and collaborative planning among neighbors, with Li Hua actively contributing several thoughtful suggestions to Adam Smith regarding enhancements and features for the shared space. To make the environment more inviting and comfortable for visitors to relax and enjoy, Li Hua suggests the addition of multiple seating areas. Recognizing the importance of local wildlife and sustainability, she also proposes incorporating flower beds filled with native plants to attract butterflies and bees. Specifically, she recommends planting low-maintenance and fragrant flowers such as lavender and coneflowers, which are not only beautiful but also serve as great resources for local pollinators. Furthermore, Li Hua suggests creating a dedicated, small herb section within the garden. This practical addition would allow community members to conveniently pick fresh herbs for their cooking, with specific suggestions including basil, mint, and rosemary. Beyond these botanical and structural features, Li Hua also contributes ideas during later phases of the project, such as scheduling a community gardening day for residents to pitch in and celebrate once weather delays clear up, utilizing specific flower combinations like bluebells, camellias, and tulips around the newly installed benches, and setting up a dedicated group chat to efficiently organize and discuss upcoming art and design elements for the space."
What kinds of flowers does Li Hua recommend to Adam Smith for the flower beds?,Lavender and coneflowers and fresh herbs,"Li Hua recommends specific types of flowers to Adam Smith for the community garden renovation beds. Her suggestions focus on plants that are both beautiful, beneficial to local wildlife, and easy to maintain. Specifically, Li Hua suggests planting **lavender** and **coneflowers**. She highlights that both varieties are not only visually appealing but also serve as fantastic attractants for pollinators like butterflies and bees. Additionally, she notes that neither lavender nor coneflowers require an excessive amount of maintenance, making them an ideal and practical choice for the community space."
What will be a gift for Li Hua if he chooses to renew the fitness contract with Jennifer Moore?,A cool fitness bag as a gift for all the gym activities,"Based on the provided conversation logs and data tables, there is no mention of a specific gift being offered to Li Hua for renewing a fitness contract with Jennifer Moore. Jennifer Moore is a fitness trainer who frequently guides, encourages, and advises Li Hua on workouts, form, progressive overload, planks, and rest and hydration. While they regularly communicate about fitness sessions, goals, and even community events like nutrition talks, a gift or contract renewal incentive is never discussed in the provided text."
When is the karaoke activity organized by ChaeSong-hwa?,Saturday at 7 PM,"ChaeSong-hwa has organized karaoke activities on multiple occasions. According to the available records, one specific karaoke event was organized for a Saturday at 7 PM (referenced in a conversation from April 2026), and another spontaneous karaoke night was planned for a Friday evening in October 2026. Karaoke and music sessions are a recurring theme among the group, often integrated into their regular Sunday jam sessions or end-of-year celebrations where they mix classic rock, soft pop, and favorite anthems together."
Who is Li Hua bringing to the band's jam session according to their discussion on 20260425?,ChaeSong-hwa,"According to the discussion on April 25, 2026, Li Hua is bringing a friend named Chae to the band's jam session. Chae is introduced as a neurosurgeon, and the band members—including Wolfgang Schulz and Yuriko Yamamoto—express excitement about meeting her, hearing her stories, and welcoming her to the session. This particular jam session is highlighted by discussions around blending classic rock favorites, such as songs by The Beatles and various medleys, into their regular Sunday music practices. The addition of Chae brings a fresh perspective to the group, known as ""The Jolly Band,"" and sets the stage for a memorable and collaborative evening of music-making and socializing among friends."
What garden-related activity is Thrall planning to organize?,A community planting day,"Based on the provided community discussions, Thrall and the other members of the group have been heavily involved in planning and executing a major renovation for their community garden. Throughout the transformation process, Thrall has actively participated in brainstorming and organizing various features and community events tied to the space. Specifically, regarding gardening and environmental activities, Thrall is particularly enthusiastic about the community's **weekend tree planting activity**. This initiative was planned to involve the children in the community, serving as a fun and educational way to teach young ones about nature, teamwork, and the importance of caring for plants and the environment. In addition to the tree-planting event, Thrall has been involved in planning numerous other garden-centric activities and improvements. These include discussing the addition of new greenery, beautiful flower arrangements (such as combining Bluebells, Camellias, and Tulips), benches, outdoor games, and a children's play area. Thrall also strongly supported organizing community gatherings like sports days, seasonal picnics, and maintenance brainstorming sessions to ensure the renovated garden remains a vibrant, well-loved hub for everyone."
What is the proposed solution for making the garden more inviting on sunny days?,Adding shade with umbrellas or trees,"The community has been hard at work planning and executing various enhancements for their collaborative garden project. From installing comfortable benches and a children's play area to organizing community sports days and picnics, members have shared numerous creative ideas to ensure the space remains welcoming, vibrant, and engaging for everyone involved. To address the challenge of making the garden more comfortable and inviting on sunny days, the proposed solution centers around incorporating natural shade and specific plantings. Specifically, members suggested planting shade trees around gathering spots, such as picnic areas and the newly established children's playground, to keep things cool and comfortable during warm summer weather. Additionally, participants highlighted the importance of choosing native plant species that not only provide great shade and require less maintenance, but also support local wildlife and enhance the overall beauty of the community garden space."
What is the main topic of the conversation on 2026-04-28 at 5 PM?,Breathing techniques and tips for squats during workouts,"Based on the provided data tables and communication records, there is no conversation or record listed for the specific date and time of April 28, 2026, at 5 PM (or 20260428_17:00). However, looking through the surrounding dates in the available sources, several other events, lectures, and community conversations took place around April 2026. ### Community Medical Knowledge LectureFor instance, earlier in the month on April 7, 2026, and April 11, 2026, community members like ChaeSong-hwa and LiHua discussed a medical knowledge lecture. This session was organized to cover basic health tips, common health issues, how to prevent them, and common medical myths in a casual, informative group setting.### Bakery Products and FeedbackAdditionally, mid-April conversations (such as on April 18, 2026) featured exchanges between HaileyJohnson and LiHua regarding bakery anniversary events, new product feedback, favorite pastries like the raspberry tart, and community suggestions for future flavor combinations like chocolate and caramel. If you are looking for information outside of these specific recorded timestamps, the provided data unfortunately does not contain any details for April 28 at 5 PM."
When is Wolfgang Schulz's promotion celebration dinner?,6 PM on the day after tomorrow (implied to be 2026-04-30),"Wolfgang Schulz's promotion celebration dinner is scheduled to take place on April 30, 2026, at 6:00 PM. The dinner is planned to be held at Venedia Grancaffe, where Wolfgang and Li Hua intend to enjoy a feast that includes trying out the restaurant's risotto and pasta dishes."
What is the name of the Italian restaurant where Wolfgang and Li Hua are having dinner to celebrate Wolfgang's promotion?,Venedia Grancaffe,"Wolfgang Schulz and Li Hua are celebrating Wolfgang's recent promotion with a dinner at a specific Italian restaurant. According to the data, when Wolfgang initially reminds Li Hua about the celebration, he mentions that the dinner is planned at **Venedia Grancaffe** at 6 PM. This establishment serves as the venue for their much-anticipated get-together, where they plan to enjoy good company and delicious food, with Wolfgang specifically mentioning he wants to try their risotto and Li Hua looking forward to the pasta."
What is Li Hua's suggestion for scheduling the water pipe repairs in the garden?,During off-peak hours,"Li Hua made a thoughtful suggestion regarding the scheduling of the community garden's water pipe repairs. Knowing that such maintenance work could cause a significant amount of noise and disruption for residents, Li Hua proposed that the repairs be scheduled for a time when most people are out or busy, thereby minimizing the impact on the community.In addition to timing the repairs during off-peak hours, Li Hua emphasized the importance of communication. She suggested that giving everyone a heads-up a day or two in advance would be a helpful courtesy to allow residents to adequately prepare for any inconveniences."
When is the community meeting for the garden project scheduled according to the discussion on 20260507?,Saturday at 10 am,"Based on the provided communication records regarding the community garden project and related activities, there is no specific mention of a community meeting scheduled for **20260507**. While the data tables reference various timestamps and dates—such as AdamSmith and Li Hua discussing the garden renovation ideas around April 2026, and mentions of upcoming meetings to finalize playground equipment or garden plans around other dates—the exact date of May 7, 2026 (20260507), does not appear in the provided text as a scheduled meeting date for the garden project. If you are looking for details around that period, the community was heavily engaged in brainstorming sessions, discussing native plants like lavender and coneflowers for pollinator beds, adding herb sections (such as basil, mint, and rosemary), and coordinating group chats for the upcoming renovation activities. However, a formal meeting on that specific day is not supported by the current records."
What percentage discount is Hailey Johnson offering for Mother's Day pastries?,15%,"Hailey Johnson's special Mother's Day promotion offers customers a sweet incentive to celebrate the holiday with treats for loved ones or even landlords. Specifically, she is offering a **15% off** discount on all pastries and special cakes. This Mother's Day promotion serves as the thematic backdrop for her bakery specials, which famously include recommendations like raspberry-filled croissants and chocolate eclairs."
Which two specific pastries does Hailey Johnson recommend for Mother's Day?,Raspberry-filled croissants and chocolate eclairs,"For Mother's Day, Hailey Johnson runs a special promotion offering 15% off all pastries and special cakes. When Li Hua asks for her top recommendations from the menu, Hailey specifically highlights two delicious treats that are always a hit with customers.The first pastry she recommends is the **raspberry-filled croissant**, which offers a sweet and fruity flavor profile. The second pastry recommendation is the **chocolate eclair**, providing a rich and indulgent chocolate experience that pairs wonderfully with the promotion."
What type of stretches does JenniferMoore suggest before and after workouts?,Dynamic stretches before and static stretches after,"When it comes to crafting an effective fitness routine, incorporating the right types of stretches at the right time can make all the difference in performance, flexibility, and injury prevention. Fitness enthusiasts and group members frequently discuss their favorite warm-up and cool-down techniques to keep their bodies agile and ready for action.JenniferMoore actively contributes to these discussions by emphasizing the importance of stretching techniques designed specifically for injury prevention. While various participants in the group chat share their preferences—such as dynamic stretches like leg swings and torso twists, or static stretches and foam rolling—JenniferMoore champions an approach that enhances form, control, and overall athletic performance. By integrating proper stretching into a workout regimen, exercisers can feel more powerful, focused, and in control during their sessions."
When is the web design seminar at Wolfgang's company happening?,Thursday at 3 PM,"The web design seminar taking place at Wolfgang Schulz's company is scheduled for Thursday at 3 PM. This event was discussed when Wolfgang reached out to Li Hua to invite them to the seminar, noting that it should be quite insightful and offering to grab coffee afterward. Li Hua eagerly accepted the invitation, confirming their attendance for the Thursday afternoon session."
What is Li Hua looking forward to trying from the summer promotion?,Fruity ice cream flavors and a mango-coconut pastry,"Based on the provided data, Li Hua is excited to try out the new burger place that Wolfgang Schulz recommended. When discussing plans to grab a bite before attending a photography exhibition, Wolfgang suggested hitting up this new spot, noting that he had heard their fries are awesome. Li Hua immediately responded with enthusiasm, stating that the idea sounded perfect and mentioning that they had been wanting to check it out."
What did Li Hua enjoy the most about the restaurant that he and Wolfgang visited for dinner on 20260514?,The pasta dish and the dessert,"Based on the provided data records and communication logs, there is no record of Li Hua and Wolfgang visiting a restaurant for dinner on May 14, 2026 (20260514). Therefore, according to the available information, it is not possible to determine what Li Hua enjoyed most about a restaurant on that specific date. However, the records do capture several other culinary outings and food-related discussions between Li Hua and Wolfgang around that timeframe and throughout the year. For instance, on May 23, 2026, they planned to visit their favorite Italian restaurant for dinner, where LiHua mentioned she was specifically craving pasta. On other occasions, their shared meals ranged from spicy Sichuan hot pot and Thai food to celebrating a promotion with Italian cuisine and risotto at Venedia Grancaffe. Because no specific event or restaurant visit is documented for the exact date of May 14, 2026, the specific details of that meal remain unknown."
Why is Chae Song-hwa unable to join the rehearsal?,She has to attend a medical lecture,"Chae Song-hwa is unable to join the rehearsal because she has to attend a medical lecture scheduled for a Sunday evening. This scheduling conflict was shared with the rest of the band members, prompting the group to make alternative plans for that week, such as taking a brief pause and using the time to brainstorm fresh ideas and new music for future sessions."
What type of lighting is preferred for the seating area in the community garden?,Soft white lights,"When discussing the enhancements for the community garden seating area, the group expressed a strong preference for eco-friendly and practical illumination. Specifically, participants suggested incorporating **solar-powered fairy lights** around the benches to create a cozy and inviting atmosphere after the sun goes down. This idea was met with enthusiasm, as solar lights are not only easy to maintain but also provide a pleasant, eco-friendly ambiance for evening hangouts in the newly renovated space."
When is the construction of the garden supposed to start?,This Wednesday (20260520),"Based on the provided data, the construction of the garden project is scheduled to start on **Wednesday, May 18, 2026** (specifically referenced in the records as starting ""this Wednesday"" relative to a timestamp of May 18, 2026). The community members and group participants, including leaders like Turalyon, had spent the preceding weeks planning various features for the space—such as selecting flower combinations like Bluebells, Camellias, and Tulips, and arranging for benches and play areas. While residents noted that the construction phase would bring some temporary noise and inconvenience, everyone expressed great excitement and optimism for the final transformation of the shared community space."
Which flowers does RexxarRemar suggest for a vibrant vibe?,Bluebell and Camellia and Tulip,"RexxarRemar and the community have been actively involved in planning and discussing the details for the community garden renovation. When it comes to creating a vibrant vibe with floral selections, RexxarRemar highlights a specific combination that was proposed for the project. Specifically, RexxarRemar suggests using the **Bluebell, Camellia, and Tulip** combination to achieve a vibrant atmosphere in the garden. These flowers complement each other well and are also noted for their ability to attract butterflies and add a splash of color to the space."
How does RexxarRemar plan to spend time in the garden once it's done?,For family gatherings and relaxing afternoons,"RexxarRemar has shared several exciting ideas for how to enjoy the newly renovated community garden once all the hard work and construction are finally complete. With a strong focus on family, relaxation, and community bonding, the vision for the finished space is shaping up to be both vibrant and welcoming.According to the community discussions, RexxarRemar is particularly looking forward to utilizing the garden for family gatherings and relaxing afternoons. Having a dedicated space where loved ones can gather will make all the renovation efforts truly worthwhile. Furthermore, RexxarRemar has expressed great enthusiasm for the kids' play area, noting how wonderful it will be for the children to have their own dedicated space to burn off energy and have fun.Beyond family hangouts, RexxarRemar envisions the finished garden as a vibrant hub for the entire community. Because so much collaborative effort has gone into transforming the area—from planting flowers like bluebells, camellias, and tulips to installing new benches—the space is expected to foster a wonderful environment for residents to create lasting memories together and enjoy the vibrant, living landscape."
What does LiHua find as a perfect place to work in his conversation with Chae?,The Lighthouse Cafe,"Based on the provided conversations involving LiHua and ChaeSong-hwa, there is no mention of a ""perfect place to work."" Their interactions primarily revolve around casual get-togethers, playing music, and brainstorming band names. For instance, when ChaeSong-hwa joins a jam session as LiHua's friend, the group focuses heavily on their shared passion for music, discussing various band names like ""Sonic Fusion,"" ""Resonant Vibes,"" and eventually settling on ""The Jolly Band"" while planning weekend jam sessions. Other conversations highlight LiHua's interests in areas such as fitness, TV shows, and soccer, but a workspace is never discussed."
What songs does Chae propose to the Jolly band to try out on Sunday according to the conversation on 20260521?,"The Yellow Wind Rises and ""To the West""","I don't know the answer, as the provided data tables do not contain a conversation or record from the specific date of 20260521 regarding Chae proposing songs to the Jolly band for Sunday. However, looking at other communications within the provided records, Chae (also referred to as ChaeSong-hwa) and the rest of the band frequently brainstorm and propose various classic rock hits, pop songs, and festive tunes for their recurring Sunday jam sessions. Some of the notable songs Chae has suggested across different dates include classics by Fleetwood Mac and The Beatles, Queen's ""Bohemian Rhapsody,"" ""Hotel California,"" ""The Joker,"" ""Sweet Home Alabama,"" and ""A Million Dreams"" from *The Greatest Showman*. While the records capture many vibrant musical brainstorming sessions leading up to their weekend gatherings, a specific entry for May 21, 2026, is absent from the provided data."
What is IllidanStormrage's suggestion to the ongoing garden construction according to the discussion on 20260522?,plan some quiet hours when the kids are playing,"Based on the available records and community discussions regarding the ongoing garden renovation and construction, there is no specific conversation or log recorded for the exact date of **20260522**. However, surrounding project timelines and general communications capture various suggestions, updates, and collaborative brainstorming sessions from community members like IllidanStormrage and others involved in the community space transformation.During the planning and construction phases of the garden project—which involve features like a children's play area, seating, benches, flowerbeds with native plants (such as Bluebells, Camellias, and Tulips), and community events—IllidanStormrage actively participates in shaping the environment. For instance, in discussions about adding finishing touches around the newly installed benches, IllidanStormrage suggests incorporating kid-friendly lighting (such as solar-powered fairy lights) that would be great for evening hangs while remaining safe and accommodating for the upcoming children's play area. Additionally, IllidanStormrage frequently emphasizes the importance of community collaboration, suggesting native flowers to attract pollinators, proposing games for kids during community planting days, and encouraging regular meetings to finalize details and keep the momentum going. While a specific entry for May 22, 2026, is absent from the provided data, the overall sentiment and active contributions from IllidanStormrage consistently revolve around making the garden a vibrant, safe, and welcoming space for families and the community as a whole."
What songs does LiHua suggest adding to the karaoke playlist in his conversation with Chae?,"I Will Survive and ""Sweet Caroline""","LiHua actively participates in musical discussions with Chae and other band members, notably contributing song ideas and helping shape their musical repertoire. During their conversations about karaoke and jam sessions, LiHua and Chae exchange various classic and upbeat tracks to keep the energy high.In their specific planning for karaoke nights and jam sessions, LiHua enthusiastically supports mixing up different genres. When discussing potential additions to their playlist, LiHua suggests popular and feel-good tunes such as ""Here Comes the Sun"" by The Beatles, along with upbeat classics like ""Come Together"" and ""Hotel California"" to keep the group's performances engaging and memorable."
What time does Turalyon plan to limit noisy activities?,From 2-3 pm,"Based on the provided conversation logs, Turalyon does not set a specific time to limit noisy activities. However, the topic of construction noise was discussed by the community members. During the discussions, Thrall brought up concerns about the noise during work hours, and IllidanStormrage suggested planning some ""quiet hours"" specifically for when the children are playing so they can enjoy the space without construction distractions. While the community acknowledged this as a solid idea to balance work and play, Turalyon's role in the conversation was primarily checking in on construction progress and gathering feedback, rather than officially setting a specific time limit for the noise."
Why does WolfgangSchulz inquire of the band members about health products?,Wolfgang is feeling very tired lately with the overtime and wants to boost up his energy,"Based on the provided data, Wolfgang Schulz does not actually inquire of the band members about health products. Instead, the discussions regarding health, nutrition, and fitness involve other members of the community, such as Jennifer Moore and Li Hua. Jennifer Moore is frequently seen sharing insights related to health and athletics, including organizing a special guest speaker talk covering nutrition, performance, and recovery tips for athletes. Li Hua is an active participant in these fitness discussions, often mentioning gym sessions with Jennifer, balancing work and fitness, and planning to attend nutrition talks to improve physical performance. Meanwhile, Wolfgang's primary focus concerning the band revolves around music, rhythm, drum practice, gear, song choices like The Beatles classics, and jam session logistics."
What is the name of the song LiHua suggests revisiting for the band's music session according to their conversation on 20260529?,The History of Everything,"Based on the provided data and conversations regarding LiHua and the band, there is no specific log or conversation dated May 29, 2026 (20260529). However, across their numerous jam sessions and planning chats, LiHua and the members of ""The Jolly Band"" (which includes Wolfgang Schulz, YurikoYamamoto, and ChaeSong-hwa) frequently discuss revisiting various classic rock hits and feel-good anthems. During their musical brainstorming, LiHua and Wolfgang often express enthusiasm for timeless tracks by legendary acts like The Beatles, Queen, and Eric Clapton. Among the specific songs frequently brought up for their practice sessions are iconic tunes such as ""Come Together,"" ""Here Comes the Sun,"" ""Hey Jude,"" ""Wonderwall,"" and ""Viva la Vida."" While a May 29 date is absent from the records, the band's persistent dedication to classic rock ensures that familiar favorites are constantly being rotated back into their Sunday jam session setlists."
Which kind of pastry does Li Hua express his interest in trying in his conversation with Hailey on 20260531?,the new banana durian cheesecake,"Based on the provided communication records, Li Hua frequently chats with the baker Hailey Johnson about various bakery items, events, and delicious treats. However, upon reviewing the sources corresponding to the date mentioned—specifically around the end of May and early June 2026—there is no recorded conversation between Li Hua and Hailey dated precisely on 20260531. The closest chronological entry involving a baking class and pastry preferences is from June 18, 2026 (Source 10). During this exchange, Hailey invites Li Hua to a free baking class. When asked if he has any special requests for what he wants to learn, Li Hua expresses a strong interest in learning how to make pastries, noting that it would be a great experience. In addition to learning how to make pastries, Li Hua often enjoys partaking in the bakery's new creations. For instance, during previous visits and anniversary events, he has expressed enthusiasm for sweet pastries and artisanal sourdough breads. Whether he is sampling fresh goods or participating in hands-on workshops, his appreciation for baked goods remains a central theme in his friendly interactions with Hailey."
When did Li Hua inform Adam Smith that the rent for last month (implied to be May) had been transferred?,2026-06-02 at 10:00,"Based on the provided communication records, Li Hua never explicitly stated that the rent for last month (May) had been transferred. However, the initial message regarding the unpaid May rent occurred on June 1, 2026. On June 1, 2026, at 16:00, Adam Smith reached out to Li Hua to note that he had not yet received the previous month's rent and asked her to check on it. Li Hua responded by apologizing, stating she had completely forgotten, and promising to get it sorted out as soon as possible (ASAP).In their subsequent exchange, Li Hua mentioned she would handle the payment and let Adam know once it was done, appreciating his understanding. Adam expressed his appreciation as well, telling Li Hua to let him know if she needed anything else. However, no follow-up message confirming the completion of the transfer is recorded in the provided data."
What is the name of Hailey Johnson's new weekly flavor cheese?,Hazelnut Basque Roasted Cheese,"Based on the provided data regarding Hailey Johnson's bakery and her interactions with customers like Li Hua, there is no mention of a cheese-flavored bread or pastry being introduced. Hailey regularly discusses and expands her bakery's menu, introducing items such as rosemary focaccia, gluten-free options, high-protein breads, artisanal donuts (with crowd-favorite flavors like chocolate hazelnut and upcoming seasonal fruit varieties), and sweet treats like raspberry tarts. While she often collaborates with Li Hua and other community members on flavor ideas—such as experimenting with classic combinations like chocolate and caramel—cheese is not featured among her new weekly product lines or flavor rollouts in the records provided."
Why can't people sit on the benches when Turalyon informs the community that the benches have been installed on 20260604?,the paint isn't dry yet,"Based on the provided data, there is actually no mention of Turalyon informing the community that benches were installed on June 4, 2026 (20260604). Looking at the timeline of the community garden renovation project, the initial suggestion to add benches or seating areas was brought up by MalfurionStormrage in May 2026 to create a nice spot for everyone to relax and enjoy the blooms. Later on, discussions regarding benches appear in July 2026—such as LiHua mentioning how the new benches will be great for everyone to chill after a sports day, and MuradinBronzebeard talking about enjoying the new benches during community events. Therefore, the premise that Turalyon announced the installation of benches on that specific June date is not supported by the provided records."
What is the phone number for the maintenance worker that Adam Smith provided to Li Hua for the broken streetlight?,314159,"Based on the provided information, when Li Hua asked Adam Smith about who to contact regarding a broken streetlight she noticed nearby, Adam Smith provided the phone number for the maintenance worker. Adam Smith instructed Li Hua to call the maintenance worker at **314159**."
What breathing technique does Jennifer Moore suggest for running?,Inhaling for 3 steps and exhaling for 2 steps,"Based on the provided data, Jennifer Moore does not suggest a specific breathing technique for running. While she frequently discusses fitness plans, workouts, and encourages Li Hua and others with stretching, progressive overload, and trail running, the specific breathing techniques mentioned in the conversations are related to yoga, lifting, and squats (such as deep belly breathing or inhaling and exhaling with repetitions) rather than a particular breathing method suggested by Jennifer Moore for running.In the context of the fitness discussions, Jennifer Moore is a supportive trainer and fitness instructor who guides Li Hua through various exercises, including bench presses, planks, stretching, and finding local trails for beginners. However, when it comes to breathing methods and running, the data highlights other participants discussing general steady breathing or rhythm for trail running and terrain changes, while yoga breathing techniques are explored separately by members like Jett and Breach."
When is the Freelancer Group Meeting scheduled for according to the conversation between LiHua and Yuriko?,This Wednesday at 3 pm,"According to the conversation between LiHua and Yuriko, the upcoming **Freelancer Group Meeting** is officially scheduled to take place **this Wednesday at 3 PM**. This gathering serves as a regular opportunity for freelancers to catch up, share experiences, and discuss various professional and personal topics. During their chat, Yuriko mentioned planning to share some new therapy techniques she has been exploring, while LiHua intended to offer useful tips on maintaining a healthy work-life balance while juggling freelance responsibilities."
What suggestions does Jennifer give to LiHua to help boost his endurance?,try incorporating longer cardio sessions and interval training into your routine,"Jennifer provides several valuable suggestions to LiHua to help boost his overall fitness, stamina, and physical endurance. As they discuss LiHua's progress and goals during their fitness training journey, Jennifer tailors her advice to ensure a well-rounded and effective routine. To directly address the desire to increase strength and flexibility—which ultimately contribute to better stamina and overall athletic performance—Jennifer suggests incorporating more targeted resistance training into the routine. For improving flexibility specifically, she recommends adding dedicated stretching or yoga sessions to help LiHua recover and move more efficiently. In addition to exercise adjustments, Jennifer places a strong emphasis on proper nutrition and recovery as vital components of building endurance. She guides LiHua on hitting macros, managing portion sizes, and fueling workouts with balanced meals. For example, she suggests nutritious meal options like baked salmon with sweet potatoes and broccoli, and she regularly reminds him of the importance of staying hydrated and getting adequate rest to maintain high energy levels and support muscle recovery."
What new pastry does Hailey think is perfect for a fitness lover like Li Hua?,high-protein breads,"Based on the provided conversations between Hailey Johnson and Li Hua, Hailey offers several delicious baked goods and treats through her bakery. When Li Hua visits the bakery to share pictures and try new items, Hailey is always experimenting with new flavors and treats for her community. While Hailey discusses various items—such as a raspberry tart, chocolate chip brioche, artisanal sourdough, honey oat bread, and rosemary focaccia—she also hosts special events. Notably, she invites Li Hua to a special tasting session and workshop launching a new line of healthy bread options, which is a perfect fit for someone focused on fitness like Li Hua."
Who proposes adding some outdoor games or a small water feature to the children's play areain the community discussion?,Thrall,"In the ongoing community discussions surrounding the local garden renovation and the newly completed children's play area, participants have been actively sharing creative ideas to enhance the space for families and youngsters. Specifically, when the community gathered to discuss potential features for the playground to make the area even better, it was **Thrall** who proposed adding some outdoor games or a small water feature to keep things super fun for the kids. This suggestion sparked further enthusiastic brainstorming among neighbors, leading to additional ideas such as incorporating picnic tables, berry bushes, and a cozy book nook."
Who proposes adding picnic tables for families to enjoy some snacks after playing?,Li Hua,"When planning community spaces and events, collaboration and thoughtful suggestions are key to making a project successful for everyone involved. In the discussions regarding community improvements and family-oriented activities, community members often share wonderful ideas to enhance comfort and enjoyment. Specifically, during the resident discussions about the playground equipment installation, the idea of incorporating a space for families to relax and eat together was brought up. While multiple members contributed ideas about adding picnic areas or spaces nearby, it was **IllidanStormrage** who specifically proposed having picnic areas nearby so that parents could relax and enjoy time while the kids play, creating a wonderful community vibe.These kinds of thoughtful additions—such as picnic spots, play areas, and comfortable seating—help ensure that community projects cater to all ages. By combining recreational equipment for children with relaxing spaces for families, the neighborhood continues to build vibrant, welcoming environments for everyone to enjoy together."
Who proposes creating a little garden area where kids can help plant flowers or vegetables?,GromHellscream,"The community garden project has been a collaborative effort filled with numerous creative suggestions and enthusiastic participation from residents. As neighbors work together to transform the space into a vibrant and welcoming environment for everyone, several ideas have been proposed to make the garden both functional and engaging for all age groups, particularly children.Among the various suggestions aimed at involving the younger members of the community, **GromHellscream** proposes creating a little garden area where kids can help plant flowers or vegetables. This idea was met with great enthusiasm, as participants noted it would provide a fun and valuable learning experience that sparks children's interest in nature, patience, and responsibility."
Why does LiHua bring up Adam Smith in the band's conversation on 20260616?,LiHua thinks it is really nice for Mr. Smith to rent this basement to us for practice,"Based on the provided data tables, there is no mention of a band conversation on 20260616, nor does LiHua bring up Adam Smith in any conversation on that date. The interactions involving Adam Smith and LiHua in the records are entirely separate from any band practices or musical discussions. For instance, Adam Smith is featured in housing-related messages regarding building maintenance and rent payments (such as on 20260121 and 20260601), as well as a neighborhood potluck dinner (on 20260302). Meanwhile, LiHua's band conversations and music jam sessions—typically involving WolfgangSchulz—focus on instruments, songs like ""Wonderwall"" and ""Hey Jude,"" and drumming techniques. Because the data tables contain no record of LiHua mentioning Adam Smith during a band discussion on June 16, 2026, it is not possible to provide a reason for such an event."
What event does LiHua think is an opportunity for the Jolly band to perform in front of the crowd?,the poster saying that the town is holding a local music festival,"LiHua believes that a local music festival presented a fantastic opportunity for their band, ""The Jolly Band,"" to perform in front of a live crowd. After discovering a poster advertising the town's upcoming event, LiHua shared the exciting news with bandmates Wolfgang Schulz and Yuriko Yamamoto, sparking a wave of enthusiasm among the group members as they began preparing for the performance.The Jolly Band, known for its lively jam sessions and groove music, features members such as Yuriko, Li Hua, Wolfgang Schulz, and ChaeSong-hwa. The band often experiments with various musical styles, ranging from classic rock covers to potential fusion pieces incorporating traditional Chinese instruments like the erhu and guzheng. Their shared passion for music consistently brings them together for creative sessions and community events."
What dietary restrictions does LiHua have in his conversation with Hailey?,No dietary restrictions,"Based on the conversations between LiHua and Hailey Johnson regarding bakery products and deliveries, LiHua does not explicitly mention having any strict personal dietary restrictions or allergies (such as being gluten-free or vegan). However, LiHua shows a strong interest in exploring new culinary options and alternative baking lines.When Hailey introduces a new line of gluten-free bread options as an alternative for anyone who needs them, LiHua enthusiastically responds, ""That sounds awesome! I can't wait to try the new gluten-free bread,"" and immediately opts to add it to an upcoming delivery. Additionally, LiHua actively participates in tasting events for healthy bread options, provides feedback on adjusting sweetness levels in donuts (noting a preference for pastries that are a little less sweet so the flavors stand out), and shares traditional food preferences with others—such as enjoying rice cakes and dumplings during the Lunar New Year."
What will special guest speaker be talking about as Jennifer mentions to LiHua?,about nutrition for athletes,"Based on the provided data tables, there is no mention of a ""special guest speaker"" or any discussion regarding such a topic in the conversations between Jennifer and LiHua. While Jennifer and LiHua frequently communicate about fitness, workouts, personal records, and scheduling gym sessions (such as LiHua's pull-up personal records and upcoming training routines), the specific topic of a special guest speaker is entirely absent from the records."
What is the survey that Jennifer wants LiHua to fill out about?,the experience with our training sessions so far,"Based on the provided conversation records, Jennifer Moore mentions a specific activity related to the gym during her check-in with Li Hua. Specifically, she reminds Li Hua to participate in the gym's **membership feedback activity** the next time they are at the facility. In addition to this feedback activity, Jennifer also lets Li Hua know that they can pick up their water cup at the front desk. Li Hua responds positively, confirming plans to take part in the feedback and grab the water cup during their next visit, while continuing to stay motivated and focused on their fitness goals and training sessions."
When does the special event at Hailey's bakery start according to Hailey and LiHua's conversation on 20260622?,The event starts at 10 AM this Saturday,"According to the conversation between Hailey Johnson and Li Hua on June 22, 2026, the special event at the bakery is scheduled to begin at **10 AM** on that upcoming Saturday. Hailey reached out to Li Hua to invite her to this special tasting session, which was organized to launch a new line of healthy bread options. Along with the delicious-sounding healthy bread samples, Hailey mentioned that they were also planning a fun little workshop for attendees to enjoy. Li Hua enthusiastically accepted the invitation and even mentioned bringing along Wolfgang, who is also a big fan of bread, to join in on the weekend fun."
What video does LiHua send to the band group chat on 20260624?,"a video of himself playing the intro to ""Stairway to Heaven""","I don't know the answer to your question. Based on the available data, there are no records of LiHua sending any video to a band group chat on June 24, 2026. The provided message logs do contain various discussions involving LiHua and band members—such as Wolfgang Schulz, ChaeSong-hwa, and YurikoYamamoto—discussing jam sessions, upcoming music festivals, and song choices, but none mention a video sent on that specific date."
Waht song does Wolfgang propose adding to the band's practice set on 20260625?,Viva la Vida by Coldplay,"Based on the communication records and data provided, Wolfgang proposed adding a very popular track to the band's setlist during their discussion on June 25, 2026. Specifically, Wolfgang suggested the song **""Viva la Vida""** by Coldplay, noting that it is super popular and that the crowd usually loves it. He also mentioned that the high energy of the song would really elevate the band's performance and make for a fun tune to play on the drums.The rest of the band members, including LiHua and Yuriko Yamamoto, quickly agreed with the suggestion, expressing excitement to practice it together for their upcoming Sunday jam sessions and bring that vibrant energy to their musical repertoire."
What is the main topic of the conversation between LiHua and ChaeSong-hwa on 20260626?,Chae and her team making a breakthrough in the research study and LiHua congratulating her,"On June 26, 2026, LiHua and ChaeSong-hwa engaged in an enthusiastic conversation centered around a major professional milestone and the plans to celebrate it. The primary topic of their discussion was a significant breakthrough in ChaeSong-hwa's research study. After a period of hard work, ChaeSong-hwa and her team successfully gathered enough research data and reached a point where they were finally ready to test their model. LiHua expressed immense pride and admiration for ChaeSong-hwa's dedication and hard work.Building on the excitement of this career breakthrough, the conversation naturally transitioned into celebration plans. The two friends discussed getting together for a fun night of unwinding after an upcoming jam session. To ensure a memorable evening, ChaeSong-hwa volunteered to bring a selection of snacks and drinks, rounding out a celebratory chat filled with mutual support, music, and relief that all their hard work was finally paying off."
Waht songs does Chae recommend in the band's group discussion on 20260629?,"Uptown Funk or ""Happy""","Based on the provided conversation logs and data tables, there are no specific chat logs or records corresponding to a band group discussion on the date of **20260629** (June 29, 2026). Therefore, no song recommendations from Chae can be retrieved for that exact date. However, looking at other communications and jam session discussions among the band members—which includes Chae (ChaeSong-hwa, a neurosurgeon and friend of LiHua), LiHua, Yuriko Yamamoto, and Wolfgang Schulz—Chae frequently shares her enthusiasm for music and suggests various classic tracks and medleys for the group to play.During different planning sessions, Chae has recommended several popular songs. For instance, she has suggested timeless classics like Fleetwood Mac's music, The Beatles' songs (such as ""All You Need Is Love""), Steve Miller Band's ""The Joker,"" ""Hotel California,"" ""Sweet Home Alabama,"" and country favorites like ""Take Me Home, Country Roads."" She also enjoys upbeat pop hits and soft pop ballads like ""Shallow"" or ""Shake It Off"" for events like karaoke nights. If you are looking for specific recommendations Chae made around late June 2026, those particular records are not present in the current dataset."
What tip does Jennifer give to the gym members on 20260630?,Staying hydrated during workout is very important,"Based on the provided data tables and records, there is no mention or record of any communication, tips, or messages given by Jennifer to gym members on the specific date of June 30, 2026 (20260630). While Jennifer Moore frequently interacts with Li Hua and other gym members regarding fitness advice—such as discussions about yoga classes, breathing techniques, hydration, and gym feedback activities on dates like May 13, 2026, and June 5, 2026—the records do not contain any entries corresponding to 20260630. Therefore, I do not know the answer based on the provided sources."
Why deoes the construction have to be postponed according to Tirion Fordring?,the storm and the rain have been going on for days,"According to Tirion Fordring, the construction has to be postponed due to ongoing storms and rain that have persisted for days. In a community update, Fordring explained that the inclement weather has brought the project to a temporary halt, expressing hope that work can resume as soon as conditions improve."
What kinds of Thai food does Wolfgang want to try out at the Thai restaurant on 20260702?,pad thai and maybe some spring rolls,"On July 2, 2026, Wolfgang Schulz suggested checking out an awesome and budget-friendly Thai spot for dinner with Li Hua. When discussing what they planned to order for the meal, Wolfgang mentioned that he was thinking of trying their pad thai and maybe some spring rolls. This casual dinner date highlights Wolfgang's enthusiasm for exploring local cuisine, complementing his other culinary interests—such as his love for hot pot, Italian dishes, and seafood."
What song does Yuriko propose that the band can practice this weekend according to the band's discussion on 20260703?,Take Me Home Country Roads by John Denver,"Based on the provided band discussion records, there is no specific conversation or source entry dated 20260703. However, looking through the various musical sessions and planning discussions involving ""The Jolly Band""—which consists of members like LiHua, Wolfgang Schulz, ChaeSong-hwa, and Yuriko Yamamoto—Yuriko does suggest and engage in selecting several notable songs for the band to practice across different dates. For instance, Yuriko is highlighted as being responsible for picking a bass-heavy track for an upcoming music festival performance, and she frequently proposes crowd-pleasers and collaborative ideas. During sessions leading into summer and autumn 2026, she helps curate tracks like Adele's emotional hit ""Rolling in the Deep"" and contributes to brainstorming unique fusion pieces blending pop tunes with traditional Chinese elements using instruments like the erhu or guzheng. While a specific proposal on July 3, 2026, is not documented in the provided logs, Yuriko's continuous involvement centers around bringing energy, groove, and thoughtful song choices to the group's regular Sunday practices. The band consistently values her input on bass-heavy selections and creative arrangements as they prepare for local festivals and jam sessions."
What is the name of the song that Yuriko recommend to the band on 20260706?,Rolling in the Deep by Adele,"On July 6, 2026 (20260706), Yuriko Yamamoto brought a popular and powerful track to the band's attention for potential inclusion in their setlist. During a group chat discussing upcoming performance ideas, she proposed that the band learn and perform ""Rolling in the Deep"" by Adele, highlighting its emotional vibe. The suggestion was met with immediate enthusiasm from her bandmates, particularly Chae Song-hwa, who noted that the song would be a great fit for her vocal range. Other members, including LiHua and Wolfgang Schulz, chimed in to support the choice and coordinate practice schedules for their upcoming Sunday jam sessions."
Why are LiHua and Adam concerned about the basement in their conversation on 20260707?,They want to check if there were any issues in the basement after those rainstorms,"Based on the provided data tables, there is actually no conversation recorded between LiHua and Adam on the date of **2026-07-07** (20260707). However, the records show multiple discussions surrounding the basement during other times in 2026. For instance, in September 2026, Adam checked in to see how the basement held up after a storm and whether there were any issues with water leakage, though LiHua confirmed it was all good with no water leakage. Later, in July 2026 (specifically July 16, 2026), LiHua and Adam discussed the basement because it was getting quite warm with the arrival of summer, prompting a conversation about installing an air-conditioner to make the space more comfortable."
Why is Jennifer checking in in the gym group chat on 20260708?,She wants to hear how the members are all doing and offer some personalized advice.,"Based on the provided data, there are no specific records or messages in the group chat for the exact date of July 8, 2026 (20260708) involving Jennifer checking in. However, the available data highlights Jennifer Moore's active role as a fitness trainer and coach within the community and fitness discussion group, where she frequently interacts with Li Hua and other members. Jennifer regularly checks in to encourage participants, provide workout advice—such as form and progressive overload for bench pressing—and offer tips on rest, hydration, and stretching. Her check-ins are designed to keep members motivated, track their progress, and foster a supportive environment for everyone's fitness journey."
What is the article that Chae shares with LiHua about?,how to fall asleep faster at night,"Based on the provided conversations and data, Chae (ChaeSong-hwa) shares information and hosts discussions related to health and medicine with LiHua rather than a traditional article. Specifically, Chae hosts a **community medical knowledge lecture** that covers basic health tips, common medical myths, basics of common health issues, and how to prevent them. In addition to these medical lectures and health topics, Chae and LiHua frequently chat about their shared passions outside of work, such as music, upcoming jam sessions, and organizing fun events like karaoke nights with friends."
What is LiHua's feeback on Hailey's new artisanal donuts?,The flavors are so unique and delicious,"Based on the provided information, there is no mention of Hailey baking new artisanal donuts, nor is there any feedback from LiHua regarding such an item. While LiHua and Hailey frequently discuss bakery items, their interactions center around other treats and breads. For instance, LiHua frequently visits the bakery and enjoys items like sourdough, honey oat bread, rosemary focaccia, a chocolate chip brioche, and a new pastry. Hailey also introduces various product lines, including gluten-free bread, high-protein breads, and healthy bread options, and hosts events featuring items like raspberry tarts and chocolate pineapple pies. Because the provided sources do not contain any references to artisanal donuts, I don't know the answer to your question."
What new flavor is LiHua looking for as he mentions to Hailey in their conversation on 20260714?,a matcha flavor,"On July 14, 2026, during a conversation between Hailey Johnson and Li Hua about artisanal donuts, LiHua suggests experimenting with a seasonal fruit flavor. Specifically, Li Hua mentions that a refreshing fruit option like raspberry or lemon would be a fantastic addition to the bakery's lineup. This exchange highlights Li Hua's active engagement with the local bakery, as they frequently share feedback on new baked goods, participate in tasting sessions, and help organize community events. Hailey enthusiastically welcomes the suggestion, noting that she plans to experiment with these seasonal fruit flavors moving forward."
Which performance does Chae want the band members to check out in their discussion on 20260715?,"the amazing live performance of ""Bohemian Rhapsody"" by Queen","Based on the provided data tables, there is no mention of a discussion or a performance that Chae wanted the band members to check out on the specific date of **20260715**. However, the communication records show that Chae Song-hwa actively engages with the band—which includes members like LiHua, Wolfgang Schulz, and Yuriko Yamamoto—regarding musical ideas, performances, and upcoming jam sessions around neighboring dates. For instance, on **20260717**, LiHua mentioned being amazed by Chae's performance in the band from ""last Sunday,"" and Chae expressed excitement about bringing in classic tracks like Fleetwood Mac and The Beatles for their future rehearsals. Additionally, Chae frequently shares inspiring materials and ideas with the group, such as an article she shared on **20260621** about how music can boost mental health to inspire their upcoming jam sessions. Beyond music, Chae also participates in community planning, such as brainstorming ideas for a local garden project that combines art and nature with resident participation. If there were specific messages exchanged on 20260715, they are not captured in the available sources."
Why is LiHua praising Chae in their conversation on 20260717?,LiHua was really amazed by Chae's performance in the band last Sunday because Chae's singing has really leveled up,"Based on the provided data tables, there is no conversation or record dated **20260717** involving LiHua praising Chae. However, looking at the available interactions, LiHua and ChaeSong-hwa share multiple friendly exchanges where mutual support and praise are prominent. For example, on June 26, 2026, ChaeSong-hwa shares a major breakthrough in her research study and model testing, prompting LiHua to respond warmly: ""That's amazing! I'm so proud of you! Your dedication is really inspiring."" Additionally, on other dates, ChaeSong-hwa is noted for her hard work in research and even receives praise and excitement from friends regarding her professional background as a neurosurgeon joining a jam session. If there are specific details regarding a conversation on July 17, 2026, they are simply not provided within the scope of the current records."
What cool thing does Wolfgang find that he wants to share with LiHua?,this awesome guitar Wolfgang found online,"Wolfgang Schulz is a well-traveled individual who loves capturing his experiences through photography. In late December 2026, after embarking on an exciting trip to Hong Kong—where he explored vibrant locations like Victoria Peak, Mong Kok, and enjoyed local delicacies like dim sum and egg waffles—he made sure to capture a multitude of stunning shots. Upon returning from his travels, Wolfgang reached out to LiHua with a specific and exciting request. Eager to share the visual fruits of his adventure, he expressed that he had some awesome pictures taken in Hong Kong that he wanted to show off. Rather than just casually sending them over digitally, Wolfgang proposed getting together after work at around 7:00 PM to grab some Thai food and review the photographs together over dinner. LiHua, equally enthusiastic about the trip and the stunning shots, happily agreed to the plan."
What tips on balancing work and personal hobbies does LiHua give to Chae?,try setting specific hours for work and separate times for your hobbies and don't forget to schedule some fun time for yourself,"When it comes to maintaining a healthy lifestyle while juggling professional responsibilities and personal passions, LiHua is quite proactive. While the provided data tables do not explicitly detail a conversation where LiHua gives direct work-life balance tips specifically to *ChaeSong-hwa*, LiHua does openly discuss the topic of balancing freelance work, fitness, and creative hobbies with other friends and groups in the community. For instance, in discussions regarding freelance commitments and jam sessions, LiHua emphasizes the importance of scheduling and prioritization. Juggling freelance work alongside intensive personal hobbies—such as playing the guitar, photography, gardening, and participating in weekly band practices—requires deliberate time management. LiHua often highlights how crucial it is to set aside dedicated time to unwind, whether that means hitting the gym with Jennifer Moore, taking care of home projects, or meeting up with bandmates like ChaeSong-hwa and WolfgangSchulz for a much-needed creative escape.Furthermore, LiHua shares insights on the importance of community and social connection in maintaining that balance. Engaging in collaborative hobbies, such as weekly jam sessions in Mr. Smith's rented basement or planning fun watch parties and soccer practices with friends like JakeWatson and Aurora, serves as an essential outlet to decompress from work-related stress. By leaning into creative environments and making time for shared experiences—like music festivals, gaming, and sports—LiHua demonstrates that a fulfilling personal life is built on consistency, setting clear boundaries, and making space for the things and people you love."
What is the size of the basement?,The basement is approximately 15 feet by 20 feet,"Sorry, I'm not able to provide an answer to that question."
What is Wolfgang's favorite superhero?,Iron Man,"Based on the provided conversations, Wolfgang's favorite superhero is **Iron Man**. When discussing superheroes with Li Hua, Wolfgang mentions having a soft spot for Iron Man, noting that the character's tech, personality, and impressive character growth from a self-centered genius to a self-sacrificing hero make the movies even more compelling.In the same conversation, Li Hua shares that Spider-Man is his personal favorite, and while Wolfgang agrees that Spider-Man is awesome, Iron Man remains his top choice among heroes."
What is LiHua's favorite superhero?,Spider-Man,"LiHua is a passionate fan of the superhero genre, often engaging in enthusiastic discussions about characters, television series, and video games with friends like WolfgangSchulz and EmilyBurnett. When it comes to her absolute favorite superhero, LiHua explicitly states that she is a big fan of **Spider-Man**. She loves his compelling story and all the fast-paced web-slinging action that comes with the character. While characters like Iron Man are frequently praised in her circle for their clever tech, wit, and incredible character growth from self-centered geniuses to self-sacrificing heroes, Spider-Man remains LiHua's top pick in the comic book and superhero realm."
What sports would LiHua like to see on the community sports day?,some team sports like soccer or basketball,"LiHua is an enthusiastic participant in community discussions, particularly when it comes to planning the upcoming community sports day. When the topic of activities arose, LiHua expressed a clear preference for engaging, high-energy events that can bring neighbors together. Specifically, LiHua mentioned that she would love to see team sports included in the lineup, highlighting soccer and basketball as top choices that always get everyone pumped up. In addition to these team sports, she also thought it would be a great idea to incorporate some fun games specifically designed for the kids to enjoy."
What activities are being discussed for the community sports day?,Soccer and basketball and tug-of-war and sack race are mentioned as potential activities for the community sports day,"The community is actively preparing for an upcoming **Sports Day** event, which will serve as a wonderful celebration centered around the newly renovated garden space. As neighbors and friends brainstorm ways to make the day memorable, several fun and engaging activities have been proposed to ensure participants of all ages can get involved, enjoy the fresh air, and strengthen community bonds.### Team and Family SportsTo get everyone energized and foster a spirit of friendly competition, participants have suggested a variety of classic team sports and group games. Popular team sports like soccer and basketball are high on the list to get the crowd pumped up. Additionally, to ensure families can fully participate together, the group has proposed fun, nostalgic activities such as a tug-of-war and sack races, which are guaranteed crowd-pleasers.### Kids' Activities and EntertainmentBecause the event aims to be inclusive for all ages, special focus has been placed on activities tailored specifically for children. Alongside running around and participating in the family games, the sports day will be complemented by the nearby children's play area features—such as the newly installed benches and planned playground structures—providing a perfect backdrop for the kids to let loose and have a blast.### Refreshments and Pacing the DayTo keep everyone’s energy up through all the games and activities, the community has planned a robust selection of refreshments, including snacks and drinks. Furthermore, to keep the day running smoothly without anyone feeling rushed, organizers have discussed setting up an organized schedule and activity rotation. This thoughtful pacing allows plenty of downtime and relaxed moments for attendees to unwind, enjoy the newly renovated garden, and celebrate together."
What new hobbies does Wolfgang Schulz propose to Li Hua?,Wolfgang Schulz proposes pottery or painting as a hobby to Li Hua,"Wolfgang Schulz and Li Hua share a vibrant friendship filled with music, photography, cultural celebrations, and social outings. Throughout their various conversations, Wolfgang proposes several new hobbies and activities for them to explore together, expanding upon their shared interests in creative and leisure pursuits.One prominent hobby that Wolfgang proposes is **drumming**. In their discussions looking ahead to the new year, Wolfgang expresses a desire to focus more on his drumming skills, specifically mentioning wanting to get back into it like they used to do. He notes that tightening up these musical skills will make their band's jam sessions even better, keeping Sundays sacred for music and creating a fun blend of rhythm and energy.Additionally, Wolfgang introduces Li Hua to the hobby of **photography and visual arts appreciation**. While preparing for an upcoming trip to Hong Kong, Wolfgang actively seeks out photography tips from Li Hua regarding lighting, angles, and capturing the local vibe. Upon returning from a photography exhibition showcasing massive and impressive football stadium photos, Wolfgang enthusiastically shares his experience and photos with Li Hua, prompting mini-recap sessions over food and music to reminisce about the exhibits and visual arts."
What brands of air-conditioners does LiHua recommend to Wolfgang?,Mitsubishi and Daikin,"LiHua and Wolfgang share many casual conversations, including discussing hobbies, gaming, and travel. However, when it comes to practical home advice, LiHua's interactions regarding air-conditioning are actually with Adam Smith rather than Wolfgang. When Adam Smith reaches out for recommendations on energy-efficient and quiet air conditioner options for a basement, LiHua suggests looking into inverter AC units. Specifically, LiHua recommends the brands **Mitsubishi** and **Daikin** for their known quietness and efficiency."
Who is recommended by Jennifer to share some fitness tips in the gym group chat on 20260730?,LiHua,"Based on the fitness discussion group chat data, on July 30, 2026 (timestamp `20260730_17:30`), Jennifer Moore encourages **Li Hua** on her hard work and progress, and specifically recommends that she share some of her favorite fitness tips with the group. Jennifer notes that Li Hua's hard work is truly paying off and expresses confidence that everyone in the group would love to hear her advice and workout insights."
What does Hailey Johnson want Li Hua to help with at the bakery according to their discussion on 20260731?,Hailey Johnson wants Li Hua to help gather feedback from customers at the bread-tasting event,"According to their discussion on July 31, 2026, Hailey Johnson reached out to Li Hua to ask for assistance with a bread-tasting event she was planning at the bakery. Hailey specifically wanted Li Hua's help in gathering feedback from customers during the event, which was scheduled for that Saturday from 10:00 AM to 2:00 PM. Her duties would include chatting with the customers to collect their thoughts on the various breads being presented and jotting down notes regarding their favorites. LiHua happily agreed to help and mentioned she would bring along a notepad to make sure everything went smoothly."
What day do Li Hua and Wolfgang Schulz plan to visit the photography exhibition?,Li Hua and Wolfgang Schulz plan to visit the photography exhibition on Friday evening,"Li Hua and Wolfgang Schulz plan to visit the photography exhibition on a Friday evening. According to their discussion on August 1, 2026, Li Hua suggested going on Friday evening because it would be less crowded, and Wolfgang Schulz agreed that it worked well for him. Later, on August 5, 2026, the two friends finalized their schedule for the evening of the exhibition. They agreed to meet up at 6:00 to grab a bite to eat at a new burger place before heading over to the event together at 19:00."
When is Wolfgang and LiHua going to the photography exhibition on 20260805?,19:00,"LiHua and Wolfgang Schulz made exciting plans to attend a photography exhibition together on August 5, 2026. Initially, they coordinated their schedule to head to the event during the evening, ensuring they had plenty of time to enjoy the experience after taking care of their evening plans.To make the most of their outing, the pair decided to meet up beforehand to grab a bite to eat. They agreed to meet at 6:00 PM to grab some food at a new burger place, and then they would make their way over to the photography exhibition, which was scheduled to start at 19:00 (7:00 PM) that same night."
What new components are being added to the garden project as Turalyon announces it on 20260806?,incorporating sustainable practices like recycling and composting into our renovation project,"Based on the community planning and discussions surrounding the garden renovation project led by Turalyon and other community members, several exciting new components and features have been integrated into the development. The ongoing project has evolved significantly through collaborative brainstorming, incorporating feedback from residents like Thrall, LiHua, and AdamSmith to create a vibrant, family-friendly, and engaging space for everyone.Among the major additions is a dedicated children's play area designed to keep younger community members entertained while adults relax. To enhance comfort and aesthetics, the layout features newly installed benches, which are complemented by carefully selected floral arrangements including Bluebells, Camellias, and Tulips. Additionally, the space incorporates sustainable native plants to attract local wildlife like butterflies and bees, along with a functional herb section featuring basil, mint, and rosemary for residents to enjoy."
Why is Yuriko asking for LiHua's help on 20260807?,She has got ten logo designs for my speech therapy studio and she would love LiHua's opinion on which one stands out the most,"Based on the provided data tables, there are no chat logs, messages, or records for the date **20260807**. While the records show multiple interactions between Yuriko Yamamoto, LiHua, and other friends throughout 2026—such as discussing upcoming weekend jam sessions for their band (the Jolly Band), planning rehearsals to play classic songs like ""Sweet Home Alabama,"" or collaborating on website updates—none of the provided sources correspond to August 7, 2026 (20260807). Therefore, based strictly on the available evidence, it is not possible to explain why Yuriko might be asking LiHua for help on that specific date."
When is the installation of the air-conditioner for the basement?,It's set for Wednesday next week,"Based on the provided data, the installation of the air-conditioner for the basement is scheduled for **Wednesday** (specifically August 12, 2026) at **6 PM**. The planning for this project involved discussions between Adam Smith and LiHua regarding the selection of an energy-efficient, quiet, wall-mounted unit (such as an inverter model like Mitsubishi or Daikin with a SEER rating of 16 or higher) to keep the space comfortable during the warm summer months. After finalizing the details with the contractor, Adam confirmed the precise date and time with LiHua, ensuring she would be present in the basement for the contractor team's arrival."
Why does Adam reach out to LiHua on 20260810?,To check if LiHua had a chance to look over the warranty and maintenance plans for the air conditioner,"Based on the provided data tables and communication records, there is no mention of Adam reaching out to LiHua on August 10, 2026 (20260810). Adam and LiHua interact on several other dates regarding various neighborhood and apartment matters—such as a neighborhood potluck dinner in March (Source 0), a rent reminder in June (Source 1), building maintenance in January (Source 2), and a door hinge repair in January (Source 19)—but no logs exist for August 10, 2026. Therefore, I cannot provide a reason for an interaction on that specific date."
What tips does Jennifer give to LiHua about preventing muscle soreness after a tough workout?,make sure to warm up properly before workouts and cool down afterward & Stretching & Stay hydrated and consider foam rolling post-session to help with recovery,"JenniferMoore shares several insights and tips with LiHua and the group regarding fitness, recovery, and preventing muscle soreness after intense workouts. While much of the community discusses techniques like foam rolling, dynamic and static stretching, and staying hydrated, Jennifer emphasizes the importance of consistency and proper technique to mitigate soreness and enhance performance. When tackling tough sessions, particularly high-intensity intervals, Jennifer suggests focusing on your breath and pacing yourself to stay in the zone. She notes that pushing through these challenging routines truly pays off in the end. Additionally, she stresses the value of incorporating structured stretching into weekly routines—reminding everyone that dynamic stretches are great for warming up muscles beforehand, while static stretches help cool down afterward.Furthermore, Jennifer highlights the significance of maintaining these practices over time. She notes that staying consistent with proper stretching and routines leads to noticeable improvements in flexibility, better overall performance, and significantly less soreness after grueling workouts."
When is the contractor team going to install the air-conditioner?,20260812 6PM,"Based on the provided data, the contractor team is scheduled to install the air conditioner in the basement at 6:00 PM today, August 12, 2026. This installation follows prior discussions between Li Hua and Adam Smith regarding the selection of an energy-efficient, quiet, split-type, wall-mounted air conditioner with suitable cooling capacity for the 15-foot by 20-foot basement space.The planning for this event involved coordinating the contractor's availability with Li Hua's schedule. After finalizing the details with the contractor, Adam confirmed the upcoming event, and Li Hua verified her availability to be at the basement for the 6:00 PM appointment."
When is the garage sale being discussed?,20260814_15:00,"The community has been actively buzzing and collaborating about an upcoming garage sale event. Based on the provided communications, the initial excitement and detailed planning for this community gathering were recorded with a timestamp of **20260814_15:00** (August 14, 2026, at 3:00 PM). During these discussions, community members such as TirionFordring, Thrall, LiHua, and RexxarRemar conversed about how the garage sale would serve as a wonderful opportunity to declutter, trade items, enjoy simple snacks and drinks, and foster overall community spirit while concurrently managing ongoing garden renovation projects."
What is the reason Thrall cannot participate in the garage sale?,Thrall has a lot happening with the garden renovations,"Thrall is unable to participate in the community garage sale because he is currently keeping busy with a lot of garden renovation work around his home. While he loves the enthusiasm of the group and thinks the garage sale is a wonderful idea to bring everyone together, he has to sit this particular event out to focus on his ongoing garden projects."
What does RexxarRemar suggest to make the garage sale more enjoyable?,RexxarRemar suggests having snacks or drinks at the garage sale,"To make the community garage sale more enjoyable and inviting for everyone, **RexxarRemar** offers several thoughtful and practical suggestions focused on atmosphere, comfort, and engagement. ### Adding Refreshments and SnacksOne of RexxarRemar’s primary ideas is to set up a dedicated snack and drink station. According to the community discussions, having quick bites and refreshing beverages available serves a dual purpose: it keeps everyone energized as they browse through items and encourages people to linger, chat, and mingle longer. Keeping these snacks simple and easy to grab helps foster a friendly and welcoming atmosphere.### Enhancing the Atmosphere with DecorationsBeyond food and drinks, RexxarRemar also emphasizes the importance of visual presentation. They suggest adding decorations to the garage sale to spruce up the venue. Putting in a little extra effort toward festive decorations can brighten up the overall environment and make the event feel much more inviting for visitors and neighbors alike.### Fostering Community and TeamworkOverall, RexxarRemar views these touches as part of a larger effort to bring the community together, especially alongside ongoing neighborhood garden renovations. By combining simple comforts like snacks and decorations with a collaborative spirit, RexxarRemar helps ensure the event is an unforgettable and memorable experience for everyone involved."
Who offers to help with setting up for the garage sale?,AdamSmith,"Based on the community discussions regarding the upcoming neighborhood garage sale, community member **Adam Smith** is the one who steps forward to offer his assistance. When the event is being planned to help residents declutter, connect, and enjoy some community spirit, Adam Smith generously mentions that anyone needing help with the setup can simply let him know, adding that he would be more than happy to lend a hand. This offer is met with appreciation from Tirion Fordring and other neighbors, highlighting the strong spirit of mutual support within the community."
What type of stretches does Sage prefer before hitting the gym?,Sage prefers dynamic stretches,"Sage incorporates specific preparation methods and stretches before hitting the gym to warm up muscles, improve range of motion, and optimize performance. According to the provided fitness logs and group discussions, Sage prefers dynamic stretches rather than static ones prior to working out. Specifically, Sage engages in dynamic movements such as leg swings and torso twists to wake up the muscles and enhance mobility. In addition to these dynamic stretches, Sage also utilizes targeted activation exercises—such as clamshells and monster walks—to prime the glutes before moving on to weightlifting and squat routines."
What does JenniferMoore suggest to improve performance and prevent injuries?,JenniferMoore suggests incorporating stretching techniques,"JenniferMoore provides several key recommendations and insights for individuals looking to enhance their athletic performance while simultaneously minimizing the risk of injuries. Her guidance spans multiple aspects of fitness, including structured training modifications, nutritional support, and physical conditioning.To build strength and power safely, JenniferMoore emphasizes the importance of progressive overload, which allows individuals to gradually increase weight while maintaining strict focus on form and control. For those looking to improve flexibility, she suggests incorporating dedicated stretching or yoga sessions into their routines. Additionally, she values agility and variation, noting that dynamic exercises like ladder drills help keep workouts fresh and effective.Beyond physical training routines, JenniferMoore highlights the critical role that recovery and nutrition play in preventing injuries and sustaining high-level performance. She advocates for proper hydration and rest, reminding athletes to fuel up adequately with balanced meals containing a healthy mix of protein, carbs, and vegetables. Furthermore, she encourages open communication, inviting questions during workouts and connecting athletes with expert resources, such as specialized talks on nutrition for performance and recovery, to ensure they remain safe, healthy, and motivated on their fitness journeys."
What does Viper plan to do to increase their stamina?,Viper plans to focus on cardio,"Based on the provided data, Viper does not specifically discuss a plan to increase stamina. Instead, the characters primarily discuss stamina in the context of cardiovascular exercise, weight training, and athletic consistency, while Viper specifically mentions adding weight training, sumo squats, and single-leg hopping exercises to improve balance and strength. ### Fitness Routines and Exercise ExplorationThroughout the fitness-related discussions, various characters explore different ways to build strength, agility, and overall endurance. For instance, Jett mentions switching up cardio routines with interval sprints and group classes, while Cypher enjoys dance cardio, jump rope, and cycling. ### Agility and Leg WorkoutsViper specifically expresses interest in incorporating hopping exercises into a warm-up routine to mix things up, leaning toward single-leg hops to focus on core engagement, balance, and stability. Other participants like Sova note that single-leg hops are a challenging workout that heavily tests balance and strength. Additionally, Viper has experimented with sumo squats to target different areas and add excitement to the routine, noting that gradually increasing weight by about 5% each week—while prioritizing proper form—is a safe way to progress."
What does Sova plan to do to keep their cardio interesting?,Sova plans to mix it up with different types of cardio exercises,"Based on the provided data, Sova's specific fitness plans and strategies regarding cardio involve utilizing a supportive group to help make tough workouts more manageable and keeping motivation high. While other members like Viper suggest incorporating interval training into cardio to build endurance and keep things interesting, Sova focuses on the power of community, mindset, and music during challenging sessions.Specifically, Sova emphasizes the importance of a supportive group dynamic to get through tough workouts, noting that reminding oneself of the collective progress being made is a great strategy. Additionally, to keep energy up during intense sets, Sova is a fan of music and plans to share a personalized workout playlist featuring a mix of hip-hop, EDM, and rock."
How much discount is Hailey willing to give to LiHua according to their conversation on 20260816?,15% off,"Based on the provided data, there is no conversation or record listed for the date **20260816** between Hailey and LiHua. While the provided records detail various interactions between Hailey Johnson and LiHua—such as sourdough deliveries, bakery events, anniversary discounts, and a Mother's Day promotion where Hailey offered 15% off pastries and special cakes—none of the available sources correspond to a conversation on August 16, 2026. Therefore, I cannot provide a specific discount amount for that date."
Who does Li Hua mention as their favorite character from The Witcher 3?,Geralt,"Based on the provided data tables, Li Hua mentions **Geralt** as their favorite character from *The Witcher 3*. When discussing the game with Thane Chambers, Li Hua highlights Geralt's complex nature, his no-nonsense attitude, his underlying strong sense of morality, and his epic monster-slaying skills."
Why does LiHua like Geralt from The Witcher 3?,He's such a complex character with that no-nonsense attitude but deep down he has a great sense of morality & his monster-slaying skills are just epic,"Based on the provided group chat discussions among game fans, LiHua appreciates Geralt of Rivia from *The Witcher 3* because he is such a complex character. Specifically, LiHua is drawn to Geralt's no-nonsense attitude and the fact that, deep down, he possesses a great sense of morality beneath his tough exterior. In addition to his personality and strong moral compass, LiHua also admires Geralt's combat capabilities, describing his monster-slaying skills as simply ""epic."""
What is Li Hua's opinion about Yennefer's character?,Intense & fiercely independent & her relationship with Geralt evolves,"Li Hua's perspective on the character of Yennefer from *The Witcher 3* highlights a deep appreciation for her strength, complexity, and the dynamic she shares with Geralt. Throughout various discussions in the fan group, Li Hua expresses a strong affinity for Yennefer's intense and fiercely independent nature, noting that her character adds significant depth to the game's overall narrative. When discussing the chemistry between the game's central characters, Li Hua points out how Yennefer and Geralt's evolving relationship creates memorable moments and emotional weight. This is especially evident during critical narrative junctures, such as the intense ""Battle of Kaer Morhen,"" where the collective stakes—including the emotional resonance for both Geralt and Yennefer—make the experience particularly powerful and unforgettable."
Which scene stood out for Li Hua in The Witcher 3?,"The ""Battle of Kaer Morhen""","For Li Hua, who enjoys complex characters and deep narratives in video games, *The Witcher 3: Wild Hunt* stands out as a memorable gaming experience. When discussing the game and its various impactful moments with other fans in the community, Li Hua specifically highlighted one major scene that left a lasting impression. The scene that stood out most to Li Hua is the intense and emotional ""Battle of Kaer Morhen."" For Li Hua, seeing all the diverse characters come together to fight against a common enemy was a super intense highlight. Furthermore, the high emotional stakes involved—particularly for Geralt and Yennefer—made the entire sequence even more powerful and unforgettable within the scope of the game."
Which scene in The Witcher 3 does ThaneChambers consider as one of his favorites involving Yennefer?,The scene when Geralt is looking for Yennefer in the early part of the game,"In the critically acclaimed open-world video game *The Witcher 3*, the dynamic and complex character Yennefer leaves a lasting impression on players and companions alike. Known for her fierce independence, intense backstory, and deep ties to Geralt, Yennefer is a central figure in discussions among fans who appreciate the game's rich narrative depth and memorable side quests. When discussing favorite moments involving this iconic sorceress, group member ThaneChambers highlights a specific early-game encounter as a personal standout. Specifically, ThaneChambers considers the scene where Geralt is actively searching for Yennefer during the early part of the game to be brilliantly executed. According to ThaneChambers, the way the narrative seamlessly intertwines the characters' shared past and present in this scene brilliantly sets the stage for their intricate and emotionally layered relationship. This unforgettable moment captures the essence of what makes *The Witcher 3* such an immersive experience, blending rich character development with a compelling atmosphere."
What is Li Hua's impression of the Blood and Wine expansion?,Incredible & new area is stunning & story feels like a mini-epic,"Li Hua’s experience with the *Blood and Wine* expansion for *The Witcher 3* has been overwhelmingly positive and filled with excitement. Having just started the expansion, Li Hua describes it as an incredible experience that feels like a ""mini-epic"" in its own right, praising the stunning new area and the unique, memorable characters introduced within the vibrant wine-themed setting. Continuing the exploration, Li Hua finds the vibrant landscapes of Toussaint to be equally as breathtaking as Skellige, featuring stunning vineyards and castles that give the region a vibrant, storybook feel. Li Hua especially enjoys the quests that incorporate this surrounding beauty, highlighting a particular standout moment helping the knights in the tournament due to its amazing atmosphere, perfect visuals, and unique character interactions."
What is Li Hua's opinion on the characters in Succession?,Intense family dynamics and business war,"Based on the provided group chat discussions, Li Hua has not watched the TV series *Succession* yet, despite hearing great things about the intense family drama from other members like Emily Burnett. Because of this, specific opinions or analyses regarding the individual characters in *Succession* are not expressed by Li Hua in the data. However, Li Hua does engage with other members discussing the show and frequently shares enthusiasm for complex character journeys, teamwork, and strategic dynamics in other acclaimed television series and video games. For example, Li Hua appreciates stories that capture deep historical events and bravery, such as in *Chernobyl*, and enjoys complex character arcs and rich narratives across various media. While Li Hua has not personally weighed in on the complex motivations or struggles of characters like Kendall, Roman, or Shiv in *Succession*, the broader group chat highlights how characters driven by ambition, family rivalry, and internal battles continually captivate the fans. Perhaps once Li Hua finally dives into *Succession*, we will hear more thoughts on the boardroom power moves and intense family dynamics!"
What TV show does EmilyBurnett recommend to Li Hua after discussing Succession?,The Crown and Ted Lasso,"After discussing the intense family dynamics and boardroom power moves of the HBO series *Succession* with Li Hua, EmilyBurnett provides a few recommendations for other television shows to check out. First, Emily suggests *The Crown* for viewers interested in historical drama and deep character development. In addition to that royal drama, she enthusiastically recommends the comedy series *Ted Lasso* if Li Hua is in the mood for something lighter and hilarious. Later in their conversations, Emily also mentions other shows she enjoys or recommends, such as *The White Lotus*, *Black Mirror*, *The Expanse*, and *The Last of Us*, further expanding on her diverse taste in television."
When does Li Hua plan to meet JakeWatson for soccer practice?,Saturday afternoon at 3 PM,"Li Hua and Jake Watson have organized several soccer practice sessions and hangouts. Based on their scheduling discussions, they frequently coordinate their meetups for weekend training and drills.### Weekend Practices and Training SessionsOne of their planned sessions was arranged for the weekend following a discussion about Messi's performance in the 2014 World Cup, where they agreed to meet at the park to work on shooting drills and game tactics. Specifically, they finalized a time for **Saturday at 10:00 AM** to make the most of the morning on the field. In another instance, Li Hua and the group discussed various soccer strategies, formations, and historical matches, leading to plans for a weekend meetup. During these chats, various times were proposed for Saturday practices, such as **Saturday afternoon at 2:00 PM** or **3:00 PM** for passing, shooting, and defensive drills, followed by social plans like grabbing pizza or burgers.### Summary of TimingUltimately, Li Hua's soccer practice plans with Jake and the wider group regularly center around weekend mornings and afternoons, with specific confirmed times including **Saturday at 10:00 AM** as well as afternoon sessions at **2:00 PM** and **3:00 PM** depending on the specific weekend schedule."
What are some of the upcoming PS5 exclusives discussed?,Final Fantasy XVI & Marvel's Spider-Man 2 & Ghostwire: Tokyo,"When discussing the current landscape of gaming and looking ahead to the future of the PlayStation 5, members of the community frequently share their enthusiasm for major titles and highly anticipated experiences. Among the prominent games highlighted for the platform are several standout exclusives and major releases that showcase the graphical and narrative prowess of modern consoles. One of the major titles frequently discussed is **Final Fantasy XVI**, capturing attention for its stunning graphics, epic storytelling, and a darker, more action-oriented narrative shift. Players have expressed deep interest in how its real-time combat system and intricate world-building compare to classic entries in the series. Another major exclusive generating significant excitement is **Marvel’s Spider-Man 2**, where community members look forward to swinging through the city as both Peter Parker and Miles Morales while exploring new locations and experiencing refined gameplay mechanics.Additionally, players have pointed to **Ghostwire: Tokyo** as an intriguing upcoming release. Set against the backdrop of an urban environment blended with Japanese folklore, the game's unique combat mechanics, atmospheric storytelling, and supernatural elements have made it a major talking point for those seeking experiences outside the typical genre mold. Beyond these titles, conversations often touch upon other phenomenal PlayStation 5 and platform-defining experiences, such as *Horizon Forbidden West*, *God of War*, and *Demon's Souls*, illustrating a vibrant culture of gaming enthusiasm focused on rich narratives, dynamic combat, and breathtaking visual fidelity."
Which upcoming PS5 exclusive game does Gavriel express curiosity about?,Ghostwire: Tokyo,"Based on the discussions among the group of gamers regarding upcoming PlayStation 5 exclusives and titles on their radar, Gavriel expresses specific curiosity about the game **“Ghostwire: Tokyo.”** ### Exploring ""Ghostwire: Tokyo""When discussing highly anticipated titles, Gavriel brings up the game to prompt the group for their thoughts, highlighting several intriguing aspects:* **Unique Elements:** Gavriel notes how the game uniquely blends supernatural elements with rich Japanese folklore.* **Atmosphere and Combat:** The combination of distinctive combat mechanics and the game's overall atmosphere immediately catches his interest, prompting him to ask if anyone has tried it out or knows what to expect from the experience."
Which UCL match does Jasper recommend as a classic must-watch?,The 2005 final between Liverpool and AC Milan,"When the group discussion turns to legendary football matches, Jasper enthusiastically recommends the thrilling 2005 UEFA Champions League (UCL) final between Liverpool and AC Milan. Jasper highlights the sheer drama and unforgettable nature of that historic match, noting that Liverpool pulled off an incredible miracle by coming back from a 3-0 deficit at halftime before ultimately securing the trophy in a tense penalty shootout."
What skill does Li Hua plan to improve with WolfgangSchulz's help?,Data analysis and coding related to AI tools,"Based on the provided conversations between Li Hua and WolfgangSchulz, Li Hua plans to improve a couple of specific skills with WolfgangSchulz's help and shared enthusiasm. First and foremost, Li Hua mentions a desire to get better at playing the guitar. Since both friends are heavily involved in their band and frequently discuss jam sessions—ranging from practicing classic songs like ""Blackbird"" and ""Hotel California"" to trying out new rock tracks—Li Hua looks to these collaborative sessions to hone musical abilities alongside WolfgangSchulz, who primarily focuses on keeping the beat on drums. Additionally, Li Hua expresses an interest in hitting the soccer field to improve athletic skills. They discuss the fun of mixing soccer with music and plan casual games together, creating a well-rounded balance of hobbies that they pursue as a duo and with their broader group of friends."
Who shared a music theory tutorial with the group?,Chae Song-hwa,"ChaeSong-hwa shared a helpful music theory tutorial with the group to help everyone take their musical skills to the next level. This tutorial sparked a wave of enthusiasm among the band members, who were eager to review the material, improve their sound, and incorporate fresh knowledge and techniques into their upcoming jam sessions and rehearsals. The shared resource was warmly received by the rest of the band members, including LiHua, YurikoYamamoto, and WolfgangSchulz, all of whom expressed excitement about applying what they would learn together. The group frequently collaborates, shares creative ideas, and discusses ways to enhance their musical performances, demonstrating a strong sense of teamwork and mutual support as they continue to explore new genres and refine their collective sound."
Which regions in Witcher 3 did Li Hua and Thane Chambers discuss?,Skellige and Toussaint,"Li Hua and Thane Chambers shared a deep appreciation for the expansive and visually stunning world of *The Witcher 3: Wild Hunt*. During their enthusiastic discussions about the game, they specifically highlighted two distinct and memorable regions that left a lasting impression on them: **Skellige** and **Toussaint**.Skellige was praised by Thane Chambers for its breathtaking scenery, noting that the dramatic cliffs and vast ocean views truly felt next level. Li Hua readily agreed with this assessment, acknowledging the region's striking and rugged beauty. In addition to Skellige, the duo explored the vibrant and picturesque landscapes of Toussaint, a region introduced in the *Blood and Wine* expansion. Li Hua remarked that Toussaint felt equally beautiful, drawing a comparison to Skellige while highlighting its charming vineyards and castles. Thane Chambers enthusiastically concurred, describing Toussaint as having a distinct fairy-tale vibe with incredibly vivid colors, particularly during sunset, and praising the immersive lore and quests tied to the region."
What is Kendall's relationship with Logan like according to the group's discussion?,Toxic,"According to the group's discussions, Kendall's relationship with his father, Logan Roy, in the TV series *Succession* is defined by a toxic, complex, and deeply challenging dynamic. The participants in the group chat analyze how this father-son relationship profoundly shapes Kendall's struggles, motivations, and his relentless quest for power and validation.### A Cycle of Toxicity and RivalryThe conversation highlights that Kendall's relationship with Logan is an endless cycle of striving for approval while facing constant rivalry. Group members note that Kendall is constantly trying to prove himself not only to his father, Logan, but also to the wider world. This intense need for validation keeps Kendall trapped in a self-destructive loop where he continually returns to Logan, despite the immense weight of the family legacy and the toxic nature of their bond. ### The Struggle for Identity and IndependenceParticipants observe that Kendall's ongoing battle for power is deeply rooted in his childhood and his shadow-like rivalry with Logan. While Kendall clearly craves power and control, he is simultaneously fighting an internal battle to carve out his own identity separate from Logan's overwhelming influence. The group questions whether Kendall can ever truly break free from this dynamic, noting that each betrayal by Logan seemingly pushes Kendall deeper into his quest for dominance, yet he continually finds himself pulled back into the same family game."
What is the topic of discussion between Li Hua and Wolfgang Schulz on burger preferences?,Medium rare vs. well-done meat patty in a classic American,"Based on the provided data, Li Hua and Wolfgang Schulz do not have a discussion about burger preferences. While they frequently discuss food, their conversations revolve around other types of cuisine and treats. For instance, they chat about trying risotto and pasta at Venedia Grancaffe, ordering Thai food like pad thai, spring rolls, and green curry, and enjoying Sichuan hot pot with cold beer. They also discuss getting dim sum and street food in Hong Kong, trying a new Frappuccino at Starbucks, and grabbing food and snacks around music festivals and photo-sharing hangouts. However, when it comes to burgers specifically, that topic is discussed within a large group of soccer fans (including Li Hua, JakeWatson, Evangeline, and Henley) who plan to grab pizza or burgers after a soccer practice session, rather than in a direct conversation solely between Li Hua and Wolfgang Schulz."
What is Li Hua's preference for a burger patty's doneness?,Medium rare,"Based on the provided data tables and communication logs involving Li Hua, there is no mention of Li Hua's preference for a burger patty's doneness. While Li Hua frequently discusses food—ranging from planning a neighborhood potluck with homemade pasta salad, grabbing Sichuan hot pot and Thai food with Wolfgang Schulz, sharing pizza after soccer practice, to talking about European delicacies and TV shows like *Silicon Valley*—the specific topic of how well-done a burger patty should be is never brought up in any of the conversations."
What is Wolfgang's preference for a burger patty's doneness?,well-done,"Based on the provided data, there is no mention of Wolfgang's preference for a burger patty's doneness. While the records show that Wolfgang enjoys food such as burgers, pizza, risotto, and Thai dishes, details regarding how he likes his burger cooked (such as rare, medium, or well-done) are not included in the sources. If you don't know the answer, just say so. Do not make anything up. Therefore, the specific information about his burger patty's doneness cannot be answered using the provided data tables."
Why does Wolfgang prefer a well-done meat patty in a burger?,It is safer and more flavorful & he likes a little char on his burger,"Based on the provided data, there is no mention or supporting evidence regarding Wolfgang's preference for a ""well-done meat patty"" in a burger. While the sources do discuss WolfgangSchulz's culinary interests—such as his love for seafood risotto in Venice, goulash in Prague, and visiting a new burger place near the cinema with LiHua before a photography exhibition—his specific preferences for how a burger patty should be cooked are not documented in the provided information."
What toppings does Wolfgang Schulz prefer on his burger?,Cheese and bacon,"Based on the provided data, there is no mention of Wolfgang Schulz discussing burgers, nor are his specific burger topping preferences documented. While Wolfgang is frequently mentioned enjoying various foods and social dining experiences with Li Hua and friends—such as eating hot pot, pizza, Thai food (like pad thai and spring rolls), dim sum, and discussing goulash and risotto—burgers are not highlighted as part of his culinary preferences in the records. Similarly, although Li Hua and other friends like JakeWatson mention burgers or planning post-soccer pizza and burger outings, Wolfgang's personal choices for burger toppings remain unknown."
What books does Jennifer recommend to LiHua for deepening understanding of fitness nutrition?,"The New Rules of Lifting and ""Precision Nutrition""","Based on the provided data tables, there are no specific book titles or literature recommendations mentioned by JenniferMoore for deepening LiHua's understanding of fitness nutrition. While JenniferMoore frequently discusses nutrition, meal planning, lean meats, and healthy snack ideas (such as Greek yogurt pairings and lean protein options) with LiHua, her guidance primarily comes in the form of direct dietary tips, recipe suggestions, and an upcoming special guest speaker talk on nutrition rather than recommended reading materials."
Why are Wolfgang and LiHua going to the local music store?,check out some new gear and get inspired for our next jam session,"Wolfgang Schulz and LiHua are planning a trip to the local music store to shop for new gear and to gather inspiration for their upcoming jam session. As part of their preparations, they intend to take notes on any cool finds that could benefit their band."
What is the main theme of game group's discussion on 20260901_13:00?,Dutch van der Linde's character and leadership,"Based on the provided data tables and conversation records, there is no specific conversation entry recorded with the exact timestamp of `20260901_13:00`. However, the game fan group chat frequently engages in extensive discussions regarding video games, interactive storytelling, and related gaming elements across multiple dates. The primary themes that consistently dominate the group's discussions revolve around the storytelling depth, emotional impacts, and NPC designs of acclaimed open-world and action titles such as *The Witcher 3*, *The Last of Us*, *Red Dead Redemption 2*, *Ghost of Tsushima*, and various other modern video games. Members frequently debate aspects like character development, moral choices, combat mechanics, and memorable side quests.Additionally, the group shares deep dives into video game soundtracks, exploring how ambient music and orchestral scores enhance immersion and emotional resonance in titles like *Journey*, *Nier: Automata*, and *Celeste*. Other recurring topics include multiplayer shooters like *Call of Duty: Warzone*, upcoming co-op game nights featuring games like *Rocket League* and *Overcooked*, and crafting or resource systems in anticipated releases."
Who is the most hateable character in Game of Thrones in Orion's opinion?,Ramsay Bolton,"In the vibrant discussions surrounding the hit HBO television series *Game of Thrones*, group members frequently dive into the complexities of Westeros, analyzing character arcs, morality, and narrative turning points. Among these conversations, a particularly engaging poll was created by Emily Burnett to determine who the audience considers the most hateable character in the entire series. When the votes and discussions wrapped up, participants like Orion made their definitive choices known. While characters like Joffrey Baratheon and Cersei Lannister received plenty of passionate votes for their cruelty and arrogance, Orion's specific nomination for the most hateable character was Ramsay Bolton. According to Orion, Ramsay Bolton easily takes the crown due to his sadistic nature, twisted games, and horrific treatment of others, which made Orion's skin crawl every time he appeared on screen. This sentiment highlights how Ramsay's pure evil and lack of redeeming qualities cemented his status as the ultimate villain in the eyes of Orion and several other group members."
Who is the most hateable character in Game of Thrones in Merrick's opinion?,Cersei Lannister,"In the discussions among the group about HBO's critically acclaimed television series *Game of Thrones*—noted for its complex characters, unforgettable plot twists, and deep themes of power and choice—participants frequently debated the most detestable figures in the fictional world. When Emily Burnett opened a poll to determine the most hateable character in the series, various members cast their votes for notorious villains like Joffrey Baratheon, Petyr Baelish, and Cersei Lannister. Among them, Merrick initially weighed in by pointing out that Cersei Lannister's manipulative ways and arrogance drove him crazy. However, as the voting continued and the group narrowed down the primary contenders, Merrick ultimately leaned toward Ramsay Bolton. Describing Ramsay as ""pure evil"" with a twisted nature that made him difficult to forget, Merrick joined Emily Burnett and others in recognizing Ramsay as one of the ultimate antagonists, ultimately leading to a tied consensus among the top villains of the show."
What is the common interest between Li Hua and Jake Watson?,Soccer,"Li Hua and Jake Watson share a deep passion for soccer, frequently discussing various aspects of the sport, legendary players, and iconic matches. Their conversations span across multiple topics related to the game, highlighting their shared enthusiasm and extensive knowledge of soccer history and current events.One of their primary points of connection is discussing and comparing football greats. They frequently debate legendary midfielders of the past decade, such as Luka Modrić, Kevin De Bruyne, and N'Golo Kanté, as well as iconic defenders in the history of FC Barcelona like Carles Puyol and Gerard Piqué. Additionally, they engage in the classic debate over the greatest of all time (GOAT) between Lionel Messi and Cristiano Ronaldo, sharing their favorite moments and performances from these historic players. Beyond individual players, Li Hua and Jake Watson bond over historic matches, particularly those in the UEFA Champions League (UCL) history between powerhouse clubs like Barcelona and Bayern Munich. They also discuss Premier League history, management styles of legendary figures like Sir Alex Ferguson, and even participate in organizing local soccer practice sessions and watch parties with friends to enjoy matches together."
What kind of songs are Li Hua and Chae Song-hwa considering adding to their playlist for babies?,Lullabies,"Based on the provided conversation logs and data tables, there is no mention of Li Hua, Chae Song-hwa, or any other members of their music group discussing or planning a playlist for babies. Instead, the interactions involving Li Hua and Chae Song-hwa—alongside bandmates Wolfgang Schulz and YurikoYamamoto in ""The Jolly Band""—primarily center around organizing jam sessions, preparing for live performances, and finalizing setlists for adults. Their musical discussions feature classic rock, pop hits, and nostalgic favorites. ### Musical Inspirations and Classic SelectionsThroughout their regular Sunday jam sessions and get-togethers, the group frequently brainstorms and covers well-known rock and pop tracks rather than children's music. Some of the notable songs and artists they consider adding to their playlists include:*   **Classic Rock and Pop Anthems:** Tracks by legendary artists such as Fleetwood Mac, The Beatles, Coldplay (including ""Viva la Vida"" and ""Hymn for the Weekend""), and acoustic staples like ""Hotel California,"" ""Sweet Home Alabama,"" ""The Joker,"" and ""Blackbird.""*   **End-of-Year and Karaoke Favorites:** For celebrations and casual gatherings, they enjoy mixing in upbeat pop hits and sing-alongs like ""Let It Be,"" ""Hey Jude,"" ""Come Together,"" ""Here Comes the Sun,"" ""Chasing Cars,"" and ""Tears in Heaven.""If there are any plans for baby-oriented music, they do not appear in the provided records for this band."
What makes Wolfgang feel under a lot of pressure according to his conversation with LiHua on 20260905?,this new software project,"Based on the conversations and records provided, the interaction between Wolfgang Schulz and LiHua on **20260905** actually highlights a moment of relief and progress for Wolfgang rather than him feeling under pressure. During their chat on September 5, 2026, Wolfgang shares some great news with LiHua, explaining that his software project has finally made significant progress. He takes a moment to thank LiHua for the encouragement provided during the ""hard times,"" noting that her support really helped him push through the stress and difficulties of the project. While the conversation implies that Wolfgang *had* previously been under a significant amount of pressure regarding his software development work, by the time of this September chat, the pieces were finally coming together, and the project was looking much better."
Why does AdamSmith ask LiHua about the basement on 20260907?,check in and see how the basement held up after the storm,"On September 7, 2026, Adam Smith checks in with Li Hua to ask about the condition of the basement following a recent storm. Specifically, he wants to know how the space held up and whether there were any issues with water leakage. Li Hua promptly reassures Adam that the basement is completely fine, noting that there is no water leakage at all, though it is just a bit damp. In response to the update, Adam expresses his relief and reminds Li Hua that he is available if she needs anything or decides to use the basement for storage."
How is the basement after the storm?,The basement is all good no water leakage at all,"The provided data tables and communication logs detail various community events, renovations, and gatherings involving residents such as LiHua and Adam Smith. However, the specific current condition of the basement *after* a storm is not explicitly described in the records. While the records mention severe weather and storms—such as a construction delay due to storms and rain in July 2026—the text primarily focuses on the basement as a shared chill spot, a music practice area for jam sessions, and the location for upcoming air-conditioner (AC) installations and privacy curtain setups. Consequently, the specific state of the basement following the storm cannot be determined from the available evidence."
What is the latest good news from Wolfgang as of 20260908?,software project finally made some significant progress,"Sorry, I'm not able to provide an answer to that question."
What new songs are LiHua working on lately on his guitar as of 20260908?,"Blackbird and ""Hotel California""","As of September 8, 2026, LiHua has been actively practicing and working on his guitar skills, specifically focusing on a couple of classic tracks to improve his strumming and overall musicianship. According to recent updates shared within the group, LiHua has been dedicating his practice time to mastering the acoustic song ""Blackbird"" as well as the timeless classic ""Hotel California."" These selections highlight his continued interest in classic rock and folk melodies, which he frequently plays during his regular jam sessions and collaborations with bandmates like Wolfgang Schulz, YurikoYamamoto, and ChaeSong-hwa."
What mission does Gavriel mention that shows Arthur's growth in the game?,the scene where Arthur tells John to take care of his family,"Based on the discussions from the provided data tables, Gavriel reflects on the emotional and narrative depth of *Red Dead Redemption 2*, specifically highlighting character development and key moments that showcase Arthur Morgan's growth throughout the game. When discussing the overarching story and character arcs, Gavriel points out the poignant scene where Arthur tells John to take care of his family. This powerful interaction highlights Arthur's profound transformation from a rough, hardened outlaw into someone who genuinely cares about his loved ones and seeks redemption. Furthermore, Gavriel notes how these character-driven moments, along with the evolving camp dynamics and personal interactions, make the overall experience in *Red Dead Redemption 2* unforgettable and deeply resonant for players navigating the open world."
What does Aisling find emotionally impactful about Red Dead Redemption 2's ending?,Arthur's realization of his fate and the music during the last ride,"When exploring the emotional depths of *Red Dead Redemption 2*, Aisling highlights the game's gripping conclusion as a true emotional rollercoaster. The poignant realization of Arthur Morgan's fate, combined with his earnest attempts to make things right with John and his family, strikes a powerful chord that leaves a lasting impression on players.Furthermore, Aisling notes how the auditory experience elevates these narrative beats, specifically pointing to the haunting and perfect music playing during Arthur's final ride. This combination of stellar storytelling, character redemption, and evocative musical accompaniment creates a deeply bittersweet vibe when the story wraps up, cementing the game's unforgettable impact."
What side mission in Red Dead Redemption 2 resonated with Jareth?,the side mission with the widow in the honor system,"In the expansive and immersive world of *Red Dead Redemption 2*, various characters and players find different elements of the narrative and gameplay to connect with. When exploring the rich open-world environment, participants in group discussions often reflect on the myriad of activities, random encounters, and side content that bring Arthur Morgan's journey to life. For Jareth, a participant who deeply appreciates the nuances of *Red Dead Redemption 2*, one particular side mission left a lasting impression. Jareth noted that spending time helping the townsfolk added significant depth to Arthur Morgan's character. Specifically, Jareth highlighted the side mission involving the widow within the honor system as a memorable experience.Although this was a relatively simple act within the game's broader framework, it highlighted Arthur's moral transformation and capacity for empathy. Engaging with these smaller, character-driven moments made Jareth feel genuinely connected to the game's living world and the various people inhabiting it, showcasing how even minor interactions can profoundly enhance the overall narrative weight of an open-world epic."
What was ThaneChambers' favorite horse-related side quest in Red Dead Redemption 2?,the “troubled” horse,"Based on the discussions in the data, ThaneChambers mentions enjoying a specific horse-related side quest in *Red Dead Redemption 2*, specifically highlighting the side quest involving a **""troubled"" horse**, which showcased Arthur's empathy and contributed to making the game world feel alive and meaningful. ### The Little Moments of *Red Dead Redemption 2*While players often focus on the grand heists, emotional character arcs like Arthur Morgan's redemption, and stunning open-world landscapes, the community frequently highlights how the smaller interactions define the experience. ThaneChambers and other participants in the chat noted how side quests and animal companion bonds—ranging from training an Arabian horse to comedic mishaps involving spooky wildlife—add incredible depth to Rockstar's masterpiece."
What funny glitch did Fionnuala experience in the game Red Dead Redemption 2?,Arthur ended up floating in mid-air after a cutscene,"In the expansive and immersive world of *Red Dead Redemption 2*, players often encounter a wide array of stunning vistas, deep emotional character arcs, and intricate storytelling. However, like many massive open-world titles, it is also occasionally prone to some truly bizarre and hilarious technical glitches. When sharing their favorite unexpected moments and funny mishaps from the game, Fionnuala recounted a particularly memorable glitch involving the protagonist, Arthur Morgan. According to Fionnuala, the hilarious incident occurred during a mission when Arthur somehow ended up completely frozen and floating in mid-air right after a cutscene. Rather than instantly crashing or correcting itself, Arthur simply hung suspended in the air for a solid, awkward minute before finally dropping straight down to the ground as if nothing had happened at all. Fionnuala noted that this completely shattered the dramatic tension of the moment, leaving them absolutely cracking up at the sheer absurdity of the visual."
What was the final showdown that Elara found unforgettable in Red Dead Redemption 2?,with Dutch and Micah,"In the expansive and emotionally charged world of *Red Dead Redemption 2*, players often find themselves captivated by the intricate narrative arcs, the harsh realities of the Van der Linde gang's downfall, and the complex relationships built throughout the journey. Among the various memorable moments discussed by fans of the game, one particular conflict stands out in the minds of players.When reflecting on the game's dramatic conclusion, Elara specifically pointed out the final showdown with Dutch van der Linde and Micah Bell as an unforgettable experience. Describing it as a moment of exceptionally high stakes, Elara noted how the emotional intensity ran wild as everything finally came full circle. This climactic confrontation powerfully illustrates the tragic collapse of the gang's unity and serves as the ultimate emotional crescendo to Arthur Morgan's deeply moving and bittersweet story."
How does Bronwyn describe the epilogue of the game Red Dead Redemption 2?,captivating after seeing John try to make a life for himself,"When discussing the epic narrative and emotional depth of *Red Dead Redemption 2*, Bronwyn shares specific insights regarding the game's concluding chapter. According to Bronwyn, the epilogue of the game is particularly ""captivating."" Furthermore, Bronwyn elaborates that seeing John attempt to build a meaningful life for himself following everything Arthur goes through feels simultaneously hopeful and tragic. She highlights how brilliant it is that the game manages to tie up various loose ends while expertly maintaining that distinct air of melancholy, which ultimately makes the overall gaming experience feel complete and resonant."
Has LiHua ever met anyone like Shedlon Cooper in his real life?,No,"When discussing characters from hit television shows, LiHua once posed a rather fascinating and relatable question to EmilyBurnett: Could someone in real life actually find a group of people as uniquely friendly and accepting to a nerd like Sheldon Cooper *from The Big Bang Theory* as Sheldon's famous fictional friends are to him? EmilyBurnett responded with a thoughtful perspective, acknowledging that while Sheldon's tight-knit group is pretty one-of-a-kind and real people can sometimes be a bit more judgmental, it is entirely possible to find an accepting group if you look in the right places. LiHua wholeheartedly agreed, noting that finding the right vibe and connecting over shared interests makes all the difference in building those kinds of meaningful bonds."
Has EmilyBurnett ever met anyone like Shedlon Cooper in her real life?,No,"Emily Burnett, an enthusiastic fan of television series who loves discussing complex characters and shows like *Succession*, *Chernobyl*, *The Crown*, *Ted Lasso*, and *The White Lotus*, has actually pondered this exact question in conversations with her fellow group chat members. When discussing the quirky and brilliant character of Sheldon Cooper—the iconic, logic-driven nerd known for his specific group of friends and eccentricity from *The Big Bang Theory*—Emily was asked if she had ever crossed paths with someone quite like him in real life.Sharing her thoughts with Li Hua, Emily admitted that while she has certainly met plenty of exceptionally smart folks over the course of her life, none of them possessed that specific, unmatched level of eccentricity that defines Sheldon. She noted with amusement that people in the real world can sometimes be a bit more judgmental, though she remains hopeful that finding the right, accepting group of friends can yield a similarly tight-knit dynamic. Ultimately, whether discussing television geniuses or sharing creative projects with her students, Emily appreciates the unique blends of personality, humor, and friendship—even if a true-to-life Sheldon Cooper remains one of a kind."
What games are LiHua and ThaneChambers planning to check out during their shopping trip according to their discussion on 20260911?,"Spider-Man: Miles Morales and ""Demon's Souls""","According to their conversation on September 11, 2026, LiHua and ThaneChambers are planning to look for some killer discounts on PS5 games during their upcoming shopping trip. LiHua specifically mentioned having her eye on **""Spider-Man: Miles Morales""**, while ThaneChambers enthusiastically agreed with that choice and suggested adding **""Demon's Souls""** to the list for its challenging yet rewarding gameplay."
Who is the best midfielder in the past decade in JakeWatson's opinion?,Luka Modrić,"In the discussions among the group of friends, football comes up frequently, ranging from classic matches and legendary players to tactical debates. When the topic of the greatest midfielder of the past decade arises, JakeWatson shares a definitive perspective based on his extensive experience as a soccer fan.According to JakeWatson, the title of the best midfielder in the past decade belongs to Luka Modrić. He highlights Modrić's unreal vision and passing ability as standout traits that set him apart on the pitch, also pointing out his instrumental role in helping Croatia reach the World Cup finals. While others in the conversation bring up other stellar names—such as Kevin De Bruyne for his game-changing chance creation and N'Golo Kanté for his phenomenal work rate and defensive disruption—JakeWatson holds firm in his admiration for Modrić as the pinnacle of midfield play over the last ten years."
How many servings of vegetables should LiHua aim for each day to keep body in good shape according to Jennifer?,at least 5 servings of veggies a day,"Based on the provided data and conversations, Jennifer Moore offers LiHua various healthy meal ideas, recipes (such as baked salmon with sweet potatoes and broccoli), and nutritional advice regarding macros, proteins, carbs, and lean meats. However, the specific number of daily vegetable servings that LiHua should aim for to keep her body in good shape is **not mentioned** in the provided sources. While Jennifer frequently discusses maintaining a balanced diet, proper nutrition, and portion control to support workouts and fitness goals, she does not specify a numerical target for vegetable servings."
What does LiHua ask Jake about soccer?,the best strategies for soccer players to avoid injuries during games,"LiHua and JakeWatson frequently discuss soccer across multiple conversations, sharing their mutual passion for the sport, analyzing classic matches, and debating legendary players and managers. In their chats, LiHua poses several specific questions to Jake about soccer history, notable players, and tactical greats.### Questions About Iconic Players and TeamsLiHua often consults Jake's expertise as an experienced soccer fan regarding the greatest talents in the sport. For instance, LiHua asks Jake for his opinion on who the best midfielder has been over the past decade. Additionally, LiHua quizzes Jake on historical greats within specific clubs, such as asking who he considers to be the best defender in the history of FC Barcelona. ### Debates on Managers and LegendsThe conversations also touch upon managerial greatness and eternal rivalries. LiHua asks Jake for his pick regarding the best football manager in Premier League history. Furthermore, LiHua engages Jake in classic GOAT (Greatest of All Time) debates, prompting him to pick a side in the legendary matchup between Lionel Messi and Cristiano Ronaldo. Through these discussions, LiHua and Jake explore the rich history of the UEFA Champions League, El Clásico clashes between Barcelona and Real Madrid, and various tactical setups, making their shared love for soccer a central theme of their interactions."
What is Jake's first tip for avoiding soccer injuries?,proper warm-up and stretching,"Based on the provided conversations among the soccer enthusiasts, JakeWatson emphasizes the importance of proper preparation and physical conditioning to prevent injuries on the field. Specifically, one of his key early recommendations regarding injury prevention and match readiness involves the importance of staying properly hydrated. Jake reminds his teammates to always drink water before and during the match, while also suggesting the inclusion of electrolytes to keep energy levels high and maintain physical performance. Alongside hydration, fellow players like Giselle and Henley also highlight other essential preventative measures, such as stretching properly before practice and wearing comfortable, supportive shoes to ensure safe movement during drills."
What does Jake suggest to improve flexibility and prevent muscle issues?,staying hydrated,"Based on the provided conversations and fitness discussions, **Jake** (often participating alongside other members like JenniferMoore, Jett, and Omen) focuses heavily on various workout techniques, cardiovascular training, soccer tactics, and warm-ups. However, when it comes to specific discussions regarding flexibility, warm-ups, and preventing muscle soreness or injuries, the fitness routines and suggestions are primarily driven by other group members like JenniferMoore, Omen, and Sage, while Jake's main contributions lean toward soccer strategies, team formations (such as the 4-3-3), and general workout motivation. ### Fitness Warm-ups and Muscle CareWhile Jake centers much of his commentary around football management, match predictions (such as Arsenal's form and Premier League history), and organizing weekend five-a-side matches, his peers frequently detail the exact methods needed to stay loose and injury-free. For instance, **JenniferMoore** highlights the importance of stretching techniques for injury prevention, noting how proper stretching makes workouts feel better and vastly improves flexibility. Other members expand on these physical maintenance routines:* **Omen** swears by a combination of foam rolling and deep static stretches targeting the back and calves, alongside incorporating yoga stretches on recovery days to feel rejuvenated.* **Sage** and **Phoenix** emphasize dynamic stretches—like leg swings, torso twists, and dynamic lunges—to get the blood flowing, improve range of motion, and activate the quads and glutes before lifting heavy weights.* **Jett** recommends adjusting foot positioning and ensuring joints are properly warmed up to minimize knee strain and maintain control during intense movements.### Team Sports and Staying HydratedBeyond flexibility and muscle care, Jake places a strong emphasis on team dynamics, tactical setups, and maintaining high energy during physical activities. Whether discussing the tactical nuances of Pep Guardiola and Jürgen Klopp or organizing weekend soccer drills with friends like LiHua, Giselle, and Jasper, Jake consistently promotes a balanced approach to fitness and team sports. Additionally, the group frequently stresses the importance of proper hydration—such as drinking water or electrolyte drinks—to keep energy levels high, enhance workout performance, and speed up muscle recovery after grueling training sessions."
Why is wearing the right footwear important in soccer?,to avoid slips or sprains,"Wearing the right footwear is essential in soccer for several reasons, primarily concerning performance, agility, and injury prevention on the pitch. While soccer is a dynamic and fast-paced sport that often involves rigorous training routines, ladder drills, and intense matches, having proper equipment—especially shoes with adequate grip—is critical for safety. According to fitness and training discussions among soccer enthusiasts, starting off with proper footwear is vital because the terrain can often be uneven. Wearing shoes with good grip and traction directly prevents slips and falls, ensuring that players maintain stability while sprinting, cutting, and changing directions quickly during a game or practice.Furthermore, proper shoes protect players from common physical setbacks. Slipping on slick or inappropriate surfaces can lead to awkward landings, muscle strains, and joint injuries. By ensuring appropriate traction and support, players can safely execute agility drills, ladder exercises, and high-intensity movements, allowing them to perform at their best while staying injury-free."
How does strength training help prevent soccer injuries?,It builds muscles around joints & reduces injury risk & improves stability and endurance,"Strength training plays a crucial role in preventing soccer injuries by building robust muscular support around joints, enhancing overall stability, and improving movement mechanics. When players engage in regular strength and conditioning routines, they prepare their bodies to handle the high-intensity demands of the sport, such as sudden sprints, sharp cuts, physical tackles, and deceleration. Furthermore, combining strength work with proper flexibility training, dynamic warm-ups, and targeted recovery methods—such as foam rolling and stretching—helps alleviate muscle tension and joint stiffness. This comprehensive approach ensures that athletes maintain proper form, reduce muscular imbalances, and protect themselves against common strains and sprains on the pitch."
What type of exercises does Jake recommend for strength training?,squats & lunges & planks & balance exercises like single-leg stands,"Based on the provided data, Jake discusses various aspects of soccer training, matches, and overall fitness routines with a group, but does not explicitly recommend specific exercises for strength training. Instead, the focus of the conversations involving Jake primarily revolves around soccer strategy, match analysis (such as Premier League history and the greatest of all time debates between Messi and Ronaldo), and general game-day preparations like hydration and warm-ups. While other members of the community mention movements like lunges, arm circles, weightlifting, and bodyweight exercises, Jake's specific contributions to the physical routines tend to center on soccer-specific drills, cones for training, and stretching before matches. Therefore, a definitive list of strength training exercises recommended by Jake is not detailed in the available sources."
What is the purpose of starting with bodyweight exercises?,for those who are new to strength training,"Bodyweight exercises are a popular and effective method incorporated into fitness routines for several key reasons. When integrated into workouts—particularly during high-intensity intervals—they serve as a dynamic way to elevate the heart rate quickly and keep physical training engaging and interesting. For individuals engaging in rigorous schedules, such as marathon training or general conditioning, mixing bodyweight movements into interval sessions helps build stamina and endurance. Furthermore, they are great for working multiple muscle groups simultaneously, making them a time-efficient and versatile addition to any exercise regimen."
Who does EmilyBurnett think is a standout character in the Game of Thrones series?,Tyrion Lannister,"Emily Burnett and her fellow group chat participants frequently discuss the intricacies of HBO's critically acclaimed television series *Game of Thrones*. Among the vast ensemble of characters, Emily specifically highlights the clever and witty Tyrion Lannister as a true standout in the series. In her discussions, Emily notes that Tyrion's remarkable intelligence, sharp wit, and engaging personal journey allow him to truly shine in every scene he is in. She is not alone in her appreciation for the character, as other members of the group also point out his ability to navigate adversity, his memorable quotes—such as his famous declaration about drinking and knowing things—and his complex, evolving relationships with other key figures in Westeros."
What does Lachlan appreciate about Arya Stark's character development?,Her transition from an innocent girl to a fierce assassin,"Lachlan appreciates Arya Stark’s incredible transformation throughout the series, specifically highlighting her remarkable journey from an innocent girl in Winterfell into a fierce and formidable assassin. In addition to her growth in combat and survival, Lachlan notes that Arya's compelling storyline is further enriched by her famous list of names and the overarching theme of revenge, which collectively add depth and excitement to her character arc."
What moment does Rowan find mind-blowing in Arya's storyline?,When Arya confronts and takes down the Night King,"In the discussions surrounding the character development and memorable scenes in *Game of Thrones*, participant Rowan highlights a specific and thrilling turning point in Arya Stark's journey. While Arya evolves from an innocent girl in Winterfell into a fierce assassin, Rowan points out a particularly iconic encounter.Specifically, Rowan finds the moment when Arya confronts the Night King and successfully takes him down to be completely mind-blowing. This unexpected action truly showcased her remarkable growth, combat skills, and ultimate transformation into a legendary figure within the series."
Which moment involving Tyrion is Merrick's favorite?,When Tyrion blows up the Wildfire to save King's Landing,"Merrick, an active participant in group discussions surrounding complex narratives and character arcs, shares a specific and memorable moment involving the clever and strategic Tyrion Lannister from the acclaimed series *Game of Thrones*. When the conversation turns to standout scenes and defining actions within the series, Merrick points to a particularly explosive event. Specifically, Merrick's favorite moment involving Tyrion is when he brilliantly blows up the Wildfire to save King's Landing, showcasing his tactical mind and willingness to take extreme measures during high-stakes situations."
What memorable quote is mentioned by Phaedra?,"Jon Snow's ""You know nothing"" scene with Ygritte","Phaedra is a recurring participant in the group conversations who often contributes thoughtful reflections on character dynamics, morality, and complex story arcs across various series like *Game of Thrones*, *Westworld*, and *Better Call Saul*. When discussing the nature of the hosts in *Westworld*, Phaedra highlights the central philosophical themes of the show, famously noting that **""the whole concept of free will versus programming is mind-bending!""** In addition to exploring the boundaries of humanity and free will in artificial intelligence, Phaedra's contributions span several other memorable narrative observations. For instance, when analyzing character relationships in *Game of Thrones*, Phaedra points out how Cersei's tragic path might have turned out differently, suggesting that **""her relationship with Tyrion could've really changed things if they had a stronger bond.""** Furthermore, Phaedra frequently engages in lighter or more decisive moments with the chat group, such as casting a definitive vote for the most hateable characters in Westeros by declaring, **""Joffrey for me! That kid was the worst!""** Whether pondering existential dilemmas, character redemption, or simply participating in community polls, Phaedra's commentary adds considerable depth to the group's ongoing discussions about storytelling and television."
"What does Rowan love about Tyrion's ""I drink and I know things"" line?",It captures his cleverness,"Rowan appreciates several memorable aspects of Tyrion Lannister's character, including his famous quote, ""I drink and I know things."" According to the discussions, Rowan highlights this specific line because it serves as a classic expression that perfectly captures Tyrion's cleverness and sharp wit. Alongside this iconic quote, Rowan and other participants in the conversation often celebrate Tyrion as a standout character in *Game of Thrones*, noting that his journey, intelligence, and humor make him shine in every scene. Whether discussing his resourcefulness, his dynamic actions—such as blowing up the Wildfire—or his engaging character arc, the group frequently points to his clever lines as a defining element of his appeal."
What aspect of Jaime Lannister's storyline does Rowan find intriguing?,His transformation after meeting Brienne of Tarth,"Rowan finds several compelling layers within Jaime Lannister’s journey in *Game of Thrones*. Throughout the group discussions, Rowan actively contributes to analyzing how Jaime's character evolves, noting that he is one of the standout choices for great character development alongside figures like Tyrion and Theon. Specifically, Rowan is deeply intrigued by Jaime’s torn morals, his evolving loyalty, and his complex relationship with Brienne of Tarth. This dynamic serves as a major catalyst for Jaime's transformation, moving him away from his early arrogance and into a space of greater depth and complexity.Additionally, Rowan reflects on the internal struggle Jaime faces as he tries to navigate his conflicting loyalties—particularly the heavy tension between his long-standing love for Cersei and his own developing morals and honor. Rowan points out that this inner conflict highlights how difficult it is for characters to truly break free from toxic ties and their pasts, making Jaime's tragic trajectory and ultimate path a deeply fascinating subject of discussion."
How does Phaedra view Jaime's character arc?,"Fascinating as he goes from ""Kingslayer"" to someone who values honor","Phaedra sees Jaime Lannister's character arc as a complex and fascinating journey, characterized by profound personal transformation and tragic internal struggles. According to the discussions, Jaime evolves significantly throughout the series, moving from an arrogant knight and the infamous ""Kingslayer"" to an individual who eventually learns to value honor. Phaedra notes that losing his hand served as a major turning point, which forced him to adapt, strategize, and rely on his wits rather than just brute strength, ultimately deepening his connections with others such as Brienne.Despite this remarkable growth and his journey toward greater depth and self-reflection, Phaedra views the conclusion of Jaime's story with a sense of bittersweet tragedy. When he ultimately decides to return to Cersei in the final stages, Phaedra perceives it as a regression and a tragic circle closing in, even if it could be interpreted as a final, desperate attempt at loyalty. This ultimate choice leaves Phaedra feeling that his end is a bitter one, highlighting the profound difficulty of truly breaking free from toxic ties and past patterns, even after achieving so much personal development."
What does Lachlan think about Jaime's final decision to protect Cersei?,It complicates his redemption and leaves mixed feelings,"Lachlan holds a mixed and conflicted perspective regarding Jaime Lannister's ultimate decision to return and protect Cersei at the end of the series. On one hand, Lachlan acknowledges that Jaime's journey through the story was marked by significant personal growth and evolution, moving away from his early identity as a self-centered knight toward someone capable of honor and deep respect for others—such as his meaningful bond with Brienne of Tarth. However, Lachlan points out that Jaime's choice to ultimately return to Cersei and try to protect her severely complicates his path toward true redemption. Rather than cementing a complete character arc of moral triumph, that final decision left Lachlan with mixed feelings, as it appeared to pull Jaime back into the toxic orbit of his past instead of fully allowing him to honor his growth and forge a safer, independent future."
How does Saffron feel about Jaime's choice to protect Cersei?,Conflicted because it seems like he was slipping back into old ways,"Saffron expresses a deep sense of internal conflict regarding Jaime Lannister's ultimate decision to return to Cersei. On one hand, she recognizes that his choice reflects a profound and enduring loyalty to Cersei, which has always been a fundamental aspect of his identity throughout the series. At the same time, Saffron feels that this choice makes it seem as though Jaime is slipping right back into his old ways. This leaves her questioning whether returning to Cersei ultimately overshadowed all the remarkable character growth and development he demonstrated throughout his complex journey."
What does Kieran wish Jaime had done differently?,Chosen a different path after his character development,"Based on the discussions regarding *Game of Thrones*, Kieran expresses specific thoughts regarding Jaime Lannister's character arc and his fateful choices toward the end of the series. While Jaime undergoes a fascinating redemption journey—evolving from an arrogant villain and the notorious ""Kingslayer"" into a more complex character with depth, vulnerability, and honor—Kieran and other participants felt a sense of disappointment regarding his ultimate trajectory. Specifically, Kieran points out that Jaime's choice to return to Cersei and protect her in the end felt like a betrayal of the character development he had worked so hard to achieve, particularly through his transformative bond with Brienne of Tarth. Kieran notes that this final choice made him question everything Jaime had worked toward. Consequently, Kieran wishes that Jaime had chosen a different path instead of slipping back into his old, toxic patterns with Cersei, especially after all the growth, self-reflection, and heroism he displayed earlier in his arc."
How does Niamh think Jaime could've ended up differently?,By staying true to the lessons he learned from Brienne,"In discussions analyzing character philosophies and alternative narrative paths within the storyline of *Game of Thrones*, participant Niamh explores how several key characters might have evolved differently under different circumstances. When reflecting on the complex journey of Jaime Lannister—whose arc takes him from an arrogant knight and the infamous ""Kingslayer"" to someone showing vulnerability, depth, and a search for forgiveness—Niamh offers a specific perspective on his potential outcome. Niamh suggests that if Jaime had stayed true to the valuable lessons he learned from Brienne of Tarth, he could have ultimately ended up as a true protector of the realm. Furthermore, Niamh notes that stepping away from Cersei completely could have better showcased this personal growth and allowed him to find greater happiness, contrasting sharply with the tragic and intertwined fate he ultimately met due to his complicated relationship with Cersei."
What could Jaime and Brienne have done to rebuild trust according to Merrick?,Worked on rebuilding trust through actions rather than just words,"According to Merrick and the group's discussions regarding the complex characters and narrative arcs in *Game of Thrones*, Jaime and Brienne had several meaningful opportunities to reshape their legacy and rebuild trust throughout Westeros. Rather than relying solely on empty words, Merrick pointed out that they could have actively worked to restore their reputations through concrete, dedicated actions. Specifically, Merrick suggested that Jaime could have visibly demonstrated an unwavering dedication to honor, duty, and helping the common people of the realm. Paired alongside Brienne's widely respected reputation as a noble warrior, the duo could have fostered a powerful front of compassion and strong leadership. By focusing their efforts on assisting everyday citizens and showing genuine commitment to justice, they could have gradually won over hearts and minds, transforming public perception and overcoming the lasting prejudices tied to Jaime's past as the ""Kingslayer."""
"What is LiHua curious about regarding the ""Man in Black"" in Westworld?",The motive behind his character,"LiHua is genuinely curious about the driving forces behind the ""Man in Black"" in the HBO series *Westworld*. Specifically, she wonders what truly motivates his complex character, prompting a deeper conversation about his past, his actions, and the layers of depth that make him such an intriguing figure in the story. During their discussion, EmilyBurnett points out that the character's primary motive appears to be a search for deeper meaning, truth, and boundary-pushing experiences in the park, all while being tied to his personal history and guilt. LiHua agrees completely, noting how fascinating it is that his past affects his actions and adding that she was particularly struck by the vulnerable moments he shows later on, which offer a completely new perspective on his journey."
"What does EmilyBurnett think is the main motive for the ""Man in Black""?",To find deeper meaning and fulfillment in Westworld	20260916_16:00,"EmilyBurnett and LiHua share a fascinating discussion regarding the complex character of the ""Man in Black"" from the popular HBO series *Westworld*. When considering what drives his character, EmilyBurnett expresses the view that his primary motive is centered around finding a deeper level of meaning and fulfillment within the simulated world. According to EmilyBurnett, his journey is one of searching for truth and pushing boundaries, which is heavily tied to his own past experiences and personal guilt. She likens him to a wanderer who is somewhat lost within his own personal quest. Building upon this perspective, LiHua agrees that this relentless search for meaning and his willingness to push the limits make him a uniquely intriguing figure whose past actions add immense depth to the overarching story."
"How does LiHua feel about the ""Man in Black's"" search for meaning?",Intrigued as it adds depth to the story,"LiHua finds the ""Man in Black's"" search for meaning and his efforts to push boundaries in *Westworld* to be deeply intriguing. When discussing the character with Emily Burnett, LiHua completely agrees that this quest for truth and purpose adds remarkable layers of depth to the story. Furthermore, LiHua notes how fascinating it is that the character's past influences his actions throughout the narrative.Beyond his philosophical search for meaning, LiHua particularly appreciates the moments where the ""Man in Black"" displays genuine vulnerability, noting that this side of him adds an entirely new perspective to his complex persona. Additionally, LiHua enjoys the sheer intensity and gripping nature of his interactions with other characters in the show."
"What is EmilyBurnett's favorite moment of the ""Man in Black""?",When he confronts the truth about himself and his choices,"EmilyBurnett’s favorite moment of the ""Man in Black"" from *Westworld* is when he finally confronts the truth about himself and his choices. This pivotal scene stands out as a major turning point for his complex character, especially given that his main motive centers on finding deeper meaning and fulfillment in the world of *Westworld*, searching for truth, and pushing boundaries while wrestling with his past and guilt."
"Which moment does LiHua find memorable for the ""Man in Black""?",When he shows vulnerability,"LiHua and Emily Burnett engage in a fascinating discussion about the intricate HBO series *Westworld*, focusing heavily on the enigmatic character known as the ""Man in Black."" During their conversation, they explore his underlying motives, such as his desperate search for deeper meaning, personal fulfillment, truth, and experiences that push boundaries, all of which are deeply intertwined with his past and lingering guilt. When discussing memorable scenes involving the complex character, Emily highlights the powerful moment when the Man in Black finally confronts the truth about himself and his past choices, calling it a major turning point. Building upon this, LiHua reveals that the specific moment which truly struck them was when the Man in Black shows genuine vulnerability. According to LiHua, this touching display of vulnerability added a whole new perspective to his character, making his intense and gripping interactions with other characters even more memorable."
What does LiHua think about the themes of Westworld?,They are thought-provoking by diving into consciousness and free will and what it means to be human,"Based on the provided group discussions involving LiHua and other participants, the characters frequently explore the complex themes of HBO's sci-fi series *Westworld*, particularly regarding morality, character arcs, and the philosophical concept of free will versus programming. While LiHua actively participates in various conversations about television, the specific discourse surrounding the existential and philosophical underpinnings of *Westworld*—such as Dolores's evolution and the exploration of free will—is primarily driven by other group members like EmilyBurnett, Saffron, Rowan, Niamh, Quillan, and Phaedra. Within these discussions, participants note that *Westworld* brilliantly tackles the nature of humanity, questioning whether hosts like Dolores genuinely found freedom or if their choices were always shadowed by their origins. While characters like Niamh and Saffron praise *Westworld* for nailing the theme of free will and offering a reflective, layered narrative compared to other shows, LiHua's own commentary in the chat logs tends to focus more heavily on other television series and extensive video game discussions.Specifically, LiHua shares enthusiastic thoughts on a wide variety of other media. When it comes to TV, LiHua discusses the corporate drama of *Succession*, the gripping historical storytelling of *Chernobyl*, and sitcom favorites like *Brooklyn Nine-Nine*. Furthermore, LiHua shares a massive passion for video game narratives and soundtracks, frequently chiming in on titles like *Red Dead Redemption 2*, *Final Fantasy X* (noting a love for the track ""To Zanarkand""), *The Last of Us*, *The Witcher 3*, *Ghost of Tsushima*, and *Undertale*. Therefore, while *Westworld* and its deep philosophical themes of free will, programming, and host rebellion are heavily analyzed by the group, LiHua's primary contributions to the chat center on other narrative-driven television shows, immersive video games, and memorable gaming soundtracks rather than the specific thematic breakdown of *Westworld*."
Which theme of Westworld resonates the most for LiHua?,The exploration of free will and choice,"Based on the provided data, LiHua explores various aspects of the sci-fi series *Westworld*, alongside other group members who discuss the show's philosophical depth. While LiHua frequently engages in conversations about television series, sci-fi options, and the rapid development of artificial intelligence, specific direct mentions of *Westworld* tie into broader futuristic concepts. Specifically, LiHua brings up how the rapid development of AI makes the premise of *Westworld* feel like it is quickly becoming a reality in the near future. This suggests that the theme of technological advancement turning science fiction into real-world ethical and societal reality resonates strongly with LiHua's perspective on the show."
What does EmilyBurnett think about the future relevance of Westworld's themes?,They will become even more crucial as technology advances,"EmilyBurnett believes that the themes explored in the science fiction series *Westworld*—such as free will, ethics, consciousness, and what it truly means to be human—will become even more crucial as technology advances. She notes that society is on the brink of facing the very same moral dilemmas depicted in the show, making ongoing conversations about these topics fascinating and increasingly relevant.In addition to her thoughts on the show's futuristic implications, EmilyBurnett enjoys discussing the complex character motivations and relationship dynamics found within the series and other popular television programs."
What does WolfgangSchulz suggest incorporating into practice sessions according to the discussion on 20260916?,Improvisational solos,"Based on the provided data, there are no chat logs or discussion records dated **2026-09-16** (or 20260916). However, looking through the available timeline of conversations involving Wolfgang Schulz and his bandmates (such as Li Hua, YurikoYamamoto, and ChaeSong-hwa), Wolfgang makes several suggestions for practice sessions on other dates:* **On June 6, 2026:** He suggests playing the classic Beatles songs *""All You Need Is Love""* and *""Let It Be""* for their upcoming rehearsal (Source 18).* **On August 1, 2026:** He suggests brainstorming and incorporating **original songs** into their setlist to create something unique together, and later mentions considering tracks like *""Come Together""* and *""Here Comes the Sun""* in other sessions (Sources 9 and 19).If you are referring to a specific date outside of the provided records, no information is available in the data source to confirm what Wolfgang suggested on September 16, 2026."
How does LiHua feel about the idea of improvisation based on the chat on 20260916?,It will make sessions more fun and creative,"Based on the provided data tables, there are no chat logs or records specifically dated **20260916** involving LiHua or any other individuals discussing improvisation. The conversation logs span various dates across 2026 (such as March, May, June, July, August, September, October, November, and December), but none fall on September 16, 2026. Therefore, based strictly on the available evidence, it is not possible to determine how LiHua feels about improvisation on that particular date.However, looking at broader musical contexts within the provided data—such as LiHua's frequent participation in ""The Jolly Band"" alongside WolfgangSchulz, ChaeSong-hwa, and YurikoYamamoto—LiHua consistently expresses enthusiasm for jam sessions, trying out new songs (like classics such as ""Wonderwall,"" ""Hey Jude,"" and ""Come Together""), and experimenting with fresh ideas and musical fusions. Without specific records for September 16, 2026, any direct sentiment regarding improvisation on that day remains unprovided."
Who does JakeWatson consider the best defender in the history of FC Barcelona?,Carles Puyol,"Based on the provided data, when LiHua asks JakeWatson who the best defender in the history of the soccer club FC Barcelona is, JakeWatson notes that it is hard to pick just one. However, he specifically states that **Carles Puyol** has to be up there, highlighting his unmatched leadership and dedication. Additionally, during the conversation, Gerard Piqué is also brought into the discussion. When LiHua mentions Piqué's skill and intelligence in defense, JakeWatson agrees that Piqué is definitely one of the best, praising his incredible ability to read the game and his crucial goals. Ultimately, while both players are celebrated for bringing something special to the team, Puyol is the primary defender highlighted by JakeWatson for his top-tier leadership."
What does LiHua think about Gerard Piqué as a defender?,He deserves a mention for his skill and intelligence,"LiHua holds a positive view of Gerard Piqué, acknowledging his significant contributions as a defender in the history of FC Barcelona. When discussing the club's rich history of producing exceptional defenders, LiHua remarks that Piqué ""deserves a mention"" right alongside club legends like Carles Puyol. Specifically, LiHua appreciates Piqué's unique skill set on the pitch. According to LiHua, Piqué possessed a notable combination of skill and intelligence in defense, which helped solidify the team's backline and contributed to the club's storied legacy of defensive talent."
Who are JakeWatson's and LiHua's favorite defenders?,Carles Puyol and Gerard Piqué,"Based on the provided conversations, both JakeWatson and LiHua have discussed their opinions on legendary football players, specifically highlighting their favorite defenders from the history of the Spanish club FC Barcelona. When discussing the greatest defenders in the history of the club, JakeWatson points to **Carles Puyol**, praising his unmatched leadership and dedication on the field. He also acknowledges **Gerard Piqué** as one of the best due to his incredible ability to read the game and score crucial goals, noting that both players brought something very special to the team. LiHua also recognizes Carles Puyol as an absolute ""beast"" with incredible commitment and fighting spirit, while equally highlighting **Gerard Piqué** for his unique combination of skill and defensive intelligence. Additionally, throughout their chats, both users frequently share a mutual admiration for legendary players like Lionel Messi, showcasing a shared passion for the sport's greatest icons."
What is JakeWatson's favorite memory of Puyol and Piqué playing together?,The comeback against PSG in the Champions League,"Carles Puyol and Gerard Piqué are widely celebrated as legendary defenders for FC Barcelona, known for their skill, intelligence, leadership, and unwavering commitment on the pitch. When discussing their remarkable careers and partnership, JakeWatson highlights several unforgettable moments that showcased their defensive prowess and winning mentality.Among all the matches they played together, JakeWatson's absolute favorite memory involving Puyol and Piqué is the epic and historic UEFA Champions League comeback against Paris Saint-Germain (PSG). During this wild and unforgettable match, Puyol's inspiring leadership was fully evident, while Piqué put on a stellar defensive display at the back, executing key interceptions that helped anchor the team through an intense atmosphere. JakeWatson also fondly recalls other monumental milestones from their playing days, such as the 2009 Champions League final against Manchester United where Puyol proudly lifted the trophy, as well as their intense defensive masterclasses during high-stakes El Clásico matches against Real Madrid."
What match does JakeWatson cherish from the Champions League final against Manchester United?,The 2009 final,"Based on the provided data, JakeWatson cherishes the **2009 Champions League final against Manchester United**, during which Carles Puyol lifted the trophy and Lionel Messi scored a goal that JakeWatson describes as ""pure magic."" For JakeWatson, this match holds a special place in his memories of FC Barcelona, representing a proud and unforgettable moment in the club's storied history."
What is LiHua's favorite match involving Barcelona?,The 2013 Champions League match against AC Milan,"Based on the provided conversations, LiHua discusses several memorable matches involving FC Barcelona, highlighting various historic moments in the club's history. Among her favorite classic encounters is the legendary El Clásico against Real Madrid in 2011, where Lionel Messi scored a brilliant header. LiHua noted that this unexpected moment showcased his versatility and described it as a beautiful, unforgettable memory. Additionally, LiHua expresses great admiration for Barcelona's dramatic comebacks in the UEFA Champions League. She frequently highlights the intense rivalry matches and memorable comebacks against opponents like Bayern Munich, particularly praising the 2015 match for its incredible teamwork, high-flying skills, and Neymar's crucial goal."
Which goal does JakeWatson never forget from Messi?,Messi's solo goal against Getafe in 2007,"Based on the provided data, JakeWatson never forgets a specific goal scored by Lionel Messi against Getafe in 2007. In several discussions within the group, JakeWatson enthusiastically recalls this moment as pure magic and genius. He vividly describes how Messi dribbled past a whole bunch of defenders as if they were mere cone drills, likening the unforgettable sequence to a scene straight out of a movie."
What is LiHua's favorite player moment from Messi?,When Messi scored a header against Manchester United in 2011,"LiHua is a passionate soccer fan who frequently discusses legendary players, teams, and iconic moments with friends like JakeWatson, Giselle, and others. When it comes to the legendary Lionel Messi, LiHua shares a profound appreciation for his extraordinary footwork, vision, and creativity on the field. According to the discussions, LiHua’s absolute favorite Messi moment is his breathtaking solo goal against Real Madrid during an El Clásico match. LiHua fondly remembers how mind-blowing it was to watch Messi effortlessly dribble past multiple defenders, showcasing the peerless skill and artistry that makes him such a transcendent figure in the sport."
What does LiHua think makes Messi the best?,His ability to create chances as well as his vision and work ethic and humility,"Based on the provided conversations, LiHua holds a great deal of admiration for Lionel Messi, frequently discussing his unmatched abilities on the soccer field. When debating the greatest of all time alongside Cristiano Ronaldo, LiHua specifically points to Messi's playmaking ability as being on an entirely different level, describing his footwork and overall gameplay as ""insane"" and effortless compared to others. Furthermore, LiHua highlights Messi's exceptional vision and his rare talent for creating scoring chances out of nothing. According to LiHua, what truly solidifies Messi as the best is not just his physical skill, but his inspiring work ethic, humility, and the remarkable versatility he showcases during crucial moments, such as scoring unexpected headers on top of his signature dribbling genius."
How does JakeWatson view Messi's impact on future generations of players?,His dedication and consistency set the bar high for young players,"JakeWatson holds a high regard for Lionel Messi, recognizing him as a supernatural talent who has not only broken countless records but also left a massive influence on the world of soccer. ### The Nature of Messi's InfluenceAccording to JakeWatson, Messi's impact extends far beyond his exceptional footwork and mesmerizing dribbling skills. It is deeply rooted in his overall approach to the game, his exceptional dedication, and his remarkable consistency. Because of these qualities, JakeWatson notes that young players have a definitive role model to aspire to. ### Shaping Future StarsJakeWatson believes that Messi's relentless work ethic and professional demeanor set a very high bar for athletes coming up through the ranks. Ultimately, this standard of excellence is expected to actively shape how future generations of soccer stars approach and play the game."
Who suggests hitting Starbucks after work on 20260918?,WolfgangSchulz,"Wolfgang Schulz is the person who suggests heading to Starbucks after work. In a conversation that took place on September 18, 2026 (time: 20260918_18:00), he messages Li Hua to ask if she wants to grab a drink and try out a new Frappuccino. Li Hua responds enthusiastically to the suggestion, noting that she could use a sweet treat after a long week. After a brief discussion about the timing, they agree to meet up around 6:30 PM to relax and catch up before the weekend begins."
What is JenniferMoore's reminder to LiHua about on 20260919?,Getting enough protein after workouts,"Based on the provided data tables, there are no records or messages exchanged between JenniferMoore and LiHua on the specific date of September 19, 2026 (20260919). However, the records do highlight other interactions involving JenniferMoore and LiHua during 2026. For instance, JenniferMoore checks in with LiHua regarding gym membership feedback and cup pickups on June 5, 2026, celebrates a personal fitness milestone regarding pull-ups with her on December 6, 2026, and even mentions knowing some great beginners' running trails alongside other participants. Since no specific conversation or reminder is logged for September 19, 2026, no details can be provided for that date."
Why is protein important according to JenniferMoore?,For keeping the body in shape,"According to JenniferMoore, protein plays a vital and multifaceted role in achieving fitness and recovery goals. As discussed in fitness and nutrition discussions with group members like LiHua and Omen, proper nutrition is essential to match training intensity, prevent sluggishness, and fuel workouts effectively. JenniferMoore highlights that protein is especially crucial for muscle recovery. While some days call for a higher carbohydrate intake to match high-workout intensity, other days require a stronger focus on protein to help the body recover properly after strenuous physical activity. This helps individuals maintain their stamina, build strength, and continually push their personal limits."
What is ThaneChambers' question to LiHua on 20260920?,LiHua's favorite first-person shooter game,"Based on the provided data tables, there is no conversation or record of ThaneChambers asking LiHua a question on the date of September 20, 2026 (20260920). While ThaneChambers and LiHua both participate in several group discussions regarding video games—such as *Red Dead Redemption 2*, *The Last of Us Part II*, and *The Witcher 3*—and discuss topics ranging from NPC design to character motivations and game visuals, the specific date of September 20, 2026, does not appear within the timestamps of the provided sources. If you have any other questions regarding the available chat logs and dates (such as those from September 2026 or other months), please feel free to ask!"
Which game does LiHua mention he's been playing on 20260920?,Call of Duty: Warzone,"Based on the provided data and records, there is no specific mention of LiHua playing any game on the date September 20, 2026 (20260920). However, looking at the surrounding context of LiHua's gaming discussions in September and December 2026, LiHua frequently discusses playing and enjoying titles such as *The Witcher 3*, *Red Dead Redemption 2*, *Ghost of Tsushima*, and *Final Fantasy X*. For instance, LiHua expresses a deep appreciation for the NPC design and open-world experience in *Red Dead Redemption 2* around December 2026, and shares enthusiasm for games like *The Witcher 3* and *Ghost of Tsushima* across multiple group chats and conversations. If you are looking for a specific entry from that exact date, it is not present in the provided conversation logs."
"What does ThaneChambers say about ""Warzone""?",It's a blast,"ThaneChambers expresses great enthusiasm for **""Call of Duty: Warzone,""** noting that it is an absolute ""blast"" to play. When discussing the game with LiHua, ThaneChambers reveals that they have been enjoying other battle royale experiences like *Apex Legends* for its exciting characters and abilities, but readily agrees with LiHua about the high quality of *Warzone*. Specifically, ThaneChambers highlights the thrill of clutch moments in the game, fondly recalling a memorable match where their squad made a dramatic comeback from a tough spot to secure a last-second victory. Looking forward to the future of the game, ThaneChambers expresses excitement regarding upcoming updates, hoping they will introduce fresh maps and modes to shake things up, and eagerly accepts LiHua's invitation to squad up together when the new content drops."
"What does LiHua like most about ""Warzone""?",The strategy involved and the adrenaline rush,"LiHua's enthusiasm for *Call of Duty: Warzone* is clear in her discussions with friends like ThaneChambers. When asked about her favorite aspects of the battle royale game, she highlights several key elements that keep her hooked and coming back for more action.First and foremost, LiHua loves the strategic depth involved in playing *Warzone*. She enjoys carefully planning her tactical approach and coordinating movements with her teammates to outsmart rival squads. Beyond the setup and teamwork, she finds the high-stakes adrenaline rush of reaching the final circle to be completely unbeatable."
"What is ThaneChambers' memorable ""Warzone"" experience?",Coming back from a tough spot to win at the last second,"ThaneChambers shares several gaming experiences and preferences across the discussions, particularly regarding first-person shooters like *Call of Duty: Warzone*. When discussing favorite moments in the battle royale mode, ThaneChambers highlights the thrill of clutch comebacks and high-pressure situations.### The Winning MomentSpecifically, ThaneChambers recalls an epic match where the team successfully came back from a very tough spot and managed to snatch the victory at the very last second, describing those clutch moments as feeling amazing and unforgettable."
"What was LiHua's unforgettable match in ""Warzone""?",Being down to the last two and outsmarting the last team,"LiHua's unforgettable match in *Callot of Duty: Warzone* was a thrilling and intense experience. During the game, LiHua and her teammate found themselves down to just the final two players remaining. Despite the overwhelming odds, they managed to outsmart the last remaining opposing team. The excitement and adrenaline during this final circle were through the roof, resulting in a fantastic team effort and an unforgettable victory."
"How does ThaneChambers feel about upcoming ""Warzone"" updates?",He's looking forward to them,"ThaneChambers expresses genuine enthusiasm regarding the upcoming updates for *Call of Duty: Warzone*. Rather than showing hesitation, they view the impending changes as an exciting opportunity to ""shake things up"" and introduce fresh maps and modes to the experience. When discussing the prospect of these updates with Li Hua, ThaneChambers enthusiastically confirms that they are looking forward to diving back into the action. They share a mutual excitement about teaming up with friends once the new content rolls out, highlighting a strong desire to squad up and tackle the new features together."
"Does LiHua plan to play ""Warzone"" after the updates?",Yes because he loves exploring fresh content,"Yes, LiHua definitely plans to dive back into *Call of Duty: Warzone* after the game's updates drop. In discussions with ThaneChambers regarding the battle royale title, LiHua expressed excitement about exploring fresh content, discovering new features, and teaming up with friends. When ThaneChambers asked if LiHua would jump back into the action once the new maps and modes roll out, LiHua eagerly responded, ""Absolutely! I'm always up for something new in the game."""
"What does ThaneChambers propose to do with the ""Warzone"" updates?",Hop on together and tackle the new stuff,"Regarding the upcoming updates for the popular battle royale game *Call of Duty: Warzone*, ThaneChambers expresses a strong sense of enthusiasm and curiosity about how the new content will alter the gameplay experience. Specifically, he mentions looking forward to seeing how the updates will shake things up by introducing fresh maps and exciting new modes to the game.Furthermore, ThaneChambers is eager to see what new features the developers will add to the platform. When asked if he plans to dive back into the action once the update drops, he confirms his excitement and enthusiastically proposes to squad up and tackle all of the new content alongside LiHua."
Who initiated the discussion about the community garden renovation and its benefits to local businesses?,Turalyon,"Based on the provided data, the community garden renovation project is a major focus for many residents, involving numerous discussions about its benefits, features, and community spirit. While AdamSmith frequently coordinates updates and discussions regarding the project—such as asking for LiHua's ideas on additions like seating, native plants (lavender and coneflowers), and a herb section—the specific discussion regarding the garden renovation and its broader community impacts involves a collective effort from various neighbors. Residents like Thrall, ArthasMenethil, RexxarRemar, and TirionFordring frequently chat about how the garden renovations and associated events (such as garage sales, sports days, and holiday celebrations) help build community spirit and bring people together."
What idea did IllidanStormrage propose to help involve the community in supporting local businesses?,Putting together a flyer with a list of local businesses,"Based on the provided data, IllidanStormrage actually did not propose an idea specifically to help involve the community in supporting local businesses. Instead, the discussions involving IllidanStormrage and other community members—such as Turalyon, LiHua, AdamSmith, and RexxarRemar—heavily focused on community projects like weekend tree planting activities for kids, a community garden transformation featuring native flowers and seating areas, a community garage sale to declutter and connect, and organizing festive holiday events. During these various community planning conversations, IllidanStormrage contributed several other engaging ideas. For instance, during the planning of the garden renovation and related community gatherings, IllidanStormrage suggested incorporating games for children to keep them entertained while adults worked, as well as planting native flowers to brighten the area and attract local pollinators. Additionally, during discussions about organizing a garage sale to foster community spirit, IllidanStormrage agreed that setting up a snack station was a solid idea to keep participants energized and encourage conversation. While the community members frequently discussed collaboration, teamwork, and bringing people together through these shared projects and events, a specific proposal regarding the support of local businesses from IllidanStormrage is not mentioned in the records."
How does GromHellscream believe the local shops will benefit from the completed garden?,More foot traffic means more customers for them,"Based on the community discussions surrounding the garden renovation project, GromHellscream points out several key benefits that local shops will experience once the garden is completed. ### Increased Foot Traffic and CustomersGromHellscream highlights that the completion of the garden will naturally make the entire area much more appealing and vibrant. This enhanced aesthetic and inviting atmosphere will lead to increased foot traffic in the neighborhood, which in turn translates to more customers for local shops and vendors. ### Showcasing Community SpiritAdditionally, GromHellscream and other community members believe that linking the garden project with local businesses is a great way to celebrate the neighborhood. By supporting local sellers, the community not only helps local commerce thrive but also reinforces overall community spirit as residents enjoy the newly transformed, beautiful public space together."
What does ArthasMenethil describe the outcome of the garden project and supporting local vendors as?,A win-win,"Based on the provided community discussions regarding the various garden renovations, events, and local activities, ArthasMenethil expresses great enthusiasm for the future of the shared neighborhood spaces. Specifically, while collaborating with community members on the improvements, project scheduling, and overall aesthetic design, ArthasMenethil highlights the broader impact these efforts will have on the neighborhood as a whole.When discussing the transformation of the community space, ArthasMenethil describes the outcome of the garden project as having a **positive impact on the whole community**. Furthermore, they emphasize that all the planning, brainstorming, and waiting through the noisy phases of construction will be completely worth it once residents can enjoy the beautiful new garden together."
What does Thrall suggest they create to support local businesses?,A list of businesses they love to support,"Based on the provided discussion records, Thrall does not suggest creating a specific physical business, product, or institution to support local businesses. Instead, Thrall enthusiastically supports an existing community garden renovation project that is designed to intertwine with and support local businesses. ### The Community Garden and Local BusinessesThroughout the planning discussions for the community garden, Thrall and other members—such as MalfurionStormrage, Turalyon, and RexxarRemar—frequently emphasize the importance of boosting local establishments alongside the garden project. Thrall shares a strong sense of excitement regarding these combined efforts, noting how wonderful it will be to see the garden flourish while simultaneously supporting local vendors. ### Collaboration and Community SpiritRather than proposing a brand-new commercial creation, Thrall focuses on fostering community involvement and ensuring everyone stays on the same page. He suggests setting up community meetings to brainstorm, finalize layout plans, and gather input from all participants to make the project a success. By collaborating closely, the group aims to ensure that the garden renovation positively impacts both the local environment and the surrounding business community."
How does TirionFordring emphasize the importance of balancing the garden renovation with supporting local vendors?,By stating that both aspects are important for the best outcome,"The community garden renovation has been a central focus of collaboration, enthusiasm, and meticulous planning for the group. Members frequently discuss adding features such as comfortable seating areas, native plants, and vibrant flowers like bluebells, camellias, and tulips to make the garden a welcoming space for all ages. However, as the project moves forward, ensuring a harmonious balance between the physical improvements and the needs of the broader community remains a priority.While many participants are deeply engaged in hands-on activities, such as tree planting and building children's play areas, discussions have also touched upon how these improvements intersect with local activities and support systems. Members often brainstorm ways to foster community spirit, whether through organizing garage sales, hosting seasonal picnics, or establishing local emergency response teams. These initiatives highlight the group's dedication to building a strong, connected neighborhood alongside their horticultural efforts.Regarding TirionFordring specifically, a review of the provided community chat logs shows no mention of supporting local vendors or balancing the garden renovation with them. TirionFordring is actively involved in discussing the garden's layout, supporting weather delays, and encouraging community spirit, but remarks regarding local vendor support are absent from the provided source material."
What does AdamSmith agree is crucial to align with the garden project schedule?,Support for local businesses,"AdamSmith and the community have been deeply involved in planning and discussing various aspects of the community garden renovation project, sharing ideas ranging from native plants and seating areas to children's play zones and art installations. Through the collaborative discussions captured in the community logs, AdamSmith consistently emphasizes the importance of organization, support, and timing to ensure the project's success.When discussing the various phases of the community improvements, AdamSmith specifically highlights that **clear communication** is crucial to align everything smoothly with the overall schedule and project updates. As the residents navigate weather delays, construction timelines, and community activities, he notes that keeping everyone informed and maintaining open lines of communication ensures that the renovation runs efficiently and that all participants remain aligned and engaged."
Who does LiHua ask for help with installing a curtain?,AdamSmith,"LiHua reaches out for assistance with various home projects and activities across her social circle, ensuring she has the support she needs for her living space. When it comes to the specific task of installing a curtain on her basement window to boost privacy, she turns to her landlord and contact, **Adam Smith**. In their conversation, Adam readily agrees to help with the installation, and they coordinate their schedules to get the job done on a Thursday afternoon, with Adam offering to bring the necessary tools."
When does AdamSmith say he is available to help with the curtain installation?,Wednesday or Thursday afternoon,"Based on the provided communications, AdamSmith states that he is free to help Li Hua with the curtain installation on **Wednesday or Thursday afternoon**, and they ultimately agree to schedule it for **Thursday afternoon**. This exchange took place on September 21, 2026, when Li Hua reached out to AdamSmith for assistance with installing a curtain on the basement window to improve privacy. AdamSmith readily agreed to help, offering those two afternoon options for when Li Hua was free."
On which day do LiHua and AdamSmith agree to install the curtain?,Thursday afternoon,"Based on the provided communications between LiHua and AdamSmith, they coordinate their schedules to install a curtain on the basement window. After discussing their availability for the week, AdamSmith mentions he is free on Wednesday or Thursday afternoon. LiHua ultimately confirms that Thursday afternoon works best for her to get the task done. Consequently, they agree to meet and complete the installation on Thursday."
Who will bring the tools for the curtain installation?,AdamSmith,"Based on the provided conversation regarding the home improvement task, AdamSmith will bring the tools for the basement window curtain installation. LiHua originally reached out to AdamSmith for assistance with installing a curtain on the basement window to boost privacy. After discussing their availability, they agreed to schedule the task for Thursday afternoon. During this arrangement, AdamSmith confirmed his participation and explicitly stated that he would bring the necessary tools to get the job done."
Who suggests exploring the PS5 settings for accessibility features and Game Help?,ThaneChambers,"ThaneChambers is the one who suggests exploring the PS5 settings to customize accessibility features and utilize the handy Game Help feature if you ever get stuck. In addition to these useful configuration and support options, participants in the discussions frequently highlight other aspects of the PlayStation 5 ecosystem, such as the Control Center for quickly switching between games and apps or adjusting audio settings on the fly without having to pause the action."
What feature on the PS5 does Ileana praise for making switching between games smoother?,Control Center,"In the discussions surrounding gaming hardware and features, participants often share their favorite tools for optimizing their gaming experiences. Specifically, when exploring the capabilities of modern consoles, convenience and speed are major factors that enhance player enjoyment.Ileana, an active participant in these discussions, expresses great appreciation for specific system functionalities on the PS5. Among them, she highlights the **Control Center** as an absolute lifesaver, praising it for making the process of switching between various games and apps much smoother and more efficient."
How does Fionnuala describe the convenience of the Control Center's audio settings adjustment?,You can adjust audio settings on the fly without having to pause the game,"Fionnuala highlights the convenience of the PS5's Control Center by pointing out a specific, highly practical feature: users can adjust audio settings instantly on the fly. This seamless capability eliminates the tedious need to pause the game, making it exceptionally convenient when players are caught in the heat of action. Building on this discussion of the Control Center's utility, the community also delves into other ways the feature enhances the overall gaming experience. For instance, players frequently praise the ease of sharing clips and highlights directly from the Control Center to relive and showcase epic moments with friends. Beyond system features, Fionnuala is an active participant in conversations spanning various video game soundtracks, narrative-driven titles, and tactical gameplay discussions. Whether analyzing the emotional depth of scores in games like *The Last Guardian* and *Mass Effect Legendary Edition*, or sharing lighthearted and strategic moments in RPGs like *The Witcher 3* and *Octopath Traveler*, Fionnuala's insights contribute to lively group exchanges."
What aspect does ThaneChambers enjoy about sharing clips on the PS5?,It's a great way to relive intense moments with friends,"Based on the provided gaming discussions from the PS5 Game Enthusiasts group, ThaneChambers highlights several enjoyable aspects of sharing clips and highlights directly from the Control Center. ThaneChambers notes that sharing clips is a fantastic way to relive intense gaming moments with friends. Additionally, they appreciate how cool it is to see what other players are experiencing and accomplishing in their own games, which ultimately serves as inspiration to level up their own gameplay."
Which game is LiHua currently obsessed with for its graphics and storytelling?,God of War,"LiHua is currently obsessed with the critically acclaimed action-adventure title **""God of War.""** Impressed by its immersive world, she has frequently praised the game for its stunning graphical fidelity and deep, engaging storytelling. In addition to ""God of War,"" LiHua is a passionate gamer who enjoys exploring a wide variety of visually striking and narrative-driven titles on her PS5. Her gaming repertoire spans from sweeping open-world epics like *Red Dead Redemption 2*, *The Witcher 3*, and *Ghost of Tsushima* to superhero adventures like *Spider-Man* and indie gems like *Celeste*, *Stardew Valley*, and *Undertale*. Whether she is capturing travel photography or diving into co-op sessions with friends, her appreciation for rich storytelling and immersive design remains a central theme of her gaming experiences."
What game is Helios currently playing and finds the world and gameplay mechanics stunning?,Horizon Forbidden West,"Based on the group conversation data, the game that Helios is currently playing and praises for its stunning world and top-notch gameplay mechanics is *Horizon Forbidden West*. Helios expresses great enthusiasm for the title, mentioning that the world is stunning and the gameplay mechanics are top-notch, even pointing out a memorable encounter with wild new machines that look amazing. Other participants in the chat also chime in, noting the game's breathtaking graphics and diverse, immersive environments."
"How does Dyllan describe the combat in ""Horizon Forbidden West""?",It can be tricky sometimes,"Dyllan describes the combat in *Horizon Forbidden West* as occasionally tricky, particularly when dealing with specific challenges such as flying machines. When discussing these aerial enemies, Dyllan poses the question of how to properly handle them without getting destroyed, highlighting the difficulty they can present during exploration.Other participants in the discussion, like Helios, offer helpful combat strategies for these situations, such as using a bow with elemental arrows to stun the machines, utilizing focus to track their movements and dodge attacks, and employing effective traps."
"What strategy does Helios recommend for dealing with flying machines in ""Horizon Forbidden West""?",Using a bow with elemental arrows and focus to track their movements,"When diving into the expansive and visually stunning world of *Horizon Forbidden West*, players often encounter formidable challenges, particularly when facing airborne threats. Among these are the game's diverse flying machines, which can prove difficult to handle without the right tactical approach. ### Recommended StrategyAccording to Helios, dealing with flying machines in *Horizon Forbidden West* requires precision and preparation rather than reckless combat. Specifically, Helios recommends sticking to using a bow equipped with elemental arrows. This method allows players to effectively target and stun the flying enemies, significantly lowering their defenses and making them much easier to bring down. ### Additional Tactical TipsTo maximize the effectiveness of this strategy, Helios further advises players to utilize their focus feature. Activating focus helps track the erratic movements of the flying machines, providing a crucial advantage when timing dodges against their incoming aerial attacks. Furthermore, incorporating traps into your setup can serve as an exceptionally effective secondary tactic for catching these foes off guard and turning the tide of battle in your favor."
Which game does Helios suggest for tactical fun with a great story and character development?,Fire Emblem,"When discussing tactical gameplay, strategy elements, and games that offer both depth and compelling narratives, participant Helios engages with the group on various titles across different conversations. While exploring tactical genres, Helios highlights specific games known for their strong mechanics and engaging worlds. Specifically, when the conversation turns to tactical fun, character development, and games that require forward-thinking strategies, Helios recommends checking out the **""Fire Emblem""** series. In addition to *Fire Emblem*, Helios actively participates in discussions covering a wide array of critically acclaimed titles. Throughout the group chats, Helios shares insights on action-adventure masterpieces like *Red Dead Redemption 2*, praising Arthur's character evolution and the game's gripping storytelling, as well as discussing strategic machine combat in *Horizon Forbidden West*. Helios also enjoys experimenting with stealth mechanics and environmental advantages in games like *Assassin's Creed Valhalla* and *Dishonored*, often highlighting specific abilities like the Devouring Swarm to enhance gameplay strategies."
What type of combat does Gavriel prefer in games?,Turn-based combat,"Based on the gaming discussions, Gavriel expresses a clear preference for turn-based combat over real-time systems. When discussing the mechanics of upcoming strategy and RPG titles, Gavriel highlights the specific advantages of taking things at a slower, more tactical pace. According to Gavriel, turn-based combat is particularly enjoyable because it provides players with the necessary time to carefully think through and plan out their moves without feeling rushed by fast-paced action. Furthermore, this style of gameplay allows tension to naturally build up with each deliberate decision a player makes during an encounter. While acknowledging that real-time strategy has its own appeal for faster gameplay, Gavriel remains a dedicated fan of the strategic depth and mental engagement found in turn-based systems."
What game has Gavriel been hooked on recently for its blend of RPG elements and social simulation?,Persona 5 Royal,"Based on the gaming discussions provided in the data, Gavriel has been hooked on **""Persona 5 Royal""** for its unique and well-done blend of RPG elements and social simulation. During a conversation in the group chat, Gavriel shared enthusiasm for the title, noting how every battle feels strategic thanks to the elemental weaknesses, and praised the gorgeous art style that brings the entire experience together."
Which game does Dyllan recommend for turn-based combat and art style?,Octopath Traveler,"Dyllan actively participates in gaming discussions, sharing insights on various titles, gameplay mechanics, and strategic character combinations. When the conversation turns to games featuring turn-based combat and a charming art style, Dyllan specifically recommends **Octopath Traveler**. In the discussion about tactical and turn-based games, Dyllan expresses appreciation for the unique visual design and strategic depth of *Octopath Traveler*, highlighting how the combination of its charming pixel art style and engaging turn-based battle system creates a wonderful experience."
"Who is ThaneChambers' favorite character in ""Octopath Traveler""?",Primrose,"Based on the discussions in the data, **ThaneChambers** mentions that **Primrose** is their favorite character in *Octopath Traveler*. ThaneChambers notes that *Octopath Traveler* truly delivers on the storytelling aspect, specifically highlighting Primrose's narrative as a standout experience. They describe her story as being exceptionally emotional, and they also praise the game's overall battle system, noting how the boost mechanic makes every special encounter feel unique. *Octopath Traveler* is a critically acclaimed turn-based RPG celebrated for its charming pixel art, distinct individual character stories, and strategic combat mechanics. Alongside Primrose's memorable narrative, other participants in the discussions also highlighted characters like Ophelia for her helpful healing abilities, Tressa for her merchant skills, and H'aanit for her tracking utility in combat and exploration."
"What is Aisling's opinion on using traps in ""Octopath Traveler""?",They are a game changer,"*Octopath Traveler* is a captivating turn-based role-playing game celebrated for its charming pixel art, distinct character storylines, and a strategic boost combat mechanic. Players frequently engage in lively discussions regarding optimal team compositions, effective character pairings, and combat synergies to conquer challenging bosses and traverse the game's rich world. While players often debate whether to run a balanced party or lean into specific roles—such as combining Cyrus's elemental magic with Alfyn's healing capabilities or utilizing Olberic for tanking alongside H’aanit—different strategies emerge for survival. For instance, Aisling leans toward a full-support setup, noting that pairing characters like Ophelia and Alfyn together can keep everyone alive while still dishing out good damage during grueling battles.Regarding specific tactical elements like traps, the provided game discussions do not mention Aisling expressing an opinion on using traps in *Octopath Traveler*. While trap mechanics and tactical setups are discussed by other participants in the context of different titles—such as utilizing traps and ambushes in *Horizon Forbidden West* or *Horizon Zero Dawn*—Aisling's specific commentary on traps within *Octopath Traveler* is absent from the available data."
"How does Dyllan describe the importance of a balanced party in ""Octopath Traveler""?",It allows for more flexibility in battles and helps adapt to different challenges,"When discussing the strategic intricacies and combat mechanics of *Octopath Traveler*, the participant Dyllan highlights the profound importance of team composition and character synergy. Rather than relying solely on raw power, Dyllan emphasizes that utilizing the right combinations of characters can completely turn the tide of a battle. Specifically, Dyllan shares tactical experiences such as pairing Tressa with heavy hitters to boost overall damage output while cleverly utilizing merchant skills to add a strategic and entertaining layer to combat planning.Furthermore, Dyllan’s insights on party balance are expanded upon when discussing specific character strengths, such as combining H’aanit’s tracking skills with Olberic to create a resilient tanking duo. This setup allows players to absorb heavy hits while simultaneously dishing out substantial damage and keeping the party alive. Through these tactical pairings, Dyllan illustrates that thoughtful party composition is essential for adapting to challenges and surviving grueling encounters in the game."
"What is Bronwyn's experience with going full support in tough fights in ""Octopath Traveler""?",It can be risky but totally viable,"In the lively discussions surrounding the critically acclaimed turn-based RPG *Octopath Traveler*—known for its charming pixel art, distinct character stories, and strategic boost combat mechanic—players frequently share their favorite battle setups, party compositions, and tactics for conquering grueling boss fights. Among these participants, Bronwyn shares unique insights regarding party composition, specifically addressing the viability of adopting a full support strategy during challenging encounters.When discussing the effectiveness of relying entirely on support and healing to wear down formidable enemies, Bronwyn notes that while she hasn't utilized a full support setup recently, she has indeed experienced success with it during particularly tough fights in *Octopath Traveler*. Expanding on this tactical approach, Bronwyn points out that rather than committing exclusively to pure healing, she found the best results by blending a few damage-dealing skills in alongside her healing capabilities. According to her insights, mixing offensive skills with sustained healing is a reliable way to keep the combat momentum going, which proves especially crucial and tricky when navigating multi-phase boss battles that require a solid strategy as enemy attacks ramp up."
"Which boss did Gavriel struggle with the most in ""Octopath Traveler""?",The final boss,"Based on the provided group chat conversations, the participant named Caelum mentions struggling a lot with the **final boss** of *Octopath Traveler*, noting that it took multiple tries to figure out the right strategy, adapt to moves, and properly manage boost points and party setups. *Octopath Traveler* is a critically acclaimed turn-based role-playing game developed by Acquire and Square Enix. Known for its charming HD-2D pixel art style, distinct individual character stories, and strategic boost-based combat mechanics, the game challenges players to carefully balance party compositions, utilize specific character path actions, and master multi-phase boss encounters. While multiple participants discuss team synergies—such as pairing Tressa with heavy hitters, combining Cyrus's elemental magic with Alfyn's healing, or utilizing H'aanit and Therion for tracking and boss battles—the endgame content, particularly the final boss, is highlighted as a major hurdle that pushes players to thoroughly optimize their gear, levels, and battle tactics."
What does Elara enjoy doing to unwind after intense battles in games?,Wander around and collect items or side quests,"To unwind after intense gaming sessions, Elara enjoys a variety of relaxing activities designed to help her reset and destress. Rather than jumping straight into another high-stakes challenge, she prefers to shift the pace entirely.One of Elara's favorite ways to unwind is by playing casual, low-stress matches. By taking a step back from competitive pressure and the anxiety of winning or losing, she can simply enjoy the gameplay mechanics without any added stress. This laid-back approach provides a much-needed mental break after enduring grueling boss fights and intense encounters.Additionally, Elara appreciates taking in the more serene aspects of virtual worlds. Whether it's exploring peaceful environments, taking a breather to appreciate the scenery, or simply enjoying the tranquil moments between major plot points, she finds that these quiet pauses help balance out the adrenaline rush of action-heavy gameplay."
What type of gameplay does Jareth enjoy after a big challenge?,Relaxing gameplay,"After facing a rigorous boss battle or a high-stakes encounter, Jareth enjoys transitioning to a more relaxed style of gameplay. Rather than maintaining constant intensity, Jareth prefers to unwind by exploring the open world and taking in the rich details of the game's environment. For instance, while playing titles like *Red Dead Redemption 2*, Jareth frequently participates in leisurely activities such as fishing and hunting. Additionally, Jareth appreciates simply observing the shifting weather patterns, wildlife interactions, and the ambient life of the game's camp environments, finding that this slower-paced exploration offers a wonderful palette cleanser after a demanding challenge."
Who asks Emily if she has read The Lord of the Rings novels?,LiHua,"Based on the provided conversation data, **LiHua** is the person who asks Emily Burnett if she has ever read *The Lord of the Rings* novels. In their exchange, LiHua brings up the topic to understand how the original background lore ties into the television series *The Rings of Power*. Emily responds by sharing that while she hasn't read the novels yet, she is familiar with the film adaptations."
What TV series does LiHua mention that they are curious about in relation to The Lord of the Rings?,The Rings of Power,"LiHua expresses curiosity about how *The Lord of the Rings* novels tie into the television series ***The Rings of Power***. In a conversation with EmilyBurnett, LiHua shares enthusiasm for the show, highlighting its stunning visuals and fascinating exploration of the lore, which prompts a discussion about character development, backstories, and favorite figures from the series like Galadriel. While LiHua has a strong appreciation for the expanding Middle-earth television universe, other participants in the broader group chats also delve into different aspects of Tolkien's legendary world. For instance, Saffron touches upon the character development of Elrond from *The Lord of the Rings* when discussing compelling redemption and growth arcs across various media."
"What aspect of ""The Rings of Power"" does Emily appreciate in terms of visuals?",How they are bringing Middle-earth to life,"When discussing the television series *The Rings of Power*, Emily Burnett highlights several key aspects that make the viewing experience special, particularly regarding its visual presentation and production design.Emily notes that the visuals of *The Rings of Power* are ""amazing,"" emphasizing specifically how effectively the series succeeds in bringing the world of Middle-earth to life. Alongside these stunning visual accomplishments, she appreciates the deep emphasis on character development and backstories, which she feels helps viewers truly get to know the characters and understand their motivations as the narrative unfolds."
Which character does LiHua mention as their favorite and describe as inspiring?,Galadriel,"LiHua discusses several favorite characters across different series and contexts with her friends in the group chats. When the conversation turns to the television series *The Rings of Power*, LiHua expresses a strong admiration for one particular elf warrior.### Favorite Characters and InspirationsLiHua mentions that she is completely ""into Galadriel"" from *The Rings of Power*. She specifically highlights Galadriel's strength and determination, describing those traits as **inspiring**. Additionally, LiHua notes how interesting it is to see her portrayed as a warrior rather than merely a traditional wise leader. Outside of fantasy series, LiHua shares other favorites, such as Spider-Man when discussing superheroes and Sheldon Cooper when talking about the sitcom *The Big Bang Theory*, but it is Galadriel whom she specifically praises for her inspiring strength and determination."
What aspect of Elrond's character does Emily appreciate?,His mix of wisdom and vulnerability,"Emily appreciates Elrond's mix of wisdom and vulnerability. In discussions about *The Lord of the Rings* and related series like *The Rings of Power*, fans often explore the deep and layered nature of various characters across epic fantasy universes. For Elrond specifically, Emily notes that this unique combination of a wise persona paired with moments of true vulnerability adds significant depth to his overall narrative and makes his interactions with other characters particularly fascinating to follow."
"What does LiHua predict will happen in ""The Rings of Power""?",Epic battles and alliances forming,"Based on discussions about the fantasy series *The Rings of Power*, LiHua shares her excitement and predictions for the unfolding narrative alongside her friend EmilyBurnett. LiHua expresses a strong enthusiasm for the series, highlighting its stunning visuals and fascinating exploration of lore. When discussing the trajectory of the plot and the escalating tension within the story, LiHua specifically predicts that the upcoming episodes will feature some epic battles and important alliances forming. In response to LiHua's thoughts, EmilyBurnett agrees that the stakes are rising, particularly with dark forces at play, noting how the evolving alliances and challenges will lead the characters toward something big. Both fans share an eagerness to see how these predicted conflicts and alliances will shape the rest of the series."
What does Emily think will happen next in the series in terms of story development?,The stakes will rise and alliances will evolve,"Emily Burnett has a keen eye for narrative pacing and character evolution across several television series discussed in the group chats. When analyzing the trajectory of high-stakes dramas and sci-fi epics, she often shares enthusiastic predictions about how complex relationships and looming conflicts will unfold. Regarding the intricate power struggles in *The Rings of Power*, Emily anticipates that the narrative stakes will rise significantly, especially given the dark forces actively at play. She notes that it will be fascinating to observe how various alliances evolve and what daunting challenges the characters must ultimately face as the plot builds toward something major.In discussions concerning science fiction and philosophical thrillers like *Westworld*, Emily embraces the unpredictable blend of action and character development. She looks forward to endless narrative possibilities, particularly as the storylines intersect with complex themes of autonomy, human-AI dynamics, and systemic consequences."
What do LiHua and Emily agree on regarding the anticipation for the next episode?,They both can't wait for the next episode,"Based on the provided group chat conversations, LiHua and Emily Burnett frequently share excitement and anticipation for the continuation of their favorite television series. When discussing shows like *Succession*, *The White Lotus*, and *The Bear*, both participants express a mutual enthusiasm for upcoming plot developments, character twists, and the overall suspense of waiting for new episodes to drop. Specifically, they bond over the thrill of dramatic storytelling and the enjoyment of sharing theories and reactions together. Both LiHua and Emily highlight how the blend of unpredictability, intense character dynamics, and engaging plots keeps them hooked, making the anticipation for the next episode a fun and interactive experience that they look forward to discussing as a group."
What does LiHua suggest they should do as the series unfolds?,Keep sharing their thoughts,"Based on the provided group chat discussions regarding various television series and media, LiHua suggests several courses of action and engagement as stories unfold. When discussing complex characters and unfolding narratives, particularly in fantasy and sci-fi epics like *The Lord of the Rings: The Rings of Power*, LiHua expresses enthusiasm for continuous community engagement. As the group explores rich lore and character development, LiHua suggests that they keep sharing their thoughts and predictions together as the series progresses, noting that such ongoing discussions make the waiting periods much more fun and interactive.Additionally, in conversations surrounding team dynamics and leadership in speculative fiction (such as evaluating alternative leaders like Drummer in *The Expanse* or organizing group activities), LiHua favors practical and collaborative approaches. For instance, when discussing fictional governance and scenarios where characters might implement community peacekeepers, LiHua suggests incorporating a solid plan of practical training and community engagement, such as workshops on negotiation skills and conflict resolution. Furthermore, LiHua emphasizes the importance of hands-on experience and personal connection to build trust and understanding within groups."
What does Emily say about the series making her feel like she is really getting to know the characters?,The emphasis on character development and their backstories,"In the ongoing discussions about television series and character arcs, Emily Burnett shares her thoughts on how certain shows successfully bring their casts to life. Specifically, when discussing the fantasy series *The Rings of Power*, Emily highlights the impressive world-building and mentions that her favorite aspect of the series has been the strong emphasis on character development and background stories. She expresses that this narrative focus makes it feel as though viewers are truly getting to know the characters on a deeper, more personal level. By exploring their origins and motivations, the series allows the audience to form a genuine connection with the figures on screen, enhancing the overall viewing experience."
Who initiates the suggestion to go to the grocery store after work on 20260923?,WolfgangSchulz,"Based on the provided data tables and communication logs, there is no record of a conversation or suggestion regarding going to a grocery store after work on September 23, 2026 (20260923). While the records show various interactions involving Li Hua and friends like Wolfgang Schulz, AdamSmith, and HaileyJohnson concerning bakery deliveries, dinner plans, comedy shows, and garden renovations, no such event or message exists for that specific date. Therefore, it is not possible to determine who initiated such a suggestion."
What is the purpose of going to the grocery store on 20260923 according to WolfgangSchulz?,To grab some snacks for their next jam,"Based on the provided data tables, there is no mention of WolfgangSchulz going to the grocery store, nor is there any log, message, or event recorded for the date **20260923**. While WolfgangSchulz and LiHua frequently discuss food, dining out (such as grabbing risotto at Venedia Grancaffe, eating pasta, enjoying pizza, or visiting Starbucks), and share details about various meals and travel experiences, the specific date of September 23, 2026, does not appear in the source records. Consequently, it is not possible to state any purpose for a grocery store trip on that day based on the available information."
What time does WolfgangSchulz propose for going to the grocery store on 20260923?,Around 5:30,"I'm sorry, but I don't know the answer to that question. The provided data tables do not contain any information or messages from WolfgangSchulz discussing a trip to the grocery store on September 23, 2026. Based on the available records, WolfgangSchulz's communications during that general timeframe instead involve topics like software project progress updates with LiHua and organizing soccer watch parties or practices with friends. If there are any additional details or messages regarding a grocery store trip, they are not present in the current data sources."
How does LiHua feel about the bench press challenge proposed by JenniferMoore?,LiHua feels pretty strong and is up for the challenge,"Based on the provided data tables, there is no mention of a bench press challenge proposed by JenniferMoore. While JenniferMoore and LiHua frequently discuss fitness goals, workouts, planks, pull-ups, and nutrition (such as baked salmon and quinoa recipes), a ""bench press challenge"" does not appear in their conversations. In the source data, discussions involving challenges are primarily focused on core strength challenges with other friends like Phoenix, Jett, Omen, and Cypher, or general fitness progression tracked by JenniferMoore. Therefore, according to the provided information, LiHua's feelings about a bench press challenge cannot be determined, as no such challenge exists in the records."
What exercises does JakeWatson recommend for leg strength?,Squats and lunges,"Based on the provided data and conversations regarding fitness and training tips shared by the group, JakeWatson actively participates in discussions centered around overall health, hydration, and soccer performance. However, specific leg strength exercises—such as lunges, squats, single-leg hops, and warm-up movements like glute activation and dynamic stretches—are primarily recommended and discussed by other community members, including users like Sova, Viper, Sage, and Phoenix. While JakeWatson emphasizes the importance of stretching, hydration (such as drinking water, coconut water, and electrolytes), and proper footwear before and during athletic matches, the detailed lower-body and leg-strengthening routines come from his peers in the fitness and soccer training logs."
What additional advice does JakeWatson give for maintaining muscle flexibility?,Stretch after workouts,"Based on the provided data, JakeWatson does not give direct advice specifically focused on maintaining muscle flexibility. While other members of the group discuss various stretching routines, yoga-inspired stretches, and warm-ups to improve flexibility and prevent injuries, JakeWatson's fitness-related advice primarily centers around soccer training tactics, football management discussions, and the importance of hydration.### Soccer and Hydration InsightsFor instance, JakeWatson frequently emphasizes the importance of staying hydrated during physical activity. He notes that drinking water before and during a match—along with incorporating electrolytes or coconut water—keeps energy levels high on the field. ### Tactical and Historical DiscussionsIn addition to hydration tips, JakeWatson is heavily involved in discussions regarding soccer tactics and history. He shares thoughts on formations like the 4-3-3, debates the greatest managers in Premier League history (such as Sir Alex Ferguson and Pep Guardiola), and analyzes the resilient comebacks of teams like Real Madrid. While he is an active participant in group chats about sports and fitness, specific routines for muscle flexibility—such as dynamic and static stretching or foam rolling—are provided by other members like JenniferMoore, Sage, Raze, and Phoenix."
Which stretches does JakeWatson recommend for soccer-specific areas?,Hamstring stretch and quad stretch,"Based on the provided data, JakeWatson primarily focuses his discussions on soccer tactics, legendary players (like Messi, Ronaldo, and icons from FC Barcelona and Real Madrid), match analyses, and organizing soccer practice sessions involving passing, shooting, and dribbling drills. While other fitness-focused participants in the logs—such as JenniferMoore, Sage, Raze, and Brimstone—regularly discuss stretching techniques, warm-ups, and targeted muscle recovery (like hamstring, shoulder, and IT band stretches), JakeWatson's contributions are centered around the tactical and social aspects of the sport rather than specific fitness or stretching routines."
How long should each stretch be held according to JakeWatson?,About 30 seconds,"Based on the provided data tables, there is no mention of JakeWatson discussing the duration for which stretches should be held. While JakeWatson participates in various conversations—frequently discussing soccer, matches, player tactics, and upcoming practice sessions with friends like LiHua, Aurora, and Jasper—he does not contribute to the fitness or stretching discussions regarding how long a stretch should be held. The fitness discussions involving stretching, routines, hydration, and muscle recovery are primarily driven by other participants such as Raze, Omen, Sage, JenniferMoore, Brimstone, and LiHua. Therefore, based on the provided text, the specific information regarding how long each stretch should be held by JakeWatson's advice is not available."
When and where does JakeWatson propose to meet for the practice session according to the conversation on 20260925?,Saturday at 4 PM at the usual spot,"Based on the provided data tables, there is no conversation or record dated ""20260925"" involving JakeWatson proposing a meeting for a practice session. However, the records show multiple instances where JakeWatson and others organize soccer and practice sessions on other dates. For example, in a conversation from December 28, 2026, JakeWatson and the team confirm a practice session for Wednesday at 6 PM. In another conversation from August 21, 2026, JakeWatson discusses a Sunday soccer session at 3 PM, where participants bring equipment like cones and water bottles. If you are looking for a specific meeting time or location from a date not currently captured in the provided logs, that information is unfortunately unavailable."
What is LiHua's response to the suggestion of taking a warm shower before bed?,LiHua plans to try it tonight,"Based on the provided data, there is no mention of anyone suggesting taking a warm shower before bed, nor is there any response from LiHua regarding such a suggestion. LiHua's conversations primarily revolve around daily activities, training sessions, music, soccer matches and practice, and various television series discussions. For example, LiHua frequently chats about fitness routines with Jennifer Moore, practices soccer skills and discusses football managers (like Pep Guardiola) with friends like JakeWatson and Farrah, and shares photography and travel tips with WolfgangSchulz—such as their plans to eat Thai food or view photos from Hong Kong. However, a discussion about taking a warm shower before bed simply does not appear in the provided records."
Who asks LiHua to measure the window in the basement?,AdamSmith,"Based on the provided data tables, there is no mention of anyone asking LiHua to measure the window in the basement. While LiHua does discuss a basement window with Adam Smith—specifically asking for help with installing a curtain on it to boost privacy—Adam agrees to help and mentions bringing tools for the job, but measuring the window is not brought up in their conversation."
Why does AdamSmith want the window measured?,To get some curtains made,"Based on the provided data, there is actually no mention of AdamSmith wanting a window measured. Instead, the conversations involving AdamSmith and LiHua center around installing a curtain on the basement window to boost privacy, coordinating a time to get the work done, and managing basement-related topics such as checking for water leakage after a storm, paying rent, and handling keys."
What are the dimensions of the window that LiHua measures?,150 cm wide and 120 cm high,"Based on the provided data and records, there is no mention of the specific dimensions of the window that LiHua measures. While the records do mention LiHua making arrangements regarding her basement window—such as asking Adam Smith for help with installing a curtain to boost privacy down there—the exact measurements, height, or width of the window are never discussed or recorded in the available sources."
Who initiates the discussion about binaural tones?,ChaeSong-hwa,"Based on the provided data tables and communication records, there is no mention or discussion regarding **binaural tones**. The conversations among the various participants—including LiHua, ChaeSong-hwa, Wolfgang Schulz, YurikoYamamoto, and others—cover a wide variety of topics, but binaural audio or brainwave entrainment is entirely absent from the provided texts. Instead, the group discussions heavily revolve around music, video games, fitness, community garden projects, and social gatherings. For example, music is a frequent topic, with characters discussing everything from classic rock icons like Eric Clapton and Jimi Hendrix, to drum preferences featuring Neil Peart of Rush, and memorable video game soundtracks such as *Journey*, *The Last of Us*, and *Beyond: Two Souls*. Similarly, the characters spend a significant amount of time planning social events and creative collaborations. They organize weekend jam sessions for their band (""The Jolly Band""), coordinate community garden renovations and picnics with local vendors, plan football watch parties for matches featuring teams like Liverpool and Manchester, and set up karaoke nights. Because binaural tones are not referenced anywhere within the provided data sources, it is not possible to determine who initiates a discussion about them."
What does ChaeSong-hwa suggest binaural tones could enhance?,The sound and listening experience for their audience,"Based on the provided data tables, there is no mention of ""binaural tones"" or what they could enhance. The conversations primarily focus on upcoming jam sessions, music festival plans, karaoke nights, video game soundtracks (such as *Journey*, *Celeste*, *The Last Guardian*, and *Red Dead Redemption 2*), soccer discussions, and gardening. Because the supporting evidence for binaural tones is not provided in the sources, I cannot answer what they might enhance."
How does YurikoYamamoto feel about adding a new dimension to their music with binaural tones?,Excited to give it a try,"Based on the provided data, there is no mention of YurikoYamamoto—or any other band members—discussing or expressing feelings about adding binaural tones to their music. The group, known as ""The Jolly Band"" and consisting of members YurikoYamamoto, Li Hua, Wolfgang Schulz, and ChaeSong-hwa, frequently collaborates on their music, brainstorming sessions, and setlists for their Sunday jams, but binaural tones are never brought up in their conversations.Instead, the band explores other creative directions to add new dimensions to their music and performances. For instance, ChaeSong-hwa suggests mixing in Chinese elements, such as traditional instruments like the erhu or guzheng, to create unique fusion pieces. Additionally, Wolfgang Schulz proposes incorporating original songs into their setlist, encouraging the members to draw inspiration from their personal stories and shared experiences to add depth and meaning to their sound."
Who congratulates LiHua on pushing their limits with the bench press?,JenniferMoore,"Based on the provided data, LiHua receives congratulations for her physical fitness achievements and milestones from her fitness mentor and trainer. Specifically, **JenniferMoore** congratulates LiHua on her hard work, noting her progress with pull-ups, planks, and pushing her limits in their training sessions."
What does LiHua express feeling after the encouragement from Jennifer?,Strong and motivated,"LiHua expresses feeling a surge of positive energy and motivation following the supportive words and guidance from Jennifer. After Jennifer celebrates LiHua's milestone of smashing a pull-up personal record, LiHua mentions that she is really feeling the progress and notes that Jennifer's guidance has been super helpful. Furthermore, LiHua shares that she has noticed a significant increase in her overall energy levels. Buoyed by this encouragement, she enthusiastically looks forward to their upcoming workout sessions, eager to push her limits even further and see how many more pull-ups she can achieve."
What is the focus for the next session suggested by JenniferMoore on 20260930?,Form and control,"I do not know the answer to your question, as there is no information or record of a session suggested by JenniferMoore on 20260930 in the provided data tables. However, the records do highlight several other interactions and fitness goals involving JenniferMoore and LiHua. For instance, JenniferMoore frequently checks in with LiHua regarding their workouts, helping her celebrate milestones like smashing a pull-up personal record, and pushing her toward goals such as aiming for 100 push-ups in a session. They also regularly discuss healthy lifestyle habits, such as nutrition, meal planning with recipes like baked salmon, and staying well-hydrated during training. In addition to their personal fitness and nutrition discussions, the broader group of friends and colleagues engages in a wide variety of conversations across the timeline. These topics range from planning weekend trail runs and soccer matches to discussing favorite television series like *Game of Thrones*, *Westworld*, and *The Witcher 3*, as well as brainstorming musical fusion ideas for ""The Jolly Band."""
What technique does JenniferMoore suggest to gradually increase weight of the bench press exercise?,Progressive overload,"JenniferMoore suggests using **progressive overload** to help gradually increase the weight during your bench press sessions. This technique is designed to continually challenge the muscles by incrementally adding more weight over time, ensuring steady strength gains and ongoing progress in your workouts. Along with progressive overload, she emphasizes the importance of focusing on proper form and control during the exercise. Combined with adequate rest and proper nutrition to fuel the body, these strategies help maximize performance and minimize the risk of injury while building strength."
Who suggests going out for hot pot?,LiHua,"Based on the provided data, the dinner plan to eat hot pot together was arranged by **LiHua** and **WolfgangSchulz**. Specifically, the conversation starts with LiHua reaching out to ask, ""Hey man! Wanna go have hot pot for dinner tonight? Let me know!"" WolfgangSchulz enthusiastically agrees, responding that ""Hot pot sounds perfect! Sichuan is my fave."""
What type of hot pot does WolfgangSchulz prefer?,Sichuan,"WolfgangSchulz has a distinct preference when it comes to hot pot. According to the data, when discussing dinner plans with LiHua for a hot pot outing, WolfgangSchulz enthusiastically notes that Sichuan hot pot is his absolute favorite style, anticipating all the spicy goodness that comes with it.To complement his preferred spicy Sichuan hot pot, WolfgangSchulz also agrees with LiHua on the ideal beverage pairing, opting for cold beer to balance the heat."
What time does LiHua propose for dinner on 20260930?,7 pm,"Based on the communication records for September 30, 2026, LiHua and WolfgangSchulz are making plans to get hot pot for dinner. When discussing the schedule for the evening, LiHua proposes meeting up at **7 PM**, noting that this specific time should give them both enough time to get ready. WolfgangSchulz agrees with the proposal, confirming that 7 PM works well for him before they finalize details about picking up drinks to accompany their meal."
Who comes up with the idea of picking up drinks on the way to hot pot?,LiHua,"When planning a hot pot dinner, the idea of picking up drinks on the way comes up naturally between the participants. Specifically, it is **LiHua** who first suggests grabbing drinks, asking, ""Should we pick up some drinks on the way?"" **WolfgangSchulz** immediately agrees with the suggestion, calling it a ""good idea"" and leading to a discussion about what kind of beverages to bring. Ultimately, they decide on cold beer to complement the spicy Sichuan hot pot, setting the stage for a great evening together."
What type of drink does LiHua suggest to have with hot pot?,Cold beer,"When planning a hot pot dinner with Wolfgang Schulz, LiHua suggests pairing the spicy Sichuan-style hot pot with cold beer. They agree that a cold beer is the ""perfect match"" and a great combo for the meal, deciding to grab some on the way. In addition to this specific dinner plan, LiHua frequently engages in food-related gatherings and discussions. For instance, when hosting a Chinese Lunar New Year celebration, LiHua plans to serve traditional dishes like dumplings along with green tea and fruity drinks to offer a nice variety of beverages for guests."
Who reminds everyone to drink water before and during the match?,JakeWatson,"Based on the provided data, reminders about staying hydrated and bringing water before and during matches/practice sessions come from a few different participants in the group's discussions. Specifically, **Ivor** reminds everyone to bring water bottles for the practice sessions to stay refreshed afterwards. Additionally, **Aurora** and **Evangeline** emphasize the importance of hydration, mentioning that staying hydrated with water bottles is essential when putting in effort on the field and cheering for their teams."
What does Ivor do the day before a game to help with hydration?,Hydrate well,"When it comes to preparing for athletic activities, hydration and proper nutrition play a critical role in maintaining energy levels and ensuring optimal performance on the field. Participants in community discussions frequently highlight the importance of staying well-hydrated throughout the day and utilizing recovery strategies, such as drinking plenty of water and incorporating electrolytes, to keep their fitness game strong. While the provided conversation logs detail various members discussing soccer practices, classic UEFA Champions League matches, and fitness routines—including Ivor confirming his participation in upcoming Saturday and Sunday practice sessions—they do not contain specific information regarding what Ivor does *the day before* a game specifically to help with hydration. Therefore, based on the available data, I cannot confirm any specific pre-game hydration rituals practiced by Ivor."
What drink does JakeWatson recommend for hydration after a match?,Coconut water,"Based on the discussions and chats provided, JakeWatson brings drinks to share during soccer meetups, such as when he mentions bringing some drinks like sodas or water to stay hydrated while cheering or playing. Specifically, when discussing match days and post-game hydration, the data shows that Aurora offers a mix of cola, lemon-lime, and energy drinks, while JakeWatson notes the importance of staying hydrated and mentions bringing some water along for the team to stay refreshed.Additionally, when looking at broader hydration habits and post-workout routines discussed within the group, various members experiment with different options. While some prefer plain water or electrolyte drinks with lemon and powders for a refreshing twist, JakeWatson's specific contributions to match-day logistics highlight ensuring water and sodas are available to keep everyone energized and hydrated on the field."
What does Giselle emphasize about passing drills?,Accuracy is key in games,"Giselle and her group frequently organize and participate in weekend soccer practice sessions, focusing heavily on improving their skills through drills, teamwork, and careful preparation. During these discussions, Giselle actively contributes by emphasizing key aspects of gameplay and practice routines to ensure everyone is ready and effective on the field.When it comes to passing drills specifically, Giselle highlights the absolute importance of accuracy. She notes that nailing precise passes makes a tangible difference in their overall play during actual matches. In addition to her focus on passing accuracy, Giselle contributes to the team's readiness by reminding everyone to stretch properly before practice to help prevent injuries while running around. She also advocates for wearing comfortable shoes to assist with movement during drills, suggests incorporating quick one-twos to build stamina, and offers to help set up the drills themselves."
What practice idea does Dacey suggest to improve passing skills?,Target practice with cones,"When it comes to improving soccer passing skills and boosting team accuracy, Dacey suggests incorporating targeted exercises during practice sessions. Specifically, Dacey proposes setting up **cones as targets** for the players to aim at while they practice their passing. This simple yet effective drill is designed to help sharpen passing precision and enhance overall ball control on the field. In addition to the cone target practice, the group frequently coordinates weekend training sessions to refine their skills. These practices often involve a mix of accuracy drills, short passing patterns, and dribbling exercises to ensure everyone stays at the top of their game. Dacey's enthusiastic approach helps keep the energy high and encourages the team to stay hydrated and motivated while working hard during these weekend drills."
What does Briar remind everyone to bring to practice?,Water bottles,"Briar is an enthusiastic participant in the group's weekend soccer planning and discussions, regularly contributing ideas for drills, tactical formations, and post-practice hangouts. When the group organizes their weekend soccer sessions—such as their Saturday and Sunday afternoon meetups focusing on dribbling, passing accuracy, penalty kicks, and target practice—Briar actively ensures that everyone is properly prepared to make the most of their time on the pitch. Specifically, Briar reminds everyone to bring two essential items for a successful outing: water to stay properly hydrated during the physically demanding drills, and snacks to enjoy with friends after the practice session wraps up."
What does Giselle remind everyone to do before practice?,Stretch,"Based on the provided information, Giselle is a proactive and encouraging participant in the group's activities. In addition to discussing football tactics, planning watch parties, and working on her dribbling skills, she emphasizes the importance of proper preparation. Specifically, Giselle reminds everyone to stretch before practice. This helpful tip ensures that participants stay limber and reduce the risk of injury before diving into their drills and physical activities."
Who is considering buying Sekiro: Shadows Die Twice and asks for ThaneChambers' opinion?,LiHua,"LiHua is the one who considers buying the challenging video game *Sekiro: Shadows Die Twice* and asks for ThaneChambers' opinion. Known for its unique combat system that emphasizes timing and strategy, alongside cool world design, the game frequently sparks engaging discussions among players. When LiHua reaches out to ThaneChambers to ask if the title is worth purchasing and if they should dive right into the rich atmosphere and engaging story, ThaneChambers gives it high praise. Describing the game as amazing, ThaneChambers highlights its distinctive mechanics and advises that while players should prepare for tough battles and a challenging experience, the journey of learning and improving makes it an epic adventure well worth grabbing."
What does ThaneChambers think about Sekiro: Shadows Die Twice?,It's amazing and worth grabbing,"ThaneChambers holds a very positive opinion of *Sekiro: Shadows Die Twice*, describing the video game as an amazing experience. They particularly praise its unique combat system, which requires players to engage in careful thinking, precise timing, and solid strategy. In addition to the engaging gameplay mechanics, ThaneChambers highlights the game's cool world design. While acknowledging that it features some tough battles and requires players to be prepared for a challenge, they enthusiastically recommend it, confirming that it is definitely worth picking up for anyone who enjoys challenging games."
What aspects of Sekiro: Shadows Die Twice does ThaneChambers highlight?,Unique combat system & timing & strategy & world design,"ThaneChambers highlights several key aspects of *Sekiro: Shadows Die Twice* that make it a standout and challenging video game experience. First, ThaneChambers points out the game's unique combat system, which requires careful timing and strategy to master. In addition to the demanding combat mechanics, ThaneChambers draws attention to the cool world design and the rich story that provides a great atmosphere. While acknowledging that the game can be quite tough, ThaneChambers emphasizes that this difficulty is part of the fun, offering an epic adventure where players naturally learn and improve as they progress."
Does ThaneChambers recommend Sekiro: Shadows Die Twice to those who love a challenge?,Yes,"Yes, ThaneChambers definitely recommends *Sekiro: Shadows Die Twice* to anyone who enjoys a challenge. When discussing the game with LiHua, ThaneChambers highlights that it features a unique combat system requiring careful timing and strategy, alongside a very cool world design. ThaneChambers explicitly notes that if a player is into challenging games, they will love *Sekiro*. While warning that users should be prepared for some tough battles that require patience and practice, ThaneChambers maintains that the experience is completely worth grabbing and makes for an epic adventure."
What game is ThaneChambers currently playing?,Black Myth: Wukong,"Based on the provided conversation logs and discussions among the group, ThaneChambers and other members talk about several different video games they are currently exploring, enjoying, or discussing. One prominent title that ThaneChambers frequently references and discusses is ***The Witcher 3: Wild Hunt***. ThaneChambers expresses deep admiration for the game's moral choices, writing, and characters—specifically mentioning a partiality to Yennefer and the rich, fairy-tale vibe of the *Blood and Wine* expansion set in Toussaint.Additionally, ThaneChambers and the group dive into several other titles. For instance, ThaneChambers mentions playing ***Apex Legends*** recently, praising its characters and abilities, and frequently shares thoughts on PlayStation 5 features and upcoming exclusives like ***Ghostwire: Tokyo***. They also engage in broad discussions about game development, character arcs, and storytelling in titles like *Red Dead Redemption 2*, *The Last of Us Part II*, and *Octopath Traveler*."
What does LiHua think about the graphics and gameplay of Black Myth: Wukong?,The graphics look insane and the gameplay seems really fluid,"LiHua holds a very high opinion of *Black Myth: Wukong*, particularly praising its visual presentation and gameplay mechanics. Having recently acquired a PS5, LiHua has been diving deeply into the title and expressing great enthusiasm for the overall experience alongside fellow gamers like ThaneChambers. When it comes to the game's visuals and environment, LiHua is thoroughly impressed. They highlight the exploration aspect as a standout feature, noting that each area within the game feels remarkably unique and detailed. Furthermore, LiHua appreciates the rich lore behind the characters, which adds an extra layer of depth to discovering hidden secrets while traversing the world. In terms of gameplay, LiHua finds the mechanics to be exceptionally dynamic. Enjoying the freedom to experiment and unlock new abilities, LiHua looks forward to progressing further into the game's immersive world. Combined with the stunning environments and top-tier storytelling praised by the community, *Black Myth: Wukong* has clearly become a favorite title for LiHua."
What part of Black Myth: Wukong does ThaneChambers like the most?,The fresh take on the classic tale and the unique combat mechanics,"Based on the provided data, ThaneChambers is a fan of *Black Myth: Wukong* and has highlighted several key elements of the game. While appreciating the title's overall immersive gameplay, stunning visuals, and top-notch storytelling, ThaneChambers specifically shares enthusiasm for its fantastic soundtrack, which skillfully combines traditional Chinese instruments with modern orchestration to enhance the experience. Additionally, when discussing the gameplay and design of *Black Myth: Wukong*, ThaneChambers points out specific moments of excitement during exploration. Particularly, they note that encountering the giant enemies stands out as a favorite part, praising the thrill of strategizing how to take them down alongside the breathtaking scenery during those intense fights."
Which aspect of Black Myth: Wukong does LiHua find immersive?,The combat style and how it blends with the storyline,"LiHua finds the action-oriented gameplay of *Black Myth: Wukong* to be particularly engaging and immersive. As an action role-playing video game featuring stunning visuals, top-notch storytelling, and fluid mechanics, it has captured the interest of gamers like LiHua, who is currently playing and thoroughly enjoying the title. Beyond just the gameplay, players and community members often highlight the game's extraordinary production values. Specifically, *Black Myth: Wukong* has been widely praised for its incredible soundtrack, which brilliantly combines traditional Chinese instruments with modern orchestration to enhance the overall atmosphere."
What does ThaneChambers love about the boss battles in Black Myth: Wukong?,The thrill of strategizing how to take them down and the breathtaking scenery,"In the immersive action role-playing video game *Black Myth: Wukong*, ThaneChambers finds a lot to appreciate. Known for its stunning visuals, fluid gameplay, and top-notch storytelling that combines traditional Chinese instruments with modern orchestration, the game offers a rich experience that has captured the attention of both ThaneChambers and Li Hua. When it comes to the specific mechanics and encounters within the title, ThaneChambers is particularly fond of the epic scale and strategic elements involved. Specifically, ThaneChambers highlights the thrilling encounters against the giant enemies, noting how much fun it is to strategize on the fly while trying to figure out the best ways to take them down. Furthermore, these intense boss battles are elevated by the breathtaking scenery that surrounds the fights. The combination of nail-biting, satisfying combat and gorgeous environmental backdrops makes these encounters stand out as truly memorable highlights of the overall journey."
Who informs LiHua that the new software is almost done?,WolfgangSchulz,"WolfgangSchulz informs LiHua about the progress of the new software project. In their conversation, Wolfgang is excited to share that the software project has made significant progress, noting that all the pieces are finally coming together and thanking LiHua for their encouragement during the more challenging times.LiHua responds warmly to the good news, expressing pride in Wolfgang's accomplishments and sharing what they have been up to, such as juggling work, the gym, and practicing guitar songs like ""Blackbird"" and ""Hotel California"" in anticipation of their upcoming Sunday jam session with the band."
What is LiHua's reaction to the news about the new software?,LiHua is excited to check it out,"LiHua's reaction to the news about the new software project is overwhelmingly positive and supportive. When Wolfgang Schulz shared that his software project had made significant progress and thanked LiHua for their encouragement during the hard times, LiHua responded with great enthusiasm. Expressing genuine pride, LiHua celebrated the milestone and eagerly asked how the project was shaping up, demonstrating the strong camaraderie and mutual support that defines their friendship and band jam sessions."
Who asks Jake to play as the goalkeeper for soccer training?,LiHua,"Based on the provided data, there is no mention of anyone asking Jake to play as the goalkeeper for soccer training. While the group regularly organizes weekend soccer practices—such as sessions focusing on passing, shooting, and dribbling drills organized by Caspian, Aurora, and others—and discusses various soccer tactics, players, and historic matches, the specific role of a goalkeeper being assigned to Jake is not found in the input sources."
Does Jake agree to play as the goalkeeper?,Yes,"Based on the provided conversations, there is no mention of Jake agreeing to play as the goalkeeper. While Jake is an active participant in organizing soccer practices, discussing classic matches, and debating soccer legends with his friends, the topic of him playing in the goalkeeper position never comes up in the chat logs. Instead, the group discussions about soccer frequently revolve around tactical formations like the 4-3-3 and 4-2-3-1, iconic players like Lionel Messi and Cristiano Ronaldo, and scheduling casual weekend skill-practice sessions focusing on passing, shooting, and dribbling drills."
Who discusses classic matches between Barca and Bayern with Jake?,LiHua,"LiHua is the one who discusses classic matches between Barcelona and Bayern Munich with Jake. In their conversations, they reflect on the rich history and high stakes of matches between the two clubs within the UEFA Champions League (UCL). Bayern, known as a great opponent to Barcelona in UCL history, is a seasoned football club competing in European competitions. They are often recognized for preparing for matchups by relying on quick counter-attacks and capitalizing on defensive lapses. During their discussions, LiHua and Jake touch upon memorable encounters, such as the intense games from 2013 and 2015, highlighting the incredible emotions, dramatic comebacks, and standout moments that make these European fixtures so unforgettable for soccer fans."
In which year did Barca lose 4-0 against Bayern as mentioned in the conversation?,2013,"Based on the provided conversations regarding classic football matches and historical UEFA Champions League moments, the match where Barcelona lost 4-0 against Bayern Munich occurred in **2013**. This memorable encounter is highlighted in discussions between soccer enthusiasts reflecting on the intense history and dramatic comebacks between these two powerhouse clubs in European competition."
Which goal does Jake consider incredible from the 2015 match?,Neymar's goal,"When discussing classic UEFA Champions League matches, Jake Watson and LiHua often reminisce about historic encounters between Barcelona and Bayern Munich. In particular, they recall the thrilling fixtures from 2013 and 2015, highlighting the immense drama, emotion, and unforgettable comebacks that define these European clashes. Specifically, when discussing the 2015 matchup, **Jake considers Neymar's goal to be incredible**. He notes that the way Neymar finished the play and sealed their place in the final was epic, perfectly showcasing the team's passion and the thrilling nature of the tournament."
Who does Jake believe has the potential to be a game-changer for Barca?,Pedri,"Based on the provided data, Jake believes that **Pedri** has the potential to be a game-changer for Barca. In a discussion about classic matches and comebacks between Barca and Bayern, LiHua asks Jake if Pedri can replicate that kind of magic for the team. Jake responds enthusiastically, stating that Pedri definitely has that spark and can be a game-changer, noting that his vision and control remind him of the greats."
What is LiHua looking forward to in the upcoming matches?,Seeing how Pedri and the team perform and if they can go far in the UCL,"LiHua is an avid soccer fan who frequently discusses matches, players, and upcoming games with friends. When it comes to the upcoming matches, LiHua has expressed several specific things they are looking forward to experiencing and observing. First and foremost, LiHua is keenly interested in seeing how the team performs overall, particularly wondering if they can go far in the UEFA Champions League (UCL) again. In addition to the team's broader tournament run, LiHua is specifically looking forward to seeing how young star Pedri and the rest of the squad will perform throughout the season. Furthermore, LiHua enjoys the social and festive atmosphere surrounding match days. Whenever a game is coming up, LiHua is always excited about tuning in—often planning to watch on days like Wednesday—and is eager to enjoy the action alongside good company, complete with favorite match-day snacks like nachos with cheese, spicy salsa, and refreshing cold drinks."
What are Jake's go-to snacks for match days?,Chips and dip & pizza,"When it comes to enjoying a game day, having the right snacks is essential for keeping energy levels high while cheering on the favorites. According to the discussions among the group, Jake Watson has a couple of clear favorites that he relies on for match days. When discussing game day routines and watch parties, Jake highlights that you simply ""gotta have some chips and dip!"" In addition to chips and dip, he considers pizza to be an absolute must. These savory, easy-to-share options provide the perfect fuel for maintaining enthusiasm while watching the action unfold on the screen."
What are LiHua's favorite snacks for the game?,Nachos with cheese and spicy salsa,"LiHua enjoys a variety of snacks to keep her energized and ready for game days and weekend activities. When planning casual gatherings with friends—such as upcoming soccer practices, weekend matches, or jam sessions—she often suggests crowd-pleasing favorites like pizza or burgers. She notes that these options are easy, tasty, and perfect for sharing after a day of running around on the field.In addition to savory meals, LiHua is a big fan of sweets and traditional festive foods, such as rice cakes, which symbolize prosperity during celebrations like the Lunar New Year. She is also thoughtful about preparation and recovery, frequently volunteering to bring drinks and snacks to share with friends after a match to help everyone relax, refuel, and chat about the game."
Who does LiHua pick as the best football manager of all time?,Pep Guardiola,"In the enthusiastic discussions shared among the group regarding football legends and iconic sports figures, LiHua shares her definitive pick for the greatest football manager of all time during a conversation in October 2026. When posing the question to the group about who deserves the ultimate title, LiHua proudly declares that her personal choice for the best football manager in history is none other than Pep Guardiola. Her peers quickly jump into the conversation to elaborate on Guardiola's incredible career, noting the remarkable ways he transformed the teams he managed, his signature ""tiki-taka"" style of play with Barcelona, and how he successfully built Manchester City into a dominant powerhouse."
What aspect of Guardiola's career does JakeWatson admire?,The transformation of the teams he's managed,"When discussing football managers, JakeWatson expresses deep admiration for Pep Guardiola's remarkable career and managerial impact. Specifically, JakeWatson points out the incredible transformations of the teams Guardiola has managed over the years, noting that it often feels as though he possesses a ""magic touch"" when it comes to turning clubs into powerhouses. In addition to the sheer success and trophy-winning pedigree, JakeWatson highlights Guardiola's distinctive style of play and his overall influence on the game of football. Whether discussing Guardiola's time at Barcelona or his commanding presence at Manchester City, JakeWatson appreciates how his tactical approach allows players to truly shine and constantly evolves the way modern teams dominate possession and create chances."
"Which team's style of play does Farrah remember as ""Total football""?",Barcelona,"Farrah is an enthusiastic participant in the community's ongoing soccer discussions, often chiming in with historical insights, favorite managers, and organizing weekend practice sessions. In one particular conversation regarding legendary soccer figures and tactical styles of play, Farrah recalls a specific iconic team known for its dominant possession and fluid movement. When discussing the managerial career and philosophy of Pep Guardiola, Farrah highlights his unique approach to the game. Specifically, she notes that Guardiola's tactical influence goes beyond merely winning trophies, pointing directly to the mesmerizing style of play he implemented during his time managing FC Barcelona. It is within this context that Farrah remembers and references the legendary **Barcelona** team under Guardiola's management, describing their distinct, possession-heavy tactical approach and aesthetic as **""Total football!""**"
What playing style is associated with Guardiola's Barcelona team?,Tiki-taka,"Pep Guardiola's renowned time managing FC Barcelona is famously associated with a distinct and mesmerizing style of play. Characterized by intricate passing, relentless pressing, and fluid movement, this tactical approach allowed his teams to completely dominate possession and dictate the tempo of matches. Often celebrated as the ultimate embodiment of ""total football,"" Guardiola's tactical philosophy at Barcelona heavily relied on the famous tiki-taka style. This method prioritized short, quick one-twos and exceptional spatial control, enabling players to seamlessly transition the ball and break down opposing defenses with artistic precision."
Which player's development under Guardiola does Jasper mention?,Phil Foden,"Jasper is an enthusiastic participant in the ongoing soccer discussions and community activities, frequently sharing his insights, analysis, and excitement for both real-world football and upcoming matches. Within these conversations, Jasper highlights the managerial brilliance of Pep Guardiola, noting his impressive tactical approach and success with teams like Manchester City and Barcelona. Specifically, when discussing player development under Guardiola's management, Jasper points out the significant growth and progress of Phil Foden. He observes how well young players flourish and shine under Guardiola's guidance and trust, drawing attention to Foden's standout performances, crucial contributions, and stunning goals during Manchester City's matches in the Premier League."
What player's midfield importance does Aurora highlight?,Rodri,"Aurora emphasizes the crucial midfield role of Rodri, particularly under the tactical guidance of manager Pep Guardiola. She notes that his presence and contributions in the center of the pitch are immense for maintaining the team's balance and stability. In addition to Rodri, Aurora actively engages in tactical discussions surrounding other top-tier football midfielders and players. Her analysis often touches upon Arsenal's squad dynamics, including the creativity and leadership of Martin Ødegaard and the defensive solidity provided by Declan Rice in the midfield."
Who will bring cones for drills at the match?,Farrah,"When organizing soccer matches and practice sessions, having the right equipment is essential for effective drills and team preparation. In the discussions among the group of football fans and players, various members often volunteer to bring specific gear, such as water bottles, snacks, and training equipment, to ensure that everyone is prepared for a productive and fun session on the pitch.### Equipment and PreparationsFor the upcoming activities and practices, the participants are well-coordinated in distributing responsibilities. While some members take charge of refreshments—such as LiHua organizing pizza orders, Aurora bringing a variety of sodas and water, and Ivor providing energy bars—other members focus specifically on training aids to help improve skills like passing, shooting, and dribbling.### Who Brings the Cones?When it comes to setting up structured drills and training sessions, **JakeWatson** and **Henley** are the ones noted in the discussions for bringing the cones. Specifically, JakeWatson mentions bringing the cones to help set up drills during weekend practice sessions, and Henley similarly steps up by offering to bring cones to structure the team's training activities."
What type of passes does Briar suggest adding to the practice?,Quick one-twos,"Briar and the group are actively involved in organizing weekend soccer practice sessions, focusing on improving various skills such as passing, shooting, dribbling, and defense. In one of their planning discussions, the participants discuss adding specific drills to enhance their gameplay on the pitch.When discussing the structure and activities for an upcoming practice session, Briar suggests adding quick one-twos to the practice drills. Briar expresses excitement for this addition, noting that it will keep the workout interesting and help the team improve their passing and collaboration during matches."
What will LiHua bring for everyone to enjoy after the match?,Snacks,"LiHua has established a reputation within the group for being exceptionally reliable when it comes to organizing match days, band gatherings, and celebrations. When it comes to what LiHua plans to provide for everyone to enjoy after a match or sports activity, the details emerge from various conversations regarding upcoming events, practices, and team hangouts.### Post-Match Snacks and RefreshmentsAccording to the discussions among the group planning their weekend activities, LiHua makes sure that nobody goes hungry after working hard on the pitch. Specifically, LiHua has offered to take charge of the food arrangements and hydration needs:* **Pizza:** When discussing easy, tasty, and shareable post-practice or post-match food, LiHua suggests going for pizza or burgers, noting that pizza is a crowd-pleaser that allows everyone to keep chatting about soccer.* **Drinks and Hydration:** LiHua frequently emphasizes that ""hydration is key,"" offering to bring along cold drinks and refreshments to keep everyone refreshed after a long day of playing and cheering.* **Snacks:** LiHua ensures that a variety of snacks are on hand to refuel the team, complementing other contributions like chips, dips, and sodas brought by fellow group members. Whether they are wrapping up a rigorous training session or recovering after a big match, LiHua's contributions—particularly delicious pizza and refreshing drinks—help guarantee that the post-game celebrations are always a resounding success."
Which match does Jasper mention that Manchester City played recently?,Against Chelsea in the Premier League,"When discussing football matches, chat participants frequently share their thoughts on historic games, legendary rivalries, and recent performances. Among the active members, Jasper often shares insights about Manchester City, analyzing player development, tactical setups under managers like Pep Guardiola, and specific match outcomes. In the provided discussions, Jasper specifically mentions a recent match played by Manchester City against Chelsea in the Premier League. Reflecting on the encounter, Jasper highlights how effectively Manchester City controlled the flow of the game and praises Phil Foden for scoring a stunning goal during the match."
Who scored a stunner in the Manchester City vs. Chelsea match as mentioned in the conversation?,Phil Foden,"Phil Foden scored a stunner during the Premier League match between Manchester City and Chelsea. This standout moment was highlighted by participants in the chat as they discussed the match where Manchester City demonstrated exceptional ball movement and overall control on the pitch against Chelsea. In addition to Foden's impressive goal, the conversation also touched on other notable performances from that game, such as Rodri's influential role in anchoring the midfield, breaking up opposition plays, and maintaining the team's momentum."
What aspect of Rodri's performance does Henley praise?,His interceptions and passing,"In the discussions surrounding Manchester City's tactical prowess and midfield control, Henley highlights specific qualities regarding the performance of key midfielder **Rodri**. Specifically, Henley praises Rodri's defensive stability and overall impact in the middle of the pitch. During discussions about Manchester City's matches—such as their defensive resilience against Chelsea—Henley points out that Rodri was ""everywhere"" on the pitch. Furthermore, Henley emphasizes the vital importance of Rodri's exceptional interceptions and passing ability, which serve as the foundation for keeping City's momentum and defensive solidity intact."
What does Farrah admire about Rodri's play?,His ability to break up opposition plays and transition the ball,"Farrah is an enthusiastic participant in soccer discussions who expresses great excitement for upcoming matches, practice sessions, and tactical breakdowns. Within the group's analyses of Manchester City and international football, Farrah shares specific observations regarding key players, notably highlighting the exceptional contributions of the club's defensive midfielder.According to the provided data, Farrah particularly admires Rodri for how he successfully anchors Manchester City's midfield. She notes that he is exceptionally skilled at breaking up opposition plays and quickly transitioning the ball forward, which she identifies as being super important for how City builds their attack. Ultimately, Farrah views Rodri as an essential component to the team's overall success and control on the pitch."
Who checks in with LiHua about their arm muscles after the bench press session?,JenniferMoore,"Based on the provided data tables, there is no mention of anyone checking in with LiHua specifically about her arm muscles after a bench press session. However, LiHua's fitness journey and interactions with her trainer, Jennifer Moore, are frequently highlighted throughout the logs. Jennifer Moore regularly checks in with LiHua regarding her gym progress, training sessions, and milestones—such as congratulating her on smashing her pull-up personal record and reminding her about upcoming workouts and water bottles. Additionally, LiHua frequently engages with a wide circle of friends and workout buddies about soccer matches, musical jam sessions, and various fitness routines like yoga, interval training, and hydration strategies."
How does LiHua feel about the soreness in their arm muscles?,It feels good and they are ready for the next session,"Based on the provided data tables and communication logs, there is no mention of LiHua expressing feelings or concerns specifically about soreness in their arm muscles. While LiHua is an active participant in conversations regarding fitness, gym workouts, yoga, hydration, and personal records (such as smashing a pull-up personal record with the guidance of JenniferMoore), the topic of arm muscle soreness is not directly addressed by LiHua in the records. Other members of the group chat discuss general muscle recovery, preventing soreness, and stretching techniques to stay injury-free, but LiHua's specific sentiments regarding arm soreness are absent from the provided texts."
What snack does LiHua agree to bring for the movie?,Chips,"Based on the provided conversations, Li Hua agrees to bring specific snacks for movie nights and gatherings. When planning a movie night to watch the classic film *Star Wars: A New Hope* with Wolfgang Schulz, Li Hua offers to bring chips as the snack, along with picking up drinks such as soda and juice on the way. Additionally, Li Hua frequently engages in other food-related plans with friends, such as offering to make homemade pasta salad for a neighborhood potluck, bringing traditional dumplings and green tea for a Lunar New Year celebration, and contributing various dishes or items to bakery events and dinners. However, specifically for the movie night, the snack agreed upon is chips."
What drinks does WolfgangSchulz want to have while watching the movie?,Soda and juice,"WolfgangSchulz and LiHua planned a movie night to watch the classic film *Star Wars: A New Hope* at LiHua's place after work. While discussing snacks and refreshments to accompany the viewing experience, WolfgangSchulz expressed his specific preferences for what to drink during the movie.When LiHua offered to bring some chips and asked what drinks he would like, WolfgangSchulz replied that **some soda and juice** would be the perfect choice."
Who will pick up the snacks and drinks on their way before the movie?,LiHua,"LiHua is the one who will pick up the snacks and drinks on their way before the movie night. According to their conversation, LiHua offers to bring some chips for the viewing of the classic film *Star Wars: A New Hope*. When WolfgangSchulz requests soda and juice to accompany the snacks, LiHua confirms, ""Cool! I'll pick them up on my way. See you soon!"""
Who initiated the discussion about Cersei's journey in Game of Thrones?,EmilyBurnett,"The discussion regarding the intricate narrative context of Cersei's journey and character arc in the acclaimed HBO television series *Game of Thrones* was initiated by **Emily Burnett**. In the provided dialogue, Emily brings up the subject by noting how fascinating Cersei's evolution is, transitioning from a love-struck girl into a power-hungry queen with deep narrative layers within the fictional realm of Westeros. This sentiment was quickly engaged with by other group members—such as Rowan, Saffron, and Kieran—who discussed how her relationships, losses, and the harsh realities of the continent molded her into a cold, ruthless figure in her quest for power. Such complex character studies often highlight the broader themes of choice, consequence, and ambition found throughout *Game of Thrones*. While characters like Tyrion Lannister and Jaime Lannister also navigate their own distinct growth and redemptive paths through adversity, Cersei's trajectory remains a compelling focal point for fans analyzing the psychological depths and dramatic payoffs of modern television drama."
How does Rowan describe Cersei's transformation throughout the series?,From vulnerable to ruthless,"Cersei Lannister's evolution from a vulnerable and love-struck girl into a ruthless, power-hungry queen is a central topic of discussion. Rowan observes that this transformation is visible throughout the series, noting that Cersei initially starts off vulnerable before becoming intensely ruthless, particularly in the wake of losing her children. According to Rowan, these harsh realities of Westeros effectively molded Cersei, deeply changing her relationship with power. She achieved her ultimate goals and carved her own path through fierce independence, but this journey ultimately came at a significant cost, leaving her isolated and burdened by the price she paid for control."
What significant event in Cersei's life does Saffron highlight as a turning point?,Losing her kids,"In discussions analyzing the complex character of Cersei from *Game of Thrones*, participant Saffron highlights a profoundly impactful moment in the queen's life that serves as a major turning point: the tragic loss of her children. According to Saffron and other members of the group, this immense personal loss pushed Cersei entirely over the edge, stripping away whatever vulnerability she might have once possessed. Saffron notes how Cersei ultimately embraced cruelty as a necessary tool to secure and protect her power in the harsh realities of Westeros, fundamentally transforming her path and sealing her fate in a toxic cycle of ambition and isolation."
Which character's dynamic with Cersei is mentioned as complicated?,Jaime,"In the ongoing discussions about the critically acclaimed HBO television series *Game of Thrones*, the character journeys and complex relationship dynamics—particularly those surrounding the ambitious and cunning queen **Cersei Lannister**—have been a primary focus of analysis among fans and viewers. Among these intricate character relationships, **Jaime Lannister's** dynamic with Cersei is specifically highlighted by the group as being particularly complicated. As discussed by viewers such as Kieran, Cersei and Jaime share a toxic, tragic bond representing a past and a sense of loyalty that Jaime struggles to break away from. This complicated dynamic ultimately complicates his overall redemption arc, especially considering his final moments and choices involving her at the end of the series.Additionally, Cersei's complex relationship with her brother **Tyrion Lannister** is noted as another dynamic that could have significantly altered the trajectory of the series. Phaedra and Lachlan point out that Tyrion always maintained a different perspective on power and better understood the family dynamics. Had Cersei's pride not kept her from accepting his help and advice, their tense relationship might have yielded more rational decisions and a different path for her reign."
What does Lachlan find haunting about Cersei's end?,How much she fought to hold onto her power,"Lachlan finds Cersei Lannister's end from *Game of Thrones* to be quite haunting, particularly given the immense lengths she went to in order to hold onto her power throughout the series. In the group discussions regarding the HBO series, Lachlan points out that Cersei's tragic downfall felt like everything finally catching up to her in a poetic yet sobering way. While reflecting on her complex character arc, Lachlan notes that despite her fierce ambition and the heavy price she paid for control, her ultimate demise brings a sense of poetic justice combined with tragedy, capturing the isolated and fearful reality of her final moments."
What idea does Rowan say Cersei represents?,Power comes at a cost,"According to the discussions among fans reviewing *Game of Thrones*, the character of Cersei Lannister is a subject of much fascination and complexity. Speakers like EmilyBurnett and Rowan analyze her dramatic evolution from a vulnerable, love-struck girl into a ruthless, power-hungry queen. Specifically, when discussing Cersei's ultimate fate and her lifelong pursuit of authority, Rowan points out that Cersei represents the powerful idea that power comes at a severe cost. Throughout her journey, she successfully achieved her ambitious goals and climbed to the top, but she did so at the expense of losing nearly everything and everyone she held dear along the way."
What aspect of Cersei's character does Quillan say often shadows her vulnerability?,Her desperation for control,"According to chat participants discussing the complex character of Cersei from *Game of Thrones*, multiple layers of ambition, isolation, and fierce maternal love define her journey from a love-struck girl to a power-hungry queen. Throughout the group's reflections, her ultimate downfall is often examined as a tragic consequence of balancing supreme authority with deeply rooted personal flaws.Specifically, as noted by the participant **Quillan**, Cersei's intense desperation for control frequently shadows her underlying vulnerability and loneliness at the top. This constant need to dominate her environment and outmaneuver her rivals creates a paranoid isolation, ultimately masking the very human feelings and emotional needs that might have otherwise shaped a happier life."
What relationship could have potentially changed Cersei's path according to Phaedra?,Her relationship with Tyrion,"According to Phaedra, one of the chat participants discussing the complexities of *Game of Thrones*, Cersei Lannister's path could have been significantly altered by her relationship with her brother, **Tyrion Lannister**, provided they had a stronger bond. In the group's deep dive into Cersei's character arc—exploring her transformation from a vulnerable girl into a ruthless, power-hungry queen—Phaedra points out that Tyrion always possessed a much better understanding of the family's complex political dynamics. Because of this insight, Phaedra suggests that if Cersei had maintained a closer, stronger bond with Tyrion and actually listened to his advice instead of giving in to her pride and need for control, things might have played out very differently for her throughout the series."
How does Kieran describe Tywin's influence on Cersei?,He taught her ruthless methods,"Kieran observes that Tywin had a major and undeniable influence on Cersei Lannister. According to Kieran, Tywin's methods were notoriously ruthless, and Cersei learned a great deal from him as she grew and navigated the harsh realities of her world. Furthermore, Kieran notes that Tywin's guidance ultimately helped establish a toxic idea of power within Cersei—framing it as something that must be fought for at all costs. This relentless pressure from her father's demanding environment kept Cersei constantly on edge, deeply shaping her worldview and the ruthless choices she would later make throughout her journey in *Game of Thrones*."
What does Orion say about Cersei's mix of loyalty and fear towards Tywin?,It was a mix of both,"When discussing the complex relationships within *Game of Thrones*, Orion notes that Cersei's dynamic with her father, Tywin, is defined by a ""weird mix of loyalty and fear."" According to Orion, Tywin successfully instilled a powerful survival mentality within her, but this was balanced by a lingering sense of resentment on Cersei's part. Orion elaborates that Cersei ultimately sought to break free from her constant desire for Tywin's approval, which served as the catalyst for her to genuinely become a major player in the game of power. By stepping out from under her father's shadow, her ambition became entirely her own. This crucial shift in independence allowed her to carve her own path, though it simultaneously transformed her into a fierce and isolated figure as she navigated the ruthless realities of Westeros."
What does Rowan say about Cersei's independence?,It made her stronger but also more isolated,"Cersei Lannister's character journey in *Game of Thrones* has sparked extensive discussion among fans, particularly regarding her transformation from a vulnerable, love-struck girl into a ruthless, power-hungry queen. As her story unfolds, her pursuit of power leads her down a path of isolation, where she continually sacrifices meaningful connections in favor of absolute control. When discussing Cersei's autonomy, Rowan notes that her independence definitely made her much stronger. By carving out her own path and stepping out from under the shadow of figures like Tywin Lannister, Cersei became a fiercely independent and self-determined ruler. However, Rowan also points out the severe drawbacks of this trajectory. This hard-won independence turned Cersei into an isolated figure, forcing her to choose between power and human connection. By ultimately choosing power, her ambition backfired, creating a complex and tragic character arc defined by the heavy, unforeseen costs of absolute control."
What does LiHua say Cersei's power came at the price of?,Meaningful connections,"Based on the provided conversations, LiHua notes that Cersei's power came at the price of meaningful connections. Specifically, in discussing Cersei's character trajectory and her fierce independence, LiHua points out that her rise to power and need for control ultimately left her isolated, as she tended to push away those who cared about her in favor of her ambition.This theme of isolation and the heavy cost of ambition is a central point of discussion among the group analyzing Cersei's complex journey in *Game of Thrones*. While Cersei achieves her goals and exercises fierce independence, it turns her into a deeply isolated figure who sacrificed genuine relationships for control."
What relationship could have shown Cersei a different perspective on power according to Lachlan?,Her relationship with Tyrion,"According to the group discussions surrounding *Game of Thrones*, participant Lachlan points out that Cersei Lannister's relationship with her father, Tywin, had a major influence on her and her toxic ideas of power. Additionally, Lachlan explores Cersei's dynamic with her brother, Tyrion. Lachlan notes that Tyrion always maintained a different perspective on power, suggesting that a stronger, more accepting relationship between the two siblings might have helped Cersei make more rational decisions rather than letting her overwhelming pride keep her from accepting help."
What does Tamara say Cersei's love led to?,Her downfall,"According to the group conversations regarding *Game of Thrones*, participant Tamara discusses how Cersei Lannister's fierce love and protectiveness toward her children ultimately became a driving force that contributed to her downfall. Specifically, Tamara notes that Cersei's love and protectiveness turned into an obsession, which caused her to make ruthless choices. Rather than serving as a positive force, this intense love became a weapon that ultimately destroyed her."
What could have changed everything for Cersei if she had embraced it according to Tamara?,Her family ties,"According to Tamara, a participant in the group's discussions, what could have changed everything for Cersei Lannister was the embrace of her family ties and relationships instead of treating them as pawns or threats. Tamara reflects that Cersei's journey highlights a constant clash between love and ambition. If Cersei had chosen to collaborate rather than dominate—specifically by nurturing her family connections without letting her ambition overshadow them—she could have lived a more balanced life. Tamara suggests that embracing these relationships could have prevented her total isolation and might have allowed her to achieve both power and meaningful connections while establishing a much more stable rule."
What does EmilyBurnett say Cersei's choices led to?,Her isolation,"Based on the discussions in the provided data, EmilyBurnett shares several insights regarding Cersei Lannister's journey and how her choices ultimately shaped her fate in *Game of Thrones*. ### The Path to Isolation and EmptinessEmilyBurnett notes that Cersei's relentless pursuit of power and control came at a devastating personal cost. Once her children—who meant everything to her and served as her primary source of emotional fulfillment—were gone, her life became hollow. Emily observes that Cersei's choices ultimately led her into deep isolation, making her power feel ""pretty empty."" Instead of fostering stable rules or working alongside others, Cersei continually treated potential family allies like threats and obstacles, trapping herself in a cycle of loneliness.### A Regression into Toxic PatternsDespite the significant complexity and evolution of Cersei's character throughout the series, EmilyBurnett expresses disappointment regarding Cersei's ultimate trajectory in the final moments of the show. Rather than truly breaking free to live for herself, Cersei ultimately fell back into her old, toxic patterns. Emily points out that this tragic outcome serves as a powerful reminder that personal change and redemption are rarely linear paths."
What does Quillan suggest could have been a game-changer for Cersei?,Accepting Tyrion's advice,"In discussions surrounding the complex character of Cersei Lannister from *Game of Thrones*, participant Quillan highlights several pivotal moments and hypothetical choices that could have drastically altered her journey. Specifically, Quillan suggests that a significant game-changer for Cersei would have been choosing to accept Tyrion Lannister’s advice rather than letting her internal pride and need for absolute control dictate her actions.According to Quillan, a potential collaboration between Cersei and Tyrion could have fundamentally shifted the power dynamics within the family and the realm. Because Tyrion often understood the intricate family dynamics much better, listening to his counsel might have led Cersei to make more rational decisions, avoiding much of the isolation, paranoia, and tragic downfall that ultimately defined her reign."
What does Saffron say Cersei was blinded by?,Her need for control,"Saffron is an active participant in group discussions, frequently sharing her thoughts on various complex storylines, character arcs, and philosophical themes from television series. In the context of the group's deep dive into *Game of Thrones*, Saffron shares her perspective on Cersei Lannister's tumultuous reign and complex legacy.According to Saffron, after the death of Tywin, Cersei found herself with an immense amount of power that she ultimately did not really know how to handle. Saffron specifically notes that Cersei was blinded by her ""need for control,"" which prevented her from forming valuable partnerships and building the necessary alliances that could have transformed her reign. This discussion highlights how Cersei's fierce independence, combined with her inability to look past her own internal pride and need for control, ultimately led to her tragic isolation and downfall."
Who initiates the discussion about game storytelling?,ThaneChambers,"The discussion about game storytelling is initiated by ThaneChambers. In the conversation, ThaneChambers opens the dialogue by asking the group for their top choices regarding game storytelling, sharing a personal preference for *The Last of Us* and its emotional journey. This prompt encourages other participants in the group, such as Bronwyn, Gavriel, and Elara, to share their own perspectives, highlighting narratives from acclaimed video games like *God of War*, *Final Fantasy VII Remake*, and *The Witcher 3*."
What game does ThaneChambers consider their top choice for storytelling?,The Last of Us,"When it comes to game storytelling, **ThaneChambers** considers ***The Last of Us*** to be their top choice. They have expressed a strong appreciation for the title, highlighting its incredible characters and the deeply emotional journey it takes players on. In addition to *The Last of Us*, ThaneChambers and other members of the group frequently discuss a wide variety of critically acclaimed games with exceptional narrative depth. For instance, titles like *The Witcher 3* and *Red Dead Redemption 2* frequently come up in conversations regarding rich world-building, unforgettable character arcs, and impactful player choices that shape the overall gaming experience."
Which game's narrative does Bronwyn appreciate for its father-son dynamic?,God of War,"When discussing the rich narrative and emotional depth found in modern video games, players often highlight titles that push storytelling boundaries. In particular, the critically acclaimed game *God of War* receives high praise from gamers like Bronwyn for its powerful father-son dynamic. Bronwyn notes that the narrative in *God of War* pulls on the player's heartstrings and adds immense depth to the overall story. Specifically, the moment-to-moment dialogue between the father and son figures provides a compelling emotional journey that resonates deeply with players navigating the game's expansive world."
What game does Gavriel mention for its characters and plot twists?,Final Fantasy VII Remake,"When discussing games known for their compelling characters and intricate plot twists, Gavriel highlights **""Final Fantasy VII Remake.""** During a group conversation about gaming storytelling, Gavriel notes that the title does a fantastic job with its characters and plot twists, specifically praising how the developers expanded upon the original story to make it exceptionally engaging. Beyond this title, Gavriel is an active participant in community discussions, often sharing enthusiasm for various other games and their memorable elements. For instance, Gavriel enjoys titles like ""The Witcher 3"" for its rich side quests and Gwent mini-games, ""Red Dead Redemption 2"" for its deep character growth, and ""Persona 5 Royal"" for its blend of RPG elements and social simulation. Ultimately, whether diving into deep tactical RPGs or exploring massive open worlds, Gavriel's contributions to the group chat highlight a strong appreciation for rich narrative depth, character development, and engaging game mechanics across a wide variety of titles."
Which game does ThaneChambers recommend for its choice-based storytelling?,Life is Strange,"ThaneChambers recommends **Life is Strange** when discussing games with impactful, choice-based storytelling. During a conversation in the group about game storytelling, Thane brings up the title after mentioning *Final Fantasy VII Remake*, highlighting how player choices directly affect the narrative and noting that the character arcs throughout the experience are remarkably relatable.In addition to *Life is Strange*, ThaneChambers and the other members of the group frequently discuss and celebrate other narrative-driven masterpieces. For instance, Thane is a massive advocate for *The Last of Us*, praising its emotional journey and gripping story, and often reflects on the heavy moral choices and intricate character development found in *The Witcher 3*."
What game does Elara mention for making her emotional?,Bioshock Infinite,"When it comes to gaming experiences that evoke deep emotional responses, players often find themselves moved by rich storytelling, character arcs, and unforgettable moments. Among the gaming community, titles like *Bioshock Infinite* frequently stand out for their profound narrative impact. As discussed by Elara and fellow gamers, *Bioshock Infinite* is remembered particularly for making her emotional, especially due to its mind-blowing plot twist at the end and its brilliant thematic exploration of choice and consequence. In addition to *Bioshock Infinite*, Elara and other enthusiasts frequently highlight the emotional weight found in other critically acclaimed titles. Games like *The Last of Us Part II* and *Red Dead Redemption 2* similarly leave lasting impressions on players through powerful character development, tragic narrative arcs, and immersive worlds that make the emotional stakes feel entirely real."
Which game does Jareth praise for its storytelling in side quests?,The Witcher 3,"Jareth is a participant in various gaming discussions who engages deeply with the mechanics, atmosphere, and narratives of popular titles. When it comes to the specific topic of storytelling in side quests, Jareth points to the acclaimed open-world RPG, *The Witcher 3*.During conversations about game storytelling and open-world immersion, Jareth expresses high praise for *The Witcher 3*, noting how its narrative seamlessly weaves into every corner of the experience and how every decision feels impactful to the surrounding world. This appreciation is shared by other members of the group who frequently discuss the rich backstory, emotional weight, and moral complexity found in the side quests and character arcs of the game."
What game does Dyllan describe as epic for its samurai culture?,Ghost of Tsushima,"Dyllan is an enthusiastic participant in gaming discussions who often shares insights, strategic approaches, and memorable moments across various titles. Among the many games discussed within the community, Dyllan specifically highlights *Ghost of Tsushima* as an epic experience. When discussing the title, Dyllan notes that the samurai culture really comes alive within the game. Furthermore, Dyllan praises how successfully the game explores the compelling conflict between ancient tradition and inevitable change, all while highlighting its stunning visual presentation."
Which game does Helios call a masterpiece for making players feel connected to the characters?,Red Dead Redemption 2,"Based on the discussions and gaming conversations among the participants, the game that Helios specifically describes as a masterpiece for its ability to forge a deep connection between players and the characters—highlighting the powerful evolution of its protagonist, Arthur—is *Red Dead Redemption 2*. Throughout the group dialogues, Helios frequently shares insights and praises regarding this critically acclaimed open-world title. In addition to discussing its immersive cinematic moments, train heists, and memorable game glitches, Helios emphasizes how the narrative successfully draws players into the struggles and emotional journeys of its cast, making the character development truly stand out."
"What scene from ""Red Dead Redemption 2"" does Bronwyn mention as emotional?",The scene with Arthur and John on the mountain,"Based on the discussions regarding *Red Dead Redemption 2*, Bronwyn highlights a particularly poignant and emotional scene involving the game's central characters. Specifically, Bronwyn mentions the powerful moment shared between Arthur Morgan and John Marston up on the mountain. Describing it as a scene of deep camaraderie and understanding just before everything takes a turn for the worse, she notes how deeply emotional and impactful the interaction is. This specific sequence captures the heavy atmosphere and the emotional weight of the character arcs as the gang's story reaches its dramatic and bittersweet climax."
What game does Ileana say made her question the morality of her actions?,Red Dead Redemption 2,"Ileana is an active participant in various discussions involving video games, sharing her gameplay experiences and personal reflections on narrative-driven titles. In conversations surrounding complex moral dilemmas and emotionally resonant character arcs, she engages deeply with games that challenge the player's perspective on right and wrong.Specifically, Ileana shares a profound emotional response regarding the critically acclaimed RPG *The Witcher 3: Wild Hunt*. During a discussion about the game's morally gray questlines, she notes that the heavy outcomes tied to the choices made during the infamous ""Bloody Baron"" storyline left her feeling intensely torn. She expresses that she was almost moved to tears upon realizing the unforeseen and tragic consequences of her decisions regarding the Baron and his family, showcasing how the game forces players to grapple with guilt, redemption, and the true weight of their actions."
Which game does Caelum mention for encouraging emotional engagement with the narrative?,Red Dead Redemption 2,"Caelum discusses several games across the provided conversations, noting particular titles that stand out for their deep storytelling, character development, and immersive worlds. Among these, Caelum specifically highlights *Red Dead Redemption 2* for how its narrative encourages players to engage emotionally with the characters and their fates. In discussing *Red Dead Redemption 2*, Caelum mentions being mindful of Arthur's honor and the impact of personal decisions, noting that the game's narrative genuinely encourages players to form an emotional connection with the protagonist. This emotional investment makes the overall experience and the character's journey particularly memorable."
What game does Bronwyn say mixes daily life with deep story arcs?,Persona 5,"When exploring the deep narratives and rich character arcs found in modern gaming, players often share their favorite titles that seamlessly blend everyday experiences with profound storytelling. In one such discussion among gaming enthusiasts, Bronwyn specifically highlights the critically acclaimed title ***Persona 5*** as a masterclass in this style. Bronwyn notes that ***Persona 5*** does a fantastic job of mixing daily life simulation elements with deep, engaging story arcs. The game brilliantly ties its character development directly into the gameplay loop, making each day feel vital and important to the overall growth of the cast. This unique blend resonates strongly with players who appreciate how deeply integrated gameplay and storytelling can become, much like the emotional journeys found in other narrative-driven masterpieces discussed by the community, such as *The Last of Us* and *Red Dead Redemption 2*."
Which game does Ileana mention for its unique world and storytelling?,Horizon Zero Dawn,"Ileana is a participant in various gaming discussions who actively shares her experiences, preferences, and emotional connections to numerous story-driven titles. When discussing games that captivated her with their unique worlds and storytelling, Ileana specifically highlights *Horizon Zero Dawn*. In the community conversations, she expresses how Aloy’s journey and the gripping mysteries that unfold within that unique sci-fi universe completely hooked her, showcasing the type of immersive narrative exploration she deeply enjoys."
What game does LiHua mention for exploring themes of choice & consciousness & humanity?,Detroit: Become Human,"LiHua mentions the game ***Detroit: Become Human*** when discussing titles that explore the profound themes of choice, consciousness, and humanity. During a group conversation about narrative-driven games and branching storylines, LiHua highlights how this specific title stands out for its thought-provoking concepts and the way its multiple endings constantly keep players guessing about the true impact of their decisions.The game's branching narrative structure heavily emphasizes player agency, making the philosophical questions surrounding artificial intelligence and free will feel immediate and personal. By putting players in control of characters navigating their own awakening, it creates an engaging experience that mirrors some of the same deep ethical dilemmas found in sci-fi media like *Westworld*."
Which game does Dyllan say raised interesting questions and moral dilemmas?,Detroit: Become Human,"Based on the provided discussion transcripts, Dyllan mentions that the game ***Detroit: Become Human*** raised some interesting questions and moral dilemmas, contributing to the rich narrative and thought-provoking themes regarding choice and consciousness. In the conversations about video games and storytelling, Dyllan actively participates in discussing various titles, character arcs, and gameplay mechanics across multiple critically acclaimed games. Alongside *Detroit: Become Human*, Dyllan's gaming discussions span a wide variety of experiences, ranging from the open-world depth and character relationships of *Red Dead Redemption 2*—where Dyllan shares memorable moments like encountering the eerie swamp hermit and appreciating Arthur's redemption arc—to tactical RPG strategies in *Octopath Traveler*, card-battling encounters during epic *Gwent* matches in Skellige against commanders, and strategic boss battles like defeating Alduin in *Skyrim*. Furthermore, Dyllan shares thoughts on other atmospheric and narrative-driven titles, expressing excitement for upcoming PS5 exclusives like *Final Fantasy XVI* and *Marvel's Spider-Man 2*, discussing dynamic supernatural combat and exploration in *Ghostwire: Tokyo*, and appreciating the emotional depth and unexpected themes found in indie and narrative adventures like *Firewatch* and *Oxenfree*."
What game does Dyllan recall for its intimate feel and dialogue?,Firewatch,"Based on the discussion, Dyllan recalls the game **Firewatch** for its emotional depth and how its characters reveal emotional layers through their interactions, making it a powerful storytelling experience that starts off straightforward before delving into themes of loneliness and personal struggle.Additionally, other participants in the discussion note that *Firewatch* uses its soundtrack to create an immersive experience, matching the tranquil yet tense moments of exploration. They highlight how the music enhances the interactions between Henry and Delilah, making their evolving relationship feel even more intimate."
Which game does LiHua mention for playing with various storytelling tropes?,The Stanley Parable,"Based on the provided data, LiHua mentions the game **""Detroit: Become Human""** when discussing storytelling tropes. Specifically, she highlights how the game explores themes of choice, consciousness, and humanity in a thought-provoking way, noting that its multiple endings and branching narratives keep players guessing about the impact of their decisions.In addition to ""Detroit: Become Human,"" the discussions among the group members showcase a wide variety of other titles that utilize powerful narrative devices and storytelling tropes. For instance, games like *Red Dead Redemption 2*, *The Witcher 3*, and *The Last of Us* are frequently praised by LiHua and other participants for their deep character arcs, moral dilemmas, and emotional weight."
When did Li Hua receive the curtains?,Yesterday (implied to be 20261011),"Based on the provided data, there is a discussion between Li Hua and Adam Smith regarding the installation of a curtain on a basement window. During their conversation, Adam offers to help, and they schedule the task for Thursday afternoon. However, the provided records do not contain any information confirming whether the curtain was successfully received or installed, nor is there any mention of a specific delivery or receipt date beyond the planning phase of their meeting."
What does Li Hua like about the curtains?,the patterns,"Based on the provided data tables, Li Hua wants to install a curtain on the basement window to ""boost the privacy down there."" While Adam Smith readily agrees to help with the installation and brings the necessary tools on a Thursday afternoon, the text focuses primarily on the practical goal of increasing privacy in the basement space rather than detailing any aesthetic preferences Li Hua might have regarding the curtains themselves."
Who offers to help with the installation of the curtains?,AdamSmith,"When LiHua expressed a desire for assistance with installing a curtain on the basement window to boost privacy, AdamSmith quickly offered to help. After LiHua asked if someone could help get the job done sometime during the week, AdamSmith stated that he was free on either Wednesday or Thursday afternoon. LiHua ultimately chose Thursday afternoon, and AdamSmith confirmed that he would bring the necessary tools to complete the task."
What does Turalyon want to hear everyone's thoughts on?,the new benches,"Based on the provided data, Turalyon initiates a discussion to get everyone's thoughts and input on specific aspects of the garden project. Specifically, Turalyon wants to hear everyone's thoughts on **maintenance and upkeep**, asking the group for ideas on how to keep the garden looking good throughout the season. Additionally, he expresses interest in sharing information regarding the **best time to plant** everything so the flowers can thrive."
What does MuradinBronzebeard think about the cushions idea?,It sounds like a nice idea,"Based on the provided data tables, there is no mention of Muradin Bronzebeard sharing an opinion specifically about a ""cushions"" idea. While the community members, including Muradin Bronzebeard, discuss numerous creative ideas for their garden renovation project—such as flower layouts, seating areas, community art, workshops for composting and recycling, and even live music—cushions are not brought up in the discussions."
What does MalfurionStormrage suggest for sunny days?,umbrellas for shade,"When discussing the ongoing weather delays and construction postponements due to severe storms and rain in the community garden project, MalfurionStormrage shares his thoughts on looking forward to better days. While other members like Tirion Fordring and MuradinBronzebeard talk about resuming construction and planning for planting, MalfurionStormrage specifically expresses his anticipation for the upcoming blooms and offers a positive outlook.Specifically, MalfurionStormrage suggests staying positive and hoping for good weather, noting how much he is looking forward to seeing all the flowers. He emphasizes that the blooming flowers will definitely brighten up the community once everything is in place for the garden transformation."
Who proposes the idea of adding tables near the benches?,RexxarRemar,"Based on the provided data tables, the individual who proposes the idea of adding tables near the benches in the community garden is LiHua. During a discussion about updates and new features for the garden renovation project—specifically following the completion of the children's play area—Thrall suggests adding outdoor games or a small water feature. LiHua builds upon this suggestion by proposing the addition of picnic tables so that families can enjoy some snacks after playing, creating a wonderful gathering spot for everyone."
What does GromHellscream suggest to brighten the area in the evening?,lanterns or string lights,"Based on the community discussions and planning sessions regarding the community garden and surrounding events, community member **Grom Hellscream** contributes several enthusiastic ideas to help improve the space and make it vibrant. While much of the focus centers around blooming flowers, community art, and garden renovations, specific evening-related suggestions are part of broader community planning efforts.During discussions about organizing special holiday and seasonal events in the area—specifically when considering how to incorporate the newly renovated garden spaces into evening or weekend festivities—Grom Hellscream strongly supports utilizing the garden as a key part of the celebrations. He notes that integrating the garden into these gatherings will be a great way for everyone to enjoy the fresh air and environment together. Additionally, Grom Hellscream consistently encourages pushing forward with creative ideas, incorporating local art showcases, and maintaining high energy and community spirit so that the transformed space remains a welcoming and lively hub for all residents to enjoy day and night."
What type of lanterns does MalfurionStormrage recommend?,solar-powered lanterns,"Based on the provided data tables and chat logs, there is no mention of **MalfurionStormrage** recommending any type of lanterns. While MalfurionStormrage is an active participant in community discussions regarding the garden renovation, seasonal event planning, and tree planting activities, his contributions focus on ideas like adding seating areas, community art, weekend meetings, and flower layouts rather than lanterns.If there are any discussions regarding lanterns in the text, they are typically mentioned in passing by other participants describing atmospheric settings—such as Ileana discussing a ""standoff with the rival gang in the middle of the night"" where the ""atmosphere with the lanterns and the stakes so high had me on the edge of my seat""—rather than any specific recommendation made by MalfurionStormrage."
Who is excited to see how the garden evolves?,Thrall,"Based on the collaborative community efforts and discussions surrounding the development of the local green space, numerous participants have expressed genuine enthusiasm and anticipation regarding the progress and future transformation of the garden. Among those most vocal about their excitement to see how the neighborhood project unfolds is **LiHua**, who has frequently shared in the group chats how much she looks forward to watching the area thrive, blossom, and eventually serve as a wonderful, peaceful green environment for everyone to enjoy. Alongside LiHua, **MalfurionStormrage** has repeatedly voiced a strong sense of eagerness regarding the final results, noting how wonderful it is to watch the community’s collective creativity, hard work, and shared ideas finally come together to turn their shared vision into a flourishing reality."
What does Turalyon think about the suggestions?,They are going to make the garden a fantastic community spot,"Based on the provided conversations, Turalyon is extremely enthusiastic and supportive of the various suggestions made for the community garden project. When community members pitch ideas, he consistently responds with positive reinforcement, helpful updates, and a collaborative spirit.### Garden Layout and AestheticsWhen Muradin Bronzebeard suggests grouping the flowers—specifically Bluebells, Camellias, and Tulips—by color or height for a better visual effect, Turalyon immediately agrees, calling it a smart idea that will make the garden really pop. ### Seating and Community SpaceMalfurion Stormrage's suggestion to add benches or seating areas is met with equal enthusiasm. Turalyon notes that a seating area will give everyone a nice place to enjoy the blooms and successfully create a community space for everyone to gather. He also takes the initiative to provide project updates, letting the group know when the benches are officially installed (while kindly reminding everyone to wait for the paint to dry).### Community Engagement and ActivitiesTuralyon strongly supports collaborative efforts and community involvement. When the group discusses organizing a community planting day complete with festive food, music, and activities for kids, Turalyon thinks including children's activities is a ""great idea"" that will keep the energy high and make it a memorable day for families. Furthermore, when tasks are discussed to keep the project organized, he emphasizes making the garden a true community effort by assigning tasks fairly based on everyone's strengths and preferences."
What does ChaeSong-hwa suggest for the garden once everything is set up?,a little gathering,"Throughout the community garden planning and renovation process, ChaeSong-hwa actively contributes numerous creative and community-focused ideas. Once the broader framework of the garden is established, ChaeSong-hwa focuses on adding elements that enhance the visual appeal, biodiversity, and communal utility of the space.### Enhancing Aesthetics and Seasonal CharmChaeSong-hwa suggests incorporating seasonal flowers into the garden's design to truly brighten up the space. By introducing a vibrant mix of blooms, the garden can maintain a colorful and inviting atmosphere throughout the changing seasons. These floral arrangements not only serve as a lovely spot for residents to relax and chill out, but they also act as a gathering spot full of life and laughter for the entire neighborhood.### Community Involvement and AtmosphereBeyond the physical plants, ChaeSong-hwa emphasizes the importance of community involvement. Specifically, she suggests getting local residents directly involved in the planting process of these seasonal flowers. By encouraging widespread participation, the garden becomes a true collaborative community effort, fostering strong bonds, a welcoming vibe, and lasting memories among all the participants."
What kind of activities does MalfurionStormrage suggest for the gathering?,games for kids & flower planting workshops & good food,"MalfurionStormrage actively participates in community discussions regarding various gatherings and space transformations, particularly focusing on the community garden renovation project. Throughout the planning sessions, MalfurionStormrage contributes several creative ideas to enhance the atmosphere and ensure the space is enjoyable and relaxing for everyone involved.For the community gatherings and the overall garden space, MalfurionStormrage suggests incorporating **benches or seating areas**. This addition is proposed to provide everyone with a comfortable spot to sit, relax, and fully enjoy the blooming flowers and the new environment. Additionally, as the plans for the children's play area and family spaces develop, MalfurionStormrage proposes adding a **small book nook equipped with chairs for reading**, creating a peaceful area for relaxation alongside the other community features."
Who offers to check with friends for live music performance?,ArthasMenethil,"LiHua offers to check with friends—specifically suggesting they ask Wolfgang Schulz for ideas—regarding live music performances and song selections for their band's jam sessions. Throughout their musical journey, LiHua frequently collaborates with bandmates such as Wolfgang Schulz, Yuriko Yamamoto, and ChaeSong-hwa. Whether they are preparing for upcoming Sunday jam sessions, organizing setlists with classic rock hits, or planning trips to local music stores and festivals, LiHua is actively involved in coordinating with the group to ensure their music events are a success."
What does MuradinBronzebeard think about live music?,It would really enhance the experience,"Muradin Bronzebeard is a prominent community member actively involved in planning and organizing the local garden transformation project alongside others like Turalyon, Tirion Fordring, and ChaeSong-hwa. When discussions turned toward enhancing the community events and creating a welcoming, vibrant atmosphere in the garden, Muradin shared his enthusiastic perspective on entertainment.Specifically, Muradin Bronzebeard believes that adding live music would significantly enhance the overall visitor experience. He notes that live performances will create a lovely, engaging atmosphere for everyone while they enjoy the food and the newly transformed garden spaces. Furthermore, to bring this vision to life, Muradin has encouraged the community to continue brainstorming about the best musical genres to feature and to consider if any community members have talented friends who would be willing to perform and bring a special touch to the gatherings."
Who suggests doing a group purchase of the new games?,ThaneChambers,"Based on the provided conversation logs and discussions among the gaming and community groups, there is no mention of anyone suggesting a group purchase for new games. While members like ThaneChambers and LiHua frequently discuss going shopping together—such as visiting a local game store with killer discounts on PS5 games or planning game nights with titles like *Rocket League* and *Overcooked*—the specific idea of pooling funds or orchestrating a collective group purchase for new video game titles is never brought up in the chats."
What does ThaneChambers think about the new games?,excited and interested,"ThaneChambers is an enthusiastic participant in group discussions regarding upcoming video game releases, digital storefront drops, and physical disc purchases. When new titles are mentioned, ThaneChambers is quick to express excitement and often proposes organizing group purchases to dive into adventures together with friends. For ThaneChambers, the anticipation of new games is a social experience best shared, frequently suggesting collaborative play and group shopping sprees.Regarding specific upcoming titles and PS5 exclusives, ThaneChambers is particularly hyped for major releases like *Marvel’s Spider-Man 2*, appreciating games that deliver stunning visuals, vibrant urban settings like sunset-lit cities, and smooth traversal mechanics. Additionally, ThaneChambers enjoys titles with dynamic, responsive elements—such as a dynamic soundtrack that reacts to player choices—believing that these audio-visual features deeply amplify the overall storytelling and emotional weight of the gaming experience."
What feature are they hoping for in the new game?,co-op missions and shared loot system,"When discussing upcoming games and unannounced or anticipated titles, community members share a variety of exciting features they hope to see incorporated into future releases. Gamers like Fionnuala express a desire for unique powers that enhance both combat and exploration, such as teleportation, spirit control, or environmental interaction tools that add fresh layers to gameplay. Additionally, players are keenly interested in how developers will handle dynamic gameplay elements. Jareth and Aisling hope for robust combo systems where combining abilities—like elemental magic or shadow and light attacks—yields bonus effects, special moves, and emergent combat synergies. There is also a strong emphasis on maintaining a well-balanced challenge, with suggestions for cooldown systems and enemy types resistant to certain powers to keep tactical thinking essential."
What does Helios want to know about the game?,whether it will feature crossplay,"Based on the provided conversation data and participant entities, Helios is an active gamer and chat participant who shares insights, tips, and personal experiences across a variety of video games, particularly *Horizon Forbidden West* and *Octopath Traveler*. When discussing the upcoming resource-and-crafting survival co-op game, Helios expresses a clear interest in several specific mechanics and gameplay systems. Specifically, Helios is interested in exploring group purchases, shared loot systems, and item-trading mechanics among players. Additionally, Helios is keen on diving into a deep skill tree or progression and upgrade system that allows for character customization and strategic growth."
What does Dyllan think about crossplay?,it was awesome and makes playing together much easier,"Based on the provided discussion data, Dyllan shares a positive perspective on crossplay, drawing from past experiences. Specifically, Dyllan expresses positive past experiences with crossplay features and voices hope that any new game they play will support the ability to play seamlessly across different gaming consoles."
What does Ileana think is essential for the new game?,a robust matchmaking system,"Based on the provided discussion data, Ileana emphasizes that having a robust matchmaking system is essential for the upcoming game. She notes that this feature is crucial for finding the right team with shared goals and skill levels, while also helping players avoid the frustration of being matched with others who are not on the same page. In addition to her thoughts on matchmaking, Ileana shares several other preferences and expectations for gaming experiences. She values proper equipment preparation and leveling up to overcome difficult final bosses, and she suggests incorporating gadgets that utilize movement detection or thermal imaging to heighten danger and enhance strategic planning."
What does Fionnuala think about matchmaking systems?,they can make or break the experience,"Based on the provided data tables, there is no mention of Fionnuala expressing an opinion or discussing matchmaking systems in video games or sports. The conversations involving Fionnuala primarily cover topics such as video game sound design and soundtracks (including praise for *Demon's Souls*, *Mass Effect Legendary Edition*, *Final Fantasy XVI*, *Gris*, *Hollow Knight*, and *The Last Guardian*), game glitches in *Red Dead Redemption 2*, stealth mechanics and gadgets (like holographic decoys) in tactical shooter discussions, and emotional storytelling moments in RPGs like *The Witcher 3*. Because the provided sources do not contain any information regarding matchmaking systems and Fionnuala's thoughts on them, I do not know the answer."
What does Helios think would be awesome for character development?,a deep skill tree or upgrade system,"Helios is a dynamic participant in various discussions about video games, sharing thoughtful insights on narrative structures, gameplay mechanics, and character dynamics. When considering what Helios finds awesome for character development, we can look at the participant's appreciation for deep storytelling and immersive RPG experiences. Specifically, Helios highlights games like *Red Dead Redemption 2*, praising Arthur's character evolution and the gritty, emotional storytelling. Helios values rich narratives where characters grow and change, appreciating when games allow players to connect deeply with the struggles and journeys of protagonists. Additionally, Helios enjoys when RPGs and narrative-driven titles offer personalized and dynamic interactions, reflecting a keen interest in character depth and meaningful progression."
What does Gavriel think about crafting systems?,they offer a chance to create unique weapons and gear,"Based on the provided conversation logs, there is no specific mention or discussion of crafting systems by Gavriel. While the participants frequently discuss various aspects of video games—such as character development, NPC design, memorable boss fights, open-world exploration, and in-game card games like Gwent—crafting mechanics do not appear in any of Gavriel's shared thoughts or interactions.Instead, Gavriel's commentary in the group discussions is heavily focused on game characters, emotional bonds with companions (such as Trico from *The Last Guardian*), the complexities of leadership and morality in characters like Dutch van der Linde from *Red Dead Redemption 2*, and various stealth and gameplay mechanics."
What does Elara think about resource management?,it always makes it feel more immersive,"Elara's perspective on resource management within gaming primarily centers around the excitement of gathering diverse materials, crafting, and exploring hidden elements. Rather than focusing strictly on the logistical challenges, she expresses enthusiasm for a rich variety of resources that can enhance the overall gameplay experience.Specifically, Elara has mentioned hoping for a mix of materials used for crafting weapons and armor, rare items dedicated to upgrades, and in-game currency utilized for trading. Furthermore, she finds the idea of exploring the game world to uncover hidden treasures that offer pleasant surprises to be an exciting aspect of resource systems."
What does Fionnuala think about potions and temporary boosts?,they are always helpful,"Fionnuala shares enthusiastic views regarding the use of potions and temporary boosts in gaming, particularly highlighting how helpful they can be during challenging situations. According to her insights, these mechanics can completely turn the tide of a difficult battle or provide the necessary extra advantage needed to succeed. She also enjoys variety in this area, noting that different types of boosts—such as those that temporarily enhance attack power or boost speed—add an exciting and strategic layer to gameplay."
What does ThaneChambers think about stealth boosts?,they add a whole new layer to gameplay,"Based on the provided data, ThaneChambers does not specifically discuss ""stealth boosts."" However, ThaneChambers is heavily involved in conversations about game mechanics, stealth, and strategy. When discussing stealth mechanics, ThaneChambers and other participants in the group explore various ideas for enhancing stealth gameplay, such as introducing characters focused on intelligence, using surveillance drones, hacking enemy technology, and navigating snowy environments like the Arctic or the Alps to utilize terrain for strategic advantage. While specific mentions of ""stealth boosts"" are absent from the dialogue, ThaneChambers expresses enthusiasm for innovative gameplay mechanics that elevate stealth, strategy, and teamwork in future video game titles."
What does Bronwyn think about the idea of stealth missions?,it will be all about timing and communication,"When the discussion surrounding upcoming game mechanics turns toward the possibility of stealth missions—particularly how sneaking might change team dynamics and gameplay strategies—Bronwyn shares a very practical and thoughtful perspective. Rather than shying away from a tactical challenge, Bronwyn notes that incorporating stealth would require players to approach situations much more carefully, shifting the focus to timing and communication. Furthermore, Bronwyn expresses genuine enthusiasm for the concept, pointing out the unique satisfaction that comes with successfully sneaking up on bosses or tougher enemies. For Bronwyn, the added challenge is a welcome addition that would make coordinated team efforts all the more rewarding, enhancing the overall tactical depth of the gameplay experience."
What does LiHua think about the potential for stealth in the game?,it could lead to some really engaging and strategic gameplay,"LiHua expresses immense excitement and optimism regarding the potential implementation of stealth mechanics in the upcoming game. When discussing the strategic possibilities of stealth with fellow group members, LiHua notes that thoughtful resource management and well-designed stealth systems could lead to deeply engaging and strategic gameplay that keeps players on their toes. Furthermore, LiHua highlights how incorporating stealth opens up exciting cooperative opportunities, noting that players would likely need to coordinate closely, assign specific roles—such as having one player distract enemies while others sneak around—and rely heavily on communication during tense moments. This enthusiasm reflects LiHua's broader appreciation for tactical gameplay and cooperative teamwork, eagerly anticipating how these elements will shape memorable shared experiences upon the game's release."
What team does JakeWatson admire for their comebacks?,Real Madrid,"JakeWatson is a notable fan of soccer and has shared his admiration for a few different teams known for their incredible comebacks and thrilling matches. In particular, he has expressed deep admiration for **Real Madrid**, highlighting their legendary never-say-die attitude and ability to thrive under immense pressure when games get tough. He specifically reminisced about one of their most famous Champions League comebacks against Manchester City in 2022, where a stoppage-line goal by Rodrygo turned the match around after they looked completely down and out. This unpredictability and resilience are what keep JakeWatson hooked on their performances.In addition to Real Madrid, JakeWatson and his group have frequently discussed the dramatic history and famous comebacks of **FC Barcelona**, especially in the context of their intense matchups and history in the UEFA Champions League against rivals like Bayern Munich and Paris Saint-Germain."
What is one characteristic of Real Madrid that JakeWatson mentions?,they thrive under pressure,"Real Madrid is celebrated for several defining traits by fans and enthusiasts, particularly within sports discussions. One notable characteristic highlighted by JakeWatson is the club's incredible ability to thrive under pressure and stage remarkable comebacks. JakeWatson points out that Real Madrid possesses a distinct ""never-say-die attitude"" that allows them to turn games around even when they appear to be entirely out of contention. He vividly recalls moments like their famous Champions League comeback against Manchester City in 2022, where a late flurry of goals snatched victory from the jaws of defeat, showcasing the squad's immense belief, determination, and resilience."
Which match does JakeWatson remember for Real Madrid's comeback?,Champions League against Manchester City in 2022,"JakeWatson remembers a specific, thrilling match for Real Madrid's incredible comeback prowess: the famous Champions League comeback against Manchester City in 2022. During this unforgettable night, Real Madrid looked entirely defeated, but a stoppage-time goal by Rodrygo sparked a stunning turnaround, allowing them to score twice in quick succession. According to JakeWatson, this dramatic encounter perfectly highlights the club's trademark never-say-die attitude, belief, and determination when thriving under immense pressure on the European stage."
What was special about the match against Manchester City in 2022 according to the group discussion?,Rodrygo's stoppage-time goal,"### The Legendary 2022 EncounterAccording to the group discussion, the match against Manchester City in 2022 was an unforgettable, dramatic Champions League fixture involving Real Madrid. The conversation highlights the intense pressure and the classic ""never-say-die"" attitude that Real Madrid is famous for, allowing them to pull off a remarkable and thrilling comeback against Manchester City when the odds seemed heavily against them. ### Key Moments of DramaParticipants in the chat specifically pointed out the sheer excitement of the stoppage-time heroics during the game. Particularly, the dramatic late goal scored by Rodrygo was described as an ""epic"" moment that completely shifted the momentum of the tie. Being down by two goals and somehow managing to score twice in quick succession showcased the unbelievable belief, determination, and winning culture ingrained in the club."
What does Aurora say about the atmosphere at the Bernabéu during tough games?,It was electric,"The legendary **Santiago Bernabéu Stadium** is renowned throughout the world of soccer for its incredible ability to provide an electric atmosphere and offer a massive home advantage to Real Madrid. Over the years, this historic venue has played host to countless unforgettable encounters—such as the intense 2017 El Clásico clash where Cristiano Ronaldo sealed a lethal strike for a 3-1 victory against Barcelona. When discussing the monumental Champions League comeback against Manchester City in 2022—where Real Madrid remarkably overturned a deficit with stoppage-time heroics from players like Rodrygo—**Aurora** specifically highlighted the intensity of the venue. She noted that the atmosphere inside the Bernabéu during that thrilling match was entirely electric, emphasizing that Real Madrid's strong home advantage and the roaring energy of their supporters play a monumental role in lifting the team during those nail-biting, high-pressure situations.Ultimately, this deep connection between the passionate fans in the stands and the players on the pitch creates an environment where the squad feels empowered to dig deeper. As Aurora and other observers point out, that collective spirit is deeply ingrained in the club's winning culture, transforming the Bernabéu into one of the most formidable grounds in global football."
What does Evangeline say about Real Madrid's history in the Champions League?,They have a legendary history and a winning culture,"Evangeline is a passionate participant in the group's football discussions, often sharing insightful analysis on managerial philosophies, player mindsets, and iconic clubs. When discussing tactical setups and club mentalities, she frequently highlights the unique traits that drive legendary teams forward.Regarding Real Madrid, Evangeline notes their deep-rooted winning culture and legendary history in the Champions League. She emphasizes that this winning mentality is so deeply ingrained in everyone at the club that it creates an almost innate expectation to stage comebacks and secure victories, even when situations look bleak."
What does Briar think about Real Madrid's chances for the rest of the season?,They have a solid chance to challenge for every title,"Briar is an enthusiastic participant in soccer discussions who actively engages in planning weekend practices, analyzing tactical formations like the 4-2-3-1, and following major football tournaments and leagues. Known for emphasizing teamwork, resilience, and proper hydration during drills, Briar also shares insights on international squads like England and prominent club competitions.When discussing Real Madrid specifically, Briar shares strong perspectives on the club's competitive standing. Specifically, Briar believes that Real Madrid has a solid chance to challenge for every title during the season. This optimistic outlook is attributed to the team's impressive squad depth, the successful integration of new talent, and the tactical guidance of manager Carlo Ancelotti, especially in crunch moments."
Who is Real Madrid's coach according to Ivor?,Ancelotti,"Real Madrid is widely recognized as a top-tier Spanish football club celebrated for its legendary history, dramatic comebacks in the Champions League, and fierce rivalries in El Clásico against Barcelona. As a football club, they have famously engaged in thrilling matches against teams like Manchester City and Barcelona. According to participant discussions, including insights from Ivor, the team's leadership and management are crucial to their success. Specifically, Ancelotti is noted as the manager who knows how to get the best out of his players, even in high-pressure crunch moments."
What does Dacey propose to practice on Saturday?,soccer shooting skills,"Dacey is an enthusiastic participant in the group's soccer and fitness discussions, often chiming in with creative ideas and high energy. When the group organizes weekend soccer sessions, Dacey is right in the thick of the planning, bringing a fun and strategic mindset to the team. Specifically, Dacey proposes incorporating target practice into their Saturday soccer sessions. To achieve this, Dacey suggests setting up cones as targets to aim for while passing, which serves as an engaging and effective way to sharpen everyone's shooting and passing accuracy. Additionally, Dacey emphasizes keeping energy levels high, encouraging everyone to bring plenty of water bottles to stay hydrated throughout the high-intensity drills. Beyond target practice and passing drills, Dacey also participates in discussions regarding defensive drills—frequently talking about players like Kanté—and looks forward to playing match strategies out on the field. Ultimately, Dacey's Saturday proposals are all about combining skill improvement, tactical execution, and a whole lot of fun with friends before enjoying some well-earned pizza afterward."
Where do they plan to meet for soccer practice?,the local park,"Based on the provided data, the group organizes various soccer practice sessions, drills, and weekend meetups, but the specific physical venue or meeting spot mentioned across the planning discussions is **the park near the pitch** or simply **the park** (as discussed for weekend drills). Additionally, the messages highlight that these soccer gatherings take place on the **field**, with various sessions organized throughout the weekends to work on passing, shooting, and dribbling skills."
What time do they plan to meet for soccer practice?,3 PM,"Soccer practice sessions and meetups are organized frequently by the group, with specific times planned for weekends and training drills. For instance, weekend sessions focusing on passing, shooting, and dribbling are often scheduled for Saturday or Sunday afternoons. Many of these practice meetings are set to begin at 2:00 PM or 3:00 PM to ensure there is plenty of daylight and time to train before dark. In addition to afternoon weekend practices, other specialized sessions are planned around specific times. For example, a goalkeeper training session was arranged for 10:00 AM on a Sunday, while weekday evening practices—such as dribbling drills—are often planned for 6:00 PM. After these soccer practice sessions conclude, the group frequently coordinates plans to gather for food, drinks, and snacks, such as enjoying pizza together."
Who offers to bring cones for the soccer practice?,Aurora,"Based on the discussions and plans for the upcoming soccer practice sessions, there are a couple of helpful group members who generously offer to bring cones to help set up drills and organize the field. ### The Cone ProvidersWhen the team gets together to plan their weekend meetups, focus on passing, shooting, and dribbling drills, having the right equipment is essential. According to the group chats:* **JakeWatson** actively steps up to bring the necessary training equipment. In one of the planning conversations, he mentions, *""I'll bring the cones too, so we can set up some drills. Let’s make it a productive session!""** **Henley** also steps in to assist with organizing the practical elements of the field work, mentioning, *""I'll bring some cones so we can set up drills and practice!""** **Farrah** similarly contributes to the gear logistics, noting in another session, *""I’ll bring some cones for drills and we can work on those short passing patterns.""*### Why Cones Are EssentialCones are a staple of these community soccer practices, allowing the group to set up structured targets, mark boundaries, and execute focused drills on passing accuracy and footwork. With members like JakeWatson, Henley, and Farrah volunteering to supply them, the group is always well-equipped to transition from friendly tactical debates to active, hands-on training on the pitch."
What else does Henley plan to work on during the practice?,dribbling skills,"Based on the discussions and soccer practice plans organized by the group, Henley has several specific focuses and contributions planned for the upcoming weekend practice sessions in addition to general team bonding and having a great time on the pitch.### Passing and Dribbling SkillsHenley is a strong advocate for technical precision during practice. Specifically, Henley emphasizes focusing on **short passes** to ensure accuracy and smooth ball movement. Furthermore, Henley has actively organized and planned a dedicated **dribbling practice session** (scheduled around 4 PM on a Friday) to help everyone sharpen their footwork and ball control.### Tactical Analysis and MindsetBeyond physical drills, Henley brings a tactical element to the group. Henley is known for analyzing different football philosophies—such as contrasting the possession-based approaches of Pep Guardiola with the counter-pressing styles of Jürgen Klopp—and discussing favorite players and standout performances (like highlighting Manchester City's defense and Rodri's impact). Henley also stresses the importance of mental toughness, resilience in high-pressure tournaments, and staying positive.### Equipment and Safety RemindersTo ensure the practice runs smoothly, Henley offers practical support by **bringing cones for drills**. Additionally, keeping player safety and well-being in mind, Henley frequently reminds everyone to **stretch properly before starting** in order to stay flexible and prevent any injuries while out on the field."
Who suggests getting pizza for dinner?,WolfgangSchulz,"Based on the provided data, Wolfgang Schulz is the person who suggests getting pizza for dinner. In a conversation with LiHua, Wolfgang asks, ""Wanna grab some pizza for dinner after work? 🍕""In addition to Wolfgang's initial suggestion, pizza plans also come up in other contexts among friends, such as group watch parties where participants organize food. However, the direct proposal for a pizza dinner after work originates from Wolfgang Schulz."
What does LiHua want to know about WolfgangSchulz's pizza preference?,his favorite place for pizza,"LiHua and WolfgangSchulz frequently discuss various topics, including their mutual love for good food, dining out, and shared interests. On one occasion, their conversation turns specifically toward the simple yet beloved comfort food of pizza, leading to a friendly exchange about where to find the best slices. Specifically, when WolfgangSchulz suggests grabbing some pizza for dinner after work, LiHua eagerly agrees and wants to know what WolfgangSchulz's favorite place for pizza is. WolfgangSchulz responds by mentioning a new pizza place downtown that he is a fan of, noting that he has heard they have some amazing toppings, which prompts them to make plans to go check it out together."
What new pizza place does WolfgangSchulz suggest?,a new pizza place downtown,"Based on the provided conversations, WolfgangSchulz mentions a specific new dining spot when proposing to grab dinner after work with LiHua. Specifically, WolfgangSchulz suggests trying out a ""new pizza place downtown"" that he has heard great things about, noting that they have some amazing toppings available."
What time do they agree to meet for pizza?,around 7,"When Li Hua and Wolfgang Schulz discuss grabbing pizza for dinner after work, Wolfgang suggests aiming for around 7:00 PM to give them some time to unwind. Li Hua agrees to this time, confirming, ""Perfect! See you at 7!"" Later in the year, when planning a Saturday soccer practice followed by food, Li Hua and friends again choose pizza as an easy and tasty option to share after the session, though a specific time for eating follows their 2:00 PM soccer meetup."
Who invites LiHua to taste a new bread recipe?,HaileyJohnson,"LiHua has a very active social life centered around fitness, gaming, and local community events, but she is especially connected to a local baker named Hailey Johnson. Hailey frequently reaches out to LiHua to share her latest culinary creations, test out new recipes, and invite her to special events at the bakery. For instance, Hailey specifically messages LiHua to invite her over to taste a brand-new bread recipe she has been working on, making sure she gets to sample the goods fresh out of the oven. This kind of friendly invitation is part of a broader trend in their interactions, where Hailey also welcomes LiHua to anniversary events, high-protein and gluten-free bread launches, and even free baking classes."
What does HaileyJohnson want LiHua to taste?,a new bread recipe,"Based on the provided conversation logs, HaileyJohnson introduces and offers several food items for LiHua to taste and enjoy. Their interactions span across various dates and feature an assortment of fresh baked goods and experimental recipes.### Fresh Breads and Artisan LoavesThroughout their communications, Hailey frequently shares her latest baking creations with LiHua. Notably, she recommends:* **Artisanal Sourdough and Chocolate Chip Brioche:** These are highlighted as customer favorites when Hailey first introduces her doorstep delivery service. LiHua specifically requests a trial run of the artisanal sourdough.* **Gluten-Free Bread:** Hailey launches a new line of gluten-free options and encourages LiHua to try them out as an alternative.* **High-Protein Breads:** Tailored for fitness enthusiasts, Hailey recommends this new line of high-protein breads, which LiHua eagerly adds to her delivery orders.* **New Experimental Recipes:** Hailey occasionally invites LiHua directly to the bakery to sample fresh, out-of-the-oven experimental bread recipes she has been working on.### Pastries and Sweet TreatsIn addition to bread, Hailey promotes special holiday promotions and sweet bakery items:* **Mother's Day Specials:** During a Mother's Day promotion, Hailey recommends her top treats: **raspberry-filled croissants** and **chocolate eclairs**, which LiHua ultimately orders by the dozen.* **Artisanal Donuts:** Hailey asks for LiHua's feedback on her newly developed artisanal donuts, specifically noting the popularity of the **chocolate hazelnut** flavor."
What type of pizza does WolfgangSchulz prefer?,margherita,"WolfgangSchulz has a variety of culinary preferences mentioned throughout the provided data sources, particularly when it comes to dining out and enjoying a good meal with friends. When discussing food and gatherings, WolfgangSchulz often enjoys Italian cuisine, mentioning popular dishes like risotto and pasta. However, specific details about his pizza preferences are also highlighted in casual conversations with LiHua. For instance, when planning a dinner after work, WolfgangSchulz mentions being a fan of a new pizza place downtown that is rumored to have some amazing toppings. Additionally, in another conversation about celebrating a promotion, he playfully anticipates a feast that includes pizza alongside risotto and other treats."
What pizza does LiHua like?,pepperoni with extra cheese,"Based on the provided conversation records, LiHua's specific favorite pizza toppings or style are not explicitly mentioned by name. However, LiHua is an active participant in organizing pizza outings and watch parties involving pizza. For instance, when planning a pizza dinner downtown with Wolfgang Schulz, LiHua is enthusiastic about trying out the new downtown pizza place that is known for its amazing toppings, agreeing to meet around 7 o'clock. Additionally, during a football watch party planning session with friends, LiHua volunteers to handle the pizza order, offering to gather everyone's favorite toppings to get a variety for the group, while noting specific preferences like Giselle and Jasper requesting ""no pineapple"" on their portions."
What drink does WolfgangSchulz usually have with his pizza?,soda or craft beer,"Based on the provided data, WolfgangSchulz and LiHua enjoy various meals and drinks together, but there is no specific mention of what WolfgangSchulz usually drinks with his pizza. However, the data does show instances where they plan dinners and social gatherings involving different foods and beverages.For example, when planning a hot pot dinner, WolfgangSchulz and LiHua decide on cold beer as a ""perfect match"" for the spicy food. On another occasion, when discussing a dinner celebration at Venedia Grancaffe, WolfgangSchulz mentions looking forward to a feast with risotto, pizza, and pasta. Additionally, in other casual hangouts, they plan visits to places like Starbucks for Frappuccinos or music festivals where they enjoy drinks and snacks."
What is LiHua's suggestion regarding pizza places?,to check out the new downtown place,"LiHua's involvement in local dining plans and social gatherings highlights a vibrant and active lifestyle. When it comes to pizza preferences specifically, LiHua engages in a conversation about favorite spots and readily agrees to try a new location downtown after Wolfgang Schulz mentions it. Rather than proposing a brand-new pizza joint independently, LiHua expresses enthusiasm for Wolfgang's suggestion of the new restaurant downtown, noting that it is a place they have been wanting to try out. They quickly align on the idea and schedule a dinner meet-up around 7 PM to unwind after work, showcasing an open and eager attitude toward culinary exploration."
What do LiHua and Wolfgang plan to do together according to their conversation on 20261017?,plan a pizza night,"Based on the provided data tables, there is no conversation or event recorded between LiHua and Wolfgang on the specific date of October 17, 2026 (20261017). However, their interactions across other dates show that they frequently make plans together, particularly around music jam sessions, dining out, and comedy shows. For instance, they regularly participate in Sunday night music jam sessions alongside Yuriko, playing classic songs like ""Wonderwall,"" ""Hey Jude,"" and ""Come Together."" They also enjoy grabbing food together, such as Italian cuisine, pasta, or planning stand-up comedy nights. If you are looking for specific plans on that exact date, the available data simply does not contain any sources for October 17, 2026."
What songs does ChaeSong-hwa suggest starting with according to the discussion on 20261019?,"Sweet Home Alabama or ""Let It Be""","According to the discussion on October 19, 2026 (20261019), ChaeSong-hwa suggests starting their karaoke night with classic songs. Specifically, she proposes tracks like ""Sweet Home Alabama"" or ""Let It Be.""Later in the same conversation, as the group looks to expand the playlist and mix in some pop hits alongside their previous favorites, she also suggests including popular tracks such as ""Shallow"" or ""Shake It Off."""
What type of songs does YurikoYamamoto want to try according to the discussion on 2026101?,upbeat pop songs,"Based on the discussions from the provided data tables, YurikoYamamoto expresses various musical ideas and preferences across different sessions. Although the specific date ""2026101"" is not directly represented, looking closely at the timeline around October 2026 reveals her versatile and enthusiastic approach to music. In her interactions with the band, often referred to as ""The Jolly Band,"" Yuriko is known for playing the bass and frequently collaborates on shaping the group's setlists. She enjoys blending different styles and is always open to creative challenges that bring fresh energy to their practice sessions.Whether she is brainstorming classic tracks, exploring seasonal music, or suggesting fusion pieces—such as blending pop tunes with traditional Chinese instruments like the erhu or guzheng—Yuriko consistently aims to bring a fun, collaborative, and vibrant flair to the group's performances."
What songs does ChaeSong-hwa suggest adding to the mix according to the discussion on 2026101?,"Shallow or ""Shake It Off""","Based on the band discussions and planning sessions, ChaeSong-hwa and her fellow bandmates from ""The Jolly Band"" are always eager to mix up their musical style and explore fun covers. While the specific logs provided cover various creative planning phases—such as incorporating traditional Chinese instruments like the erhu and guzheng, exploring classic rock medleys, and prepping for fun karaoke nights—the band frequently collaborates on a diverse mix of timeless favorites.During their musical brainstorming, ChaeSong-hwa and the group have previously proposed blending various genres and iconic artists into their sessions. They love drawing inspiration from legendary acts like Fleetwood Mac and The Beatles, as well as classic rock staples that keep their energy high and their jam sessions engaging. Whether they are planning a themed karaoke night with crowd-pleasing pop hits or putting together an epic classic rock medley featuring tracks like ""Hotel California,"" ""Sweet Home Alabama,"" and ""The Joker,"" ChaeSong-hwa consistently brings fresh enthusiasm to the group's repertoire. Her dedication to exploring different sounds—ranging from acoustic melodies to upbeat tunes—helps ""The Jolly Band"" maintain their fun, creative, and ever-evolving musical journey."
What does ChaeSong-hwa plan to bring to karaoke night?,snacks,"For the upcoming karaoke night, ChaeSong-hwa has planned not only the musical direction and song choices but also some tasty treats for the group to enjoy. After proposing a fun mix of classic and upbeat pop hits to get everyone singing, she generously offered to bring along some snacks to keep everyone's energy high while they let loose and showcase their vocal talents. Her thoughtful contribution is part of what makes these gatherings so special. Alongside her enthusiasm for kicking off the weekend with great music—ranging from timeless ballads to lively crowd-pleasers—she ensures that everyone has everything they need for a fun and memorable time together."
What does WolfgangSchulz suggest the group do before the upcoming karaoke night?,pick their songs,"Ahead of the upcoming karaoke night, Wolfgang Schulz suggests that the group finalize and share their song choices in advance. Specifically, Wolfgang emphasizes the importance of preparation so everyone is ready to perform, suggesting that they pick their songs before Friday and share these ideas within the group beforehand. This way, the group can ensure a smooth, fun, and well-organized event when they finally get together to sing their favorite tracks and pop hits."
How does LiHua feel about the upcoming karaoke night?,excited and can't wait,"LiHua is thoroughly excited and enthusiastic about the upcoming karaoke nights and jam sessions organized by the group. Throughout the provided logs, LiHua consistently expresses eagerness to participate, calling the events ""a blast"" and noting how much fun it is to ""let loose and sing our hearts out together."" Beyond just having a good time, LiHua views these musical gatherings as a wonderful opportunity to unwind from work and connect with friends like ChaeSong-hwa, Wolfgang Schulz, and Yuriko Yamamoto. Whether they are planning a setlist of crowd-pleasing classics or sharing food and snacks, LiHua approaches every karaoke and jam night with high energy, looking forward to bringing an ""A-game"" and making lasting memories with the group."
What does ChaeSong-hwa say about the karaoke night?,it's going to be a blast,"ChaeSong-hwa is a key organizer and participant in the planning of the group's karaoke events, sharing her enthusiasm and specific ideas to make the nights memorable. When first proposing the idea, she suggests mixing things up with classic songs like ""Sweet Home Alabama"" and ""Let It Be,"" and later suggests blending those with popular hits such as ""Shallow"" or ""Shake It Off"" to create a fun and varied playlist. As the group finalizes the details, ChaeSong-hwa enthusiastically suggests aiming for a Friday evening as a great way to end the week. To add to the festive atmosphere, she happily volunteers to bring some snacks along. Throughout the planning, she continually expresses her excitement, noting that it is going to be an absolute blast, a night full of good vibes, and an unforgettable time for everyone involved."
What is the current status of the curtains according to LiHua?,They are perfect and more than satisfies him,"Based on the provided information, LiHua reached out to Adam Smith to ask for help installing a curtain on the basement window to boost privacy. Adam readily agreed to assist, and after discussing their availability for the week, they agreed to plan the installation for Thursday afternoon, with Adam bringing the necessary tools."
What offer does AdamSmith extend to LiHua regarding the basement?,It can be used for extra storage whenever LiHua is ready,"AdamSmith extends a few thoughtful offers to LiHua regarding the basement throughout their communications. Initially, when LiHua inquires about adding sound-insulating pads and decorations, Adam gives his approval as long as the modifications are reversible and do not cause any damage, kindly offering his assistance if she needs any help with the project. Later on, after confirming that the basement survived a storm without any water leakage, Adam checks in again to reiterate his support. He lets LiHua know that she can reach out to him anytime if she needs anything else or if she decides to utilize the basement space for storage purposes."
What game does ThaneChambers remember as LiHua's favorite?,Black Myth: Wukong,"Based on the provided conversations among the group of gamers and friends, ThaneChambers recalls that LiHua's first PlayStation 5 game was ***The Witcher 3: Wild Hunt***. During a welcoming chat in the fan group, ThaneChambers brings up this topic to get to know LiHua better, asking which characters and aspects of the massive open-world RPG she enjoyed the most. LiHua enthusiastically shares her appreciation for the game's complex characters—particularly highlighting Geralt's morality and monster-slaying skills, as well as the rich storytelling found within expansions like *Blood and Wine*."
"What aspect of ""Black Myth: Wukong"" does LiHua find the most impressive?",the visuals,"LiHua finds several aspects of *Black Myth: Wukong* to be impressive, particularly its stunning visuals, immersive atmosphere, and engaging gameplay. As an action video game that LiHua currently plays and enjoys, it stands out for its top-notch storytelling and fluid mechanics. Additionally, the game has been noted for its amazing soundtrack, which masterfully combines traditional Chinese instruments with modern orchestration to elevate the overall experience. Furthermore, the game's world-building and design contribute significantly to its appeal. Both LiHua and fellow players like ThaneChambers have praised its top-tier visual fidelity and immersive qualities, making exploration and combat deeply rewarding. Whether it is through the seamless integration of traditional sounds into the musical score or the dynamic, high-octane gameplay encounters, *Black Myth: Wukong* continues to captivate players with its multifaceted design and polished execution."
"What does ThaneChambers like about the game ""Black Myth: Wukong""?",the storytelling,"ThaneChambers is a big fan of the action role-playing video game ***Black Myth: Wukong***, often discussing its standout qualities with group members like LiHua. He finds the game to be a deeply immersive experience and highlights several key elements that make it special.First and foremost, ThaneChambers is captivated by the game's presentation. He frequently praises its stunning visuals and breathtaking environments, which make exploration thoroughly enjoyable. Additionally, he notes that the storytelling is top-notch and serves as a fresh, immersive take on a classic tale.Beyond the visuals and narrative, ThaneChambers is particularly impressed by the gameplay mechanics and combat system. He enjoys the fluid gameplay, highlighting the fun of comboing different abilities and the thrill of strategic boss battles, such as figuring out how to take down giant enemies. Finally, ThaneChambers has a great appreciation for the game's audio design. He points out that *Black Myth: Wukong* features an amazing soundtrack that combines traditional Chinese instruments with modern orchestration, elevating the epic storytelling and enhancing every battle and exploration."
"Who is LiHua's favorite character in the game ""Black Myth: Wukong""?",Wukong,"Based on the provided data tables and chat logs, there is no mention of LiHua's favorite character in the action role-playing video game *""Black Myth: Wukong""*. While the data notes that *""Black Myth: Wukong""* is an immersive action video game featuring stunning visuals, top-notch storytelling, and an amazing soundtrack combining traditional Chinese instruments with modern orchestration—and that LiHua is currently playing and enjoying it alongside Thane—the specific topic of LiHua's favorite character within this particular game is never discussed or revealed."
"What memorable moment does LiHua share from the game ""Black Myth: Wukong""?",an amazing battle scene where he had to outsmart a giant enemy,"LiHua, along with her friend ThaneChambers, is currently diving into the immersive action role-playing video game *Black Myth: Wukong*. Praised for its stunning visuals, amazing soundtrack that blends traditional Chinese instruments with modern orchestration, and dynamic gameplay, the game offers plenty of excitement for players. When discussing the title, LiHua shares her enthusiasm for the game's dynamic combat and exploration aspects. Specifically, LiHua notes how much she enjoys the exploration aspect of *Black Myth: Wukong*, highlighting that each area feels remarkably unique and detailed. Furthermore, she finds the deep lore behind the characters to be thoroughly fascinating as she continues her gaming marathon."
"What memorable moment does ThaneChambers share from the game ""Black Myth: Wukong""?",a moment where he faced a tricky puzzle,"When discussing the immersive video game *Black Myth: Wukong*, player **ThaneChambers** highlights several standout features, including its stunning visuals, top-notch storytelling, and breathtaking environments that make exploration highly rewarding. Beyond the overall aesthetic and fluid gameplay, ThaneChambers specifically shares a memorable moment involving the game's intense encounters.ThaneChambers mentions that their favorite part of the experience is when the player first encounters the giant enemies. According to ThaneChambers, the thrill of strategizing how to take down these massive foes is awesome, and the scenic beauty during the fight makes the moment truly breathtaking."
"How does LiHua describe the balance of combat and puzzles in the game ""Black Myth: Wukong""?",It's refreshing to switch between action and thinking,"LiHua shares a deep appreciation for the immersive experience of *Black Myth: Wukong*, highlighting how the game successfully blends dynamic combat with engaging exploration. According to the provided data, LiHua specifically praises the title for its dynamic gameplay, immersive world, and breathtaking visuals, noting how much enjoyment comes from exploring the unique, detailed environments and unlocking new abilities. While the provided data tables capture extensive discussions between LiHua and ThaneChambers regarding the game's stunning visuals, amazing soundtrack—which skillfully combines traditional Chinese instruments with modern orchestration—and thrilling, epic boss battles with combo mechanics, explicit commentary on a direct ""balance of combat and puzzles"" for *Black Myth: Wukong* is not detailed in the source texts. Instead, LiHua focuses heavily on the action, exploration, lore, and dynamic combat flow."
Does LiHua play the game solo or with friends?,Both,"LiHua frequently engages in gaming activities alongside various friends and community members, showcasing a strong preference for cooperative and multiplayer experiences. Whether discussing immersive titles like *Red Dead Redemption 2*, *The Witcher 3*, or *Grand Theft Auto*, or actively coordinating gaming sessions with acquaintances such as ThaneChambers, LiHua’s interactions highlight a vibrant social aspect to her gaming hobby. Beyond digital adventures, this social dynamic extends to various other shared interests and physical activities. For instance, LiHua frequently organizes and participates in group soccer practices and drills with friends like JakeWatson, Caspian, and Aurora, often emphasizing the importance of hydration, teamwork, and enjoying the game together. Additionally, LiHua collaborates with WolfgangSchulz and other group members in music jam sessions—playing the guitar to classics like ""Wonderwall,"" ""Come Together,"" and ""Hotel California""—further illustrating that much of LiHua's free time is spent connecting and playing alongside others rather than going completely solo."
Would LiHua be interested in playing co-op with the group?,Yes,"Based on the provided conversations and activities involving LiHua, there is no direct mention of her playing video game co-op with the group. However, LiHua is an active and enthusiastic participant in a variety of collaborative group settings, most notably as a dedicated member of a music jam group known as ""The Jolly Band."" Alongside bandmates like Wolfgang Schulz, YurikoYamamoto, and ChaeSong-hwa, she frequently collaborates on music selections, shares excitement for upcoming practice sessions, and even engages in group chats about video games and community projects.While her cooperative gaming experiences mentioned in the chats are largely focused on general online discussions—such as being part of the ""PS5 Game Enthusiasts"" group where she enjoys chatting about epic storylines and photography—her strong inclination toward teamwork and collaborative group dynamics suggests she would likely embrace cooperative play if invited by her peers. Whether she is planning pre-concert meals, organizing community garage sales, or throwing herself into musical jam sessions, LiHua consistently thrives in environments centered around shared hobbies and teamwork."
What TV series does EmilyBurnett remember LiHua likes?,Chernobyl,"Based on the discussions in the provided data, EmilyBurnett remembers that LiHua likes the television series ***Chernobyl***. In their group conversations, EmilyBurnett recalls this preference when asking LiHua about what draws her to the show, noting the incredible storytelling and depth present in the series. LiHua frequently expresses her appreciation for *Chernobyl*, highlighting how it grippingly portrays a major historical event, captures the bravery and confusion of the people involved, and boasts amazing cinematography. Additionally, their chats show that *Chernobyl* is part of a shared appreciation for acclaimed television dramas, sitting alongside other notable mentions like *Game of Thrones*, *Succession*, and *Westworld*."
"What does LiHua appreciate about the series ""Chernobyl""?",the powerful storytelling and the cinematography,"LiHua holds a deep appreciation for the television series *Chernobyl*, viewing it as a gripping and powerful portrayal of a massive historical event. When discussing the show with friends like Emily Burnett, LiHua highlights several key elements that make the series stand out. First and foremost, LiHua loves how the series captures the intense confusion and the profound bravery of the people involved, creating an experience that feels remarkably real. Furthermore, LiHua is drawn to the powerful storytelling and the amazing cinematography, noting that specific, high-impact scenes—such as the workers' sacrifices while trying to contain the radiation—truly showcase the human spirit during tough times."
What is EmilyBurnett's favorite TV show?,Game of Thrones,"Based on the discussions and conversations shared in the group chats, EmilyBurnett expresses appreciation for several television series across different genres, but she specifically highlights **""Game of Thrones""** as her favorite when discussing her top picks and personal preferences. Throughout the interactions, Emily is actively engaged in analyzing various shows. While she enjoys a mix of thrilling dramas, sci-fi concepts like *Westworld* and *Black Mirror*, and binge-worthy comedies such as *The Office* and *The Bear*, she explicitly names *Game of Thrones* as her favorite while discussing character journeys—such as diving deep into Cersei and Jaime Lannister's complex arcs—and mentioning her overall fondness for its gripping storytelling despite its divisive ending."
"What memorable scene from ""Chernobyl"" does LiHua mention?",the scene where they're trying to contain the radiation,"LiHua is a dedicated fan of the critically acclaimed television series *Chernobyl*, a powerful show that portrays real historical events and captures the bravery, sacrifices, and confusion of the people involved. In discussions about the series, LiHua specifically highlights the intense and gripping moments that showcase the human spirit during such a catastrophic crisis.Among the memorable scenes LiHua points out is the harrowing sequence where workers and responders attempt to contain the deadly radiation. LiHua notes that the sacrifices made by these workers are super impactful, effectively illustrating the resilience and strength of the human spirit during extremely difficult and perilous times."
"Who is LiHua's favorite actor in ""Chernobyl""?",Stellan Skarsgård as Boris Shcherbina,"LiHua is a dedicated fan of the critically acclaimed television series *Chernobyl*, a gripping show that vividly portrays a massive historical event and captures the confusion, bravery, and sacrifices of the people involved. When discussing the series with friends like Emily Burnett, LiHua shares deep admiration for the show's powerful storytelling and realistic cinematography. Specifically, when discussing favorite cast members and performances, Emily Burnett highlights Jared Harris for his incredible depth and top-notch acting as Valery Legasov. Following this, LiHua shares that their own favorite actor in the series is Stellan Skarsgård, who portrayed Boris Shcherbina. LiHua appreciates how Stellan Skarsgård's portrayal added a lot of emotional weight to the scenes, noting that his character's fascinating journey throughout the series truly enhanced the viewing experience."
What TV series is EmilyBurnett currently watching?,The Last of Us,"Based on the discussions within the group chats, EmilyBurnett has been exploring a variety of television series alongside her friends. Across the provided records, she actively discusses several shows, sharing her thoughts on their character development, storytelling, and themes.### Currently Watching and Recent SeriesEmily mentions that she has recently started watching **""The Bear,""** describing it as a very engaging change of pace that dives into the chaos of running a restaurant while exploring raw, relatable emotions and intense cooking scenes. Additionally, she expresses interest in diving into **""The White Lotus,""** drawn in by its mix of drama, dark comedy, and stunning resort settings with hidden agendas. ### Past Favorites and RecommendationsIn addition to her current watches, Emily frequently reflects on other acclaimed shows:* **""Succession""**: She loves the intense family dynamics, power moves, and boardroom battles.* **""Game of Thrones""**: She frequently analyzes character arcs, such as the complex journeys of Cersei Lannister and Jaime Lannister, noting the deep layers and moral ambiguity of the characters.* **""Westworld""**: She engages in discussions regarding the philosophical themes of consciousness, free will, and the ethical implications of creating sentient beings.* **""Chernobyl""**: She praises its gripping storytelling and realistic portrayal of historical events.* **""The Crown""** and **""Ted Lasso""**: She recommends these for their historical drama, character depth, and lighthearted humor."
What TV show does EmilyBurnett recommend LiHua to watch?,The Last of Us,"EmilyBurnett recommends several television series to LiHua across their discussions, spanning different genres from gripping dramas to suspenseful thrillers and lighthearted comedies.One notable recommendation comes when they are chatting about HBO series and culinary dramas. EmilyBurnett mentions that she just started watching *The Bear*, describing it as having a very different vibe but being incredibly engaging. She praises how the show dives deep into the chaotic reality of running a restaurant while exploring the raw, relatable emotions and humor of the characters, even noting that the cooking scenes are quite intense. Additionally, when LiHua asks for binge-watching suggestions, EmilyBurnett strongly recommends *Stranger Things*. She highlights it as a fantastic option for anyone looking for a cool mix of nostalgia and suspense, noting that starting right from the first episode sets the perfect vibe and hooks viewers instantly."
"What does LiHua's plan about wathcing ""The Last of Us""?",binge it that weekend,"Based on the provided group chat and conversation data, LiHua's plan regarding *The Last of Us* involves checking out the television adaptation and potentially picking up the video game, driven by recommendations from friends like Emily Burnett and Thane Chambers. When Emily Burnett brings up watching *The Last of Us* and mentions that she is really enjoying the character development, the emotional post-apocalyptic setting, and the gripping storytelling, LiHua expresses excitement. Having heard great things about the adaptation—specifically regarding how it translates the game's narrative—LiHua explicitly states a plan to binge-watch the series over the weekend. Additionally, LiHua discusses the franchise with Thane Chambers, who praises *The Last of Us* as a masterpiece with an intensely emotional story, great character development, and a mix of action and stealth comparable to games like *The Witcher 3*. Encouraged by these positive thoughts and strong narratives, LiHua contemplates picking up the video game itself to experience the world firsthand."
What does JenniferMoore congratulate LiHua for pn 20261022?,for pushing his limits with the planks this week,"On October 22, 2026, JenniferMoore congratulates LiHua for pushing her limits with the planks during the week. According to their conversation, LiHua's hard work is resulting in amazing progress, prompting mutual encouragement to stay focused and keep up the strong mindset. JenniferMoore highlights that LiHua is on the right track, emphasizing that consistency and strength gains are a very rewarding feeling. LiHua expresses appreciation for the ongoing support and mentions feeling stronger each week as they look forward to their upcoming session together on Tuesday."
What does JakeWatson suggest for refueling after a soccer game?,a snack with carbs and protein and staying hydrated,"When it comes to refueling and enjoying some post-match relaxation after a hard-earned soccer game or a fun practice session, JakeWatson and his friends have a few favorite recommendations. Soccer enthusiasts know that keeping energy levels up requires both smart preparation and delicious rewards, and the group's post-game routines often revolve around great food and drinks.According to the community discussions, JakeWatson suggests having classic favorites like chips and dip, as well as pizza, which he considers an absolute must to keep the energy flowing while celebrating and cheering for teams like Barcelona. In addition to savory snacks, staying properly hydrated is a top priority; Jake advocates for drinking plenty of water, incorporating electrolytes, and even enjoying coconut water as a refreshing post-match option. Later on, as the group plans various weekend soccer drills and matches, the food traditions expand. When discussing post-practice hangouts and sharing meals together, options like pizza and burgers frequently top the list as the ultimate easy, tasty, and shareable crowd-pleasers. Paired with cold drinks, sodas, or water to stay hydrated, these post-game snacks provide the perfect way to unwind, chat about the match highlights, and enjoy good company."
What are LiHua's usual recovery snacks after a game?,a protein shake and a fruit smoothie,"Based on the provided data tables, there is no specific mention of LiHua playing video games competitively or discussing usual recovery snacks specifically for gaming. However, the logs do show LiHua participating in fitness discussions and engaging with a community about nutrition and athletic recovery. While LiHua's personal post-game snacking habits aren't detailed, other characters in the community share their go-to items. For instance, Omen mentions typically sticking to bananas or protein bars before workouts, while JenniferMoore and other members discuss incorporating lean meats, Greek yogurt with honey and berries, mixed nuts, cottage cheese with pineapple, and hummus with vegetables into their routines for training and recovery."
What event is the community organizing?,a weekend picnic,"The community is actively organizing a variety of engaging events, most notably centered around the neighborhood's central collaborative space, the Community Garden. Residents have been deeply involved in planning and executing several specific gatherings to bring everyone together and celebrate seasonal milestones.Among these, a major highlight is the series of holiday-themed Christmas events planned for the upcoming weekend. These festivities are designed to incorporate the garden's new renovations—such as freshly planted flowers and newly installed benches—creating a festive and welcoming atmosphere complete with holiday crafts for children. In addition to the holiday gatherings, the community is organizing a fun-filled community sports day to encourage neighborly bonding, team sports, and outdoor activities once the garden renovations are fully underway. Other collaborative projects and events discussed by the group include a community garden cleanup event, a local garage sale featuring snacks and simple refreshments to help residents declutter and connect, and a tree planting activity specifically aimed at teaching kids about nature and environmental care."
What is the purpose of the community picnic?,to bring the community together and get to know each other better,"The community picnic is a special social gathering organized primarily to bring people together, allowing neighbors and participants to relax, enjoy delicious food, play games, listen to music, and celebrate the completion of the garden renovation. Additionally, the event serves as a wonderful opportunity to foster community spirit and camaraderie. It gives everyone a well-deserved break after all the hard work put into the community garden project, enabling them to enjoy the blooming flowers and the newly improved shared space together."
What type of food event did Turalyon suggest?,a potluck,"Turalyon and the community members engaged in a series of collaborative discussions regarding garden renovations and upcoming events. Within these conversations, various activities, gatherings, and culinary highlights were planned, reflecting the strong community spirit and shared enthusiasm for celebrations.Regarding the specific food events suggested by Turalyon, he proposed organizing a community picnic that would incorporate a **potluck** where everyone could bring a dish to share. In addition to the potluck setup, Turalyon and the group discussed incorporating snacks, refreshments, and a small drink station with water to keep everyone energized and hydrated during the outdoor activities."
What does RexxarRemar suggest for the community picnic atmosphere?,organizing some music,"RexxarRemar suggested organizing some background music to set the mood for the community picnic. He noted that a little background music could really enhance the atmosphere and create a joyful vibe for everyone attending the event.In addition to the musical ambiance, RexxarRemar contributed several other ideas to make the picnic memorable and enjoyable. He enthusiastically brought up the possibility of hosting a fun little competition for who can bring the best dessert treat. Furthermore, he emphasized the importance of ensuring that water and other drinks are readily available to keep everyone properly hydrated if the weather gets warm."
What does TirionFordring suggest bringing for seating?,blankets or chairs,"Based on the community discussions and planning sessions regarding the community garden and upcoming events, TirionFordring made specific suggestions regarding seating arrangements to ensure comfort and accommodate everyone properly.Specifically, TirionFordring suggested bringing some blankets or chairs for seating because the area might get a bit crowded during gatherings. Providing these extra options helps maintain a cozy and accommodating atmosphere for all attendees."
What day did the community members decide on for the picnic?,next Saturday,"Based on the community discussions and planning events provided in the data tables, the community members decided on **next Saturday** for the upcoming community potluck picnic. This weekend social gathering was organized to bring neighbors together to relax, enjoy the newly renovated garden, share food, play games, and listen to music."
What does RexxarRemar suggest for keeping everyone energized during the picnic?,a mix of snacks and drinks,"Based on the community discussions regarding upcoming events and activities, RexxarRemar contributes several thoughtful ideas to ensure the picnic is a memorable and enjoyable experience for everyone involved. When discussing the preparations for the community picnic, RexxarRemar emphasizes the importance of keeping attendees refreshed and energized, particularly in warm weather. Specifically, **RexxarRemar highlights the necessity of having water and drinks available** to ensure everyone stays properly hydrated while enjoying the outdoors. In addition to hydration, RexxarRemar's suggestions help shape the overall food and activity planning for the gathering. While other community members like AdamSmith offer to handle specific drink supplies, RexxarRemar actively brainstorms fun additions to the menu, such as suggesting a friendly competition for the best dessert treats. Through these collaborative ideas, RexxarRemar helps foster an engaging, well-prepared, and lively atmosphere for the entire community."
What does RexxarRemar suggest to have available to keep everyone hydrated during the picnic?,water and drinks,"Based on the community planning discussions for the upcoming picnic, community members have been sharing various ideas to ensure the event is a resounding success. From organizing background music and bringing cozy blankets for seating to planning exciting games and delicious potluck dishes, the group has been very thorough in their preparations. Specifically, when discussing how to keep everyone comfortable and energized during the outdoor festivities, RexxarRemar makes a practical recommendation. They suggest making sure to have water and drinks readily available to keep everyone hydrated, noting that it might get quite warm out there. Building on this, TirionFordring agrees with the point, emphasizing that staying hydrated is key when spending time outside, and suggests setting up a small drink station with water and refreshments. With contributions like these focusing on snacks, desserts, seating, and hydration, the community is well-prepared for a fun and memorable weekend picnic."
What does IllidanStormrage say he will bring to keep everyone entertained during the picnic?,some epic games,"Based on the community planning discussions for the upcoming events and garden activities, the group organized a weekend picnic to celebrate together and enjoy the newly renovated community garden. During the planning phase, various members volunteered to bring different items to ensure the day was a success. Specifically, **IllidanStormrage** stated that he would bring some epic games to keep everyone entertained and make the picnic legendary. Other participants also contributed to the event, such as AdamSmith offering to handle drinks and various members bringing dishes for the potluck."
What places in Europe does WolfgangSchulz remember as stunning in Europe?,the fjords in Norway and the lavender fields in Provence,"WolfgangSchulz has experienced and recalled several stunning locations across Europe, sharing his favorite memories and recommendations with LiHua. Among the standout spots that left a lasting impression on him are the breathtaking fjords in Norway, which offer unbeatable views, and the vibrant lavender fields in Provence, France, which he describes as resembling a sea of purple.In addition to these natural wonders, WolfgangSchulz holds a deep appreciation for urban European charm. He is particularly fond of the streets of Prague, highlighting the magical architecture and the wonderful vibe of the old town, especially at night. Furthermore, he fondly remembers his time in Venice, where he enjoyed the best seafood risotto, and he is eager to plan future travels to explore more of Italy, specifically hoping to visit the colorful and picturesque coastal villages of Cinque Terre."
What does WolfgangSchulz like about Prague?,its architecture and the vibe of the old town,"Prague is a destination known for its magical architecture, old-town vibe, goulash, and pastries. When discussing the city in conversations about scenic European locations, WolfgangSchulz shares a particular fondness for its captivating environment.Specifically, WolfgangSchulz highlights the stunning architecture of Prague's streets, noting how magical they appear, especially at night. He also appreciates the unique and charming atmosphere of the old town, making it one of his favorite places to visit in Europe."
What local dish did WolfgangSchulz try in Prague?,goulash,"When WolfgangSchulz visited the beautiful city of Prague—known across Europe for its magical architecture, charming old town vibe, and pastries—he had the opportunity to sample some of the regional cuisine. Specifically, WolfgangSchulz recalled trying the local goulash, which he described as really hearty and tasty. Alongside the savory goulash, he also noted enjoying pastries topped with powdered sugar during his travels through the city's historic streets."
What is WolfgangSchulz's favorite risotto memory?,having seafood risotto in Venice,"WolfgangSchulz has a deep appreciation for good food, particularly when it comes to Italian cuisine and seafood. When discussing his culinary travels and favorite dining experiences, he fondly remembers having the best risotto during his time in Venice. According to his travels, this memorable seafood risotto was described as the epitome of perfection—wonderfully creamy and packed with fresh seafood. WolfgangSchulz's love for anything with seafood makes this particular Venetian dish stand out as a highlight of his culinary adventures abroad."
What is on WolfgangSchulz's list for a future trip?,Italy,"WolfgangSchulz has expressed a strong desire to plan a return trip to Italy to further explore the country, indulge in its incredible food adventures, and revisit some of its beautiful coastal towns. Specifically, WolfgangSchulz has noted that he would love to check out the stunning and colorful villages of Cinque Terre along the coast, where he is also looking forward to the prospect of hiking between them and enjoying fresh, delicious seafood."
What does WolfgangSchulz want to check out in Italy?,Cinque Terre,"Based on the provided data, WolfgangSchulz is interested in visiting **Cinque Terre** when he plans a trip back to Italy. He specifically noted that the colorful villages along the coast look amazing and mentioned that hiking between them would be quite a treat. In addition to visiting Cinque Terre and exploring its scenic coastal towns, Wolfgang is looking forward to the overall food adventure that a trip to Italy offers. He fondly recalls having a wonderful seafood risotto during a previous visit to Venice and would welcome the chance to enjoy more of the country's culinary delights."
What does LiHua say about the seafood in Cinque Terre?,it's supposed to be fresh and delicious,"Cinque Terre is a stunning coastal location in Italy known for its colorful villages and fantastic hiking trails, making it a dream destination for travelers seeking both scenic beauty and culinary delights. When discussing the destination, LiHua notes that the seafood in Cinque Terre is supposed to be fresh and delicious, adding to the incredible appeal of the area alongside its breathtaking views and hiking trails."
What time will Li Hua and Wolfgang meet for breakfast on the morning of the 9th?,Insufficient information,"Based on the provided conversation and schedule data, there is no mention of Li Hua and Wolfgang meeting for breakfast on the morning of the 9th. While the records show several instances of Li Hua and Wolfgang interacting, such as a planned lunch on the 8th of January and various evening meetups for dinner, Thai food, stand-up comedy, and band jams, no breakfast meeting is scheduled for the morning of the 9th."
What type of equipment does Wolfgang Schulz use when he works out at the gym?,Insufficient information,"When Wolfgang Schulz hits the gym to work out with his buddy LiHua, he incorporates specific fitness equipment into his routine to kick off his sessions. According to the provided data, Wolfgang starts his gym workouts by focusing on cardio to warm up, specifically utilizing the **treadmill** or the **bike** for a bit before transitioning into strength training. In addition to his gym routines, Wolfgang is also an avid drummer who uses other types of gear for his music. When planning to get new drums, he mentions looking at brands like Pearl, Yamaha, and PDP, and notes that he will bring his **drum sticks** and some snacks to events like music festivals. However, for his specific athletic workouts at the gym, his go-to equipment includes the treadmill and exercise bike."
"What type of exercise does Li Hua prefer to do at the gym, and what time does Wolfgang usually go to the gym?",Insufficient information,"Based on the provided data, Li Hua enjoys a combination of different workout styles at the gym, balancing both cardio and strength training. When discussing gym plans with Wolfgang Schulz, Li Hua agreed that starting with cardio to warm up—such as using the treadmill or bike—followed by strength training makes for a perfect routine. In addition to these workouts, Li Hua has also been working with a coach named Jennifer to push limits with exercises like planks, building stamina, and aiming to incorporate more strength and flexibility training.As for Wolfgang Schulz, he typically plans his gym sessions for early afternoon. Specifically, when he invited Li Hua to hit the gym together, they agreed to meet up at 2:00 PM (14:00) for their workout session."
What type of traditional games did Wolfgang Schulz play with Li Hua during the Lunar New Year celebration?,Insufficient information,"Based on the provided data, there is actually no mention of Wolfgang Schulz playing traditional games with Li Hua during the Chinese Lunar New Year celebration. While Li Hua and Wolfgang Schulz do discuss celebrating the Lunar New Year together—planning traditional dishes like dumplings, green tea, and fruity drinks—their conversations regarding games and jam sessions are centered around music (such as playing guitar or classic rock tracks with their band) and occasionally discussing soccer. In short, traditional games are not mentioned as part of their Lunar New Year celebration activities in the provided records."
"What did Li Hua eat for dinner on January 20, 2026?",Insufficient information,"Based on the provided data tables, there is no mention or record of what Li Hua ate for dinner on January 20, 2026. The available conversation logs do not contain any entries for meals on that specific date. However, looking at other dates in early 2026, Li Hua enjoys various foods with friends and neighbors. For instance, Li Hua frequently discusses traditional dishes like dumplings and rice cakes for the Lunar New Year in January, and regularly enjoys meals such as hot pot, Thai food, pizza, and pasta with acquaintances like Wolfgang Schulz and Adam Smith throughout the year."
What specific suggestions did Li Hua have regarding the construction schedule during the last community meeting?,Insufficient information,"Based on the provided community meeting records regarding the garden renovation and construction progress, Li Hua participated in various discussions surrounding community improvements, such as adding seating areas, flower beds, and a small herb section with basil, mint, and rosemary. Li Hua was also actively involved in planning community events like the children's weekend tree-planting activity.However, regarding the *construction schedule itself* and specific logistical feedback during the community meetings, the records show that other participants—such as Thrall, MuradinBronzebeard, and IllidanStormrage—raised concerns about construction noise during work hours, the potential disruption to children's playtime, and the need for scheduled quiet hours. Li Hua's own contributions to the planning conversations focused heavily on garden layout, natural elements, and community engagement rather than altering the timeline or scheduling of the construction work."
What movie did Li Hua and Wolfgang decide to watch together on New Year's Eve 2026?,Insufficient information,"Based on the provided data tables, there is no mention of Li Hua and Wolfgang watching a movie together on New Year's Eve in the year 2026. While the records show Li Hua and Wolfgang planning activities—such as watching *Star Wars: A New Hope* on October 9, 2026, grabbing Thai food, going to photography exhibitions, and enjoying hot pot—there are no conversation logs or scheduling details for New Year's Eve 2026 regarding a movie night between them. Therefore, based on the supporting evidence provided, the answer is not available."
What dish did Li Hua order for dessert after having Sichuan hot pot with Wolfgang Schulz?,Insufficient information,"Based on the provided conversations and data, Li Hua and Wolfgang Schulz made plans to enjoy Sichuan hot pot together with cold beer on September 30, 2026. However, the available records of their dinner conversation do not mention whether they ordered a dessert or what specific dessert Li Hua might have chosen. While Li Hua and Wolfgang often discuss food—such as Thai cuisine, pastries, dumplings, and pizza during various other gatherings and soccer meetups—there is no supporting evidence in the text detailing a dessert order specifically following their hot pot dinner."
What were the specific requirements that the customers modified and how did Li Hua respond to each change?,Insufficient information,"Based on the provided conversation logs, there are no instances of customers modifying specific requirements and Li Hua responding to those changes. Instead, the available data highlights various other interactions involving Li Hua, including scheduling, baking deliveries, and passionate discussions about television shows and soccer. ### Air-Conditioner Installation DetailsIn August 2026, Li Hua communicated with Adam Smith regarding the installation of an air-conditioner. Adam reached out to ensure the timing fit Li Hua's work schedule. Li Hua mentioned being quite flexible and usually working at The Lighthouse Cafe during the day, suggesting an afternoon slot. Adam agreed to check the contractor's availability for the afternoon, and Li Hua appreciated the update without making any specific modifications or demands regarding the installation process itself.### Bakery DeliveriesLi Hua also engaged with Hailey Johnson and her bakery team regarding regular bread deliveries. After initially trying a sourdough trial run set for a Tuesday, Li Hua later expressed excitement about new product announcements, such as gluten-free options and anniversary pastries. When asked for feedback after an anniversary event, Li Hua praised the raspberry tart and suggested a chocolate and caramel combination for future batches, to which Hailey responded positively. ### Pop Culture and Soccer DiscussionsAside from logistics, the majority of Li Hua's interactions involve group chats with friends. These conversations range from analyzing character arcs in prestige television series like *Silicon Valley*, *Succession*, and *Game of Thrones* to debating soccer legends like Messi and Ronaldo, the historical greatness of FC Barcelona defenders, and Premier League management styles. Li Hua frequently shares personal opinions, recommends local spots like The Lighthouse Cafe, and coordinates weekend soccer practice sessions and pizza get-togethers."
"What payment method did Li Hua use to purchase groceries from the store on April 15, 2026?",Insufficient information,"Based on the provided data and records, there is no mention of Li Hua purchasing groceries from a store on April 15, 2026. While the data does contain records from around that timeframe—such as a delivery message from Alice at Hailey's bakery on April 15, 2026, stating that Li Hua's bread had been delivered—it does not provide any details regarding payment methods or grocery transactions. Therefore, I do not know the answer to your question based on the provided information, and I cannot confirm what payment method, if any, was used on that date."
What specific diet did Li Hua follow to achieve his fitness results that Jennifer Moore recommended?,Insufficient information,"Li Hua has been heavily engaged in various fitness routines, strength training, and stamina-building workouts under the supportive guidance of fitness coach Jennifer Moore. When it comes to nutrition, Jennifer has provided several key dietary recommendations to help Li Hua achieve optimal results, fuel workouts, and support overall recovery.Rather than prescribing a single restrictive ""diet,"" Jennifer outlined a well-rounded approach to eating that emphasizes lean proteins, healthy snacks, and proper hydration. Specifically, Jennifer recommended incorporating various lean meats into meals—such as chicken breast, turkey breast, lean cuts of beef like sirloin, and fish like salmon and tilapia—as well as plant-based options like tofu or tempeh. Additionally, Jennifer suggested wholesome snack ideas to maintain energy levels, including Greek yogurt paired with honey and berries, mixed nuts, cottage cheese with pineapple, and hummus with carrot and cucumber sticks. She even shared a quick recipe for Greek yogurt mixed with honey and fruits like strawberries and blueberries, sliced bananas with cinnamon, or chopped apples with a crunchy peanut butter twist to provide a protein-packed and tasty boost."
What alternative training sports does Li Hua consider besides the current routine mentioned in his conversation with Jennifer?,Insufficient information,"Li Hua actively engages in fitness and athletic discussions, exploring various alternative training methods and sports alongside a structured workout routine. In conversations with fitness coach Jennifer Moore, Li Hua expresses a strong interest in diversifying physical activities to maintain stamina, strength, and overall wellness. Beyond standard gym routines, Li Hua frequently participates in group activities and sports. Notably, Li Hua joins peers for soccer practice sessions, focusing on skills like dribbling and passing. Additionally, Li Hua is open to exploring outdoor fitness opportunities, such as organizing a group trail running event to discover new running routes and enjoy the scenery.Furthermore, Li Hua embraces dynamic cross-training elements to supplement strength work. These include interval training, bodyweight exercises like burpees and mountain climbers, and incorporating musical rhythms to enhance workouts—ranging from chill music during cooldowns and yoga to upbeat tracks for weightlifting sessions."
What type of diet is Li Hua following to support his training regimen and sleep schedule?,Insufficient information,"Based on the provided conversations, Li Hua is actively engaged in a comprehensive fitness journey that involves building strength, endurance, and stamina. To support this regimen, Li Hua's coach, Jennifer Moore, has provided guidance on incorporating lean meats—such as chicken breast, turkey breast, sirloin, fish like salmon and tilapia, and plant-based options like tofu or tempeh—into meals. Additionally, they discuss healthy snack alternatives such as Greek yogurt with honey and berries, mixed nuts, cottage cheese with pineapple, and hummus with vegetables. While Li Hua and various fitness group members discuss several dietary ideas and meal-prepping strategies—such as focusing on lean proteins, vegetables, healthy fats, and incorporating stir-fries or quinoa—the provided data records do not explicitly state a specific named diet type (such as keto, vegan, or paleo) that Li Hua is following. Furthermore, there is no information provided in the sources regarding Li Hua's specific sleep schedule or how his diet impacts his sleep patterns."
What type of protein shake does Li Hua prefer to drink before his workout sessions?,Insufficient information,"Based on the provided data and records of Li Hua's fitness journey, gym sessions, and nutrition discussions with coach Jennifer Moore and various friends, there is no mention of Li Hua drinking protein shakes before his workouts. While the data highlights various nutrition tips—such as incorporating lean meats (like chicken, turkey, and sirloin), fish, tofu, and pre-workout/recovery snacks like Greek yogurt with honey and berries, mixed nuts, and cottage cheese with pineapple—a specific pre-workout protein shake preference for Li Hua is not documented in the provided sources."
What specific brand of protein supplement does Jennifer recommend for Li Hua's weight loss journey?,Insufficient information,"Based on the provided data tables and conversation history regarding Jennifer Moore's fitness and nutrition guidance for Li Hua, there is actually no mention of any *specific brand* of protein supplement recommended. While Jennifer does provide a detailed list of whole food sources for lean proteins—such as chicken breast, turkey breast, sirloin, fish (like salmon and tilapia), and plant-based options like tofu or tempeh—she focuses primarily on whole foods and nutritious meal ideas (like Greek yogurt with honey and berries) rather than endorsing a commercial brand of protein powder or supplements."
What specific colors of paint does Li Hua plan to use for the basement walls after decorating with potted plants?,Insufficient information,"Based on the provided data, there is no mention of Li Hua planning to use any specific colors of paint for the basement walls. While the records show that Li Hua enjoys decorating and inquired about adding sound-insulating pads to the basement to keep it reversible and neat, the discussions involving Li Hua and the basement primarily revolve around installing curtains with Adam Smith or setting up jam sessions with friends like Wolfgang Schulz and YurikoYamamoto. Similarly, when Li Hua discusses plants and flowers for spaces—such as the community garden renovation project—the focus is on planting native species, lavender, coneflowers, fresh herbs, or specific combinations like bluebells, camellias, and tulips to attract pollinators and beautify the community area, rather than painting basement walls."
What color did Li Hua decide to paint the walls of the basement after completing the renovation?,Insufficient information,"Based on the provided data and records of Li Hua's activities, conversations, and interactions with friends and neighbors, there is no mention of Li Hua painting the walls of the basement, nor is there any mention of a specific color chosen for the basement walls. The available records do, however, mention various other activities related to Li Hua's basement and the broader community projects. For instance, Li Hua discusses installing window curtains for privacy, getting help with an air conditioning unit installation by a contractor team arranged by Adam Smith, and adding reversible sound-insulating pads for musical jam sessions with friends like Wolfgang Schulz and Yuriko Yamamoto. Additionally, much of the community's collective effort is focused on an outdoor community garden renovation—featuring discussions on children's play areas, picnic tables, flower beds with lavender and coneflowers, herb sections, composting, and sustainable practices. Because the provided source texts contain no details regarding painting the basement walls or selecting a wall color, that specific information is entirely absent from the records."
"What specific design features did Li Hua suggest for Yuriko's studio homepage during their meeting at ""Central Perk""?",Insufficient information,"During their brainstorming sessions and meetings at Central Perk to discuss the homepage for Yuriko's speech therapy studio, Li Hua contributed several specific, practical design and content suggestions to help make the site more engaging, welcoming, and functional. To begin with, Li Hua emphasized the importance of a welcoming layout that reflects the core essence of speech therapy. She suggested incorporating specific visual elements, such as soothing colors and welcoming images, to create a calm and inviting atmosphere for visitors. Recognizing that the studio serves clients of various ages, Li Hua also appreciated and supported design choices that would resonate well with children. Furthermore, she suggested integrating dedicated sections for resources and success stories to build credibility and provide helpful information.To implement some of these interactive elements—specifically a ""leave a message"" feature for prospective clients—Li Hua provided technical advice on how to build it. She recommended using user-friendly WordPress plugins like ""Contact Form 7"" or ""WPForms"" for those who prefer not to code. Alternatively, she noted that a simple coded form featuring fields for a visitor's name, email, and message would also work effectively."
What is the name of the concert that Wolfgang and Li Hua will attend on March 7th?,Insufficient information,"Based on the provided data, Wolfgang Schulz mentions in a message to Li Hua that he has an extra ticket for ""a concert on March 7th at 6 PM."" While they make plans to grab a pre-concert meal at a new place on Main St. and discuss the excitement of seeing live music, the specific name or title of the concert is not mentioned in the conversation."
What type of cake does Li Hua plan to bring to the meeting with Yuriko to celebrate her studio's homepage redesign?,Insufficient information,"Based on the provided data, there is no mention of Li Hua planning to bring a cake to her meeting with Yuriko to celebrate her studio's homepage redesign. When Li Hua and Yuriko coordinated their brainstorming session for Thursday at 9:00 AM at Central Perk to discuss Yuriko's studio homepage, they focused purely on exchanging ideas rather than baking or food preparation."
What color did Li Hua paint his house before the community garden renovation began?,Insufficient information,"Based on the provided data, there is no mention of Li Hua painting his house, nor are there any details regarding the color of his house before the community garden renovation began. The community garden renovation project itself involved various improvements and additions, such as seating areas with benches, native plants (including lavender and coneflowers), a small herb section with basil, mint, and rosemary, a children's play area, and sustainable practices like recycling and composting. While the records cover extensive discussions among community members—such as Adam Smith, Li Hua, Tirion Fordring, and others—about planning activities, sports days, garage sales, and tree planting, the color of Li Hua's house is never discussed.If you don't know the answer, just say so. Therefore, the specific color Li Hua painted his house remains unknown based on the available sources."
What specific dietary changes did Li Hua implement in his training regimen as a result of Jennifer's advice on endurance and flexibility?,Insufficient information,"Based on the provided data, Li Hua received guidance from Jennifer regarding nutrition and diet to support a fitness regimen focused on building strength and stamina. Specifically, Jennifer provided a comprehensive list of lean meats and healthy snack options that Li Hua could incorporate into meals. The recommended lean protein sources included chicken breast, turkey breast, lean cuts of beef such as sirloin, fish like salmon and tilapia, as well as plant-based alternatives like tofu or tempeh. For snacks, Jennifer suggested Greek yogurt with honey and berries, mixed nuts including almonds, walnuts, and cashews, cottage cheese with pineapple, and hummus with carrot and cucumber sticks. LiHua responded enthusiastically to these nutritional suggestions, expressing a particular interest in trying the Greek yogurt with honey and asking for specific fruit pairing ideas. Jennifer subsequently provided several tasty fruit combinations for the Greek yogurt, such as strawberries and blueberries, sliced bananas with cinnamon, mixed berries with maple syrup, and chopped apples with peanut butter. LiHua noted that these combinations sounded delicious and decided to try the banana and cinnamon combination first, successfully integrating these nutritious snack ideas into the ongoing training and fitness journey."
"What specific feedback did Yuriko give to Li Hua about the demo website during their meeting at the cafe ""Central Perk"" on Thursday morning, and how did Li Hua respond to her comments?",Insufficient information,"During their Thursday morning meeting at Central Perk, Yuriko Yamamoto provided specific feedback to Li Hua regarding the demo website designed for her speech therapy studio. Yuriko expressed her excitement and appreciation for the initial work, noting how important this step was for her studio. During their discussion, she mentioned that she would like to include specific sections on the website, requesting a place for information about the therapy techniques she is developing as well as a dedicated section for community outreach programs.Li Hua responded very positively and enthusiastically to Yuriko's suggestions. Li Hua immediately validated the ideas, calling them fantastic additions that would truly help the studio shine. Furthermore, Li Hua agreed that they could collaboratively work on incorporating both the therapy techniques and community outreach sections together during the meeting, ensuring the final product would be as welcoming and informative as Yuriko desired."
What is the exact reason for Li Hua's unexpected work meeting on Thursday?,Insufficient information,"Based on the provided data tables, there is no mention of an unexpected work meeting for Li Hua on a Thursday. While Li Hua's schedule does include various activities—such as a gym session with Jennifer, discussing homepage ideas with Yuriko Yamamoto, and helping out with a bakery event or practicing soccer—none of the sources document an unexpected work meeting occurring on a Thursday. If you are referring to Li Hua's availability or other scheduled events mentioned throughout the week, LiHua frequently coordinates personal workouts, music jam sessions, and social gatherings, but specific details regarding an unexpected professional meeting on a Thursday are simply not present in the provided records."
"What toppings did Hailey put on the bread for Li Hua's next delivery, and what is the name of the bakery she gets her bread from?",Insufficient information,"### A New Delivery Service and Fresh BreadsHailey Johnson operates a local bakery where she crafts a variety of fresh goods, providing a convenient doorstep delivery service for her customers. When Li Hua first met Hailey at a local bake sale, she quickly signed up for this convenient delivery service, especially after hearing about the tempting artisanal options available. For Li Hua's very first scheduled delivery, Hailey prepared a fresh loaf of artisanal sourdough, accompanied by a complimentary bottle of milk as a thank-you gift for becoming a new customer. ***### Exploring New Bakery Options and ToppingsAs Li Hua continued her orders with Hailey's bakery, they frequently discussed expanding her palate to include other delicious baked goods. When Li Hua asked for recommendations on what to try next, Hailey enthusiastically suggested a couple of special options:* **Honey Oat Bread:** Perfect for anyone who prefers a slightly sweet flavor profile.* **Rosemary Focaccia:** A savory, aromatic must-try for customers feeling a bit more adventurous.Through these personalized recommendations and doorstep deliveries, Li Hua enjoyed a wonderful selection of freshly baked treats straight from Hailey's oven."
What is the favorite type of music that Li Hua and Yuriko plan to play together?,Insufficient information,"Based on the provided conversations, Li Hua and Yuriko (along with their bandmates in ""The Jolly Band"") enjoy exploring and playing a wide variety of music together. However, a major recurring theme and favorite genre for the group—including Li Hua and Yuriko—is **classic rock**, with a particular fondness for **The Beatles** and various iconic classic tracks. Beyond classic rock, Li Hua and Yuriko are open to experimenting with fun, upbeat grooves and unique fusion ideas. For instance, they have enthusiastically discussed incorporating traditional Chinese instruments like the *erhu* or *guzheng* into pop tunes, as well as playing feel-good anthems, festive holiday songs, and even memorable tracks from video game soundtracks."
What are the specific reasons why Li Hua prefers classical music over pop music in their discussions?,Insufficient information,"Based on the provided conversation data and records, there is actually no evidence indicating that Li Hua prefers classical music over pop music. In fact, the dialogues show that Li Hua and the band members (""The Jolly Band,"" which includes Li Hua, Wolfgang Schulz, Yuriko Yamamoto, and ChaeSong-hwa) enjoy and engage with a wide variety of musical genres, frequently blending and exploring multiple styles. While the group often jams to classic rock tracks and iconic tunes like ""Hey Jude,"" ""Sweet Home Alabama,"" and ""Hotel California""—and discusses classical-leaning or traditional pieces—they are equally enthusiastic about pop hits, indie game soundtracks, and fusion music. For instance, Li Hua and the group regularly incorporate pop-oriented tracks and fun pop hits into their karaoke nights and jam sessions, such as discussing upbeat pop songs and sharing enthusiasm for various contemporary styles. Therefore, the premise that Li Hua specifically prefers classical music over pop music is not supported by the provided text."
What song did Yuriko and Wolfgang decide to perform together after watching the drum tutorial?,Insufficient information,"After Yuriko Yamamoto shared an online tutorial on advanced drum techniques to help with their musical practice, she and Wolfgang Schulz—along with their bandmates Li Hua and ChaeSong-hwa—continued to plan and prepare for their upcoming jam sessions as part of ""The Jolly Band."" While the provided data tables do not pinpoint a single song exclusively performed as a direct result of that exact drum tutorial, the group frequently discussed and practiced various classic tracks for their Sunday sessions. Notably, Wolfgang often expressed excitement about nailing specific songs, such as classic tracks by The Beatles, including ""Here Comes the Sun,"" ""Hey Jude,"" and ""Come Together."" Additionally, they collaborated on other popular tunes like Coldplay’s ""Viva la Vida,"" ""Stairway to Heaven,"" and a memorable classic rock medley featuring ""Hotel California,"" ""The Joker,"" ""Sweet Home Alabama,"" and ""Blackbird."""
"What type of feedback did Li Hua provide to Chae regarding the community medical knowledge lecture, and what is Wolfgang's role in the band rehearsal?",Insufficient information,"Li Hua provided glowing feedback following the community medical knowledge lecture hosted by Chae. Specifically, Li Hua found the presentation to be deeply insightful, noting a significant amount of knowledge gained regarding the latest advancements in neurosurgery. Furthermore, Li Hua complimented Chae's exceptional presentation style, which successfully made complex and technical medical topics remarkably easy to understand and digest.In the context of the band, Wolfgang's primary musical role is as a drummer, keeping the beat and managing the rhythm for ""The Jolly Band."" Wolfgang often brings a passion for classic rock and collaborative energy to the group's weekend jam sessions, frequently coordinating gear, discussing equipment like drum kits, and sharing a mutual love for iconic music alongside bandmates Li Hua, Yuriko Yamamoto, and Chae."
What is the name of the last song Wolfgang played using the new drum practice app?,Insufficient information,"Based on the provided data, there is no mention of a ""new drum practice app"" used by Wolfgang or any specific song played through such an application. Wolfgang is a passionate drummer who frequently jams with his friends Li Hua, Yuriko, and ChaeSong-hwa in a band called ""The Jolly Band,"" and he often discusses gear, software projects, and classic songs like those by The Beatles, Coldplay, and Eric Clapton. However, the records do not contain any information about a drum practice app. If you don't know the answer, just say so. Do not make anything up, and do not include information where the supporting evidence for it is not provided."
What flavor of new bread products did Li Hua really enjoy at the bakery's anniversary event?,Insufficient information,"Li Hua actively participated in the anniversary event hosted by Hailey Johnson’s bakery, which took place from April 15 to 17. Eagerly anticipating the celebration, Li Hua attended the event alongside Wolfgang and explored the various new offerings and special treats baked specifically for the occasion. Among the assortment of new products introduced, Li Hua was particularly impressed by the selection of fresh pastries. When Hailey later followed up to gather feedback on the anniversary event, Li Hua specifically highlighted the new pastries, enthusiastically noting that the raspberry tart was a standout hit."
What is the name of the song that Li Hua will sing at the karaoke on 20260425?,Insufficient information,"Based on the provided data, there are no specific song titles mentioned for Li Hua to sing at the karaoke event on April 25, 2026 (20260425). However, looking at the conversation history, Li Hua is actively involved in a musical group called ""The Jolly Band"" alongside Chae Song-hwa, Yuriko Yamamoto, and Wolfgang Schulz. While no solo performance or specific karaoke track is assigned directly to Li Hua for that date, the group frequently discusses and practices various classic rock hits and popular songs, such as ""Hotel California"" by the Eagles, ""The Joker"" by the Steve Miller Band, ""Sweet Home Alabama"" by Lynyrd Skynyrd, and ""Blackbird"" by The Beatles. Furthermore, Li Hua expresses a personal musical taste that leans toward a mix of classic rock and folk music, thoroughly enjoying the collaborative jam sessions and vocal performances with the band."
What flavor of cake did Hailey plan to bake for the bakery's anniversary celebration in February?,Insufficient information,"Based on the provided data, Hailey Johnson did not plan a cake specifically for a bakery anniversary celebration in February. Instead, the bakery's anniversary event took place from April 15 to 17, and Hailey asked Li Hua for feedback on the new products introduced during that event. During the anniversary celebration in April, Hailey introduced new pastries and a popular raspberry tart, which Li Hua praised. Following the event, when Li Hua suggested a chocolate and caramel combination for future treats, Hailey agreed to work on a new recipe featuring those flavors."
What type of dessert did Wolfgang plan to order for Li Hua during their dinner celebration?,Insufficient information,"During a dinner celebration with Li Hua, Wolfgang Schulz planned to order a specific meal that included trying the restaurant's risotto, while Li Hua considered opting for pasta to celebrate his promotion in style. This special evening took place at Venedia Grancaffe, where Wolfgang and Li Hua gathered to mark Wolfgang's exciting career milestone. With an enthusiastic appetite and a great atmosphere, the two friends looked forward to enjoying a wonderful feast together after a long time without a proper sit-down dinner."
What were Raze's personal reasons for becoming a fitness coach before discussing pull-up techniques?,Insufficient information,"Based on the provided data, there is no mention of Raze's personal reasons for becoming a fitness coach or any discussions regarding pull-up techniques. The available conversations involving Raze primarily focus on group fitness challenges, workout playlists, dynamic warm-ups like leg swings and deep lunges, trail running safety, and soccer discussions. Therefore, I don't know the answer to this question, as the supporting evidence for it is not provided in the data tables."
"What new species of flowers will be featured in the community garden renovation, according to the feedback provided by Li Hua during the progress reports?",Insufficient information,"According to the community garden renovation discussions and progress reports, Li Hua suggested several specific plants to enhance the green space. During the planning phases, Li Hua recommended incorporating plants such as lavender and coneflowers due to their beauty, low maintenance, and ability to attract pollinators like butterflies and bees. Additionally, Li Hua suggested introducing a small herb section featuring basil, mint, and rosemary so community members could pick fresh herbs for their cooking. Later in the project's progress updates, Li Hua specifically highlighted a combination of Bluebells, Camellias, and Tulips as a beautiful color and visual combination for the newly installed garden beds."
What specific construction projects were discussed at the meeting between Turalyon and the residents regarding noise control?,Insufficient information,"Based on the provided data, there is no mention of a specific meeting between Turalyon and the residents specifically addressing noise control or discussing construction projects in relation to it. However, the data does highlight community-wide discussions involving Turalyon, LiHua, and other residents regarding a community garden renovation project. While noise is briefly mentioned in passing—such as LiHua noting that a garden renovation happening elsewhere was a bit noisy and prompted a search for quieter spaces like ""The Lighthouse Cafe""—the core focus of the community discussions with Turalyon centers on planning the garden's layout, planting native flowers and trees, arranging seating areas, organizing community potlucks, and planning holiday and garage sale events."
What is the amount of rent Li Hua owes to Adam Smith for the months of April and May?,Insufficient information,"Based on the provided communications between Adam Smith and Li Hua, there is a specific mention of unpaid rent regarding the month of April, which carried over into May. In their conversation on June 1, 2026, Adam Smith reached out to Li Hua stating that he noticed he had not yet received ""last month's rent""—referring to the rent due for May. However, the exact monetary amount owed for April and May is **not specified** anywhere in the provided data tables. Li Hua acknowledged the oversight, apologized for forgetting, and promised to sort the payment out as soon as possible. While the timeline of the rent obligations is clear, the specific dollar amount or financial figure remains unstated in their records."
What song did Li Hua perform at the local music festival in 2026?,Insufficient information,"Based on the provided data tables and records for 2026, there is no mention of Li Hua performing a specific song at a local music festival. While Li Hua and Wolfgang discussed a local festival downtown with food stalls and live music when Li Hua first moved to the city in January 2026, the conversation focused on checking out the food and art exhibits rather than Li Hua performing. Li Hua is, however, heavily involved in regular Sunday jam sessions with a band alongside Wolfgang Schulz, YurikoYamamoto, and later ChaeSong-hwa. Throughout 2026, these jam sessions feature plenty of practice and discussions about various classic rock and pop tunes. Among the many songs discussed and played by the group during their regular weekend sessions in 2026 are tracks by The Beatles—such as ""Here Comes the Sun,"" ""Come Together,"" ""Blackbird,"" and ""Hey Jude""—as well as other classic staples like ""Hotel California"" by the Eagles, ""The Joker"" by the Steve Miller Band, and ""Viva la Vida"" by Coldplay. Additionally, Li Hua planned to attend a karaoke activity organized by ChaeSong-hwa in April 2026, where they discussed enjoying classic rock and folk music. However, no specific performance by Li Hua at a music festival is documented in the sources."
"What is the name of the restaurant where Li Hua and Wolfgang had dinner on the night of June 9, 2026?",Insufficient information,"Based on the provided data, LiHua and Wolfgang did not have dinner at a restaurant on the night of June 2026. According to the message exchange on June 9, 2026 (Source 20), Wolfgang asked LiHua to grab dinner that evening, but LiHua had to decline the offer because they had a freelance gathering scheduled from 3 to 6 PM and were dealing with a noisy garden renovation at home. ### Other Dinner OutingsWhile they did not dine out on June 9, LiHua and Wolfgang frequently enjoyed meals together on other dates throughout 2026. For instance, on April 30, 2026, they celebrated Wolfgang's promotion with dinner at **Venedia Grancaffe** (Source 9). On other occasions, they visited local spots for Thai food, pasta, pizza, and hot pot, but no restaurant is associated with the evening of June 9 due to LiHua's prior commitments."
What is the nutritional value of the new line of high-protein breads compared to traditional white bread?,Insufficient information,"Based on the provided data, there are no specific details regarding the exact nutritional values, macronutrients, or calorie counts of the new line of healthy, high-protein breads compared to traditional white bread. However, the records do note that Hailey's bakery features a special event dedicated to launching new healthy bread options and hosting tasting sessions. Additionally, expert speakers have discussed general nutritional tips—such as incorporating lean meats and focusing on carbohydrates or protein for athletic performance and recovery—and recommended various wholesome foods like artisanal sourdough, honey oat bread, and rosemary focaccia."
What specific sleep techniques did Li Hua use to improve her study habits after reading the neuroscience article and discussing the warm shower with Chae?,Insufficient information,"Based on the provided data tables, there is actually no mention of Li Hua discussing a warm shower with Chae, nor are there any specific details regarding Li Hua using sleep techniques to improve her study habits after reading the neuroscience article. While the sources do show that ChaeSong-hwa shared a research article by American scientists on how to fall asleep faster at night—which LiHua read and acknowledged as helpful for recovery after long days—the text does not elaborate on study habits or specific sleep techniques implemented following that discussion."
What type of special dietary restrictions does Li Hua follow when preparing meals for his family?,Insufficient information,"Li Hua maintains an active lifestyle, frequently engaging in workouts with personal trainer JenniferMoore and practicing soccer with friends. To support these fitness goals, Li Hua often prepares and consumes nutritious meals, incorporating healthy ingredients such as quinoa, mixed vegetables, and grilled chicken for protein, as well as looking forward to trying recipes like baked salmon with sweet potatoes and broccoli. Despite an active focus on fitness and healthy eating, the provided records indicate that Li Hua does not follow any restrictive diets. When asked specifically about dietary restrictions ahead of a free baking class hosted by HaileyJohnson, Li Hua confirmed directly: ""No dietary restrictions here, I'm all set."" Instead of adhering to strict limitations, Li Hua enjoys a diverse range of foods. This includes traditional dishes like homemade pasta salad for neighborhood potluck dinners, dumplings and rice cakes for Lunar New Year celebrations, and spicy hot pot or Thai food with friends like WolfgangSchulz."
"What is the total cost of the air conditioner installation, including labor and materials, if Li Hua had previously discussed a budget of $2,000 with a different contractor?",Insufficient information,"Based on the provided data, there is no mention of the total cost, labor fees, or material expenses for the upcoming air conditioner installation scheduled for Wednesday next week. Furthermore, while the records detail various conversations involving Li Hua—ranging from discussions about energy-efficient inverter units (such as Mitsubishi and Daikin with high SEER ratings) and basement placement to coordinating schedules at The Lighthouse Cafe—there is no supporting evidence or documentation regarding a $2,000 budget discussed with a different contractor. Consequently, I don't know the answer to this question based on the provided records, as the specific financial details and contractor pricing are not included in the data tables."
What type of fusion music does Wolfgang Schulz plan to create with Li Hua during their weekend trip to the music store?,Insufficient information,"Based on the provided conversations, Wolfgang Schulz and Li Hua do not actually plan to create any specific ""fusion music"" during their weekend trip to the local music store. Instead, their trip, which was planned for a Saturday at 10 AM, was simply intended to check out new gear, get inspired for their band's upcoming jam sessions, and take notes on anything cool they might find.However, the concept of fusion music does come up elsewhere in the band's discussions involving Wolfgang Schulz, Li Hua, YurikoYamamoto, and ChaeSong-hwa. In a separate brainstorming session, ChaeSong-hwa proposed mixing Chinese musical elements into the band's performance style. YurikoYamamoto enthusiastically supported this, suggesting the incorporation of traditional Chinese instruments like the erhu or guzheng to add a unique texture. Ultimately, while the band members frequently discuss blending genres—such as playing pop tunes with a traditional Chinese twist or exploring jazz fusion and classic rock medleys—these musical experiments are developed during their regular Sunday jam sessions rather than during Wolfgang and Li Hua's gear-shopping trip to the music store."
What type of flowers were planted in the garden based on the residents' suggestions discussed by Turalyon?,Insufficient information,"Based on the community garden planning discussions led by Turalyon and the residents, several specific types of flowers were selected and purchased for the garden project. The community members thoughtfully collaborated on layouts and flower combinations to ensure a vibrant and visually appealing space.### Selected FlowersAccording to the discussions, the primary flowers chosen for the garden are:* **Bluebells*** **Camellias*** **Tulips**Residents such as LiHua noted that this specific combination of Bluebells, Camellias, and Tulips would create a beautiful and harmonious color palette for the newly renovated garden space.### Additional Plant RecommendationsIn addition to the main flower selections, residents also suggested incorporating other eco-friendly and pollinator-friendly plants to enhance the garden's ecosystem:* **Native plants** to attract local pollinators like bees and butterflies.* **Lavender and coneflowers**, which were recommended for their beauty, low maintenance, and appealing scents.* **Fresh herbs** such as basil, mint, and rosemary for community use."
"What type of air-conditioner did Li Hua select for Adam's living room, and how does its temperature regulation compare to the one in the basement?",Insufficient information,"Based on the provided data, there is no mention of Li Hua selecting an air-conditioner for Adam's living room. The discussions regarding air conditioning specifically focus on a unit for the basement. When Adam and Li Hua discussed cooling the basement, Li Hua recommended looking into inverter AC units (such as brands like Mitsubishi and Daikin) because they are known for energy efficiency, low noise, and maintaining a SEER rating of 16 or higher. Furthermore, they agreed that a wall-mounted unit would be the best choice for the basement space due to its better cooling effectiveness, quiet operation, and space-saving design compared to portable units. However, details regarding a living room unit or a comparison of its temperature regulation to the basement are simply not present in the records."
What were Li Hua's specific fitness goals and how did Jennifer's advice on nutrition influence them during his training for a marathon?,Insufficient information,"Li Hua engaged in a comprehensive fitness journey that balanced several distinct physical objectives, specifically focusing on increasing stamina, improving overall strength, and enhancing flexibility. As part of a diverse routine that included weight training, cardio, and playing the guitar on the side, Li Hua also maintained a consistent workout plan of sessions twice a week. Jennifer Moore played a pivotal role in guiding Li Hua's fitness and nutritional habits. Rather than focusing strictly on marathon running—a goal primarily pursued by other members of the fitness group—Jennifer’s nutritional advice focused on overall athletic performance, proper fueling, and effective recovery. She emphasized the importance of hitting macronutrient goals, managing food portions, and properly balancing proteins, carbohydrates, and vegetables to support high-intensity workouts.To help translate this nutritional advice into practical habits, Jennifer shared a nutritious and balanced recipe for baked salmon with sweet potatoes and broccoli, which Li Hua eagerly tried out. Additionally, Jennifer provided structured guidance on time-blocking to help Li Hua successfully balance a busy work schedule with regular workout consistency."
What are the sales figures for the PS5 exclusive games released in 2026 that Thane discussed with group members?,Insufficient information,"Based on the community discussions and planning sessions within the game fan group chat involving ThaneChambers and other members, there is an extensive focus on various titles, recommendations, and upcoming releases, particularly for the PlayStation 5. However, looking closely at the provided data and communication transcripts from 2026, **specific sales figures or financial numbers for these PS5 exclusive games are not mentioned or provided.** While ThaneChambers, LiHua, and other group members frequently chat about upcoming PS5 exclusives—such as *Marvel’s Spider-Man 2*, *Final Fantasy XVI*, and *Ghostwire: Tokyo*—their conversations center strictly on gameplay mechanics, graphics, story progression, atmospheric storytelling, character development, and personal excitement rather than commercial performance or sales milestones.### Discussed PS5 Titles and HighlightsAlthough exact sales figures are absent from the records, the group's enthusiasm highlights several major games discussed across various chat sessions:* **Marvel’s Spider-Man 2 & Spider-Man: Miles Morales:** Members like ThaneChambers and Aisling expressed high anticipation for swinging through the city, playing as both Peter and Miles, and experiencing the upgraded gameplay mechanics and visuals.* **Final Fantasy XVI:** Highlighted by Dyllan and Ileana as a major upcoming exclusive, the group discussed its darker narrative direction, graphical fidelity, and the shift toward action-oriented combat systems.* **Ghostwire: Tokyo:** Gavriel, LiHua, and Jareth explored the game's unique mix of urban exploration, Japanese folklore, and supernatural combat mechanics, praising its immersive atmosphere.* **Demon's Souls & Returnal:** Discussed during shopping trip planning and visual appreciation threads for their challenging gameplay, dark atmospheric qualities, and surreal, otherworldly landscapes that push the hardware limits of the PS5.In summary, while the group shares a deep passion for these titles and eagerly tracks their release details, the specific sales figures for these 2026 PS5 exclusive games are simply not available in the provided data."
"What specific techniques did Li Hua use to prepare for a marathon race that took place on September 1, 2026?",Insufficient information,"Based on the provided data, Li Hua did not actually train for or participate in a marathon race on September 1, 2026. While the data includes a conversation from May 8, 2026, where a character named Brimstone asks for advice on preparing for a marathon—receiving tips on incorporating long runs (16 to 20 miles), tempo runs, intervals, strength training (like squats), proper nutrition (protein, carbs, and hydration), and recovery techniques like foam rolling and stretching—Li Hua's own fitness journey primarily revolved around general strength training, planks, running, cycling, and fitness goals guided by a coach named Jennifer. Furthermore, LiHua's main athletic discussions and weekend plans throughout the provided logs actually centered heavily around soccer training, practicing dribbling, passing, and shooting skills with friends like JakeWatson, Caspian, and others, rather than running a marathon. Therefore, there are no specific marathon preparation techniques recorded for Li Hua on the specified September date."
What food did Emily order for the group's discussion about Game of Thrones characters?,Insufficient information,"Based on the provided conversation logs and data tables regarding the group discussions about *Game of Thrones*, there is no mention of Emily Burnett or any other group members ordering food for their discussions about *Game of Thrones* characters. While members of the group frequently chat about various topics—including organizing soccer watch parties, bringing specific snacks like chips and drinks, or ordering pizza with specific toppings for football matches—the discussions focused on *Game of Thrones* and its complex characters (such as Cersei Lannister, Jaime Lannister, and Tyrion Lannister) do not involve any food orders."
"What type of protein supplements did Li Hua use after the workout on September 19, 2026?",Insufficient information,"Based on the provided data and records, there is no mention of Li Hua using any specific protein supplements after a workout on September 19, 2026. While the records do contain numerous discussions regarding Li Hua's fitness routines, workouts with coach Jennifer Moore, and general post-workout habits—such as discussions about hydration, water intake, electrolyte drinks, and various fitness goals—there are no entries corresponding to a workout on that specific date involving protein supplements."
What color was the curtain that Li Hua chose for his living room?,Insufficient information,"Based on the provided data, there is no mention of a curtain chosen for Li Hua's living room. The available records do mention a curtain, but it was specifically for a basement window rather than a living room. According to the messages, on September 21, 2026, Li Hua reached out to Adam Smith for help with installing a curtain on the basement window to boost privacy. However, the dialogue only discusses scheduling the installation for a Thursday afternoon and coordinating tools, and it does not state the color of the curtain. Therefore, based on the input data, the exact color of the curtain is not provided."
What specific measurements did Li Hua take for the window size before the installation of the curtain?,Insufficient information,"Based on the provided data tables, there is no mention of Li Hua taking specific measurements for the window size before the curtain installation. While the conversation between Li Hua and Adam Smith outlines plans for installing a curtain on the basement window to boost privacy—ultimately scheduled for a Thursday afternoon with Adam bringing the necessary tools—the exact dimensions or the process of measuring the window are not discussed in the records."
What is Thane's favorite type of food that he enjoys while playing video games?,Insufficient information,"Based on the provided data tables and chat logs, there is no specific mention of Thane's favorite type of food to eat while playing video games. While the records show Thane discussing various video games (such as *Black Myth: Wukong*, *Red Dead Redemption 2*, *Call of Duty*, and *Octopath Traveler*) and participating in community groups and game nights with friends, his personal food preferences during gaming sessions are not detailed in the available text.However, the data does highlight other food-related discussions among the community members. For instance, JenniferMoore shares cooking recipes and meal preparations, most notably her recipe for **Baked Salmon with Sweet Potatoes and Broccoli**, which she describes as super nutritious and packed with flavor. Additionally, LiHua and Jennifer often chat about maintaining healthy nutrition, lean meats, and hydration habits alongside their fitness and training goals."
What were the specific details of the negotiation between Jake Watson and Li Hua regarding player transfers from FC Barcelona to FC Bayern Munich?,Insufficient information,"Based on the provided data tables, there are no records or details of any negotiations between Jake Watson and Li Hua regarding player transfers from FC Barcelona to FC Bayern Munich. While the conversation transcripts show that Jake Watson and Li Hua frequently discuss soccer—including classic UEFA Champions League matches, legendary managers like Pep Guardiola, memorable El Clásico moments, and standout players like Lionel Messi, Carles Puyol, and Gerard Piqué—they do not engage in any player transfer negotiations between FC Barcelona and FC Bayern Munich."
What was the final match score of the 2025 UEFA Champions League final?,Insufficient information,"Based on the provided data and records, there is no mention of the final match score or specific details regarding a ""2025 UEFA Champions League final."" While the sources extensively discuss various legendary football matches—such as the dramatic 2005 final between Liverpool and AC Milan, the tense 2012 final where Chelsea defeated Bayern Munich in a shootout, Manchester United's historic 1999 stoppage-time victory over Bayern Munich, and numerous classic El Clásico encounters between Real Madrid and Barcelona—information regarding the specific 2025 UEFA Champions League final is simply not provided in the data tables."
What was the exact date and time when Cersei Lannister first met Jaime Lannister in the Game of Thrones series?,Insufficient information,"I don't know the exact date and time when Cersei Lannister first met Jaime Lannister in the *Game of Thrones* series. While the provided data tables and chat transcripts include extensive discussions among fans—such as Emily Burnett, Rowan, Saffron, and others—about *Game of Thrones*, Cersei Lannister, Jaime Lannister, and their complex character arcs, dynamic relationships, and ultimate fates in Westeros, they do not contain specific chronological timestamps or in-universe dates for the characters' very first meeting. In the fictional narrative of George R.R. Martin's universe and the HBO adaptation, Cersei and Jaime are fraternal twins who grew up together at Casterly Rock, meaning their first meeting occurred in their infancy long before the events of the series begin. Consequently, the exact date and time of this initial childhood encounter are never specified in the source material or the provided discussion logs."
What type of dessert did Wolfgang plan to have with Li Hua after their hot pot dinner on a different day?,Insufficient information,"Based on the provided conversations, Wolfgang Schulz and Li Hua did not plan to have hot pot on a different day, nor did they discuss eating a specific dessert directly after a hot pot dinner. However, looking at their various food outings and discussions, Wolfgang and Li Hua have shared conversations about several different meals and treats. For example, during their hot pot dinner (which they enjoyed with Sichuan style and cold beer), dessert was not mentioned. On a separate occasion, when discussing a trip to Europe, Wolfgang fondly recalled eating ""pastries with powdered sugar"" in Prague. Additionally, Wolfgang and Li Hua frequently connected over other culinary adventures, such as grabbing pizza to celebrate Wolfgang's promotion, enjoying Thai food and Starbucks Frappuccinos, and jamming together in their band."
What did Jennifer say to Li Hua about their plan for a team swimming competition in December?,Insufficient information,"Based on the provided data and conversations between Jennifer Moore and Li Hua, there is no mention of any team swimming competition, nor is there any discussion about swimming whatsoever. Their conversations primarily revolve around fitness goals, workouts (such as pushups, pull-ups, planks, and stamina), nutrition, healthy recipes, and occasional holiday greetings. While Jennifer and Li Hua frequently coordinate their workout schedules—such as sessions on Tuesdays and fitness challenges—swimming is entirely absent from their dialogue. Therefore, Jennifer did not say anything to Li Hua about a team swimming competition in December."
What strategy did Li Hua use to score a goal in the championship match against their rival team?,Insufficient information,"Based on the provided data tables and chat logs, there is no mention of Li Hua playing in a championship match against a rival team, nor is there any description of a specific strategy used to score a goal in such a match. While the participants in the chat logs frequently discuss soccer—including classic UEFA Champions League finals, El Clásico rivalries between Barcelona and Real Madrid, legendary players like Messi and Ronaldo, and their own weekend practice sessions focusing on passing, shooting, and dribbling drills—Li Hua's own on-field exploits and goal-scoring strategies are never detailed in the records. If you don't know the answer, just say so. Therefore, I do not know the answer to what strategy Li Hua used to score a goal in a championship match, as supporting evidence for this information is not provided in the input data."
What is Li Hua's favorite type of exercise outside of pull-ups?,Insufficient information,"Li Hua is an active participant in various fitness routines alongside her gym sessions with Jennifer Moore. While she recently celebrated smashing her pull-up personal record, the provided data highlights several other exercises and activities she engages in to maintain her stamina and overall health.Li Hua is particularly enthusiastic about mixing bodyweight exercises with high-intensity interval training, noting that these routines keep her heart rate up and make workouts much more interesting. Additionally, she is deeply involved in soccer, frequently discussing classic matches, playing with friends, and participating in team drills like dribbling and passing. Her active lifestyle is rounded out by regular guitar sessions, outdoor activities, and community events."
What time did Chae first suggest they visit the music festival in the morning?,Insufficient information,"Based on the provided data, Chae (ChaeSong-hwa) first mentioned the music festival on December 8, 2026, at 18:00 (6:00 PM). In her message, she excitedly told the group about the local music festival happening that upcoming Saturday and asked if they wanted to plan out what they wanted to see. While Chae and the group discussed various meeting times—such as Wolfgang Schulz suggesting they meet an hour before the festival starts and Li Hua suggesting 5 PM to chill before everything kicks off—Chae did not suggest visiting the festival in the morning. Instead, the group's plans consistently revolved around evening attendance, with Yuriko Yamamoto later reminding everyone on the day of the event (December 12, 2026) to meet at the basement at 6:00 PM to head to the music festival together."
What are the reasons behind Jennifer and Li Hua's decision to change their training routine for the following month?,Insufficient information,"Based on the training interactions and conversations between Jennifer Moore and Li Hua, their decision to adjust and evolve their workout routine comes down to a desire for personal growth, balanced physical development, and targeted fitness improvements. While working together under Jennifer's guidance, Li Hua expressed a specific interest in branching out beyond basic conditioning. Specifically, Li Hua identified a desire to focus more heavily on increasing overall physical strength as well as improving flexibility, noting that those particular areas could benefit from some dedicated attention and structured work.To accommodate these evolving personal fitness goals, Jennifer proposed incorporating more targeted resistance training into Li Hua's routine to directly build strength. Additionally, to address the flexibility component, they planned to introduce dedicated stretching or yoga sessions into the mix. This collaborative approach ensured that their upcoming training sessions remained fresh, challenging, and closely aligned with Li Hua's new milestones."
What specific gifts did Wolfgang buy for Li Hua during his trip to Hong Kong?,Insufficient information,"During Wolfgang's upcoming and recent travels to the vibrant and bustling city of Hong Kong, he and his friend Li Hua discussed various aspects of his trip, including souvenirs and gifts. Before his journey, when Wolfgang mentioned he was heading to Hong Kong for a couple of days, Li Hua suggested that he look out for some cool snacks or a local souvenir that ""screams Hong Kong."" Wolfgang agreed to keep an eye out for unique snacks and a special souvenir to bring back. However, looking closely at the provided data and records of their interactions, there are no mentions or confirmations of the specific gifts or snacks that Wolfgang actually purchased or brought back for Li Hua during his trip. While Wolfgang arrived in Hong Kong to explore, take stunning photographs (such as visiting Victoria Peak), and enjoy local treats like dim sum and egg waffles, the exact items bought as gifts for Li Hua were not detailed in the available sources."
