Question,Gold Answer,minirag
Did Adam Smith send a message to Li Hua about the upcoming building maintenance schedule before the administrators announced a temporary change in the construction schedule due to weather conditions?,Yes,"Based on the provided communication records, Adam Smith did send a message to Li Hua regarding upcoming building maintenance. Specifically, on January 21, 2026, Adam informed Li Hua about the maintenance work and asked if there were any times she would prefer to avoid, to which Li Hua replied that mornings worked best for her to avoid. However, looking through the rest of the available data, there are no records or mentions of the administrators making any announcements regarding a ""temporary change in the construction schedule due to weather conditions."" While there are various discussions about garden renovations, construction noises, and contractors, nothing specifically points to weather-related scheduling changes announced by administrators. Therefore, while the initial maintenance heads-up from Adam exists, the second part of the scenario regarding an administrator-announced weather change is not supported by the provided records."
"Did Wolfgang ask Li Hua about watching ""Star Wars: A New Hope"" after he asked Li Hua about going to see ""Overwatch 3""?",Yes,"Based on the provided data, Wolfgang did not ask Li Hua about going to see ""Overwatch 3."" In fact, there is no mention of a game or movie called ""Overwatch 3"" anywhere in the conversation records. However, the records do show that Wolfgang and Li Hua discussed watching a classic film together. Specifically, on October 9, 2026, Wolfgang was asked by Li Hua if he wanted to watch the classic movie *Star Wars: A New Hope* at Li Hua's place after work, to which Wolfgang enthusiastically agreed, offering to bring snacks and drinks for the movie night."
Did Li Hua agree to go out for dinner after Wolfgang first asked him if he wanted to go out for dinner?,Yes,"Based on the provided communication records, when Wolfgang Schulz first invited Li Hua out for dinner on June 9, 2026, Li Hua did not agree to go. Instead, Li Hua had to decline the invitation because of a prior commitment, stating that they had a freelance gathering scheduled from 3:00 to 6:00 PM that evening and suggested planning something for another time. However, Li Hua and Wolfgang did successfully plan and agree to other dinner outings on different dates documented in the records. For instance, on September 30, 2026, Wolfgang invited Li Hua for Sichuan hot pot, to which Li Hua enthusiastically agreed, suggesting 7:00 PM and adding cold beer to the plan. Similarly, on October 15, 2026, when Wolfgang asked about grabbing pizza for dinner after work, Li Hua readily accepted, agreeing to meet around 7:00 PM at Wolfgang's favorite downtown pizza place."
Did Li Hua send a message to Jennifer thanking her for the new training schedule before he requested a change in his training schedule for Thursday?,Yes,"Based on the provided conversation logs, Li Hua did exchange messages with Jennifer regarding workout plans and training schedules, but the sequence of events shows a different timeline regarding the workout plans and adjustments. In one interaction from March 2026 (Log 16), Li Hua discusses a current workout plan with Jennifer, thanking her for her guidance and noting that the sessions are working well. They talk about potentially focusing on strength and flexibility next, and Li Hua thanks Jennifer for being so supportive while looking forward to the next session. Later in the year, specifically in December 2026 (Log 17), Li Hua checks in with Jennifer to request a change in the training schedule, asking if they can return to the original intensity for their workouts now that his arm muscles have fully recovered. Jennifer eagerly agrees to ramp the intensity back up in preparation for their upcoming Thursday session, highlighting a progression of workout adjustments over time."
Did Li Hua ask Jennifer for advice on how to prevent muscle soreness after an intense workout session before he told her that he feels soreness in his arm muscles after the workout this week?,Yes,"Based on the provided data, Li Hua did not ask Jennifer for advice on how to prevent muscle soreness after an intense workout session before mentioning arm muscle soreness this week. In the conversation logs, Li Hua and Jennifer frequently interact about fitness goals, stamina, and recovery, but there is no record of Li Hua asking Jennifer specifically for advice on preventing muscle soreness or mentioning any soreness in his arm muscles this week. Instead, discussions involving muscle recovery, soreness prevention, and stretching routines are primarily shared among other participants—such as Omen, Phoenix, Brimstone, and Raze—who discuss foam rolling, yoga stretches, static stretching, and hydration as methods to prevent soreness and ease muscle tension. Therefore, the specific sequence of events regarding Li Hua asking for advice on muscle soreness and mentioning arm soreness does not appear in the source texts."
Did Li Hua send a message to Jennifer asking for her opinion on protein supplements before he consulted her about his daily protein powder consumption?,Yes,"Based on the provided data, Li Hua did not send a message to Jennifer asking for her opinion on protein supplements, nor is there any mention of Li Hua consulting Jennifer about daily protein powder consumption. While the conversation history shows Li Hua interacting with Jennifer Moore regarding fitness sessions, personal records, and reserving a spot for a special guest speaker's talk on nutrition for athletes, the specific topic of protein supplements or consulting about daily protein powder consumption is never discussed between them in the records."
"Did Yuriko ask Li Hua for help with her studio's homepage before she booked a seat at the ""Central Perk"" cafe?",Yes,"Based on the provided records regarding Yuriko Yamamoto and Li Hua, the timeline shows that they planned multiple meetings at the Central Perk cafe to discuss Yuriko's studio homepage. Specifically, on March 6, 2026, Li Hua and Yuriko discussed meeting at Central Perk to go over updates for the homepage. Later, on March 9, 2026, they scheduled another session at Central Perk at 9:00 AM, during which Yuriko explicitly asked for help including specific features on her studio's homepage, such as information about her developing therapy techniques and a section for community outreach programs. Therefore, Yuriko did indeed collaborate on and ask for assistance regarding her studio homepage during these interactions, which included multiple planned sessions and meetups at the Central Perk cafe."
Did Li Hua discuss his progress with the fitness plan before he shared a blog post about his recent fitness achievements?,Yes,"Based on the provided data, Li Hua did discuss fitness progress updates prior to sharing a post about fitness achievements. In early March 2026, Li Hua communicated with Jennifer Moore regarding the ongoing workout plan, noting that stamina had improved and the plan was working well. Later, in August 2026, Li Hua shared an achievement with the group, mentioning the successful attainment of fitness goals under Jennifer's coaching."
Did Li Hua send a message to Jennifer asking if he can turn the Thursday class to Friday after he requested a change in his training schedule for Thursday?,Yes,"Based on the provided communication logs and training schedules involving Li Hua and her fitness trainer Jennifer Moore, there is no record or mention of Li Hua requesting to change a Thursday fitness class to a Friday. While the records show that Li Hua does have regular workouts scheduled with Jennifer on various days of the week—including discussions about upcoming Tuesday and Thursday sessions—the specific scenario of moving a Thursday training session to a Friday never occurs in the data. Instead, their conversations focus on tracking progress, discussing nutritional macro goals, swapping healthy recipes like baked salmon, and maintaining consistency in their workouts."
Did Li Hua ask Yuriko to play music together before Wolfgang proposed to pause playing musical instruments?,Yes,"Based on the provided data, the conversation chronology indicates that Li Hua did indeed invite Yuriko to play music together prior to Wolfgang suggesting that the group pause their rehearsals. ### The Musical Collaboration and Jam SessionsIn the timeline of events, Li Hua and Yuriko Yamamoto, along with Wolfgang Schulz, frequently connected to organize jam sessions for their band. In an exchange from March 2026, Li Hua introduced Wolfgang to Yuriko—noting Yuriko's talent on the bass—and explicitly suggested that they all plan a jam session together to make music and hang out. Yuriko enthusiastically agreed, and the group successfully coordinated regular Sunday evening jam sessions to play covers (such as tracks by The Beatles) and experiment with new sounds.### The Rehearsal PauseLater in the timeline, specifically in May 2026, Chae Song-hwa informed the group that she would be unable to attend the upcoming Sunday evening rehearsal due to a medical lecture. In response to this absence, Wolfgang Schulz proposed pausing the rehearsal for that week, noting that there was little point in rehearsing without Chae. The other band members, including Li Hua and Yuriko, agreed with this brief pause, viewing it as an opportunity to regroup and brainstorm fresh ideas for future sessions. Therefore, Li Hua's invitation and the establishment of their musical collaboration occurred well before Wolfgang proposed taking a temporary pause from their scheduled rehearsals."
"Did Wolfgang Schulz recommend the band learns ""Viva la Vida"" by Coldplay after he and Li Hua discussed what song to play this Sunday?",Yes,"No, Wolfgang Schulz did not recommend learning ""Viva la Vida"" by Coldplay after discussing upcoming Sunday songs with Li Hua in that specific sequence. In the timeline of their conversations, Wolfgang actually suggested adding ""Viva la Vida"" by Coldplay to their setlist during a discussion on June 25, 2026. He noted that the song is super popular, loved by crowds, brings great energy to their performance, and would be a fun track to play on the drums. Li Hua and Yuriko Yamamoto enthusiastically agreed with the suggestion, looking forward to working on it together.On the other hand, the conversations specifically focusing on choosing songs for upcoming Sunday jam sessions—such as Beatles classics like ""Here Comes the Sun"" and ""Hey Jude,"" or other tracks like ""Come Together""—occurred across various other dates and contexts. While Wolfgang and Li Hua frequently discussed repertoire for their weekend sessions, the recommendation for ""Viva la Vida"" stood out as an independent proposal intended to elevate the band's stage performance and showcase Wolfgang's drumming."
Did Wolfgang's promotion announcement occur before he invited Li Hua for dinner on 20260430?,Yes,"Wolfgang Schulz's promotion announcement and his invitation for dinner to celebrate actually occurred on the exact same day, April 30, 2026. Rather than happening before the dinner invitation, the promotion news was the very reason for the celebration. In their conversation on April 30, 2026, starting at 17:00, Wolfgang reached out to Li Hua with excitement. He reminded Li Hua about their dinner plans for 6 PM that same evening at the Venedia Grancaffe and explicitly mentioned that he was eager to celebrate his promotion. Li Hua responded enthusiastically, congratulating him on the milestone and confirming their upcoming get-together."
Did Turalyon announce the construction updates and feedback from residents after Illidan Stormrage complained about the construction noise?,Yes,"Based on the provided data, Illidan Stormrage expressed frustration regarding the noise caused by construction, noting how difficult it makes relaxing or focusing, and hoped the admin could assist. Other members, such as Arthas Menethil and Rexxar Remar, also chimed in about the overwhelming noise and suggested adjusting the schedule or having quieter hours for future work. However, looking through the records, Turalyon did not post a specific announcement regarding construction updates or resident feedback directly responding to these noise complaints. Instead, Turalyon's messages centered around encouraging patience, expressing optimism about how wonderful and vibrant the garden gathering place will look once completed, and thanking everyone for their support and enthusiasm as the project progresses."
Did Hailey announce the new line of high-protein breads before inviting Li Hua to the special bakery event?,Yes,"Yes, Hailey announced the new line of high-protein breads before inviting Li Hua to the special bakery event, based on the timeline of their interactions and bakery announcements. On June 11, 2026, Hailey reached out to Li Hua to share that the bakery was launching a brand-new line of high-protein breads tailored for fitness enthusiasts, letting her know they would be available for delivery the following week. Later, on June 22, 2026, Hailey extended an invitation to Li Hua for another special event at the bakery—a tasting session and workshop scheduled for that Saturday to launch a new line of healthy bread options."
Did Chae tell Li Hua that taking a warm shower before sleeping can improve the sleep quality before sharing the neuroscience article with her?,No,"Based on the provided data tables and communication logs, there is no mention of ChaeSong-hwa telling Li Hua that taking a warm shower before sleeping can improve sleep quality. Instead, the records show that ChaeSong-hwa shared a research article written by a group of American scientists regarding how to fall asleep faster at night. Li Hua mentioned having just read it and learned a lot, leading to a friendly exchange about the importance of sleep for recovery after long days and plans to unwind during a chill night."
Did Li Hua ask Jennifer Moore for book recommendations on fitness nutrition before she announced the special guest speaker at the gym?,No,"No, Li Hua did not ask Jennifer Moore for book recommendations on fitness nutrition before the announcement of the special guest speaker at the gym. ### The Sequence of EventsThe timeline regarding the nutrition speaker and Li Hua's interactions with Jennifer Moore unfolds across a few distinct conversations:* **Initial Announcement:** On June 19, 2026, Jennifer Moore reached out to Li Hua to announce that a special guest speaker would soon be visiting the gym to discuss nutrition for athletes. During this exchange, Li Hua expressed excitement and agreed to have a spot reserved for the talk, but at no point asked for book recommendations.* **Group Discussion:** Later, on July 13, 2026, Jennifer and several other gym members (including Raze, Omen, and Cypher) discussed various diets, pre-workout snacks, and meal prepping strategies in anticipation of the nutritionist's visit. * **Subsequent Interactions:** Over the following months, Li Hua and Jennifer primarily communicated about workout milestones, such as increasing stamina, improving bench press form, setting pushup goals, and practicing planks. At no point in these logs did Li Hua request book recommendations on fitness nutrition from Jennifer or any other trainer."
Did Jennifer remind Li Hua about proper nutrition and hydration before Jake shared his tips for staying hydrated during the match?,Yes,"Based on the provided conversation and data tables, the answer is no, Jennifer did not remind Li Hua about proper nutrition and hydration specifically in the context of Jake sharing his tips before a match. While Jennifer often checks in with Li Hua regarding fitness progress, workouts, and hydration (such as reminding her to stay hydrated during training sessions or mentioning gym activities), the specific sequence of events involving hydration tips before a match features different participants. For instance, during preparations for a soccer match or training sessions, various community members chime in. In one discussion about an upcoming match and a watch party, Evangeline and other members emphasize the importance of staying hydrated on the field (""Let’s not forget to bring some water too! Staying hydrated is key...""), and JakeWatson later reminds everyone to bring water and stay hydrated while cheering. Jennifer's specific nutritional reminders are tied to separate events, such as a special guest speaker talking about nutrition for athletes or individual coaching check-ins rather than directly prompting Li Hua right before Jake's match-day hydration reminders."
Did the group members talk about their favorite characters in the TV series Game of Thrones after Emily started a vote on the most hateable character?,Yes,"Yes, the group members did discuss their favorite characters from *Game of Thrones*—specifically revolving around character arcs and redemptions—following Emily's poll and discussion about the most hateable characters in the series. After the initial debate where members cast their votes for characters like Joffrey Baratheon, Ramsay Bolton, and Cersei Lannister as the most hateable figures in the show, the conversation naturally transitioned into a broader discussion about character development and redemption arcs. During these subsequent chats, group members shared their appreciation and analysis of several key figures from Westeros. Prominent discussions highlighted characters such as Jaime Lannister, focusing on his complex transformation from an arrogant knight and the ""Kingslayer"" into someone with depth and vulnerability, as well as his intricate relationships with characters like Brienne of Tarth. They also discussed Tyrion Lannister for his wit, intelligence, and resilience through immense adversity, and Theon Greyjoy for his emotional journey from traitor to someone seeking forgiveness."
Question: Did Jennifer remind Li Hua to consume enough protein after the workout before she shared tips with the group members on common mistakes to avoid after an intense workout?,Answer: Yes,"Based on the provided data, Jennifer Moore frequently interacts with Li Hua regarding fitness, nutrition, and workout routines. However, the specific sequence of events mentioned in the question—reminding Li Hua to consume enough protein after a workout followed by sharing tips with group members on common mistakes to avoid—does not fully align with the documented conversations in the data tables. While Jennifer does discuss nutrition and macros with Li Hua (such as checking protein content, balancing meals, and sharing recipes like baked salmon), and separately engages in group discussions about nutrition and meal prepping with various members, there is no direct evidence showing her combining these specific actions in the manner described. Therefore, based strictly on the provided sources, the exact sequence and combined event cannot be verified."
Did Li Hua ask Thane about his opinion on The Last of Us before he asked about Sekiro: Shadows Die Twice?,No,"Based on the chat history provided, the answer is no. Li Hua actually asked Thane Chambers about *Sekiro: Shadows Die Twice* first, and inquired about *The Last of Us* later. ### Discussion on Sekiro: Shadows Die TwiceIn a conversation dated October 1, 2026, LiHua opens the dialogue by asking Thane for his thoughts on *Sekiro: Shadows Die Twice*, pondering whether it is worth purchasing. Thane responds with high praise, highlighting its unique combat system, emphasis on timing and strategy, and cool world design. LiHua expresses excitement about the challenge and rich story before eventually shifting the conversation to other topics, such as *Black Myth: Wukong*.### Discussion on The Last of UsMonths later, in a separate conversation from December 28, 2026, LiHua reaches out to Thane again to ask for his opinion on *The Last of Us*, mentioning a desire to pick it up. Thane enthusiastically recommends the game, describing it as an absolute masterpiece with a gripping, emotional story and intense gameplay. Thus, the inquiry about *Sekiro* came well before the question regarding *The Last of Us*."
Did Jake Watson and Li Hua discuss the classic matches between FC Barcelona and FC Bayern Munich before the group members discussed the classic matches between FC Barcelona and Real Madrid?,Yes,"Yes, Jake Watson and Li Hua did discuss classic matches between FC Barcelona and FC Bayern Munich before the group members engaged in a conversation about the historic rivalries and classic matches between FC Barcelona and Real Madrid. According to the chat logs, on October 5, 2026, Li Hua and Jake Watson had an enthusiastic exchange regarding the memorable fixtures between Barcelona and Bayern Munich in UEFA Champions League history. They reminisced about high-drama encounters, such as the matches from 2013 and 2015, highlighting standout moments like Neymar's crucial goal and the intense comebacks that define European football.Following that timeline, the discussions regarding the classic El Clásico encounters between FC Barcelona and Real Madrid occurred later in the month. Specifically, on October 26, 2026, Li Hua, Jake Watson, Giselle, Ivor, Jasper, and others gathered in the chat to discuss legendary El Clásico matches—such as the thrilling 4-3 game in 2014 featuring Lionel Messi's late heroics, the 2011 Champions League clash, and various other memorable face-offs that showcase why these two Spanish giants are considered ultimate football opponents."
Did the group members debate about the best football manager in the Premier League history after they debated if Pep Guardiola is the greatest soccer manager in football history?,Yes,"The discussion surrounding soccer managers among the group members unfolded through a series of engaging conversations and debates. Initially, members gathered to discuss whether Pep Guardiola stands as the greatest manager in the history of football, analyzing his possession-based style of play, tactical versatility, and his remarkable successes with teams like Barcelona and Manchester City. Following this initial conversation, the group shifted their focus to domestic achievements, specifically debating who holds the title of the best football manager in Premier League history. This subsequent debate involved weighing the iconic tenures of legendary managers such as Sir Alex Ferguson at Manchester United, Jurgen Klopp at Liverpool, and Pep Guardiola's influence in England, demonstrating a deep appreciation for top-tier tactical approaches and historic club success."
Did the discussion about Jaime Lannister's character occur after the discussion about Cersei Lannister's character?,Yes,"Based on the sequence of discussions and the context of the provided data, the conversation concerning Cersei Lannister's character development and narrative arc occurred both before and after the discussions analyzing Jaime Lannister's transformation. ### The Context of the DiscussionsFans and participants in the group chat explored the complex dynamics of *Game of Thrones* characters across multiple chat sessions. Cersei Lannister was frequently a topic of intense analysis, starting with a vote on the most hateable characters in Westeros (featuring Joffrey Baratheon, Ramsay Bolton, and Cersei) and later expanding into deep dives about her rise to power, her relationship with her children, her isolation, and how her ambition ultimately shaped her tragic downfall.Similarly, Jaime Lannister's character arc—specifically his complex journey from an arrogant, morally ambiguous knight (and the infamous ""Kingslayer"") to a figure seeking redemption and vulnerability—was a major focal point. Participants heavily contrasted his path with his relationship to Brienne of Tarth, debating whether his final choice to return to Cersei overshadowed his personal growth or served as a tragic, non-linear reflection of human struggle.### Chronological RelationshipWhen looking at the timestamps of the source material provided:* Discussions touching upon Cersei's hateable nature and the ""what ifs"" of her collaborative potential occurred in late August and September 2026.* Discussions analyzing Jaime Lannister's evolution, his relationship with Brienne, and the impact of his final decisions took place alongside these, as well as in subsequent sessions throughout October 2026. Therefore, while specific conversations about Cersei's overall motivations and tragic legacy occurred both prior to and concurrently with the specific breakdowns of Jaime's redemption arc, the dialogue flowed dynamically back and forth between the two interconnected characters as participants explored the sweeping themes of Westeros."
Did Wolfgang ask Li Hua if she wants to have pizza for dinner after work today before he wondered if she wanted to have Sichuan hot pot for dinner tonight?,No,"Based on the provided communications between Wolfgang Schulz and Li Hua, the timeline of their dinner plans shows a different order of events than suggested. ### Sichuan Hot Pot PlansWolfgang and Li Hua discussed having Sichuan hot pot for dinner in a conversation dated September 30, 2026 (Time: 20260930_16:00). During this exchange, Li Hua initiated the idea by asking if Wolfgang wanted to grab hot pot, to which Wolfgang enthusiastically agreed, noting that Sichuan is his favorite. They finalized a time of 7 pm and agreed to pick up some cold beer to go with their meal.### Pizza PlansLater in the year, specifically on October 15, 2026 (Time: 20261015_15:00), Wolfgang did ask Li Hua if she wanted to grab some pizza for dinner after work. They decided to try a new pizza place downtown around 7ish to unwind after their workday. Therefore, Wolfgang actually asked Li Hua about having pizza *after* they had already planned their Sichuan hot pot dinner, rather than before."
Did Jennifer challenge Li Hua to do 60 pull-ups in a training session after she challenged him to do 100 pushups?,Yes,"Based on the provided data, Jennifer did not challenge Li Hua to 60 pull-ups. However, the timeline of events regarding their fitness challenges and achievements shows a different progression. First, Jennifer challenged Li Hua to aim for 100 pushups in their upcoming session (scheduled for Tuesday at 10:00 am, referenced in a message from November 4, 2026). Later in the fitness journey, rather than a challenge for 60 pull-ups, Li Hua actually achieved a personal record related to pull-ups. According to a message from December 6, 2026, Jennifer congratulated Li Hua on smashing a pull-up personal record, prompting Li Hua to express excitement about seeing how many more could be done in their next session. Additionally, throughout their training, Jennifer and Li Hua celebrated various other milestones, such as progress with planks and bench presses, alongside incorporating strength training, resistance, stretching, and yoga to improve Li Hua's overall stamina and flexibility."
Did Jake share common knowledge about offside in soccer with Li Hua before he passed practical techniques to Li Hua on how to avoid offside for a forward?,Yes,"Based on the provided data tables, there is no mention of Jake sharing common knowledge about the ""offside"" rule in soccer with Li Hua, nor is there any discussion about practical techniques on how a forward can avoid being caught offside. While Jake and Li Hua frequently chat about soccer—discussing legendary players like Lionel Messi, classic matches involving FC Barcelona, historical managers, and their weekend soccer practice sessions focusing on passing, shooting, and dribbling drills—the specific topic of the offside rule and tactics to evade it is never brought up in their conversations. Therefore, no such exchange took place in the provided records."
Did Wolfgang arrive in Hong Kong after he informed Li Hua about his upcoming trip?,Yes,"Yes, Wolfgang arrived in Hong Kong after he initially informed Li Hua about his upcoming trip. Based on the provided message logs, Wolfgang first mentioned his upcoming travel plans to Hong Kong on December 19, 2026, stating he would be off to the city for a couple of days the following week and asking if Li Hua wanted him to grab any snacks or local souvenirs. A few days later, on December 23, 2026, Wolfgang sent a message confirming that he had successfully touched down in Hong Kong, describing the city as incredible, vibrant, and full of life. This sequence confirms that his arrival occurred several days after his initial heads-up about the trip."
"What time does Li Hua watch the movie ""Overwatch 3""?",20260122,"Based on the provided data tables and chat logs, there is no mention of Li Hua watching a movie called ""Overwatch 3."" While the data shows Li Hua enjoying various forms of entertainment—such as discussing and planning to watch classic films like *Star Wars: A New Hope* with Wolfgang Schulz, exploring video games like *Red Dead Redemption 2*, *The Witcher 3*, and *Cyberpunk 2077*, and engaging in discussions about TV shows like *Westworld* and *The Rings of Power*—*Overwatch 3* does not appear in any of the conversations, schedules, or timestamps. Therefore, it is impossible to state what time Li Hua watches this movie based on the provided sources."
"Who does Li Hua go to watch the movie ""Overwatch 3"" with?",Wolfgang,"Based on the provided data tables, there is no mention of Li Hua watching a movie called ""Overwatch 3,"" nor is there any record of such a film existing within the conversations. However, the records do highlight several other media and entertainment interests shared by Li Hua and their friends. For instance, Li Hua discusses classic movies and cinema with friends like Wolfgang Schulz—such as planning to watch *Star Wars: A New Hope* together after work. Additionally, the group chats feature extensive discussions on various television series (like *Game of Thrones*, *Westworld*, and *The Rings of Power*), video games (including *The Witcher 3*, *The Last of Us*, and *Red Dead Redemption 2*), and music band brainstorming sessions. If you are looking for details regarding a specific viewing event or a different title not present in the current logs, the provided sources simply do not contain the information to answer who Li Hua might watch *Overwatch 3* with."
Has Wolfgang ever been to Hong Kong?,Yes,"Yes, Wolfgang Schulz has indeed been to Hong Kong. Based on the provided data, Hong Kong is a location that Wolfgang has visited to capture stunning photographs and explore the vibrant city. In the chat records, Wolfgang discusses planning an upcoming trip to Hong Kong to look for unique snacks, local souvenirs, and beautiful photography spots. He later confirms his arrival, noting how vibrant and full of life the city is, and shares his excitement about visiting places like Victoria Peak, Mong Kok for street food and egg waffles, and taking plenty of pictures to share with friends like Li Hua."
Who knows about Wolfgang going to Hong Kong?,LiHua & Chae & Yuriko,"Wolfgang Schulz is an avid traveler and photographer who has frequently shared his adventures and plans with his friend Li Hua. When Wolfgang prepared for his upcoming business trip and photography excursion to Hong Kong, Li Hua was kept in the loop from the very beginning. In the weeks leading up to his trip, Wolfgang reached out to Li Hua for advice on capturing stunning shots, discussing techniques like utilizing the golden hour, experimenting with angles, and incorporating local elements into his frames. Li Hua also humorously suggested that Wolfgang pick up some cool snacks and local souvenirs that scream Hong Kong during his travels. Once Wolfgang touched down in the vibrant city, he immediately messaged Li Hua to share his excitement about the incredible views, mentioning his plans to visit Victoria Peak and try local delicacies like dim sum. In return, Li Hua recommended checking out the street food in Mong Kok and trying out the famous egg waffles, while eagerly anticipating the photos Wolfgang promised to snap. Upon his return, the friends planned to meet up over Thai food so Wolfgang could share his awesome pictures from the trip."
Who wished Li Hua a happy Lunar New Year?,Adam Smith & Jennifer Moore & Wolfgang Schulz,"Several friends and acquaintances reached out to wish Li Hua a happy Lunar New Year. Based on the provided messages, these well-wishes came from fitness trainers, bandmates, and neighbors who took the time to celebrate the holiday with her. JenniferMoore, Li Hua's fitness trainer, sent warm wishes on January 19, 2026, hoping the year would bring joy and success while encouraging her to keep up the fantastic work with her fitness goals. WolfgangSchulz, a bandmate and close friend, also reached out on January 19, 2026, hoping Li Hua would have a fantastic celebration filled with yummy food and looking forward to catching up about their respective holiday plans and traditions. AdamSmith, a neighbor, joined in on the holiday greetings on January 19, 2026, wishing Li Hua a very happy Lunar New Year and sparking a delightful conversation about traditional festive foods like dumplings and rice cakes."
Who introduced the bread delivery service and recommend Alice for the delivery?,HaileyJohnson,"### The Bakery and the Doorstep DeliveryThe service known as **BREAD DELIVERY** was introduced by Hailey Johnson. Hailey operates a bakery where she offers a convenient doorstep delivery service for fresh baked goods and milk, which she started to help customers on busy days. ### Alice and the Delivery ExperienceTo manage and execute these deliveries, Hailey relies on her assistant, Alice. When Li Hua orders items—ranging from artisanal sourdough and chocolate chip brioche to gluten-free options and seasonal treats—Hailey routinely arranges for Alice to drop the fresh orders off directly at the customer's doorstep. Throughout their interactions, Hailey consistently recommends and praises Alice, noting that she does a wonderful job with the deliveries and always ensures everything arrives safely."
What is the opportunity that makes Wolfgang and Yuriko acquaitances?,LiHua introduce them to each other by saying that they can play music together every Sunday,"LiHua's band, ""The Jolly Band,"" creates an exciting opportunity when they discover that their town is holding a local music festival. Recognizing this as a chance for the band to perform in front of a live crowd, the members begin planning and preparing for the upcoming event. To get ready for the festival, the group organizes regular Sunday music jam sessions. During these rehearsals, Wolfgang and Yuriko become active participants, collaborating on music ideas, practicing together, and refining their setlist—including Yuriko's choice of a bass-heavy track—which ultimately brings them together as bandmates and acquaintances within the musical circle."
What was the content of the first-ever delivery from Hailey to LiHua and what was LiHua's opinion about it?,a fresh sourdough loaf and a bottle of milk and LiHua praises Hailey's bread and milk,"Sorry, I'm not able to provide an answer to that question."
What opportunity did LiHua create for Chae to meet Wolfgang and Yuriko?,LiHua introduced Chae to Wolfgang and Yuriko during the band's gathering on Sunday evening,"LiHua created a fantastic opportunity for Chae Song-hwa to meet Wolfgang Schulz and Yuriko Yamamoto by inviting everyone to a music festival together. This gathering allowed them to experience live music, enjoy the vibrant atmosphere, and unwind as a group in the basement before heading out to the event.Beyond the festival itself, LiHua's inclusive social circle frequently brings these friends together for memorable shared experiences. For instance, Wolfgang and Yuriko are also key participants in regular music jam sessions alongside LiHua, where they collaborate on bass-heavy tracks and drum beats, blending their creative energies and love for rhythm."
What special offerings did Hailey have for her backery shop in the month of May?,a special Mother's Day bakery promotion & a special summer promotion on ice cream & a free baking class at the end of May & banana durian cheesecake,"In the vibrant month of May 2026, Hailey Johnson's bakery shop was buzzing with special events, seasonal treats, and thoughtful promotions for her customers, particularly highlighting celebrations like Mother's Day.### Mother's Day Promotions and DeliveriesAs Mother's Day approached in early May (specifically during the weekend of May 8, 2026), Hailey rolled out a special promotion to help customers celebrate. She offered a delightful 15% off all pastries and special cakes, making it an ideal time for sweet surprises and treats. For her regular customer Li Hua, Hailey arranged a custom doorstep delivery order for the holiday, featuring a delicious assortment of a dozen raspberry-filled croissants and a dozen chocolate eclairs, scheduled for a fresh 8 AM drop-off on Monday.### Seasonal Summer Promotions and Sweet TreatsIn addition to the Mother's Day discounts, May marked the beginning of Hailey's special summer promotions. She began expanding her menu with refreshing new flavors inspired by summer fruits and classic crowd-pleasers. This included plans for fruity ice cream flavors, a special mango-coconut pastry, and various chocolate treats. Furthermore, Hailey continued her popular doorstep delivery services throughout the month, ensuring that neighborhood residents like Li Hua could conveniently enjoy fresh artisanal sourdough bread and dairy right at their doors."
What feedbacks does Hailey ask from LiHua in July?,feedback on the bread delivery service & customer feedback on a new line of artisanal donuts,"In July 2026, Hailey Johnson reaches out to LiHua with specific requests regarding feedback and events at the bakery. As detailed in the communications from that month, Hailey seeks LiHua's assistance with a couple of key tasks related to her bakery operations and new product rollouts.### Bakery Tasting Event FeedbackSpecifically, on July 31, 2026, Hailey contacts LiHua to plan a bread-tasting event at the bakery. During this interaction, Hailey directly asks LiHua for help in gathering feedback from customers during the event. The responsibilities discussed for LiHua include:* Chatting with the customers who attend the tasting event.* Collecting their thoughts and opinions on the different types of bread being sampled.* Jotting down customer favorites to help the bakery track which items are the most successful. LiHua enthusiastically agrees to help with this feedback collection process, noting that she will bring her notepad to make sure everything runs smoothly during the Saturday event."
How long does it take in total from LiHua planning on getting the air-conditioner to the air-conditioner been installed?,about 27 days,"To determine the total time it takes from LiHua first planning on getting the air-conditioner to the moment it is actually installed in the basement, we can trace the timeline across the provided communications between LiHua and Adam Smith.### The Initial Inquiry and PlanningThe journey begins on **July 16, 2026** (20260716_10:00), when LiHua inquires about the possibility of adding an air-conditioner to the basement because summer has made it quite warm. Adam Smith coordinates with a maintenance worker to check on the request. Over the next couple of weeks, they discuss the specifics: Adam notes the basement dimensions (15 feet by 20 feet) on July 23, and they discuss energy-efficient, quiet, wall-mounted inverter units (such as Mitsubishi or Daikin with a SEER rating of 16 or higher) on July 29. ### Finalizing with the ContractorBy **August 3, 2026** (20260803_13:00), Adam Smith confirms that he has successfully finalized the details of the air-conditioner with the contractor, leaving installation as the final step. Shortly after, they coordinate LiHua's schedule (who works at The Lighthouse Cafe during the day) to find a suitable afternoon slot. Adam checks in again on August 9 to ensure there are no special requests before the scheduled date.### The InstallationThe process finally concludes on **August 12, 2026** (20260812_11:00). Adam Smith sends a reminder that the contractor team is arriving to install the AC in the basement at 6:00 PM that evening, a time LiHua confirms they will be present for. ### Total DurationCounting from the initial inquiry and planning phase on July 16, 2026, to the completion of the installation on August 12, 2026, the entire process takes **27 days** (or nearly four weeks)."
Did it take more than 3 weeks from LiHua planning on getting the air-conditioner to the air-conditioner been actually installed?,Yes,"To answer whether it took more than three weeks from the time LiHua planned on getting the air-conditioner to the date it was actually installed, we can look at the timestamps and discussions provided in the conversation logs. LiHua first inquired about adding an air-conditioner to the basement on July 16, 2026, noting that summer had arrived and it was getting quite warm. This marks the beginning of the planning and coordination phase regarding the unit's size, dimensions of the basement, and recommendations for a split-type air-conditioner with suitable cooling capacity. The installation of the air-conditioner was ultimately scheduled and completed a few weeks later. According to the communication between Adam Smith and LiHua, the contractor team arrived to install the air-conditioner in the basement at 6 PM on August 12, 2026. Calculating the time elapsed from the initial inquiry on July 16 to the installation on August 12, the total duration is approximately 27 days. Since 27 days exceeds a three-week period (which is 21 days), it indeed took more than three weeks from the initial planning phase to the actual installation of the basement air-conditioner."
Did it take more than a week from Adam asking LiHua about the ideal installation date to Adam reminding LiHua about the contractor team installing air-conditioner at 18:00?,Yes,"To determine whether it took more than a week from the time Adam Smith first asked LiHua about the ideal installation date for the air conditioner to when he reminded her about the contractor team arriving at 6:00 PM (18:00), we can examine the specific timestamps provided in the communication records.### The Initial InquiryThe timeline begins on August 3, 2026. At 13:00 (Source 9), Adam Smith messaged LiHua to share that he had finalized details with the contractor regarding the air conditioning unit. In that same conversation, Adam asked LiHua when she would be free for the installation so that it could align with her schedule and the contractor's availability. ### The ReminderLater in the month, on August 12, 2026, at 11:00 AM (Source 0), Adam sent a reminder to LiHua confirming that the contractor team was scheduled to install the AC in the basement later that day at 6:00 PM (18:00). ### Duration AnalysisCounting the days between August 3 and August 12:* From August 3 to August 10 is exactly 7 days (one full week).* From August 10 to August 12 adds another 2 days, totaling 9 days.Therefore, it did indeed take more than a week—specifically 9 days—from the time Adam initially asked LiHua about her preferred installation date until the day of the scheduled 6:00 PM installation reminder."
Who does LiHua want to invite to the photo exhibition and who goes with him (during August)?,Wolfgang,"LiHua has an active social life involving several friends, particularly when it comes to capturing moments through photography and attending various events. When a cool photography exhibition comes to town in August, LiHua is eager to check it out and shares the plan with Wolfgang Schulz. LiHua initially reaches out to Wolfgang Schulz to gauge his interest in attending the photography exhibition together. Wolfgang enthusiastically agrees, and the two decide to go on a Friday evening to avoid the crowds. To prepare for the outing, LiHua takes charge and purchases the exhibition tickets in advance.On the day of the event, LiHua and Wolfgang plan to meet up at 6 PM to grab a bite to eat before the exhibition officially starts at 7 PM. Wolfgang suggests checking out a new burger place known for its awesome fries, which LiHua readily agrees is the perfect pre-event meal. This thoughtful planning allows them to enjoy a great dinner together before heading off to the photography exhibition as scheduled."
Is the time interval between LiHua asking JakeWatson to help him with dribbling skills and Li Hua asking the group about classic must-watch UCL matches more than 2 days (restrict your search within August)?,Yes,"Based on the provided data from August 2026, let us examine the timeline of the two specific events requested to determine the time interval between them.### Event 1: LiHua Asking for Dribbling HelpAccording to the conversation on August 19, 2026 (Source 13), LiHua asks JakeWatson for help with dribbling skills:* **Date:** August 19, 2026* **Time:** 10:00 AM### Event 2: LiHua Asking the Group About Classic UCL MatchesAccording to the conversation on August 21, 2026 (Source 0), LiHua greets the group and asks for recommendations on classic must-watch UEFA Champions League (UCL) matches:* **Date:** August 21, 2026* **Time:** 3:00 PM (15:00)### ConclusionComparing the timestamps:* **Start:** August 19, 2026, at 10:00 AM* **End:** August 21, 2026, at 3:00 PMThe time interval between these two events is **53 hours**, which is just over 2 days (specifically, 2 days and 5 hours). Therefore, restricted within the month of August, the time interval between LiHua asking JakeWatson for dribbling assistance and LiHua asking the group about classic UCL matches is indeed **more than 2 days**."
Is the time interval more than 3 days between LiHua asking Adam to help him install a curtain on the basement window and Adam asking LiHua to measure the size of the window?,Yes,"Based on the provided communication records between LiHua and Adam, we can examine the timeline of events regarding the basement window curtain project. According to Source 0, on September 21, 2026, at 16:00, LiHua reached out to Adam Smith asking for assistance with installing a curtain on the basement window to boost privacy. Adam agreed to help, and after discussing their availability, they scheduled the project for the following Thursday afternoon.However, looking through the provided data sources, there is no record of Adam asking LiHua to measure the size of the window. The records do show Adam asking LiHua about a refrigerator size on November 16, 2026 (Source 10), but no conversation exists where Adam requests window measurements. Because there is no instance in the data of Adam asking LiHua to measure the basement window, it is not possible to calculate a time interval between that specific request and LiHua's initial curtain installation inquiry."
Is the time interval more than 7 days between Adam asking LiHua to measure the size of the window and Adam informing Li Hua that he has booked the curtain of the right size?,Yes,"Based on the provided conversation logs and data tables, there is no mention of Adam asking LiHua to measure the size of a window and subsequently informing her that he has booked a curtain of the right size. ### Basement Curtain InstallationThe records do show interactions between Adam Smith and LiHua regarding a basement window curtain. On September 21, 2026, LiHua asked Adam for help with installing a curtain on the basement window to boost privacy. Adam agreed and suggested a Thursday afternoon, which LiHua confirmed worked for her. However, this exchange focuses on the logistics of the installation appointment rather than measuring the window or booking a specific curtain product.### Refrigerator ShoppingIn a separate conversation from November 16, 2026, Adam and LiHua discussed household appliances specifically regarding a refrigerator. During this exchange, Adam asked LiHua what size fridge she was thinking of getting and when she was free to visit an electronics store together. LiHua responded that she was looking for a standard size (around 18-20 cubic feet) and agreed to meet that Thursday afternoon at 2 PM. Because the data tables contain no record of Adam asking LiHua to measure a window followed by a message about booking a curtain, a specific time interval for such an event cannot be calculated."
Is the time interval more than 3 days between LiHua confirming that he has received the curtain and Adam asking LiHua if the curtain is all good?,Yes,"Based on the provided conversation logs, there is no record of Adam asking LiHua if the curtain is ""all good"" after it has been installed. In the communication regarding the basement window curtain from September 2026, LiHua and AdamSmith agree to meet on a Thursday afternoon (September 24) to install the curtain. However, the available data tables do not contain any follow-up messages from Adam checking on the curtain's status. Therefore, it is not possible to calculate a time interval of more than 3 days between these two specific events based on the provided records."
Is the time interval more than 3 days between LiHua first asking Adam if he can buy a small fridge for the basement and Adam asking LiHua about the size of the fridge?,Yes,"To determine if the time interval between LiHua asking Adam about adding an air-conditioner (or fridge) to the basement and Adam asking about the size of the fridge is more than three days, we can look at the communication records between LiHua and Adam Smith. ### Basement Air-Conditioner InquiryIn a conversation on July 16, 2026 (`20260716_10:00`), LiHua asks Adam Smith if it is possible to add an air-conditioner in the basement because it is getting warm for the summer. Adam responds that he will check with the maintenance guy and get back to her. ### Refrigerator DiscussionLater in the year, specifically on November 16, 2026 (`20261116_16:00`), Adam Smith reaches out to LiHua to check in on what size fridge she is thinking of getting and when she is free to visit the electronics store together. ### ConclusionComparing the dates of these separate events—July 16, 2026, for the basement utility inquiry and November 16, 2026, for the refrigerator size discussion—the time interval is indeed significantly more than three days, spanning several months."
Is the time interval more than 7 days between Adam asking LiHua about the size of the fridge and Adam informing LiHua that the fridge will be delivered at 4pm next day?,Yes,"Based on the provided data, there is no mention of Adam asking LiHua about the size of a fridge, nor is there any mention of Adam informing LiHua about a fridge being delivered at 4 PM the next day. The interactions between Adam Smith and LiHua primarily center around neighborhood potluck dinners, rent payments, and building maintenance notifications. For instance, messages from early March 2026 show Adam reminding LiHua about a potluck dinner and discussing a pasta salad dish, while other messages from January and June 2026 involve building maintenance work and rent payment reminders, respectively. Because the specific events regarding a fridge and its delivery are completely absent from the records, it is not possible to calculate a time interval between them."
Wolfgang suddenly becomes very concerned about good body shape and healthy food choices in December. What are the two conversations he had with LiHua in December that reflect this?,20261202_14:00 & 20261209_19:00,"In December, Wolfgang Schulz engages in several conversations that highlight his adventures, social events, and food choices. While much of his communication during this period revolves around his trip to Hong Kong, art exhibitions, and music festivals, he also shares moments with LiHua that touch upon culinary decisions and dietary treats, reflecting a mindful approach to what he eats and celebrates.The first relevant conversation takes place on December 19, 2026, when Wolfgang mentions to LiHua that he is heading to Hong Kong for a couple of days and asks if there is anything specific she would like him to bring back. LiHua suggests looking for some cool snacks or a local souvenir that ""screams Hong Kong."" Wolfgang agrees to keep an eye out for unique snacks and a special souvenir, setting the stage for thoughtful food-related selections from his travels. The second notable interaction occurs on December 23, 2026, immediately after Wolfgang touches down in Hong Kong. As they discuss his itinerary and excitement for the vibrant city, LiHua recommends checking out the street food in Mong Kok, specifically highlighting the amazing egg waffles. Wolfgang enthusiastically agrees to swing by Mong Kok to taste everything, showcasing his interest in experiencing local culinary delights while exploring the city's vibrant food culture."
Did Li Hua agree to have dinner with Wolfgang after he told Wolfgang about the lunch arrangement?,Yes,"Based on the provided data, the interaction regarding a lunch arrangement does not directly involve Li Hua having dinner with Wolfgang right after. However, the records show various occasions where Li Hua and Wolfgang communicate about food, activities, and get-togethers. For instance, on January 5, 2026, Li Hua mentioned arriving in the city and suggested grabbing lunch together on the 8th, to which Wolfgang Schulz enthusiastically agreed. On other separate dates, the two frequently planned dinners—such as going for spicy Sichuan hot pot at 7 PM, enjoying pizza after work, celebrating Wolfgang's promotion at Venedia Grancaffe with risotto and pasta, and planning a Thai food dinner after Wolfgang shared photos from Hong Kong. While Li Hua and Wolfgang made plans for both lunch and multiple dinners across different timelines, the specific sequence of agreeing to a dinner *immediately* following the mention of the lunch arrangement on the 8th is not detailed as a direct back-to-back event in the provided logs."
Did Li Hua ask Wolfgang Schulz for a recommendation on a gym or fitness center before asking Jennifer Moore for book recommendations on fitness nutrition?,Yes,"Based on the provided data, the details of Li Hua's conversations with Wolfgang Schulz and Jennifer Moore present a slightly different picture regarding recommendations and topics. First, regarding Wolfgang Schulz, Li Hua did not ask him for a recommendation on a gym or fitness center. Instead, their fitness-related interactions involved hitting the gym together (such as planning to work out at 2 PM with cardio and strength training) and sharing other non-gym interests like music jamming and food. Second, while Li Hua did interact with fitness trainer Jennifer Moore regarding fitness topics—such as workout improvements, form, planks, rest, hydration, and even signing up for a special guest speaker's talk covering performance and recovery nutrition—there is no record in the sources of Li Hua asking Jennifer Moore for *book* recommendations on fitness nutrition. Instead, Jennifer Moore simply informed Li Hua about the upcoming nutrition talk for athletes."
Did Li Hua ask Wolfgang Schulz if he wants to go to the gym together before Jennifer reminded Li Hua to participate in the gym's membership feedback activity?,Yes,"Based on the provided data tables and timestamps, the answer is yes. Li Hua asked Wolfgang Schulz if he wanted to hit the gym together at 2 PM on January 12, 2026 (Source 1). In contrast, Jennifer Moore's reminder to Li Hua about participating in the gym's membership feedback activity occurred later, on June 5, 2026 (Source 0)."
Did Li Hua send a message to Wolfgang Schulz saying that he has prepared all the delicious food for tonight's Chinese Lunar New Year before Wolfgang sent a message to Li Hua wishing him a happy Lunar New Year?,Yes,"The Chinese Lunar New Year is a festive holiday celebrated with family dinners, gift exchanging, traveling, and traditional foods like dumplings and rice cakes. In the context of celebrating the Chinese Lunar New Year, LiHua and Wolfgang Schulz planned an upcoming festive gathering hosted by LiHua for January 18th, featuring traditional dishes, decorations, dumplings, and drinks. According to the available data sources, LiHua's conversation with Wolfgang Schulz about planning the celebration took place on January 13, 2026. During this exchange, LiHua mentioned intentions to cook traditional dishes and prepare a festive atmosphere, while Wolfgang Schulz expressed excitement and requested dumplings. However, there is no record of LiHua sending a message to Wolfgang Schulz specifically stating that *all* the delicious food had already been prepared for ""tonight's"" celebration prior to Wolfgang wishing him a happy Lunar New Year. Instead, the record shows a separate interaction on January 19, 2019 (noted as 2026 in the communication logs), where AdamSmith wished LiHua a happy Lunar New Year, and LiHua responded with mutual well-wishes and a discussion about traditional festive foods like dumplings and rice cakes. Therefore, the sequence and specifics of the messages do not match the scenario described."
Did Li Hua provide feedback to Jennifer Moore on his new meal plan before he asked her for advice on a healthy meal plan?,No,"Based on the provided data, Li Hua did not ask Jennifer Moore for advice on a completely new healthy meal plan, nor did she provide feedback on one in that context. Instead, their interactions regarding fitness and nutrition show a supportive collaborative relationship where Jennifer offers professional guidance and Li Hua shares feedback on the existing workout plan and expresses specific goals.In March 2026, when Jennifer checked in to see if Li Hua had noticed any improvements in her fitness level and how she felt about the current workout plan, Li Hua responded positively. Li Hua noted increased stamina during workouts, expressed enjoyment of the sessions, and confirmed that the current plan was working well while thanking Jennifer for her guidance. Following this positive feedback on the routine, Li Hua then asked for suggestions on how to approach new goals—specifically focusing on increasing strength and flexibility—which led Jennifer to recommend incorporating resistance training and dedicated stretching or yoga."
Did Li Hua's complaint about the customer who modifies their requirements occur before Wolfgang comforted him?,No,"Based on the provided data and records of communication, there is no mention of a customer modifying their requirements, nor is there any instance of Wolfgang comforting Li Hua regarding such a complaint. Therefore, it is not possible for this event to have occurred before or after Wolfgang comforted him. Instead, the available records show Li Hua engaging in various daily activities, such as coordinating home maintenance and repairs with Adam Smith (like fixing a water tap and installing an air-conditioner), discussing soccer and TV shows with friends, participating in music jam sessions with Wolfgang Schulz and YurikoYamamoto, and fitness training with Jennifer Moore."
Did Adam Smith send Li Hua a reminder about the upcoming rent due date before Li Hua sent a message about having already transferred the rent on 20260301?,Yes,"Based on the provided communication records, Adam Smith did not send Li Hua a reminder about rent, nor did Li Hua send a message about having transferred rent on March 1, 2026. In fact, the available message logs do not contain any correspondence between Adam Smith and Li Hua on the date of March 1, 2026. The closest interactions regarding rent occur later in the timeline—specifically on April 29, 2026, when Adam reminds Li Hua that rent is due soon, and on June 1, 2026, when Adam notes he hasn't received the previous month's rent yet. Therefore, based strictly on the provided data, the specific event and date in question are not recorded."
Did Li Hua share a blog post about his recent fitness achievements after Jennifer sent him a motivational message?,Yes,"Based on the provided conversation logs between Li Hua and Jennifer Moore, Li Hua did not share a blog post about recent fitness achievements after receiving a motivational message. Instead, Li Hua's interactions with Jennifer typically involve direct text messages celebrating milestones—such as smashing personal records on pull-ups or hitting plank goals—and discussing nutrition recipes, workout plans, and upcoming gym sessions. While Li Hua frequently shares fitness progress directly with Jennifer and sometimes mentions achievements to workout groups or friends, there is no mention of a published blog post detailing these accomplishments anywhere in the records."
Did Li Hua send a follow-up message to Jennifer before she asked him about his latest sleeping schedule?,Yes,"Based on the provided communication records, the timeline of interactions between Li Hua and Jennifer Moore reveals the sequence of their conversations. To answer whether Li Hua sent a follow-up message to Jennifer before she asked him about his sleeping schedule, we must look at the specific timestamps and messages exchanged between them.Interestingly, the provided data tables do not contain any record of Jennifer asking Li Hua about his ""latest sleeping schedule."" However, there is a related conversation regarding sleep initiated by a different individual, ChaeSong-hwa, on July 11, 2026 (Entity 5), where ChaeSong-hwa shares a research article on how to fall asleep faster. Regarding Li Hua's interactions with Jennifer Moore specifically, their recorded conversations take place on various dates throughout 2026—such as June 5 (Entity 0), March 5 (Entity 15), and October 22 (Entity 14)—focusing primarily on gym memberships, fitness progress, planks, stamina, and workout plans. Because there is no mention of Jennifer inquiring about Li Hua's sleeping schedule in the source logs, and because fitness check-ins and gym reminders make up the bulk of their dialogue, the data does not support the premise that Jennifer asked him about his sleep patterns prior to any specific follow-up message."
Did Li Hua ask Adam Smith about placing potted plants in the basement before he asked about decorating the basement?,No,"Based on the provided communication records between Li Hua and Adam Smith, there is no mention of Li Hua asking about placing ""potted plants"" in the basement at any point. However, Li Hua did make other inquiries and requests regarding the basement prior to discussing or asking about general decorations or amenities. For instance, early in the timeline, Li Hua coordinated with Adam regarding basement keys, building maintenance schedules, and checking for storm-related water leakage. Later on, as the summer season approached, Li Hua specifically asked Adam Smith if it would be possible to install an air-conditioner in the basement because it was getting quite warm. Additionally, Li Hua mentioned using the basement space for jamming out and playing music with friends, expressing appreciation for the space Adam provided. Ultimately, since the topic of potted plants never came up in their conversations, the question of whether it occurred before any basement decorating inquiries cannot be answered based on the available data."
Did Li Hua ask Wolfgang for advice on renovating the basement before he invited Adam Smith to check the progress of the basement renovation?,Yes,"Based on the provided conversation logs, there is no mention of Li Hua asking Wolfgang for advice on renovating the basement, nor is there any mention of Li Hua inviting Adam Smith to check the progress of a basement renovation. While the records show various interactions between Li Hua and Adam Smith regarding the basement—such as discussing storage, picking up a basement key, installing an air-conditioner, and getting help to install a curtain on a basement window—and conversations with Wolfgang Schulz regarding music jam sessions and going to a music festival, the specific events of Li Hua asking Wolfgang for basement renovation advice or inviting Adam Smith to inspect basement renovation progress are never detailed in the provided data."
Did Li Hua tell Wolfgang about making a new friend before Yuriko reminded the group members to meet for the music festival?,Yes,"Yes, Li Hua did mention making a new friend before Yuriko Yamamoto reminded the group about meeting for the music festival. To understand the timeline of these events, we can look at the communication logs between the group members of ""The Jolly Band"" and their broader circle. On April 25, 2026, Li Hua asked the group if she could bring a friend to an upcoming jam session (Source 6). Later in that same conversation, Li Hua introduced her friend to Wolfgang and Yuriko, revealing that her name is Chae (Chae Song-hwa) and that she is a neurosurgeon. Months later, as winter approached in December 2026, the group began excitedly planning to attend a local music festival together (Source 0). Specifically, on December 12, 2026, Yuriko Yamamoto sent a message to the group chat as a reminder: ""Hey everyone! Just a reminder that we’re meeting at the basement tonight at 6pm to head to the music festival together!"" Thus, the introduction of Li Hua's new friend occurred well ahead of the December music festival reminders."
"Did Yuriko tell Li Hua about booking a seat at the ""Central Perk"" cafe before Li Hua sent her a message to confirm the details of their next meeting?",Yes,"Based on the provided communication records, the answer is no. Li Hua was actually the one who initiated the reminder and confirmed the details of their meetings at the Central Perk cafe. For instance, on March 6, 2026, Li Hua messaged Yuriko Yamamoto to remind her about their meeting at 2 PM at Central Perk to discuss homepage updates, to which Yuriko simply replied with thanks for the reminder and confirmation that she would see her there (Source 0). Similarly, ahead of another brainstorming session, Li Hua sent a message to Yuriko confirming their Thursday morning meeting at 9 AM at Central Perk along with a demo website, prompting Yuriko to express her excitement and gratitude for the upcoming meetup (Source 2)."
What time does Li Hua check in with Adam about moving in?,5:30 PM,"Based on the provided data, there is no mention of Li Hua checking in with Adam about ""moving in."" However, Li Hua does interact with Adam Smith regarding several other scheduling and maintenance matters around the apartment and neighborhood. For instance, they coordinate a neighborhood potluck dinner scheduled for Wednesday at 6 PM, discuss an upcoming maintenance work schedule for the building, and arrange a time for an air-conditioner installation where Li Hua mentions being free in the afternoon since she usually works at The Lighthouse Cafe during the day. Additionally, they chat about installing a curtain on the basement window, ultimately planning for a Thursday afternoon."
When was the first time Li Hua had dinner with Wolfgang this year?,20260108,"Based on the provided data records, the first time Li Hua and Wolfgang Schulz had dinner together in the year 2026 was on **January 8th, 2026**. ### Arrival and Meeting UpEarlier in January, specifically on January 5th, 2026, Li Hua messaged Wolfgang to let him know that they had arrived in the city. Li Hua proposed grabbing lunch together on the 8th, and Wolfgang enthusiastically agreed to find a nice spot for them to catch up after being apart for a while. ### Continuing Their Tradition of MealsThis initial meetup set the tone for many future culinary outings throughout the year. Over the course of 2026, Li Hua and Wolfgang frequently shared meals, ranging from celebrating the Lunar New Year with homemade dumplings at Li Hua's place later in January, to enjoying budget-friendly Thai food, trying out local pizzerias, and exploring various restaurants together."
Where was the first time Li Hua had dinner with Wolfgang this year?,the cozy café downtown,"Based on the provided data, the first recorded dinner encounter between Li Hua and Wolfgang Schulz this year took place in 2026. Their very first dinner meeting of the year occurred on April 30, 2026. On this evening, Wolfgang invited Li Hua to celebrate his promotion at a restaurant named Venedia Grancaffe, located at 6 PM. During this celebratory feast, Wolfgang planned on trying the risotto, while Li Hua decided to go for the pasta."
What time is Li Hua's lunch with Wolfgang Schulz at the cozy café downtown?,20260108,"Based on the provided data, Li Hua and Wolfgang Schulz are shown making various plans to eat out, including grabbing dinner, pizza, hot pot, Thai food, and pasta to celebrate Wolfgang's promotion. However, there is no mention in the records of a ""lunch with Wolfgang Schulz at the cozy café downtown."" Although Wolfgang mentions looking for a nice spot for them to hang out and grab lunch on January 8th, 2026, the specific time or a cozy downtown café location for that lunch meeting is not detailed in the provided logs."
What is the Wi-Fi password at Li Hua's house?,Family123,"Based on the provided data and records, there is no mention of a Wi-Fi password for Li Hua's house. The conversations cover a wide range of topics—such as broken water tabs, home decorating with sound-insulating pads, neighborhood potlucks, fitness routines, jam sessions, and discussions about soccer, video games, and TV shows—but network credentials are never discussed.If you are a guest at Li Hua's house, you will likely need to ask her directly the next time you chat, perhaps while discussing music, upcoming soccer matches, or fitness goals!"
What does Adam say about having friends over?,having friends over occasionally is fine,"Based on the provided conversations, Adam Smith discusses bringing people together in a community setting during a neighborhood potluck dinner. When organizing this event, he encourages Li Hua to bring a dish to share and notes that it will be a ""great way to meet some neighbors!"" Adam enthusiastically welcomes Li Hua's offer to make homemade pasta salad, assuring her that everyone will enjoy it and even offering to help or provide any necessary kitchen supplies."
What house rule does Adam mention?,keep noise to a minimum during late hours,"Based on the provided data tables, there is no mention of any specific ""house rule"" discussed or introduced by Adam. Adam Smith participates in several conversations involving Li Hua, primarily regarding apartment management, rent collection, neighborhood events, and home maintenance. For instance, he reaches out to check on overdue rent payments, discusses upcoming building maintenance schedules to accommodate Li Hua's mornings, coordinates a basement window curtain installation, and invites her to a neighborhood potluck dinner. However, across all interactions attributed to Adam, the topic of house rules never comes up. If there are any specific rules or guidelines he enforces as a landlord or neighbor, they are not detailed in the provided sources."
What does Li Hua report to Adam on January 6th?,the water tab in the apartment is broken,"Based on the provided conversation logs, there is no record of Li Hua reporting anything to Adam on January 6th. However, Li Hua and Adam Smith do communicate on several other dates regarding various neighborhood and maintenance topics. For instance, on January 21, 2026, Li Hua informed Adam that mornings were the best time to avoid for upcoming building maintenance work. Additionally, they have coordinated on other matters, such as a neighborhood potluck dinner in March, rent payments in June, and installing curtains or shopping for a fridge later in the year."
When does Adam confirm the plumber will arrive?,tomorrow at 10 AM,"According to the communication between Adam Smith and Li Hua, Adam confirms that the plumber is scheduled to arrive tomorrow at 10 AM to fix the water tap. This confirmation was shared in a message sent on January 6, 2026. In the conversation, Adam checks in with Li Hua to ensure the time works for her, to which Li Hua responds positively, stating she will be ready for the service worker."
What does Li Hua ask Adam about the door hinge?,a small repair,"Based on the provided data tables, there is no mention of Li Hua asking Adam about a door hinge. Instead, Li Hua's interactions with Adam Smith cover a variety of different neighborhood and household topics. For instance, they discuss participating in a neighborhood potluck dinner where Li Hua offers to bring homemade pasta salad, coordinating rent payments, and discussing a building maintenance schedule to avoid noisy mornings. Additionally, Li Hua reaches out to Adam for help with a DIY project, specifically asking for assistance in installing a curtain on the basement window to boost privacy. However, a conversation about a door hinge simply does not appear in the records."
What is the name of the gym that Wolfgang recommended LiHua to go to?,FitZone,"Based on the provided conversations and records of their interactions, Wolfgang and LiHua frequently discuss fitness, workouts, and music. However, when examining the specific details regarding gym memberships and recommendations, the data does not explicitly mention the name of a specific gym that Wolfgang recommended to LiHua. While LiHua discusses signing up for a membership and has gym sessions coordinated with Jennifer Moore (such as a session mentioned in September and various fitness feedback activities), the actual name of the facility is omitted from Wolfgang's recommendations. Therefore, based on the provided sources, the exact name of the gym remains unknown."
When does Li Hua ask Jennifer Moore about adjusting the protein in her meal plan?,20260122,"Based on the provided data tables and chat logs, there is no mention of Li Hua asking Jennifer Moore about adjusting the protein in her meal plan. While Jennifer Moore and Li Hua frequently discuss Li Hua's fitness progress—such as bench pressing form, progressive overload, stamina, and planks—their conversations about nutrition primarily focus on general athlete nutrition talks, hydration, and rest. At no point in the provided records does Li Hua specifically ask Jennifer Moore to adjust protein intake in her meal plan."
"What time does Li Hua watch the movie ""Overwatch 3""?",20260122,"Based on the provided data, there is no mention of Li Hua watching a movie called ""Overwatch 3."" However, the data does show Li Hua planning to watch other classic films, such as *Star Wars: A New Hope*, which Li Hua scheduled to watch at Wolfgang Schulz's place after work. While video games are frequently discussed among Li Hua and their peers—ranging from titles like *Red Dead Redemption 2* and *The Witcher 3* to *Final Fantasy* and *Mass Effect*—there is no record of ""Overwatch 3"" in the conversation logs. Therefore, it is not possible to determine when or if Li Hua watches that specific title."
"Who does Li Hua go to watch the movie ""Overwatch 3"" with?",Wolfgang,"Based on the provided data, there is no mention of Li Hua watching a movie called ""Overwatch 3,"" nor is there any mention of characters watching a film by that title. While Li Hua does engage in various social activities—such as planning a photography walk with Wolfgang Schulz, preparing dishes for a neighborhood potluck with Adam Smith, and discussing video games and music with friends—the specific movie ""Overwatch 3"" does not appear in the records. Therefore, I don't know the answer based on the available information."
When does Li Hua plan to celebrate Chinese Lunar New Year?,20260118,"Li Hua plans to celebrate the Chinese Lunar New Year on January 18th. This festive upcoming gathering will be hosted at Li Hua's place, where she intends to bring together friends for a wonderful time of catching up and enjoying good food. The celebration is set to feature a variety of traditional dishes, including much-loved dumplings requested by guests like WolfgangSchulz, as well as sweet treats such as rice cakes that symbolize prosperity. To accompany the festive meal, Li Hua has planned a selection of drinks, including traditional Chinese options like green tea alongside a variety of fruity drinks to add a bit of fun and mix things up for everyone attending."
What does Li Hua plan to celebrate Chinese Lunar New Year?,dumplings,"Li Hua has exciting plans to celebrate the Chinese Lunar New Year. To bring in the festive spirit, Li Hua plans to host a gathering at home featuring traditional dishes, festive decorations, and a variety of drinks to create a welcoming atmosphere for friends like WolfgangSchulz. When it comes to the menu, traditional dumplings are a must-have for the occasion. In addition to the food, Li Hua plans to serve traditional Chinese drinks alongside green tea and fruity beverages to give guests a nice variety. Beyond the food and drinks, Li Hua also looks forward to enjoying delicious holiday treats like sweet rice cakes, which symbolize prosperity, and experiencing the local festivities and traditional foods that bring everyone together during the New Year."
Who does Li Hua plan to celebrate Chinese Lunar New Year with?,Wolfgang,"Li Hua is planning an upcoming festive gathering to celebrate the Chinese Lunar New Year on January 18th. For this special occasion, Li Hua has extended invitations and made celebratory plans with friends and acquaintances, ensuring a warm and festive atmosphere filled with traditional dishes, decorations, dumplings, and drinks.Among those joining in the celebrations is Wolfgang Schulz, who eagerly accepted the invitation to enjoy good food and company. In addition to Wolfgang, Li Hua shares mutual well-wishes and festive greetings for the Lunar New Year with other individuals, including Jennifer Moore and Adam Smith, reflecting a vibrant celebration filled with family-like warmth, traditional foods, and joyful spirits."
Li Hua accidentally broke a light fixture once. What did Adam say about the light fixture?,I'll arrange for a professional to take a look,"Based on the provided data tables and records of conversations involving Li Hua and Adam Smith, there is no mention of Li Hua breaking a light fixture, nor are there any comments from Adam Smith regarding a broken light fixture. The interactions between Adam Smith and Li Hua cover various topics—ranging from neighborhood potlucks, rent reminders, building maintenance, basement inspections and curtain installations, to soccer discussions and television series chat—but a broken light fixture is never addressed. Therefore, I don't know the answer to your question based on the provided data."
Li Hua has a difficult client. When did he solve that client's project?,20260209,"Based on the provided data, there are no mentions of Li Hua having a ""difficult client"" or solving a project for such a client. The data does show Li Hua collaborating and communicating on various projects and tasks with friends and colleagues—such as discussing a homepage update for a speech therapy studio with Yuriko Yamamoto and planning to show her a final website on a Thursday at 3 PM at the Central Perk café. However, details regarding a difficult client and the specific resolution date of that client's project are not included in the provided sources."
When did Li Hua express frustration about a client changing requirements?,20260131_14:00,"Based on the provided data tables and chat logs, there is no record of Li Hua expressing frustration about a client changing requirements. The conversations involving Li Hua cover topics such as playing video games (like *Red Dead Redemption 2*, *Octopath Traveler*, and *The Witcher 3*), watching TV shows (*Silicon Valley*, *Succession*, and *Game of Thrones*), discussing soccer (tactics, players like Messi and Ronaldo, and upcoming five-a-side matches), and organizing local community events (like a garden planting day and neighborhood potlucks). While Li Hua engages in discussions about teamwork, startup challenges in *Silicon Valley*, and fitness goals with Jennifer Moore, the specific scenario of a client changing requirements and causing frustration is not mentioned anywhere in the sources."
Who suggested Li Hua keep a clear log of all the changes requested by the client?,Wolfgang Schulz,"Based on the provided data tables, there is no mention of anyone suggesting that Li Hua keep a clear log of all the changes requested by the client. The communications involving Li Hua primarily focus on topics such as maintenance issues with her landlord Adam Smith, baking events and discounts with Hailey Johnson, video games and pop culture with friends like ThaneChambers and JakeWatson, fitness sessions with Jennifer Moore, soccer training and matches, and band practice with Wolfgang Schulz and ChaeSong-hwa. If such a conversation or recommendation occurred, it is not documented in the provided records."
What did Wolfgang Schulz suggest Li Hua to do when Li Hua face a difficult client?,keep a clear log of all the changes requested by the client,"Based on the provided data tables, there is no mention or record of Wolfgang Schulz suggesting anything to Li Hua regarding how to handle a ""difficult client."" While the conversation logs show Wolfgang and Li Hua discussing various topics—such as Wolfgang's software project, photography tips for Hong Kong, dinner plans, and music jam sessions—none of the interactions cover the topic of difficult clients or professional advice of that nature. Therefore, the specific information requested is not available in the provided sources."
What does Li Hua plan to do to clear their head?,go for a walk and find a new café,"Based on the provided conversations, Li Hua engages in several activities to unwind, clear their head, and decompress from the hustle and bustle of daily life and work. From enjoying great food with friends to pursuing creative hobbies and gaming, Li Hua has a rich social and personal life that helps them relax.### Culinary Gatherings and SocializingOne of the primary ways Li Hua clears their head and connects with friends is through food. Li Hua loves planning and attending get-togethers featuring favorite comfort foods. For instance, they make plans to grab hot pot and cold beer with Wolfgang Schulz to enjoy some spicy goodness and unwind. On other occasions, Li Hua organizes watch parties for soccer matches with friends like JakeWatson, pairing the excitement of the sport with delicious snacks like nachos with cheese, spicy salsa, cold drinks, and pizza or burgers afterward. Li Hua also enjoys participating in neighborhood and community events, such as bringing a homemade pasta salad to a local potluck dinner to meet neighbors and share a nice meal.### Musical Expression and Jam SessionsCreativity is another major outlet for Li Hua. They are a passionate guitar player who uses music to clear their head. Li Hua frequently practices strumming classic songs like ""Blackbird,"" ""Hotel California,"" ""Wonderwall,"" and ""Hey Jude."" Furthermore, they participate in regular Sunday jam sessions and band practices with friends like Wolfgang Schulz, playing iconic tracks and enjoying the therapeutic and uplifting power of music.### Gaming AdventuresWhen Li Hua wants to escape into another world, diving into video games is a go-to activity. After purchasing a PS5, Li Hua explores massive, immersive titles like *Black Myth: Wukong*, *God of War*, *Elden Ring*, and *Red Dead Redemption 2*. Exploring rich narratives, enjoying stunning visual design, and appreciating well-crafted game soundtracks (such as *To Zanarkand* from *Final Fantasy X*, *Celeste*, and *Undertale*) provide Li Hua with a wonderful mental break and a great way to decompress. Through a healthy mix of socializing over good food, playing music, and getting lost in immersive video games, Li Hua finds plenty of ways to relax and clear their head."
What is the name of the café Wolfgang Schulz recommends to Li Hua?,The Java Spot,"Based on the provided conversation logs, Wolfgang Schulz mentions a specific dining spot to Li Hua when reminding her about their upcoming dinner to celebrate his promotion. The name of the café/restaurant is **Venedia Grancaffe**. In their conversation on April 30, 2026, Wolfgang reminds Li Hua about their dinner plans set for 6 PM at Venedia Grancaffe, expressing his excitement to celebrate his promotion with good food and company. Li Hua responds enthusiastically, ready to join in on the feast and catch up over Italian fare."
Can Li Hua hang his artworks on the wall?,Yes,"Based on the provided data, Li Hua is involved in various activities, such as exploring art exhibits, discussing photography, and even asking for help to install curtains on a basement window. However, there is no mention in the records of Li Hua hanging artworks on a wall. While Li Hua engages in creative discussions—such as sharing photography tips with Wolfgang Schulz, discussing favorite game soundtracks, and evaluating logo designs for a speech therapy studio—the specific act of hanging personal artworks on a wall is not detailed in the available conversations. Therefore, based strictly on the provided data, it cannot be determined whether Li Hua can hang artworks on the wall, as this information is simply not mentioned."
What does Adam Smith suggest Li Hua use to hang artwork without damaging the walls?,use removable hooks,"Based on the provided conversation logs and data tables, there is no mention of Adam Smith suggesting any specific tools, methods, or products for Li Hua to hang artwork without damaging the walls. While Adam Smith and Li Hua communicate frequently about various neighborhood and apartment matters—such as scheduling maintenance work, organizing a neighborhood potluck dinner, collaborating on basement window curtain installation, and discussing the community garden project—the specific topic of hanging artwork safely or damage-free is not addressed in the provided records."
How many times does Li Hua train per week now?,2,"Based on the provided conversation logs, Li Hua's fitness and training routine with coach Jennifer Moore has evolved over time, particularly as her arm muscles healed and she returned to her original workout intensity. While the exact number of weekly sessions can fluctuate based on specific challenges (such as pushing for 100 pushups or focusing on planks), her standard training routine with Jennifer typically involves multiple sessions per week, with specific check-ins and workouts scheduled for days like Tuesdays and Thursdays. In addition to her structured sessions with Jennifer, Li Hua is consistently active throughout the week by balancing her gym work with frequent soccer practice sessions—often joining group drills and weekend kick-arounds multiple times a week. Furthermore, Li Hua maintains a very active lifestyle outside of the gym and soccer pitch. She regularly engages in various forms of cardio, such as running and cycling, and enjoys playing guitar jam sessions with friends. Altogether, her weekly routine includes multiple dedicated training and fitness sessions alongside regular recreational sports activities."
When did Li Hua change the training plan?,20260204,"Li Hua’s fitness journey and interactions with her coach, Jennifer Moore, highlight a proactive approach to personal health and training. Over the course of their fitness sessions, Li Hua consistently communicates about her progress, stamina gains, and evolving physical goals, ensuring that her routine stays fresh and aligned with her objectives.### Updating the Training PlanLi Hua officially discussed and changed her training plan with Jennifer Moore on **March 5, 2026** (specifically referenced at time `20260305_17:00`). During this check-in, Li Hua noted that she had experienced noticeable improvements in her stamina and thoroughly enjoyed the current workout sessions. Building on this positive momentum, Li Hua expressed a desire to pivot her focus slightly toward two new areas: increasing her overall strength and improving her flexibility. Jennifer Moore enthusiastically supported this adjustment, suggesting the integration of more resistance training for strength and dedicated stretching or yoga sessions for flexibility, thereby modifying Li Hua's existing routine."
What days does Li Hua takes for the training sessions?,Tuesdays and Thursdays,"Based on the provided conversation data and schedules, Li Hua participates in fitness and gym training sessions primarily with Jennifer Moore on **Tuesdays**. For example, Jennifer Moore confirms one of their upcoming workouts by stating, ""We’ve got our session on Tuesday at 10:00am,"" and frequently mentions upcoming workouts with phrases like ""See you Tuesday!"" regarding their ongoing fitness progress, planks, and stamina routines. In addition to the gym training sessions with Jennifer, Li Hua and a group of friends frequently organize and participate in soccer practice sessions on **Saturdays** (often meeting around 3:00 PM for passing and shooting drills) and occasionally **Wednesdays** at 6:00 PM for additional skill practice."
When did Li Hua ask Jennifer Moore for tips on dealing with muscle soreness?,20260206_16:00,"Li Hua actively engages in various fitness routines, ranging from strength training to cardiovascular workouts, and frequently interacts with her trainer and fitness instructor, Jennifer Moore, to optimize her progress and recovery. Throughout her fitness journey, Li Hua receives valuable guidance on everything from form control and progressive overload to rest, hydration, and overall physical well-being.When examining the specific interactions regarding physical recovery, Li Hua discusses the importance of staying hydrated to reduce soreness and maintain energy levels with friends and fellow gym-goers like Omen, Breach, Jett, and Cypher. However, the records do not indicate an instance where Li Hua specifically asks Jennifer Moore for tips on dealing with muscle soreness. Instead, Jennifer Moore proactively offers fitness advice and congratulates Li Hua on her milestones—such as smashing pull-up and bench press personal records or pushing her limits with planks. While Jennifer frequently reminds Li Hua to rest, stay hydrated, and focus on form, control, and progressive overload during their training sessions, a direct request from Li Hua to Jennifer concerning muscle soreness specifically is not documented in the provided data."
What are some of Jennifer Moore's tips for dealing with muscle soreness?,hydration&active recovery&stretching&foam rolling&rest,"Jennifer Moore, a fitness instructor and trainer, frequently shares valuable advice and guidance with Li Hua and others on how to optimize their workout routines, enhance recovery, and prevent injuries. When it comes to dealing with muscle soreness, staying hydrated and resting up are key elements of her recommended approach to ensure proper recovery after intense physical exertion.In addition to hydration and rest, Jennifer emphasizes the importance of proper fueling and incorporating effective stretching routines into a fitness schedule. By sharing instructional resources on stretching techniques, she highlights how crucial it is to properly stretch before and after workouts to improve overall flexibility, keep muscles loose, and effectively prevent soreness so that fitness enthusiasts can hit the gym hard during subsequent workout sessions."
Why did Li Hua ask for extra exercises to do at home?,to complement his training schedule,"Li Hua's fitness journey has been marked by remarkable dedication and progress, closely guided by her coach, Jennifer Moore. Under Jennifer's supportive mentorship, Li Hua achieved significant fitness milestones, noticing substantial boosts in her overall strength, endurance, and stamina during workouts. This positive momentum inspired her to maintain high levels of consistency and push her physical boundaries further.Driven by this enthusiasm, Li Hua proactively sought ways to expand her fitness regimen. Specifically, she expressed a desire to focus more heavily on increasing her physical strength and improving her flexibility. Recognizing that these two areas needed extra attention, she consulted Jennifer for guidance on how to effectively approach and incorporate these new elements into her routine, ensuring she could continue growing and challenging herself safely both in and out of the gym."
What exercises did Jennifer Moore suggest Li Hua do at home?,bodyweight squats& plank holds&push-ups&lunges&glute bridges,"Jennifer Moore and Li Hua frequently discuss fitness routines, progress, and various workout techniques. While Jennifer Moore provides ongoing coaching and feedback on exercises performed during their sessions—such as advice on form, control, and progressive overload for bench pressing, as well as encouragement regarding planks and pushups—she also recommends specific ways to incorporate flexibility and strength training into Li Hua's overall routine. When Li Hua expressed a desire to focus on increasing strength and flexibility, Jennifer Moore suggested incorporating more resistance training for strength and adding dedicated stretching or yoga sessions to improve flexibility. Furthermore, Jennifer encourages proper recovery habits at home, reminding Li Hua to stay well-hydrated and get adequate rest between workouts to maximize muscle recovery and strength gains."
What is Adam Smith's condition for Li Hua to add decorations to the basement?,must be reversible and not damage anything,"Adam Smith has a specific approach when it comes to tenants making changes or additions to the property. When Li Hua inquired about the possibility of adding decorations to the basement, such as sound-insulating pads, Adam was open to the idea under a particular guideline. According to Adam Smith, the main condition for Li Hua to add these decorations is that the modifications must be entirely reversible. Furthermore, he stipulated that the additions must not cause any damage to the basement or the surrounding property. As long as Li Hua keeps the decorating neat and ensures it can be removed without causing harm, Adam is fully supportive and encourages the creative touch, even offering to help if needed."
When was the first time Wolfgang went to Li Hua's basement?,20260221,"Based on the provided conversations and records, there is no specific mention of the exact date or time when Wolfgang first visited Li Hua's basement. However, the earliest references to meeting or gathering at the basement in the timeline occur around March 2026. Specifically, in a conversation dated March 19, 2026 (Time: 20260319_16:00), Li Hua introduces Wolfgang to Yuriko Yamamoto and suggests planning a jam session. They subsequently agree to meet at the basement for a musical evening that coming Sunday evening. Prior to that, in late February 2026 (Time: 20260219_20:00), Li Hua asked AdamSmith for permission to add sound-insulating pads and decorations to the basement, indicating that Li Hua utilizes the space for music and practice around this period. While Wolfgang is a frequent collaborator in these jam sessions and events (such as the music festival meetup mentioned in December 2026), the exact date of his very first physical entry into the basement is not explicitly documented in the provided data."
What ideas did Wolfgang Schulz suggest for Li Hua's basement practice spot?,good lighting&soundproofing&a comfy chair,"Wolfgang Schulz and LiHua have shared many vibrant interactions, blending their mutual passions for music, food, and community events. When it comes to their creative music sessions, Wolfgang has brought some fantastic ideas to the table, particularly regarding how they can elevate their band practices in the basement and prepare for upcoming performances.One of Wolfgang's most exciting suggestions for their basement practice spot was the introduction of improvisational solos. He proposed that incorporating free-flowing, improvised jams would be a brilliant way to boost their jazz fusion skills, challenge them to grow as musicians, and see what everyone brings to the creative table. Rather than sticking to a strict plan, Wolfgang suggested they just ""go with the flow,"" allowing the band to vibe off each other spontaneously. Additionally, Wolfgang has been proactive about curating the musical repertoire for their basement sessions. He has suggested working on iconic tracks like The Beatles' ""Come Together"" and ""Here Comes the Sun,"" noting how fantastic they sound when played together as a group. Beyond the musical arrangements, Wolfgang also keeps practical logistics in mind, often reminding the group to bring their energy, keep Sundays sacred for music, and capture fun moments with photos during their get-togethers."
Why did Adam remind Li Hua not to play guitar late at night?,a few neighbors have mentioned they're hearing guitar music late at night,"Based on the provided data, there is actually no mention of Adam reminding Li Hua not to play the guitar late at night. While Adam Smith does appear in the records interacting with Li Hua regarding neighborhood events, apartment maintenance, and rent payments, he is not part of Li Hua's musical circles. The conversations about playing guitar, jamming sessions, and band practices exclusively involve Li Hua and other friends such as Wolfgang Schulz, ChaeSong-hwa, and YurikoYamamoto."
What type of ambiance does YurikoYamamoto want for her studio's homepage?,more welcoming and engaging,"YurikoYamamoto envisions a warm and inviting atmosphere for her speech therapy studio's homepage, emphasizing a space that feels both welcoming and engaging for visitors seeking her services. To achieve this specific ambiance, she has discussed incorporating meaningful visuals that genuinely reflect the core essence of speech therapy. Additionally, she aims to build out helpful sections dedicated to resources and success stories to further connect with her audience."
When did Li Hua invite Adam Smith to check the basement renovation progress?,20260223_19:00,"Based on the provided conversation logs and records, Li Hua never actually invited Adam Smith to check the progress of a basement renovation. Instead, their discussions regarding the basement involved practical arrangements, maintenance, and recreational use rather than a formal renovation progress check. For instance, the interactions between Li Hua and their landlord, Adam Smith, primarily focused on logistical details such as picking up a basement key in February 2026, discussing sound-insulating pads and decorations later that month, and planning for an air-conditioner installation by a contractor team in August 2026. Additionally, Li Hua mentioned using the basement space for jamming sessions with friends, and later coordinated with Adam in September 2026 to get help installing a privacy curtain on the basement window. While Li Hua and other friends frequently organized music jam sessions, sports practices, and social gatherings—sometimes utilizing the basement space as a meetup point with friends like Yuriko and Wolfgang—there is no record of an invitation extended to Adam Smith to inspect a basement renovation."
What is the name of the café where Li Hua and YurikoYamamoto first meeting to talk about Yuriko's website?,Central Perk,"Li Hua and Yuriko Yamamoto scheduled their first meeting to discuss Yuriko's studio website at Central Perk café. The meeting was planned for a Thursday at 3 PM, as coordinated in their messages where Li Hua offered to show the final website design, and Yuriko eagerly agreed to attend."
What is the essence of YurikoYamamoto Li Hua is helping with her homepage?,speech therapy,"Li Hua has been actively assisting Yuriko Yamamoto with the development and setup of her studio’s homepage, offering practical, user-friendly guidance and working sessions to bring the project to life. Their collaboration involves brainstorming ideas, structuring the site's features, and planning the final presentation to ensure the website effectively supports Yuriko's professional needs.To incorporate visitor engagement, Li Hua suggested implementing a ""leave a message"" feature on the studio website. When Yuriko sought advice on how to build this functionality without advanced coding skills, Li Hua recommended utilizing user-friendly WordPress plugins such as ""Contact Form 7"" or ""WPForms,"" highlighting their straightforward customization options and fields for names, emails, and messages. The progress of this digital project has been marked by collaborative in-person meetings and check-ins, such as an upcoming brainstorming session at Central Perk. Ultimately, Li Hua's support culminates in a final review meeting, where Li Hua presents the completed website to Yuriko for her feedback, demonstrating a strong, supportive partnership that blends technical advice with creative encouragement."
What type of instrument does Li Hua play in the basement?,guitar,"Based on the provided conversations and details regarding Li Hua and the basement jam sessions, Li Hua plays the **guitar** in the basement. Throughout the various chat logs, Li Hua is frequently mentioned practicing and playing the guitar during music sessions. For instance, while discussing upcoming jam sessions with bandmates like Wolfgang Schulz and Yuriko Yamamoto, Li Hua mentions working on strumming songs like ""Blackbird"" and ""Hotel California"" on the guitar (Source 6). Additionally, when invited to a bonfire singing party, Li Hua specifically notes, ""I’d love to join. I’ll bring my guitar!"" (Source 18), and regularly brings guitar gear along with the rest of the band to their basement get-togethers."
When did Adam Smith inform Li Hua about potential issues with the pipes in the basement?,20260301_13:00,"Based on the provided communication records, Adam Smith did not inform Li Hua about potential issues with pipes in the basement. Instead, the interactions regarding plumbing and water issues occurred in January 2026 and concerned a broken water tap in Li Hua's apartment. Specifically, on January 6, 2026, at 13:00, Li Hua messaged Adam Smith to let him know that the water tap in the apartment was broken and asked for help. Later that same day, at 15:00, Adam confirmed that a plumber would be arriving the following day at 10 AM to fix the water tap."
When did Li Hua inform Adam Smith that the rent was transferred?,20260301_10:00,"Based on the provided conversation logs between Li Hua and Adam Smith, there is no record of Li Hua informing Adam that the rent was actually transferred. While Adam Smith sent reminders about the rent on June 1, 2026, and April 29, 2026, Li Hua only acknowledged the reminders and promised to sort the payment out. Specifically, in the conversation from June 1, 2026, Li Hua stated, ""I'll make sure to get that sorted out ASAP"" and later added, ""I’ll handle it and let you know once it’s done,"" but a follow-up message confirming the completion of the transfer is not included in the provided data."
When is the music concert that Wolfgang invites Li Hua to?,20260307_18:00,"Based on the provided data, Wolfgang Schulz invites Li Hua to a music concert scheduled for March 7th at 6 PM. Initially discussed on March 2nd, 2026, Wolfgang mentions he has an extra ticket for the event and suggests they catch up, enjoy some live music, and grab a pre-concert meal together beforehand at a new place on Main Street. As the date approaches on March 7th, 2026, Wolfgang sends a quick reminder to Li Hua, confirming their plans to meet up for dinner around 5 PM at the restaurant on Main Street before heading over to the concert venue for the evening's entertainment."
What dish does Li Hua agree to bring to the neighborhood potluck dinner?,Homemade pasta salad,"For the neighborhood potluck dinner organized by Adam Smith, Li Hua happily agrees to contribute a dish that is sure to please the crowd. After discussing the event, Li Hua decides to whip up some **homemade pasta salad**. Adam Smith enthusiastically approves of the choice, expressing confidence that everyone at the dinner will enjoy it. To ensure everything goes smoothly, Li Hua plans to pick up some fresh ingredients the day before the gathering to prepare the dish, ultimately bringing the pasta salad along to the 6 PM potluck."
Who is Li Hua meeting with to discuss homepage design updates?,Yuriko Yamamoto,"Li Hua is actively engaged in various community activities, fitness sessions, and gaming discussions, but when it comes to the specific topic of discussing homepage updates, she connects with a key professional colleague. According to the provided records, Li Hua is meeting with YurikoYamamoto to discuss homepage updates. On March 3rd, 2026, Li Hua reached out to confirm their meeting scheduled for March 6th at 2:00 PM specifically to go over these updates. YurikoYamamoto enthusiastically confirmed that the time worked for her and mentioned she had been brainstorming some creative concepts for the project."
What new feature does Yuriko Yamamoto consider adding to her studio's homepage?,A blog section,"Yuriko Yamamoto is actively involved in professional work, including her practice as a speech therapist helping children overcome stammers. Alongside her career, she also enjoys playing the bass in a band. When considering updates to her speech therapy studio's website, Yuriko discusses various ideas with her peers to make the homepage more welcoming and engaging. Specifically, she contemplates adding a **""leave a message"" feature** to the studio website to allow visitors to easily communicate and connect with her studio online."
What time is the power outage in the neighborhood?,2 PM to 3 PM,"According to the provided schedule, there is a planned power outage scheduled for tomorrow from 2:00 PM to 3:00 PM for maintenance purposes. Residents, such as Li Hua, have been given a heads-up regarding this temporary service interruption to ensure everyone has adequate time to plan accordingly, charge their devices, and prepare for the short downtime."
What suggestions does Li Hua give for promoting the new scheduling feature?,Showcase it on social media platforms and include a short tutorial and send out a newsletter to clients,"Based on the provided data tables, there are no mentions of Li Hua giving suggestions for promoting a ""new scheduling feature."" While Li Hua's communications cover a wide variety of topics—such as discussing soccer legends like Messi and Puyol with JakeWatson, organizing music jam sessions with WolfgangSchulz and YurikoYamamoto, planning website updates, and receiving fresh bread deliveries from HaileyJohnson—the specific scenario regarding a new scheduling feature promotion is not documented in the sources. If you have any other questions about Li Hua's activities, conversations, or shared plans from the provided records, please feel free to ask!"
Who invites Li Hua to join the community bake sale?,Adam Smith,"Adam Smith is the one who invites Li Hua to participate in the community bake sale. In a message sent on March 12, 2026, Adam reaches out to Li Hua to let her know about the upcoming event scheduled for Sunday at 3 PM, which is organized to support a local charity. Enthusiastic about the idea, Li Hua happily accepts the invitation, noting that it is a wonderful opportunity to connect with neighbors and enjoy some delicious baked goods."
What day and time is the community bake sale taking place?,Sunday at 3 PM,"The community bake sale is scheduled to take place on Sunday at 3 PM. This event was organized by AdamSmith to support a local charity and provide a wonderful opportunity for neighbors to connect and enjoy some baked goods together. In addition to the bake sale, the community and local bakery spaces host various other events and activities. For instance, the bakery itself frequently engages with the community through special promotions, such as Mother's Day discounts, summer dessert lineups featuring mango and coconut treats, and even free weekend baking classes hosted by HaileyJohnson."
When does Li Hua request a delivery from Hailey Johnson?,Tuesday,"Li Hua first requests a bread delivery from Hailey Johnson during their conversation on **March 14, 2026**. After meeting at a bake sale, Li Hua expresses interest in Hailey's doorstep delivery service for fresh milk and bread, specifically asking for a trial run of fresh artisanal sourdough and setting up her first delivery for Tuesday at her address on 123 Sunny Street. Over the following months, Li Hua continues to order and add new items to her regular deliveries from Hailey’s bakery. For instance, on **May 8, 2026**, Li Hua takes advantage of Hailey’s Mother’s Day promotion, requesting a delivery of a dozen raspberry croissants and a dozen chocolate eclairs to be delivered at 8:00 AM on Monday. Additionally, Li Hua frequently opts in for new bakery items as they become available. On **April 2, 2026**, she requests to add the newly announced gluten-free bread to her deliveries. Later, on **June 11, 2026**, she expresses excitement to include Hailey's new high-protein breads in her upcoming weekly order."
What is the address where Li Hua wants the bread delivery to be made?,123 Sunny Street,"Based on the provided communications, Li Hua requested a fresh sourdough bread delivery from Hailey Johnson. During their arrangements, Li Hua provided her specific delivery address for the trial run.The address where Li Hua wants the bread delivery to be made is **123 Sunny Street**."
What service does Hailey Johnson offer to Li Hua?,Doorstep delivery service for fresh milk and bread,"Hailey Johnson offers a convenient doorstep delivery service for fresh milk and bread. She utilizes locally sourced ingredients to ensure the freshest quality for her customers. Within this service, Hailey provides flexible ordering options, allowing Li Hua to choose between regular scheduled deliveries or ordering on an as-needed basis. Over time, Hailey's offerings expand to include specialty options such as artisanal sourdough, chocolate chip brioche, gluten-free bread alternatives, and high-protein breads tailored for fitness enthusiasts."
What time does Hailey Johnson start baking?,4 AM,"Based on the provided data tables and messages, there is no specific mention of the exact time of day that Hailey Johnson starts baking. The sources primarily detail her bakery business, doorstep delivery services, baking classes, and community events, but they do not state her morning baking hours or schedule start time. However, the records do note the operating schedule for her doorstep deliveries and some specific event times. For instance, deliveries and clerk schedules involving Alice take place around 8:00 AM on Mondays and Fridays, and various baking classes, tasting events, and customer meetups are scheduled for mornings or weekends (such as events starting at 10:00 AM or 3:00 PM). Ultimately, because the provided text contains no supporting evidence regarding when Hailey actually begins her baking process, that specific detail cannot be answered from the available information."
Where does Li Hua plan to meet Yuriko Yamamoto to show the final website?,Central Perk café,"Li Hua and Yuriko Yamamoto have planned to meet up to review the final website. According to their scheduled communication, Li Hua will show the completed project to Yuriko at the popular Central Perk café. This meeting is anticipated with excitement from both individuals, as Yuriko looks forward to providing her feedback on the final result, while Li Hua is eager to hear her thoughts on the hard work that went into the design."
What does Li Hua suggest to Hailey regarding the frequency of bread delivery?,Twice a week on Mondays and Fridays at 8am,"Li Hua's bakery interactions with Hailey Johnson involve several discussions regarding doorstep deliveries of fresh baked goods. When first discussing the logistics of the delivery service, Li Hua expresses interest in trying out some fresh bread and suggests a trial run to determine the ideal schedule. Specifically, Li Hua asks to set up a delivery for a Tuesday to see how often deliveries might be needed.Later on, as their arrangements continue and expand—including options for regular deliveries and new gluten-free choices—Li Hua maintains an ongoing dialogue with Hailey regarding orders. However, the initial suggestion regarding the frequency of bread delivery centers specifically on conducting a trial run starting on a Tuesday to evaluate the requirement over time."
What does Li Hua agree to bring to the bonfire singing party hosted by Chae Song-hwa?,Li Hua will bring his guitar,"At the bonfire singing party hosted by Chae Song-hwa, Li Hua happily agrees to bring their guitar to contribute to the music and help create a memorable evening for everyone. This gathering, scheduled for the evening following Chae Song-hwa's invitation, promises to be a wonderful time filled with good company and neighborly cheer. Li Hua's enthusiasm for the event highlights the close-knit and musical nature of the group, where friends often share their talents and unwind together through song."
What is the focus of Li Hua's next month's fitness plan according to Jennifer?,Strengthening lower limbs,"Based on the provided data, Jennifer and Li Hua discussed adjusting Li Hua's workout plan to incorporate specific new elements. According to their conversation from early March 2026, Li Hua expressed a desire to focus on increasing her strength and improving her flexibility. To help Li Hua achieve these goals, Jennifer suggested incorporating more resistance training into the routine for strength. Additionally, to address the goal of improving flexibility, Jennifer recommended adding dedicated stretching or yoga sessions to the workout plan."
What is the building's policy that Adam reminds Li Hua about?,Recycling policy,"Based on the provided conversation logs between Adam Smith and Li Hua, Adam reminds Li Hua about a couple of different responsibilities related to living in the building, primarily focusing on timely rent payments. In the messages from mid-2026, Adam reaches out to ensure that rent is handled appropriately. Specifically, in June 2026, he sends a quick message noting that he hasn't received the previous month's rent yet and asks her to check on it, which Li Hua promptly promises to sort out ASAP. Later, in April 2026, Adam gives her another friendly reminder that the rent is due soon. Beyond financial responsibilities, Adam and Li Hua also discuss practical building maintenance and guidelines. For instance, Adam coordinates with Li Hua regarding upcoming building maintenance schedules to avoid times she prefers not to be disturbed, such as mornings. He also outlines policies concerning the basement space—such as ensuring that any personal additions, like sound-insulating pads, remain reversible and do not cause permanent damage to the property."
What is the topic of the online tutorial Yuriko shares with the group?,Advanced drum techniques,"Based on the provided data sources, the specific topic of the online tutorial that Yuriko (and the group) discusses is not explicitly detailed. However, the context of the conversation reveals the surrounding events and musical activities of the band known as ""The Jolly Band,"" which includes members Yuriko Yamamoto, LiHua, Wolfgang Schulz, and ChaeSong-hwa. In a conversation from August 20, 2026, ChaeSong-hwa mentions finding a ""super cool music theory tutorial that might help us take our skills to the next level."" The other band members, including Yuriko Yamamoto, quickly express excitement about checking it out, noting that learning new skills could bring fresh ideas and improve their sound for upcoming sets and jam sessions."
What is Wolfgang looking for in his new drums?,Something versatile that sounds good for both rock and softer tunes like The Beatles,"When Wolfgang Schulz set out to purchase a new drum kit, he had a clear set of preferences and goals in mind. As an enthusiastic drummer with a strong appreciation for rhythm, he was searching for specific qualities that would suit his musical style and practical needs. First and foremost, Wolfgang wanted something versatile. He aimed to find a kit that would sound great and perform well across multiple genres, specifically needing them to work nicely for both rock music and softer tunes like those by The Beatles. Additionally, practicality was a major factor; he was looking for a kit that offered great sound quality without breaking the bank, noting brands like PDP—specifically the PDP Concept series—as appealing options due to their fantastic value and range."
What song does Li Hua suggest for the jam session on 20260405?,Viva la Vida,"Based on the provided data tables, there are no chat logs or mentions of a jam session or song suggestions occurring specifically on the date **20260405** (April 5, 2026). However, looking at the surrounding timeline of events for ""The Jolly Band""—which regularly gathers for Sunday jam sessions—Li Hua and her fellow bandmates (Wolfgang Schulz, YurikoYamamoto, and ChaeSong-hwa) frequently suggest and play a variety of classic tracks. For instance, in sessions around that timeframe, they discuss and practice timeless classics such as ""Hey Jude,"" ""Hotel California,"" ""The Joker,"" ""Hymn for the Weekend,"" and various Beatles favorites like ""Here Comes the Sun"" and ""Come Together."" If you are looking for information regarding a specific conversation not captured in the provided logs for that exact date, it is simply not available in the current records."
What does Li Hua think about the rosemary focaccia?,Li Hua thinks the rosemary focaccia is amazing,"Based on the provided conversation logs and data tables, there is no mention of ""rosemary focaccia."" While Li Hua frequently discusses food—such as bringing homemade pasta salad to a neighborhood potluck, eating hot pot, Thai food, pizza, burgers, and planning celebratory meals featuring risotto and pasta—rosemary focaccia is not mentioned anywhere in the available records. Therefore, I do not know what Li Hua thinks about the rosemary focaccia, as supporting evidence for it is not provided in the input data."
When does Li Hua confirm the rent transfer to Adam?,20260331_17:00,"Based on the provided conversation logs between Li Hua and Adam Smith, Li Hua never explicitly confirms that the rent transfer has been completed. When Adam reaches out on June 1, 2026, noting that he hasn't received the previous month's rent yet, Li Hua responds by admitting she completely forgot about it and promises to get it sorted out ""ASAP."" Following Adam's encouraging reply offering support, Li Hua writes: ""Thanks for your understanding! I’ll handle it and let you know once it’s done."" However, looking through the subsequent message records, there is no follow-up confirmation from Li Hua stating that the payment has officially been sent or received. Later conversations between the two primarily revolve around other apartment matters—such as basement keys, building maintenance, air-conditioning installation—as well as group chats with other neighbors regarding soccer and television shows, leaving the final status of that specific rent transfer unmentioned in the provided data."
What joke does Wolfgang make as an April Fool's joke?,That Wolfgang bought a set of expensive drums,"Based on the provided data tables and communication records, there is no mention of any April Fool's joke made by Wolfgang. While the data highlights various interactions involving Wolfgang—such as his promotion dinner celebration at Venedia Grancaffe on April 30, 2026, his love for bread and participation in a bakery event, and his musical jam sessions with Li Hua and Yuriko—his specific activities or jokes related to April Fool's Day are simply not documented in the sources. Therefore, I don't know the answer to what joke Wolfgang makes as an April Fool's joke, as supporting evidence for it is not provided in the input data."
Who is delivering the bread to Li Hua on 20260403?,Alice,"Based on the provided data records and communication logs, there is no specific mention of a bread delivery happening on **20260403**. However, looking at the pattern of deliveries and conversations regarding Hailey Johnson's bakery service (where Alice frequently sends automated notifications that bread has been delivered), we know that Hailey and Li Hua set up a regular arrangement. Hailey mentions delivering Li Hua's usual order on Fridays, and Li Hua is a regular customer who receives artisanal sourdough and other baked goods delivered to her address at 123 Sunny Street. While deliveries occurred on dates such as April 12, April 19, and April 26, 2026, the specific logs do not contain an entry for April 3, 2026. Therefore, based strictly on the provided sources, the exact person delivering the bread on that specific date cannot be confirmed."
What does Li Hua think about improvisation during the jam session?,Improvisation sounds great,"Li Hua has expressed a very positive and enthusiastic view regarding the addition of improvisational solos during music practice and jam sessions. When the idea was first brought to the table, Li Hua immediately welcomed it as a great way to make their sessions even more fun, creative, and challenging. Furthermore, Li Hua believes that improvisation helps musicians grow and offers a wonderful opportunity to see what unique elements every band member brings to the table. Rather than relying on a strict, rigid plan, Li Hua loves the idea of going with the flow and jamming spontaneously, noting that it keeps the musical sessions exciting, fresh, and full of collaborative energy."
When is ChaeSong-hwa hosting the community medical knowledge lecture?,7 PM on Saturday,"ChaeSong-hwa is hosting a community medical knowledge lecture scheduled for April 11, 2026, at 7 PM. This casual discussion event is designed to cover basic health tips, prevention of common health issues, and various common medical myths. According to the event's planning and reminders shared leading up to the date, attendees do not need to bring any special materials—just themselves and their curiosity. The lecture follows up on previous medical presentations hosted by ChaeSong-hwa, which have successfully explored complex topics like neurosurgery advancements in an engaging, easy-to-understand format."
What topics will be covered in the community medical knowledge lecture?,Basics of common health issues and how to prevent them,"The community medical knowledge lecture, hosted by ChaeSong-hwa, focuses primarily on essential health education for the public. Specifically, the lecture covers the basics of common health issues, effective prevention strategies, basic health tips, and common medical myths. ### Lecture Overview and DetailsAttendees can expect an informative and casual discussion designed to be helpful and easy to understand. The sessions offer participants a great opportunity to learn proactive health habits and ask questions directly."
What new song does the Jolly band decide to work on for the jam session according to their discussion on 20260410?,Stand By Me,"Based on the communication records and data available for the Jolly Band, there are no specific discussion logs or chat transcripts provided for the exact date of April 10, 2026 (20260410). However, looking closely at the timeline surrounding that period, the band members—consisting of Li Hua, Wolfgang Schulz, Yuriko Yamamoto, and Chae Song-hwa—frequently gather for weekend jam sessions to practice, experiment with new music, and build their unique identity. During sessions in this general timeframe, the band has eagerly explored various musical styles, ranging from classic rock staples to engaging medleys and acoustic tunes. While a specific entry for April 10 is missing, the group's ongoing repertoire around the spring of 2026 prominently featured crowd-pleasing tracks and collaborative brainstorming aimed at keeping their sessions fresh, energetic, and deeply connected.As the band continues to collaborate and share their passion for music—whether through experimenting with new genres or preparing for upcoming seasonal get-togethers—their primary focus remains on fostering a fun, creative environment. Whenever they gather for their weekly jam sessions, the members consistently bring their best energy, ensuring that every new song they choose to work on becomes a memorable part of the Jolly Band's musical journey."
What is Li Hua's feedback on Chae Song-hwa's medical knowledge lecture?,It is insightful and makes complex topics easy to understand,"Li Hua attended a community medical knowledge lecture hosted by Chae Song-hwa, and the feedback provided was overwhelmingly positive and enthusiastic. Following the presentation, Li Hua expressed that the lecture was truly insightful, noting a particular appreciation for learning about the latest advancements in neurosurgery. Li Hua commended Chae Song-hwa's presentation style, specifically highlighting how it successfully made complex medical topics easy to understand and digest. Overall, Li Hua praised the quality of the event and expressed a strong interest in attending any upcoming educational events or future lectures planned by Chae Song-hwa."
When is the anniversary event of Hailey Johnson's bakery shop?,April 15 to 17,"The anniversary event for Hailey Johnson's bakery shop is scheduled to take place from **April 15 to April 17, 2026**. During this upcoming bakery anniversary event, customers can look forward to a vibrant community celebration featuring special treats, discounts, and the introduction of exciting new bread products and pastries."
What does Li Hua want to have on Hailey's bakery shop anniversary event?,Sourdough and sweet pastries,"Based on the communications surrounding Hailey's bakery anniversary event, Li Hua expressed a clear craving for specific menu items. When Hailey Johnson announced the upcoming bakery anniversary event scheduled from April 15 to 17, she eagerly asked if Li Hua had any favorite breads in mind that she was hoping to see. In response, Li Hua shared her specific preferences for the celebration. She mentioned that she loves sourdough and expressed a strong desire to have that available, alongside asking for some sweet pastries as well. Hailey happily accommodated these requests, promising to bake a fresh batch of sourdough and some delicious pastries specially for her."
Why does Li Hua ask ChaeSong-hwa about whether neurosurgeons actually use test tubes in their work?,Li Hua is trying to get some insights for a website design,"Based on the provided data, there is no mention of Li Hua asking ChaeSong-hwa about whether neurosurgeons actually use test tubes in their work. While the interactions between Li Hua and ChaeSong-hwa do touch upon neurosurgery—such as Li Hua praising ChaeSong-hwa's medical lecture on the latest advancements in the field, and ChaeSong-hwa later being introduced as a neurosurgeon during a band jam session—test tubes are never brought up in their conversations. In fact, the discussions involving Li Hua and ChaeSong-hwa predominantly revolve around their shared musical projects in ""The Jolly Band,"" where they jam together, plan karaoke nights, and brainstorm fusion pieces incorporating traditional Chinese instruments like the erhu and guzheng. Other conversations feature Li Hua participating in neighborhood potluck dinners, fitness sessions, soccer discussions, and video game reflections, but at no point does the topic of test tubes in neurosurgery appear in the provided text."
Who proposes that the band takes a break from jamming this week?,Wolfgang Schulz,"Based on the provided conversation logs among the band members (often referred to as ""The Jolly Band""), the one who proposes not joining a specific jam session due to work commitments is Yuriko Yamamoto. Specifically, on April 16, 2026, Yuriko Yamamoto informs the group that she has work to do that Sunday and will not be able to make it to the upcoming band practice. As a result, the rest of the members—primarily Li Hua and Wolfgang Schulz—have to decide whether to go ahead and play without her or find another day to meet.Despite scheduling conflicts like Yuriko's occasional work obligations or Wolfgang's busy weekdays, the band consistently makes it a priority to maintain their regular jam sessions, typically anchoring their musical gatherings on Sunday evenings."
What suggestions does Li Hua propose to Adam Smith about the upcoming community garden renovation?,Add more seating areas for people to relax and enjoy the space and some flower beds with native plants,"Li Hua has actively contributed several creative ideas to Adam Smith regarding the upcoming community garden renovation project. As the neighborhood prepares to transform the space, Li Hua's suggestions focus on enhancing both the aesthetic appeal and the practical utility of the community garden for residents of all ages.### Seating and Wildlife-Friendly FloraOne of Li Hua's primary suggestions is to incorporate more comfortable seating areas throughout the space, ensuring that visitors have cozy spots to relax and enjoy the environment. To attract local wildlife—specifically pollinators like bees and butterflies—Li Hua also recommends planting vibrant native flower beds. Specifically, Li Hua suggests adding low-maintenance yet beautiful plants like lavender and coneflowers, which not only smell amazing but also thrive with minimal upkeep while adding a pop of color.### Fresh Herbs and Family-Friendly TouchesIn addition to ornamental flowers, Li Hua proposes setting up a dedicated small herb section within the garden. This practical addition would allow community members to easily pick fresh herbs such as basil, mint, and rosemary for their cooking, making the garden a more useful and interactive space. Later in the planning process, Li Hua also emphasizes the importance of keeping the garden family-friendly so that children can safely enjoy the play areas and surrounding green spaces."
What kinds of flowers does Li Hua recommend to Adam Smith for the flower beds?,Lavender and coneflowers and fresh herbs,"Li Hua made several thoughtful suggestions for the community garden renovation project when she was asked for her ideas. Specifically, when discussing the flower beds with Adam Smith, Li Hua recommended a couple of specific, low-maintenance, and pollinator-friendly flower varieties.### Recommended FlowersLi Hua suggested planting the following flowers in the beds:* **Lavender:** Known for its wonderful aroma and resilience, lavender is a favorite among pollinators like bees and butterflies.* **Coneflowers:** These bright and beautiful flowers are also excellent for attracting butterflies and bees while requiring very little maintenance.According to the discussions with Adam Smith, these plants were chosen not only because they smell amazing and look beautiful, but also because they actively support local wildlife and enhance the overall utility and charm of the community space."
What will be a gift for Li Hua if he chooses to renew the fitness contract with Jennifer Moore?,A cool fitness bag as a gift for all the gym activities,"Based on the provided data and conversations involving Li Hua and her fitness trainer Jennifer Moore, there is no mention of any specific physical gifts, promotions, or perks offered to Li Hua for renewing a fitness contract. Their interactions primarily center around scheduling workouts, discussing fitness goals such as strength training and planks, celebrating her progress, and receiving helpful advice on form, nutrition, and hydration. Jennifer Moore consistently motivates Li Hua through encouragement, check-ins, and helpful tips rather than material incentives. While Li Hua engages in various social activities—such as planning neighborhood potlucks, participating in bakery tasting events with Hailey Johnson, organizing soccer matches with friends like JakeWatson and Caspian, and discussing television series—fitness contracts and potential renewal gifts are not addressed in the logs.Therefore, according to the provided sources, we do not know what gift Li Hua would receive for renewing a fitness contract with Jennifer Moore, as no such offer or contract renewal is mentioned."
When is the karaoke activity organized by ChaeSong-hwa?,Saturday at 7 PM,"Based on the provided information, ChaeSong-hwa organized karaoke activities on a couple of different occasions. ### First Karaoke ActivityIn April 2026, ChaeSong-hwa organized a karaoke activity scheduled for **Saturday at 7 PM** (specifically referenced around the dates of April 21, 2026). Participants like LiHua expressed excitement to join in on the fun, discussing musical preferences ranging from classic rock and folk to ballads and soft pop.### Second Karaoke ActivityLater in the year, in October 2026, ChaeSong-hwa proposed another karaoke night for the group—including members LiHua, Wolfgang Schulz, and YurikoYamamoto—to mix things up and sing their hearts out to a combination of classics and upbeat pop hits. After finalizing the details, this particular event was set for **Friday evening**.****If you are looking for the specific weekend event mentioned in her initial plans, the first karaoke gathering was organized for Saturday at 7 PM.*"
Who is Li Hua bringing to the band's jam session according to their discussion on 20260425?,ChaeSong-hwa,"According to the band's discussions on April 25, 2026, Li Hua brings a friend named **Chae** (Chae Song-hwa) to their upcoming jam session. ### Introduction to ChaeLi Hua asks the other band members—Wolfgang Schulz and Yuriko Yamamoto—if they can bring a friend along to the session scheduled for the following night. After some lighthearted curiosity from the group regarding who the guest is and what her vibe might be, Li Hua reveals that her name is Chae and mentions her profession as a neurosurgeon. ### Welcoming the New PerspectiveThe rest of the band reacts enthusiastically to the idea. Wolfgang notes that she will likely bring a cool perspective to the group, while Yuriko expresses excitement about meeting her and hearing new stories and perspectives. Ultimately, Chae fits right in, sharing her musical background (such as singing and being in a musical club in college) and collaborating on classic rock medleys and song selections with the rest of ""The Jolly Band."""
What garden-related activity is Thrall planning to organize?,A community planting day,"Based on the community planning discussions, Thrall and the group are involved in several exciting community and garden-related initiatives. While Turalyon initially takes the lead on organizing weekend Christmas events and general garden activities, Thrall is a key participant in pushing forward various community-building projects connected to the neighborhood space.Among the specific garden-related activities and improvements discussed, Thrall enthusiastically supports and collaborates on plans to incorporate community art, family-friendly events, and enhancing the overall green space once renovations and weather permit. Additionally, Thrall joins in brainstorming sessions for community gardening days and playground features. When it comes to specific events spearheaded by Thrall directly, the records highlight his enthusiasm for tree planting activities and community gatherings. Specifically, Thrall and the team discuss organizing engaging outdoor events, such as a weekend tree-planting activity designed to teach kids about caring for plants and the environment, ensuring the garden becomes a vibrant, beautiful addition to the neighborhood."
What is the proposed solution for making the garden more inviting on sunny days?,Adding shade with umbrellas or trees,"To make the community garden more inviting and comfortable on sunny days, the group chat participants have proposed several thoughtful landscaping and structural improvements. One major suggestion is to plant native species of trees and flowers around the seating and rest areas. Planting shade trees will provide essential natural relief from the sun, making warm days much more enjoyable for visitors. Additionally, incorporating native plants—such as lavender, coneflowers, bluebells, camellias, and tulips—not only adds vibrant color and beautiful aromas to the space, but these particular flowers also help attract helpful pollinators like butterflies and bees.Beyond greenery, the community has also discussed adding structural features to enhance comfort. This includes installing canopies or shaded areas, particularly around reading nooks and picnic spots, to protect visitors from direct sunlight. Together, these thoughtful additions of shade trees, native flora, and protective canopies aim to transform the garden into a welcoming, vibrant, and relaxing gathering space for the entire community."
What is the main topic of the conversation on 2026-04-28 at 5 PM?,Breathing techniques and tips for squats during workouts,"I don't know the answer to your question. The provided data tables do not contain any conversation records or timestamps for April 28, 2026, at 5 PM. The available chat logs and timestamps cover various other dates throughout 2026—such as January, March, April, May, June, July, August, September, October, November, and December—discussing topics like bakery events, video games, soccer practice, garden projects, and band brainstorming sessions. However, information regarding a conversation specifically on April 28, 2026, at 5 PM is not provided in the input data."
When is Wolfgang Schulz's promotion celebration dinner?,6 PM on the day after tomorrow (implied to be 2026-04-30),"Wolfgang Schulz's promotion celebration dinner is scheduled to take place on April 30, 2026, at 6:00 PM. The dinner is set to be held at the Venedia Grancaffe, where Wolfgang and his friend Li Hua plan to enjoy a festive meal together. Wolfgang has mentioned looking forward to trying out the restaurant's risotto, while Li Hua is considering ordering some pasta to celebrate the milestone."
What is the name of the Italian restaurant where Wolfgang and Li Hua are having dinner to celebrate Wolfgang's promotion?,Venedia Grancaffe,"Wolfgang Schulz and Li Hua chose a very special spot to celebrate Wolfgang's promotion with a memorable Italian feast. According to their conversation on April 30, 2026, the dinner took place at **Venedia Grancaffe** starting at 6 PM. During their chat, Wolfgang expressed his excitement about trying out the restaurant's risotto, while Li Hua looked forward to ordering some delicious pasta. It was a well-deserved celebration following Wolfgang's recent career milestone, marking a great evening out for the two friends as they enjoyed good food and company."
What is Li Hua's suggestion for scheduling the water pipe repairs in the garden?,During off-peak hours,"Li Hua made a thoughtful suggestion regarding the scheduling of the garden's water pipe repairs to minimize disruption for the residents. Specifically, Li Hua proposed scheduling the repair work for a time when most people are either out or busy during the day, which would help reduce the overall impact on the community. This idea was well-received by others, such as Turalyon, who noted that planning the maintenance during off-peak hours would be a great way to keep the disturbance to a minimum."
When is the community meeting for the garden project scheduled according to the discussion on 20260507?,Saturday at 10 am,"Based on the provided communication records regarding the garden project and community discussions, there is no mention of a community meeting scheduled specifically on the date of **20260507**. While the data tables show extensive collaboration, planning, and brainstorming among community members—such as AdamSmith, LiHua, ChaeSong-hwa, and others—regarding garden renovations, picnic events, and playground installations, specific dates for meetings mentioned across the logs fall on different timelines (such as upcoming gatherings, weekend activities, and brainstorming sessions). If you are looking for specific details from a conversation on 20260507, that exact timestamp or entry is not included in the provided data sources."
What percentage discount is Hailey Johnson offering for Mother's Day pastries?,15%,"Hailey Johnson is celebrating **Mother’s Day** with a special promotion for her customers, adding a festive touch to her bakery's offerings during the spring season. For this occasion, she is offering a **15% discount** on all pastries and special cakes. This promotion serves as a wonderful opportunity for patrons to grab sweet treats, whether they are looking for a personal indulgence or a thoughtful surprise for loved ones, such as landlords or family members."
Which two specific pastries does Hailey Johnson recommend for Mother's Day?,Raspberry-filled croissants and chocolate eclairs,"For Mother’s Day, Hailey Johnson offers a special promotion featuring 15% off all pastries and special cakes. When Li Hua asks for her top recommendations, Hailey specifically suggests two delicious treats that are always a hit with customers. The two specific pastries she recommends are the **raspberry-filled croissants** and the **chocolate eclairs**. This sweet selection proved to be a popular choice, as Li Hua ultimately decided to order a dozen of each for the holiday delivery handled by Alice."
What type of stretches does JenniferMoore suggest before and after workouts?,Dynamic stretches before and static stretches after,"Based on the provided information, JenniferMoore discusses the importance of stretching techniques for injury prevention and shares a specific, comprehensive routine in one of her shared fitness messages. When it comes to structuring a full routine, JenniferMoore outlines a popular baked salmon recipe and general fitness guidance, but her specific recommendations regarding stretch types are often shared alongside fellow gym-goers like Sage and Phoenix. Specifically, the group highlights the benefits of starting sessions with **dynamic stretches**—such as leg swings and torso twists—to get the blood flowing and warm up the muscles. For the post-workout phase, JenniferMoore and her peers emphasize finishing with **static stretches** to help cool down the body, improve flexibility, and ease muscle tension after a rigorous session."
When is the web design seminar at Wolfgang's company happening?,Thursday at 3 PM,"The web design seminar hosted at Wolfgang Schulz's company is scheduled to take place on Thursday at 3 PM. This insightful event was brought up in a conversation between Wolfgang and his friend Li Hua, where Wolfgang extended an invitation for Li Hua to join him. According to their discussion, after attending the seminar together, they also plan to grab a coffee afterward. Li Hua readily accepted the invitation, expressing excitement and confirming attendance for the Thursday afternoon session."
What is Li Hua looking forward to trying from the summer promotion?,Fruity ice cream flavors and a mango-coconut pastry,"Based on the provided data, Li Hua is looking forward to trying out a new burger place that Wolfgang Schulz recommended. They planned to grab a bite there before heading to a photography exhibition.Additionally, Li Hua has been exploring other culinary options, such as testing out HaileyJohnson's new line of gluten-free bread and possibly trying out rosemary focaccia with cherry tomatoes. However, specifically regarding the summer promotion and dining out with friends like Wolfgang Schulz, the focus was on trying the burger place's awesome fries and burgers."
What did Li Hua enjoy the most about the restaurant that he and Wolfgang visited for dinner on 20260514?,The pasta dish and the dessert,"Based on the provided data, there are no records of Li Hua and Wolfgang visiting a restaurant for dinner on May 14, 2026 (20260514). While the data shows Li Hua and Wolfgang frequently enjoying meals together—such as getting Sichuan hot pot, Thai food, pizza, and Italian cuisine—none of the documented dinner outings correspond to that specific date. Therefore, it is not possible to state what Li Hua enjoyed most about a restaurant visit on that day using the provided sources."
Why is Chae Song-hwa unable to join the rehearsal?,She has to attend a medical lecture,"Chae Song-hwa is unable to join the rehearsal due to a specific personal commitment. According to the group's communications, she has to attend a medical lecture scheduled for that Sunday evening, which prevents her from participating in the session with her bandmates. In response to her absence, the band—consisting of Chae Song-hwa, YurikoYamamoto, WolfgangSchulz, and LiHua—decided to adjust their schedule. Rather than attempting to rehearse without her, they chose to pause their practice for that particular week, viewing it as an opportunity to regroup and brainstorm fresh ideas for future jam sessions."
What type of lighting is preferred for the seating area in the community garden?,Soft white lights,"The community garden project has been a vibrant, collaborative effort for local residents like Adam Smith, Li Hua, and many others, who have contributed numerous creative ideas to shape the space. As part of the ongoing renovations—which include seating areas, pathways, shade, native flower beds, an herb section, and a children's play area—the community has actively brainstormed various ways to enhance the ambiance and functionality of the garden.When discussing how to decorate and illuminate the seating areas around the newly installed benches for evening gatherings, the group considered several options. Specifically, the participants favored eco-friendly and practical solutions, ultimately choosing solar-powered fairy lights to create a cozy and inviting atmosphere after the sun goes down."
When is the construction of the garden supposed to start?,This Wednesday (20260520),"The community has been actively collaborating and planning various aspects of the collaborative community gardening project, which involves creating a welcoming green space with flowers, benches, and a children's play area. While residents have discussed multiple phases of the renovation—such as water pipe repairs, playground equipment installation, and weekend tree-planting activities—specific construction timelines are noted in the group's communications. According to the updates shared by project organizers, construction for the garden renovation officially started on a Wednesday. Specifically, a message from Turalyon on May 18, 2026, served as a reminder that ""construction starts this Wednesday."" As the project progressed through various phases, members frequently exchanged updates about the installation of benches, play areas, and the planting of vibrant flower combinations like Bluebells, Camellias, and Tulips. Despite some temporary disruptions and noise near participants' homes, the community remained enthusiastic about transforming the space into a wonderful gathering spot for everyone to enjoy."
Which flowers does RexxarRemar suggest for a vibrant vibe?,Bluebell and Camellia and Tulip,"RexxarRemar and the community have been actively collaborating on the design, maintenance, and features of their local community garden project. Among the various discussions about layouts, seating areas, workshops, and sustainable practices like composting, flower selection has been a central topic for creating a lively and welcoming space.When discussing the ideal flower combinations to achieve a bright and colorful aesthetic, RexxarRemar specifically highlights a particular trio. According to the community discussions regarding vibrant flower choices, RexxarRemar points to the **Bluebell, Camellia, and Tulip** combination as an awesome choice to establish a lively atmosphere. Not only do these flowers contribute a wonderful mix of colors to the garden's overall design, but they also serve the practical purpose of helping to attract local wildlife, such as butterflies, enhancing both the visual appeal and the ecological health of the shared community space."
How does RexxarRemar plan to spend time in the garden once it's done?,For family gatherings and relaxing afternoons,"RexxarRemar envisions the newly renovated community garden as a vibrant and welcoming space dedicated to connection, relaxation, and shared community experiences. Once the hard work of the garden's transformation is complete, they plan to use the area for wonderful family gatherings and relaxing afternoons. In addition to casual hangouts, RexxarRemar is particularly excited for the children to enjoy the dedicated play space, highlighting how wonderful it will be for the kids to have their own designated area to burn off energy and have fun. Their vision embraces a lively, inclusive environment where the entire community can come together to unwind, celebrate their hard work, and create lasting memories."
What does LiHua find as a perfect place to work in his conversation with Chae?,The Lighthouse Cafe,"Based on the provided conversation history between LiHua, ChaeSong-hwa, and YurikoYamamoto, there is no mention of LiHua finding a ""perfect place to work."" While the group engages in extensive discussions about music theory tutorials, jam sessions, brainstorming band names (such as ""Sonic Fusion,"" ""Echoed Dreams,"" ""Resonant Vibes,"" and ultimately deciding on ""The Jolly Band""), and preparing to attend a music festival together, the specific topic of a workplace or a perfect place to work does not appear in their dialogue."
What songs does Chae propose to the Jolly band to try out on Sunday according to the conversation on 20260521?,"The Yellow Wind Rises and ""To the West""","Based on the provided data and conversations regarding the Jolly band, there is no mention of a conversation or any song proposals by Chae on the specific date of May 21, 2026 (20260521). The available records do not contain any chat logs or entries corresponding to that exact timestamp. However, looking at the surrounding communications leading up to and following that timeframe, Chae (often referred to as ChaeSong-hwa) and the rest of the band frequently brainstorm and suggest various classic rock tracks, upbeat tunes, and medleys for their recurring Sunday jam sessions. For instance, in other sessions, Chae has proposed classic rock staples and favorites such as ""Hotel California,"" ""The Joker,"" ""Sweet Home Alabama,"" ""All You Need Is Love,"" ""Let It Be,"" ""Bohemian Rhapsody,"" and ""A Million Dreams"" from *The Greatest Showman*. If you are looking specifically for a proposal made on 20260521, that information is simply not provided in the current records."
What is IllidanStormrage's suggestion to the ongoing garden construction according to the discussion on 20260522?,plan some quiet hours when the kids are playing,"Based on the community discussions and the provided data, there are various collaborative planning sessions regarding the garden renovation project, including ideas for benches, playgrounds, flower arrangements, and noise reduction measures. However, a specific communication log or detailed discussion entry dated precisely on **20260522** is not present in the provided sources. While specific records for that exact date are missing, IllidanStormrage actively participates in multiple other community brainstorms surrounding the garden development. For instance, IllidanStormrage frequently contributes ideas about incorporating native flowers to attract local pollinators, adding kid-friendly elements, installing solar-powered fairy lights or evening lighting around the benches, and keeping community feedback positive to help the neighborhood thrive. Because the data tables do not contain transcripts specifically matching the date of May 22, 2026, a precise quote or suggestion attributed to IllidanStormrage for that exact day cannot be verified from the provided evidence."
What songs does LiHua suggest adding to the karaoke playlist in his conversation with Chae?,"I Will Survive and ""Sweet Caroline""","LiHua and Chae engage in several music-related conversations, including discussions about expanding their musical horizons, adding traditional Chinese elements to their band's style, and preparing for fun karaoke nights. When discussing karaoke specifically, LiHua expresses excitement about participating and letting loose with the group, eager to rock the stage and bring an A-game to the performances. Regarding specific song suggestions for the karaoke playlist during their conversations, LiHua and Chae collaborate on a fun mix of upbeat tracks and classics. Chae kicks off some of the playlist ideas by suggesting well-known classics like Fleetwood Mac, The Beatles, ""Sweet Home Alabama,"" and ""Let It Be,"" while also mixing in popular hits such as ""Shallow"" and ""Shake It Off."" For LiHua's part, while Chae introduces many of the foundational karaoke and jam session suggestions, LiHua enthusiastically supports these choices and contributes additional ideas across their various get-togethers—such as favoring upbeat tunes to keep energy high, classic rock tracks, and crowd-pleasers like ""Here Comes the Sun,"" ""Come Together,"" ""Wonderwall,"" and ""Hey Jude"" for their broader musical sessions. Together, the group ensures that whether they are practicing with their band, ""The Jolly Band,"" or setting up a lively karaoke night, the setlist remains energetic, diverse, and memorable."
What time does Turalyon plan to limit noisy activities?,From 2-3 pm,"Based on the provided data, Turalyon participates in discussions regarding construction noise and the importance of balancing work and play for children in the community garden project. Specifically, when other members like IllidanStormrage suggest planning ""some quiet hours when the kids are playing"" so they can enjoy the space without construction distractions, Turalyon and the group agree that establishing quiet hours is a solid idea to balance work and play.However, the specific text records do not state an exact time of day that Turalyon personally plans to limit noisy activities. Instead, the dialogue highlights collaborative community planning where the idea of quiet hours is endorsed by Turalyon and the team as they finalize their garden construction and renovation schedules."
Why does WolfgangSchulz inquire of the band members about health products?,Wolfgang is feeling very tired lately with the overtime and wants to boost up his energy,"Based on the provided data, there is no mention of WolfgangSchulz inquiring about health products. Instead, Wolfgang's primary focus concerning his health within the context of the band is maintaining his physical readiness and energy levels for their music sessions. He emphasizes the importance of keeping fit for the music, saving his energy for weekend jam sessions, and wearing comfortable shoes for events like music festivals to handle being on their feet. While other members—such as JenniferMoore and LiHua—discuss topics related to nutrition, special guest speakers talking about nutrition for athletes, and recovery meals, Wolfgang's contributions are centered around drumming, gear, song choices, and preserving Sundays as sacred for music without overdoing rehearsals on off days."
What is the name of the song LiHua suggests revisiting for the band's music session according to their conversation on 20260529?,The History of Everything,"Based on the provided data tables and chat logs, there are no conversation records or messages listed for the specific date of 20260529. However, looking through the various band sessions and music discussions held by LiHua and ""The Jolly Band"" (which includes Wolfgang Schulz, YurikoYamamoto, and ChaeSong-hwa), LiHua frequently suggests revisiting several classic tracks across different dates. For instance, LiHua often brings up popular rock staples like The Beatles' ""Come Together"" and ""Blackbird,"" as well as other crowd favorites such as ""Hotel California,"" during their regular Sunday jam preparations. If you are looking for details from a specific conversation not captured in the current dataset, I don't have that information on hand. Please let me know if there is another date or song you would like to look into from the available records!"
Which kind of pastry does Li Hua express his interest in trying in his conversation with Hailey on 20260531?,the new banana durian cheesecake,"Based on the available chat logs and conversation records, Li Hua actively discusses various baked goods and events with baker Hailey Johnson. While their interactions span several months—ranging from discussions about artisanal sourdough, delivery services, and upcoming baking classes—there is no recorded conversation on the specific date of May 31, 2026. However, during a related conversation about a free baking class hosted by Hailey on **June 18, 2026** (as well as previous mentions surrounding the bakery's anniversary events in April), Li Hua explicitly expresses a keen interest in learning how to make and try **sweet pastries** and general pastry items. Whether discussing upcoming community events, doorstep deliveries, or baking workshops, Li Hua and Hailey frequently highlight a mutual appreciation for sweet treats and fresh bread options. If you are looking for specific records on dates outside of the provided logs, that exact correspondence is not available."
When did Li Hua inform Adam Smith that the rent for last month (implied to be May) had been transferred?,2026-06-02 at 10:00,"Based on the provided communication records, Li Hua did not inform Adam Smith that the rent for last month (May) had actually been transferred. However, the initial message regarding the unpaid rent for May took place on June 1, 2026. On June 1, 2026, at 16:00, Adam Smith messaged Li Hua to note that he had not yet received the previous month's rent and asked Li Hua to check on it. Li Hua responded by admitting they had completely forgotten, apologized for the oversight, and assured Adam they would get it sorted out as soon as possible. Later in the conversation, Li Hua promised to handle the payment and let Adam know once the task was completed. Adam expressed his appreciation and told Li Hua to reach out if they needed any help with the payment or anything else, but the provided logs do not contain the follow-up message confirming the final transfer date."
What is the name of Hailey Johnson's new weekly flavor cheese?,Hazelnut Basque Roasted Cheese,"Based on the provided data tables, there is no mention of Hailey Johnson launching a new weekly flavor cheese. While Hailey Johnson, who runs a bakery and a doorstep delivery service for fresh bread and milk, frequently discusses new products with Li Hua—such as rosemary focaccia, gluten-free options, high-protein breads, artisanal donuts, and seasonal fruit flavors like raspberry or lemon—cheese is not mentioned anywhere in her product lines or conversations."
Why can't people sit on the benches when Turalyon informs the community that the benches have been installed on 20260604?,the paint isn't dry yet,"Based on the community messages provided, there is actually no record of Turalyon informing the community that benches were installed on June 4, 2026 (20260604). In the timeline of the garden renovation project, the updates mention that the children's play area was completed around June 12, 2026, and benches are discussed as desirable future additions or are mentioned as being enjoyed during later events (such as the sports day in July and August), but a specific announcement regarding benches on June 4 does not appear in the logs. Therefore, any premise about why people couldn't sit on them on that specific date stems from information not provided in the source records."
What is the phone number for the maintenance worker that Adam Smith provided to Li Hua for the broken streetlight?,314159,"The phone number for the maintenance worker provided by Adam Smith to Li Hua in response to the broken streetlight is **314159**. This information was shared during a conversation in June 2026, when Li Hua reached out to Adam regarding public property maintenance issues in the neighborhood."
What breathing technique does Jennifer Moore suggest for running?,Inhaling for 3 steps and exhaling for 2 steps,"Based on the provided data, Jennifer Moore does not explicitly suggest a specific breathing technique for running. However, the fitness instructor and coach actively participates in discussions regarding workout routines, stamina building, and injury prevention with Li Hua and other fitness enthusiasts. While other participants in the fitness conversations mention breathing techniques—such as deep belly breathing during intense workouts, focusing on steady breaths when switching terrains, or combining yoga breathing with lifting routines to enhance concentration and endurance—Jennifer's direct advice centers more around form, control, progressive overload, rest, and hydration.Specifically, Jennifer Moore guides Li Hua on bench pressing form, encourages her progress with planks, and shares tips on adding resistance training and stretching or yoga sessions to improve strength and flexibility. She also organizes and chats about outdoor trail runs and stretching techniques to help with injury prevention, but detailed discussions on specific breathing mechanics are shared by other group members like Jett, Phoenix, and Breach."
When is the Freelancer Group Meeting scheduled for according to the conversation between LiHua and Yuriko?,This Wednesday at 3 pm,"Based on the conversation between LiHua and Yuriko, the **Freelancer Group Meeting** is scheduled for **this Wednesday at 3 pm** (specifically noted in the timeline on June 8, 2026). During this upcoming gathering, the freelancers plan to catch up and discuss various engaging topics. Yuriko Yamamoto is looking forward to sharing some new therapy techniques she has been exploring, hoping others will find them helpful. Meanwhile, LiHua plans to share useful tips on managing work-life balance as a freelancer, highlighting the journey and the importance of staying grounded while juggling multiple commitments."
What suggestions does Jennifer give to LiHua to help boost his endurance?,try incorporating longer cardio sessions and interval training into your routine,"Li Hua and Jennifer Moore often discuss fitness progress, routines, and health goals. During their training journey, Li Hua mentions feeling increased stamina during workouts and expresses a desire to focus on new areas, specifically asking for suggestions to improve strength and flexibility. In response to Li Hua's goals, Jennifer Moore provides several actionable suggestions to boost overall physical endurance and performance. For strength building, Jennifer suggests incorporating more targeted resistance training into the routine. To address flexibility, she recommends adding dedicated stretching or yoga sessions to help the body recover, stay agile, and improve overall physical capability.Additionally, Jennifer emphasizes the importance of proper fueling and recovery to support these endurance and strength gains. She recommends maintaining consistent hydration habits, getting adequate rest, and eating balanced meals containing a healthy mix of proteins, carbohydrates, and vegetables—such as her recommended nutritious recipe for baked salmon with sweet potatoes and broccoli."
What new pastry does Hailey think is perfect for a fitness lover like Li Hua?,high-protein breads,"Based on the interactions between Hailey Johnson and Li Hua, Hailey is always experimenting with new flavors and treats for her bakery. Although Li Hua frequently discusses fitness and her workout routines with her trainer, Jennifer Moore—and shares a love for various baked goods with Hailey, such as raspberry tarts, sourdough, honey oat bread, and rosemary focaccia—there is no specific mention in the provided data of Hailey designating a new pastry as being ""perfect for a fitness lover like Li Hua.""However, Hailey does host a special event on June 22, 2026, specifically to launch a **new line of healthy bread options** and a tasting session, inviting Li Hua to check out the new goodies. Additionally, Hailey frequently introduces other creations, such as her artisanal sourdough, chocolate chip brioche, and sweet pastries like raspberry tarts."
Who proposes adding some outdoor games or a small water feature to the children's play areain the community discussion?,Thrall,"In the community discussions regarding the ongoing neighborhood renovation projects, residents actively collaborate to shape a vibrant and engaging space for families and children. Among the key developments is the children's play area, which serves as a focal point for imaginative play, physical activity, and community bonding. During one of the community planning updates regarding the newly completed children's play area, **Thrall** proposes enhancing the space further. Specifically, Thrall suggests adding outdoor games or a small water feature to make the area even more entertaining and fun for the kids. This suggestion receives positive reinforcement from fellow participants like Li Hua, who builds on the momentum by proposing picnic tables for families to enjoy snacks nearby.Such collaborative brainstorming highlights the community's dedication to creating a welcoming and dynamic environment. Other members, including MalfurionStormrage and GromHellscream, continually contribute creative ideas—ranging from community art and book nooks to green additions like berry bushes—ensuring the neighborhood spaces remain lively and enjoyable for all generations."
Who proposes adding picnic tables for families to enjoy some snacks after playing?,Li Hua,"Based on the provided data tables, the community members are actively organizing a weekend picnic and discussing various ways to make it an enjoyable event for everyone involved, including snacks and seating arrangements. While the exact phrase ""picnic tables"" isn't explicitly mentioned by a single individual, **RexxarRemar** and **MuradinBronzebeard** are key participants discussing the food, snacks, and overall setup. Specifically, RexxarRemar brings up the question of who is getting the snacks (mentioning pizza and hot dogs) and highlights the need for treats, while MuradinBronzebeard suggests having a mix of snacks, drinks, and someone to handle desserts to keep everyone energized. Additionally, regarding seating so people can comfortably enjoy their food and relax on the grass, **TirionFordring** suggests bringing blankets or chairs for seating since it might get crowded, and RexxarRemar agrees that blankets would be perfect for relaxing and enjoying their food in a cozy vibe."
Who proposes creating a little garden area where kids can help plant flowers or vegetables?,GromHellscream,"The community garden renovation project has sparked immense enthusiasm and collaboration among residents, with numerous creative ideas shared to make the space vibrant, engaging, and welcoming for people of all ages. ### Involving Children in GardeningWhen discussing ways to make the garden more interactive and educational for younger participants, **GromHellscream** proposes creating a dedicated little garden area where kids can help plant flowers or vegetables. This suggestion was met with great approval from the group, particularly from MalfurionStormrage, who noted that involving children directly in planting activities would be a fantastic way to spark their interest in nature and help them learn valuable hands-on skills.### Additional Community IdeasBeyond the children's gardening area, the group has brainstormed and implemented a wide variety of features to enhance the community space. These include:* Installing comfortable seating areas, benches, and shaded pergolas.* Designing a children's play area complete with play equipment.* Setting up picnic tables and a cozy book nook for family gatherings.* Planting a mix of native flowers, herbs, and vibrant blooms like Bluebells, Camellias, and Tulips to attract pollinators."
Why does LiHua bring up Adam Smith in the band's conversation on 20260616?,LiHua thinks it is really nice for Mr. Smith to rent this basement to us for practice,"Based on the provided data tables and chat logs, there is actually no mention of LiHua bringing up Adam Smith in a band conversation on June 16, 2026. In fact, Adam Smith interacts with LiHua in entirely different contexts, such as discussing building maintenance and unpaid rent (Sources 22 and 23), rather than music or band practice. ### Other Conversations Involving Adam SmithWhile Adam Smith does not appear in the band discussions, his name and interactions with LiHua center around practical residential matters. For instance, in January 2026, Adam reaches out to coordinate building maintenance, and LiHua prefers mornings to be avoided if possible. Later in June 2026, Adam messages LiHua regarding overdue rent from the previous month, which LiHua promptly acknowledges and promises to resolve.### LiHua's Actual Band and Musical ActivitiesWhen LiHua engages in musical discussions—frequently with Wolfgang Schulz—the topics revolve around jamming, classic songs, and instruments. Their conversations highlight plans to play songs like ""Wonderwall,"" ""Hey Jude,"" ""Come Together,"" and ""Hotel California,"" as well as discussing legendary musicians like Jimi Hendrix, Freddie Mercury, and Eric Clapton. Ultimately, because the provided logs do not contain any band conversation from June 16, 2026, or any instance of LiHua bringing up Adam Smith to the band, there is no evidence to support such an interaction taking place."
What event does LiHua think is an opportunity for the Jolly band to perform in front of the crowd?,the poster saying that the town is holding a local music festival,"LiHua and the members of **The Jolly Band**, which includes musicians such as Yuriko Yamamoto, Wolfgang Schulz, and ChaeSong-hwa, frequently gather for jam sessions, creative brainstorming, and discussions about their shared passion for music. Among their many conversations about blending genres, exploring traditional Chinese instruments like the erhu and guzheng, and preparing for future performances, a specific community event stands out as a major opportunity for the group.According to the provided discussions, LiHua points out that their town is holding a local music festival. Upon seeing a poster for the festival, LiHua immediately recognizes it as a fantastic opportunity for The Jolly Band to perform in front of a live crowd. The band members enthusiastically agree, viewing it as a great chance to showcase their music, engage with local audiences, and prepare crowd-pleasing setlists featuring tracks like ""Sweet Home Alabama."""
What dietary restrictions does LiHua have in his conversation with Hailey?,No dietary restrictions,"Based on the provided conversations between Li Hua and Hailey Johnson regarding bakery items and deliveries, Li Hua does not explicitly mention having any personal dietary restrictions, such as food allergies or specific medical diets. However, Li Hua actively engages with Hailey regarding alternative menu options. In April 2026, when Hailey announces the launch of a new line of gluten-free bread options as an alternative for anyone who needs them, Li Hua expresses immediate interest and states, ""I can't wait to try the new gluten-free bread,"" and asks when it will be available to add to a delivery. Throughout their interactions, Li Hua's food preferences lean toward enjoying fresh baked goods, artisanal sourdough, chocolate chip brioche, and sweets like rice cakes, while also offering feedback to tone down the sweetness of donuts and suggesting refreshing seasonal fruit flavors like raspberry or lemon."
What will special guest speaker be talking about as Jennifer mentions to LiHua?,about nutrition for athletes,"Based on the provided data tables, there is no mention of a special guest speaker or any discussion about one in the conversations between Jennifer Moore and LiHua. Their interactions primarily focus on fitness updates, personal records, workout routines, stamina, and scheduling gym sessions—such as LiHua's progress with pull-ups, increasing strength, and adding resistance training and flexibility work. Therefore, the provided sources do not contain the information needed to answer what a special guest speaker might be talking about."
What is the survey that Jennifer wants LiHua to fill out about?,the experience with our training sessions so far,"Based on the provided communications, the survey that Jennifer Moore wants LiHua to participate in is the **gym's membership feedback activity**. Jennifer mentions this during a check-in, reminding LiHua to make sure she participates in the feedback activity the next time she is at the gym, while also letting her know she can pick up her water cup at the front desk."
When does the special event at Hailey's bakery start according to Hailey and LiHua's conversation on 20260622?,The event starts at 10 AM this Saturday,"According to the conversation between Hailey Johnson and Li Hua on June 22, 2026, the special event at the bakery is scheduled to begin at 10:00 AM on that upcoming Saturday. Hailey reached out to Li Hua to extend an invitation to a special tasting session celebrating the launch of a brand-new line of healthy bread options. In addition to tasting the new healthy goodies, the event featured some lovely samples and a workshop, prompting Li Hua to enthusiastically confirm attendance for the 10:00 AM start time, even mentioning bringing along a friend who loves bread."
What video does LiHua send to the band group chat on 20260624?,"a video of himself playing the intro to ""Stairway to Heaven""","I don't know the answer, as the provided data tables do not contain any information about a video sent by LiHua to the band group chat on June 24, 2026. Based on the available records, the interactions involving LiHua and the band members (such as Wolfgang Schulz, ChaeSong-hwa, and YurikoYamamoto) cover various jam sessions, music festival plans, personal milestones, and casual chats, but there is no mention of a message or video shared on that specific date."
Waht song does Wolfgang propose adding to the band's practice set on 20260625?,Viva la Vida by Coldplay,"On June 25, 2026, Wolfgang Schulz proposed adding a very popular track to the band's rehearsal set: ""**Viva la Vida**"" by Coldplay. He shared with the group that the song is a massive crowd-pleaser with an infectious energy that would truly elevate their live performances. Furthermore, he noted that it would be a particularly fun piece to play on the drums. His bandmates, including LiHua and Yuriko Yamamoto, enthusiastically agreed with the suggestion, eager to bring that vibrant energy to their upcoming Sunday jam session."
What is the main topic of the conversation between LiHua and ChaeSong-hwa on 20260626?,Chae and her team making a breakthrough in the research study and LiHua congratulating her,"The conversation between LiHua and ChaeSong-hwa on June 26, 2026, primarily revolves around a major research breakthrough achieved by ChaeSong-hwa and her team. After a period of hard work, they finally gathered enough research data and prepared their model for testing, an achievement that brought great excitement and pride to both colleagues. Building on this joyful milestone, the discussion quickly transitions into plans for a well-deserved celebration. The two friends agree to unwind together after an upcoming jam session, discussing logistics such as snacks, drinks, and creating a fun, memorable night of music and relaxation to decompress from their demanding schedules."
Waht songs does Chae recommend in the band's group discussion on 20260629?,"Uptown Funk or ""Happy""","Based on the provided conversation records, there are no specific group discussions or chat logs listed for the exact date of June 29, 2026 (20260629). However, looking closely at the timeline of band discussions involving Chae (ChaeSong-hwa), LiHua, Wolfgang Schulz, and Yuriko Yamamoto, Chae actively participates in music planning and frequently suggests songs during their jam session preparations. For instance, during earlier and surrounding planning sessions (such as in June and July), Chae recommends popular classic tracks like ""Hotel California,"" ""All You Need Is Love,"" and ""The Joker."" She also enjoys bringing in a mix of soft pop, ballads, and classic rock tunes to keep the band's repertoire fresh and engaging."
What tip does Jennifer give to the gym members on 20260630?,Staying hydrated during workout is very important,"Based on the provided data tables and conversation records, there is no specific message or entry dated **20260630** regarding a tip from Jennifer to gym members. However, the records do capture several communications and tips shared by Jennifer Moore around that timeframe regarding fitness, activities, and gym routines:* **Gym Feedback and Water Cups:** In early June (specifically **20260605**), Jennifer reminded gym members to participate in the membership feedback activity and mentioned that they could pick up their water cups at the front desk.* **Yoga Classes:** In mid-May (**20260513**), Jennifer announced the addition of a new yoga class to the schedule, encouraging members to check with the front desk and highlighting how yoga can aid in flexibility, recovery, and stress relief. * **Athlete Nutrition:** Later in June (**20260619**), she informed members about an upcoming special guest speaker discussing nutrition for athletes, performance, and recovery.If you are looking for information specific to June 30, 2026, that particular date is not documented in the current source logs."
Why deoes the construction have to be postponed according to Tirion Fordring?,the storm and the rain have been going on for days,"According to Tirion Fordring, the construction has to be postponed due to ongoing storms and rain that have persisted for days. While the weather delays have put a temporary halt on the physical work, the community members have taken the opportunity to stay positive, support one another, and plan for future activities—such as planting flowers and organizing community events—once the weather finally clears up and conditions improve."
What kinds of Thai food does Wolfgang want to try out at the Thai restaurant on 20260702?,pad thai and maybe some spring rolls,"Wolfgang Schulz and Li Hua made plans to visit a budget-friendly Thai restaurant for dinner on July 2, 2026. During their conversation about the upcoming meal, Wolfgang expressed excitement about trying specific dishes from the menu.Specifically, Wolfgang mentioned that he was thinking of trying their pad thai and perhaps some spring rolls to go along with it. Meanwhile, Li Hua shared that she was leaning toward trying the green curry."
What song does Yuriko propose that the band can practice this weekend according to the band's discussion on 20260703?,Take Me Home Country Roads by John Denver,"Based on the band's discussions and the provided data, Yuriko Yamamoto is a valued member of ""The Jolly Band,"" alongside LiHua, Wolfgang Schulz, and ChaeSong-hwa. The band frequently collaborates, shares musical ideas, and prepares for upcoming performances and local music festivals. Regarding the specific date mentioned, the provided data sources do not contain any chat logs or entries for the exact date of **20260703**. However, looking closely at the surrounding timeline of July 2026, Yuriko and her bandmates are actively planning their setlists. For instance, in early July (specifically on July 6, 2026), Yuriko proposes that the band learn and practice the emotionally powerful song **""Rolling in the Deep""** by Adele as a great potential addition to their set. While the exact records for July 3 are absent, Yuriko's musical contributions consistently involve bringing fresh, engaging ideas to the table—ranging from bass-heavy tracks and classic rock covers to emotional ballads like Adele's hit—ensuring that ""The Jolly Band"" maintains high energy and creativity during their weekend jam sessions."
What is the name of the song that Yuriko recommend to the band on 20260706?,Rolling in the Deep by Adele,"On July 6, 2026 (20260706), band member Yuriko Yamamoto suggested a popular track for the group to learn during their upcoming music sessions. Known for her musical enthusiasm and role in the band, Yuriko brought a powerful and emotional piece to the table that she believed would be a fantastic addition to their setlist.Specifically, the song that Yuriko recommended to the band on that day was Adele's emotional powerhouse hit, ""Rolling in the Deep."" The suggestion was met with great excitement and support from her fellow bandmates, including Chae Song-hwa, who noted that the song offered plenty of power and would be a great showcase for their vocals and instruments."
Why are LiHua and Adam concerned about the basement in their conversation on 20260707?,They want to check if there were any issues in the basement after those rainstorms,"Based on the provided data tables, there is no record of a conversation between LiHua and Adam on 20260707. Their discussions regarding the basement instead occur on other dates, focusing on practical matters like maintenance, installations, and rental arrangements.For instance, in earlier and later interactions throughout 2026, they discuss topics such as adding decorations or sound-insulating pads, picking up basement keys, installing an air-conditioner due to the summer heat, and checking up on the space after a storm to ensure there was no water leakage. However, specific details for a conversation on July 7, 2026, are entirely absent from the source logs."
Why is Jennifer checking in in the gym group chat on 20260708?,She wants to hear how the members are all doing and offer some personalized advice.,"Based on the provided data, there is no mention of Jennifer checking in or sending any messages in the fitness discussion group chat on the specific date of July 8, 2026 (20260708). While Jennifer Moore is an active fitness trainer and participant in the fitness group chat who frequently encourages Li Hua and others regarding workouts, pull-up records, and stretching routines, the specific logs provided do not contain any conversation or check-ins dated July 8, 2026. Therefore, the exact reason for a check-in on that specific day cannot be answered using the available records."
What is the article that Chae shares with LiHua about?,how to fall asleep faster at night,"Based on the provided conversations and data, Chae (specifically ChaeSong-hwa) does not share an article with LiHua. Instead, their discussions primarily revolve around personal catch-ups, musical jam sessions, community health, and professional updates.For instance, ChaeSong-hwa and LiHua discuss Chae's work in medical research and the breakthrough her team made with their research study and model testing. They also coordinate frequently for musical jam sessions and upcoming karaoke nights where they plan to sing classics and pop hits. Additionally, Chae invites LiHua to a community medical knowledge lecture that she is hosting, which focuses on basic health tips, common health issues, and medical myths rather than sharing a specific external article."
What is LiHua's feeback on Hailey's new artisanal donuts?,The flavors are so unique and delicious,"Based on the provided information, there is no mention of Hailey baking new artisanal donuts, nor is there any feedback from LiHua regarding such an item. While Hailey Johnson and LiHua frequently discuss baked goods and new recipes, their conversations primarily revolve around items such as artisanal sourdough, honey oat bread, rosemary focaccia, gluten-free bread, high-protein bread, chocolate chip brioche, raspberry tart, and chocolate pineapple pie. Therefore, I cannot provide any details about LiHua's feedback on new artisanal donuts, as supporting evidence for them is not provided in the data."
What new flavor is LiHua looking for as he mentions to Hailey in their conversation on 20260714?,a matcha flavor,"On July 12, 2026 (referenced as the conversation on 20260714 in the chat logs), Hailey Johnson and Li Hua discussed their thoughts on newly developed artisanal donuts. During this lively exchange about unique flavors and customer feedback, Hailey asked Li Hua if she should add any new options to her current lineup. In response, Li Hua suggested introducing a seasonal fruit flavor, specifically mentioning options like raspberry or lemon to provide a refreshing twist. This creative idea was warmly received by Hailey, who agreed to experiment with seasonal fruit flavors moving forward."
Which performance does Chae want the band members to check out in their discussion on 20260715?,"the amazing live performance of ""Bohemian Rhapsody"" by Queen","Based on the provided data and records of the music group's discussions, there is no mention of a conversation or a performance review taking place specifically on the date of **20260715**. However, looking closely at the communication timeline around that period, the band members—including LiHua, Wolfgang Schulz, YurikoYamamoto, and ChaeSong-hwa (often referred to simply as Chae)—frequently discuss past performances, upcoming jam sessions, and share articles or musical ideas. For instance, in a conversation from July 2026 (such as the one on July 17, 2026), LiHua praises Chae's vocal performance from ""last Sunday,"" noting her impressive higher pitches, and Chae expresses excitement for upcoming rehearsals while suggesting classic rock tracks like Fleetwood Mac or The Beatles. Because the provided dataset does not contain any chat logs or entries corresponding directly to the date 20260715, it is not possible to identify a specific performance mentioned on that exact day."
Why is LiHua praising Chae in their conversation on 20260717?,LiHua was really amazed by Chae's performance in the band last Sunday because Chae's singing has really leveled up,"LiHua is praising Chae for her hard work and dedication, specifically regarding a major breakthrough in her research study. After facing a period of stress and feeling stuck in her research, Chae's team successfully gathered enough data and was ready to test their model. This accomplishment inspired LiHua, prompting both friends to celebrate their hard work with upcoming plans for a jam session and snacks.In addition to academic and professional achievements, LiHua often shares vibrant social and wellness interactions with friends. These include discussing music and classic rock bands like Fleetwood Mac, planning weekend soccer match watch parties with pizza, and exchanging fitness routines and hydration tips to maintain high energy levels during workouts."
What cool thing does Wolfgang find that he wants to share with LiHua?,this awesome guitar Wolfgang found online,"Wolfgang Schulz has a few exciting things he wants to share with LiHua throughout their conversations, ranging from personal milestones to travel memories. ### Celebrating Success and Fun EventsBeyond his adventures abroad, Wolfgang eagerly shares important personal milestones with his friends. For instance, he reaches out to LiHua to celebrate a major promotion, inviting him out to dinner at Venedia Grancaffe to mark the occasion over a meal featuring risotto and pizza. Additionally, he shares the excitement of making significant progress on his software project after receiving encouragement during difficult times.### Photos from Hong KongWhen it comes to physical items and media, Wolfgang specifically mentions wanting to share **awesome pictures he took in Hong Kong**. During a trip to the vibrant city—where he checks out Victoria Peak, visits Mong Kok for street food and egg waffles, and takes in the stunning night views—he snaps a ton of photographs and souvenirs. Upon returning home, he arranges to meet up with LiHua at 7 PM to grab some food and show off these stunning shots from his travels."
What tips on balancing work and personal hobbies does LiHua give to Chae?,try setting specific hours for work and separate times for your hobbies and don't forget to schedule some fun time for yourself,"Based on the provided data, LiHua shares several experiences regarding the juggling act of managing professional work, fitness routines, freelance commitments, and personal hobbies like music and jam sessions. However, the specific details regarding advice directly given by LiHua to Chae about balancing work and personal hobbies are not present in the provided sources. While LiHua frequently discusses juggling work, the gym, gardening projects, and Sunday jam sessions with various friends (such as Jennifer Moore, Wolfgang Schulz, and YurikoYamamoto)—and even mentions sharing tips on managing work-life balance during a Freelancer Group Meeting with Yuriko—the transcripts detailing LiHua's direct conversations with Chae focus primarily on musical collaborations, upcoming jam sessions, sharing snacks, and celebrating research breakthroughs rather than formal tips on balancing work and personal life. Therefore, based strictly on the provided data, I don't know the answer to what specific tips LiHua gave to Chae regarding this balance."
What is the size of the basement?,The basement is approximately 15 feet by 20 feet,"Sorry, I'm not able to provide an answer to that question."
What is Wolfgang's favorite superhero?,Iron Man,"Wolfgang Schulz is a big fan of superheroes, enjoying their action-packed stories and compelling character arcs. When discussing the subject with his friend Li Hua, Wolfgang shared his thoughts on the genre and revealed his personal favorite. While Li Hua expressed a strong preference for Spider-Man, citing his web-slinging action and relatable story, Wolfgang admitted that he also has a great appreciation for Spider-Man. However, when it came down to his absolute top choice, Wolfgang stated that he has a soft spot for Iron Man, specifically praising the character's cool tech, witty personality, and compelling evolution from a self-centered genius into a self-sacrificing hero."
What is LiHua's favorite superhero?,Spider-Man,"LiHua is a huge fan of superheroes, and when discussing favorite heroes in a conversation with Wolfgang Schulz, LiHua mentions a specific preference. According to the data tables, Spider-Man is LiHua's favorite superhero, specifically highlighting a love for the character's story and all the web-slinging action. While LiHua thoroughly enjoys Spider-Man, the discussion also touches on other iconic heroes like Iron Man—whom Wolfgang Schulz favors for his tech, personality, and incredible character growth from a self-centered genius into a self-sacrificing hero—and how deeply these cinematic universes dive into character struggles and evolution."
What sports would LiHua like to see on the community sports day?,some team sports like soccer or basketball,"LiHua and her neighbors in the community have been excitedly discussing the upcoming community sports day, sharing various ideas to make the event memorable and engaging for everyone involved. When the topic of activities arose, LiHua expressed a particular enthusiasm for team sports. Specifically, LiHua mentioned that she would love to see team sports like soccer or basketball included in the lineup. She noted that such sports are fantastic for getting everyone pumped up and engaged. Additionally, she suggested that it would be wonderful to incorporate some fun games specifically designed for the kids to enjoy. Alongside LiHua's suggestions, other community members contributed their own ideas, such as tug-of-war, sack races, and refreshments to keep participants energized throughout the day's events."
What activities are being discussed for the community sports day?,Soccer and basketball and tug-of-war and sack race are mentioned as potential activities for the community sports day,"Community members are eagerly preparing for an upcoming sports day event, which serves as a wonderful occasion to bring neighbors together and celebrate the newly renovated garden space. To ensure the day is memorable, engaging, and runs smoothly, the community has brainstormed a diverse schedule of activities tailored for participants of all ages. For team sports and active competitions, participants like LiHua have suggested organizing traditional group games such as soccer and basketball to get everyone energized and promote a healthy spirit of friendly competition. In addition to these team sports, family-friendly activities have been a major focus of the planning. Suggestions from Thrall and other community members include classic field day events like tug-of-war and sack races, which are always hits among families and children. Recognizing the need to balance high-energy sports with moments of relaxation, the community also plans to incorporate structured schedules and dedicated downtime. This ensures that attendees can enjoy the new garden benches, mingle, and take well-deserved breaks. To keep everyone fueled throughout the event, RexxarRemar and MuradinBronzebeard have recommended providing plenty of refreshments, including snacks and drinks. Finally, to enhance the festive atmosphere of the sports day, RexxarRemar proposed adding colorful decorations such as banners and flags, with TirionFordring and ArthasMenethil suggesting that the kids can even get involved by crafting some of the decorations beforehand."
What new hobbies does Wolfgang Schulz propose to Li Hua?,Wolfgang Schulz proposes pottery or painting as a hobby to Li Hua,"Based on the provided data, Wolfgang Schulz proposes focusing more on his drumming and getting back into it as they approach the new year. He expresses a desire to tighten up his drumming skills to make their band's jam sessions even better.Additionally, Wolfgang and Li Hua discuss and plan to mix soccer with their music, expressing excitement about combining the two hobbies, with Wolfgang looking forward to practicing his kicks and participating in a potential soccer game with the band."
What brands of air-conditioners does LiHua recommend to Wolfgang?,Mitsubishi and Daikin,"Based on the provided data, LiHua actually does not recommend any air-conditioner brands to Wolfgang. Instead, the recommendations for energy-efficient and quiet inverter air-conditioner brands—specifically mentioning Mitsubishi and Daikin, along with a SEER rating of 16 or higher—were made by LiHua to **Adam Smith** in a separate conversation regarding an AC unit for the basement. The interactions between LiHua and Wolfgang primarily revolve around other topics, such as music jam sessions, food, superhero movies, and photography tips for Hong Kong."
Who is recommended by Jennifer to share some fitness tips in the gym group chat on 20260730?,LiHua,"On July 30, 2026 (timestamp 20260730_17:30), Jennifer Moore engaged in a conversation within the fitness discussion group to celebrate a great gym session and encourage consistent hard work. During this interaction, Jennifer specifically recommended **Li Hua** to share some of her favorite fitness tips with the rest of the group, noting that everyone would love to hear them. This suggestion was immediately met with enthusiasm from other members like Raze and Sova, who also expressed interest in learning what has been working best for Li Hua's workout routine."
What does Hailey Johnson want Li Hua to help with at the bakery according to their discussion on 20260731?,Hailey Johnson wants Li Hua to help gather feedback from customers at the bread-tasting event,"Based on the discussion between Hailey Johnson and Li Hua on July 31, 2026, Hailey is planning a special bread-tasting event at the bakery and needs assistance with gathering feedback from customers. Specifically, Hailey asks Li Hua to chat with the customers, collect their thoughts on the various breads being presented, and jot down their favorites. LiHua happily agrees to help out, mentioning that she will bring along a notepad to make sure everything runs smoothly and efficiently during the event."
What day do Li Hua and Wolfgang Schulz plan to visit the photography exhibition?,Li Hua and Wolfgang Schulz plan to visit the photography exhibition on Friday evening,"Li Hua and Wolfgang Schulz plan to visit the photography exhibition on a Friday evening. According to their initial plans discussed on August 1, 2026, Li Hua suggested going on a Friday evening because it would be less crowded, and Wolfgang Schulz agreed that the time worked well for him. Li Hua then planned to purchase the tickets in advance.Later, on August 5, 2026, they confirmed the final logistics for their outing. They decided to meet up at 6:00 PM to grab a bite at a new burger place first before heading over to the exhibition at 7:00 PM that same evening. After attending the event, they successfully returned from the exhibition later that night and reminisced about the impressive football stadium photos they saw, particularly highlighting the exhibits featuring Barcelona and Wembley."
When is Wolfgang and LiHua going to the photography exhibition on 20260805?,19:00,"LiHua and Wolfgang Schulz planned to attend the photography exhibition at **19:00** (7:00 PM) on the evening of August 5, 2026. Before heading to the main event, the pair agreed to meet up earlier in the evening at **18:00** (6:00 PM) to grab a bite to eat together at a new local burger place, where they were looking forward to trying out the food and fries."
What new components are being added to the garden project as Turalyon announces it on 20260806?,incorporating sustainable practices like recycling and composting into our renovation project,"Based on the provided data and records of the community garden project, Turalyon actually discusses the garden project and its various components across multiple updates spanning from the spring through the winter of 2026. While the specific date mentioned in your prompt falls during a period when the community was actively planning and implementing various upgrades, we can review the comprehensive list of features, amenities, and components that were introduced and installed during the garden's transformation.### Seating and Relaxation AreasTo make the space more inviting and comfortable for residents to gather, relax, and enjoy the greenery, several seating components were added. This included the installation of new benches, which were officially reported as installed by Turalyon in June 2026, alongside plans for cozy reading spots and picnic areas equipped with tables for family gatherings and snacks.### Children's Play Area and EquipmentA major focus of the community project was creating a family-friendly environment. The community successfully planned and completed a dedicated children's play area. This section featured various components such as swings, slides, climbing structures, and interactive games designed to engage kids of all ages. ### Landscaping, Flora, and Environmental FeaturesTo enhance the overall vibe and beauty of the garden, a wide variety of plants and flowers were selected and purchased, including specific blooms like Bluebells, Camellias, and Tulips, as well as lavender and coneflowers to attract local pollinators like butterflies and bees. Additionally, the plans incorporated berry bushes, shade trees, and a small herb section featuring basil, mint, and rosemary for residents to use. Eco-friendly solar-powered fairy lights and sustainable native plants were also integrated to maintain the space easily while creating a magical ambiance at night."
Why is Yuriko asking for LiHua's help on 20260807?,She has got ten logo designs for my speech therapy studio and she would love LiHua's opinion on which one stands out the most,"Based on the provided data records and communication logs, there is actually no mention of Yuriko asking LiHua for help on August 7, 2026 (20260807). The available logs involving Yuriko Yamamoto and Li Hua cover other dates—such as March 3, 2026, June 17, 2026, and October 30, 2026—where they discuss topics like website homepage updates, local music festival band practices, and speech therapy techniques. Because the supporting evidence for a conversation or request on August 7, 2026, is not provided in the data tables, it is not possible to explain why Yuriko might have asked for help on that specific date."
When is the installation of the air-conditioner for the basement?,It's set for Wednesday next week,"The installation of the air-conditioner for the basement is scheduled for **Wednesday** (specifically August 12, 2026), with the contractor team arriving at **6 PM** that evening. Adam Smith and Li Hua coordinated the details for this upgrade earlier in August 2026. Initially, Adam reached out on August 3 to let Li Hua know that he had finalized the contractor details and was just waiting to align schedules. Li Hua mentioned usually working at The Lighthouse Cafe during the day and suggested an afternoon appointment. By August 9, Adam checked in to confirm that the installation was officially set for Wednesday of the following week, ensuring Li Hua had no special requests. Finally, on August 12 at 11:00 AM, Adam sent a reminder about the 6 PM arrival time, which Li Hua confirmed, ensuring everything was set for the basement's new wall-mounted inverter unit."
Why does Adam reach out to LiHua on 20260810?,To check if LiHua had a chance to look over the warranty and maintenance plans for the air conditioner,"Based on the data provided in the input tables, there is no record of Adam reaching out to LiHua on 20260810. The available correspondence between Adam Smith and Li Hua covers various other dates and topics—such as neighborhood potluck dinners, building maintenance, and rent payments—but nothing is recorded for that specific date. Therefore, I don't know the answer.***While Adam and Li Hua communicate frequently about apartment management and community events, the specific date of August 10, 2026, lacks any logged interactions in the provided sources."
What tips does Jennifer give to LiHua about preventing muscle soreness after a tough workout?,make sure to warm up properly before workouts and cool down afterward & Stretching & Stay hydrated and consider foam rolling post-session to help with recovery,"Jennifer Moore provides several helpful tips and reminders to LiHua and the group regarding fitness progress, recovery, and overall wellness. While various members of the community discuss methods like foam rolling, stretching, and hydration to manage physical fatigue, Jennifer emphasizes the foundational importance of incorporating proper stretching routines into a fitness regimen. Specifically, Jennifer highlights that stretching is crucial not only for building flexibility but also for effective injury prevention. She recommends utilizing dynamic stretches prior to a workout to adequately warm up the muscles, while suggesting that static stretches are best reserved for after exercising to help cool down the body properly. Furthermore, she stresses the importance of listening to the body and maintaining consistency by holding each stretch for at least 15 to 30 seconds to truly reap the long-term benefits."
When is the contractor team going to install the air-conditioner?,20260812 6PM,"The contractor team is scheduled to install the air conditioner in the basement at 6:00 PM on Wednesday next week. Preparations for this event have been coordinated in advance, including discussions about the basement's dimensions and the preference for an energy-efficient, quiet, wall-mounted split-type air conditioner.In the weeks leading up to the installation, communications between Adam Smith and Li Hua finalized the logistics and the team's availability, ensuring the work fits smoothly into the schedule."
When is the garage sale being discussed?,20260814_15:00,"The community garage sale is a major topic of discussion among neighbors, highlighting community engagement, decluttering, and upcoming events. Based on the provided records, the garage sale discussions and preparations are primarily taking place around **August 14, 2026** (specifically marked with timestamps such as `20260814_15:00`). During these conversations, community members like TirionFordring, LiHua, RexxarRemar, and ChaeSong-hwa coordinate their efforts, discuss bringing items to sell or trade, and plan fun additions—such as snack and drink stations—to foster community spirit while concurrently managing ongoing neighborhood projects like the local garden renovations."
What is the reason Thrall cannot participate in the garage sale?,Thrall has a lot happening with the garden renovations,"Based on the community chat discussions regarding the upcoming garage sale and garden renovations, Thrall explains why he has to sit the event out. While many neighbors are excited to clear out unneeded items, catch up, and set up snack stations, Thrall mentions that he has a lot happening with his garden renovations right now, which is why he cannot participate in the garage sale."
What does RexxarRemar suggest to make the garage sale more enjoyable?,RexxarRemar suggests having snacks or drinks at the garage sale,"RexxarRemar suggested several fun and engaging ideas to make the community garage sale more enjoyable for everyone involved. Recognizing the importance of a welcoming atmosphere and keeping people energized, they brought forward creative additions to enhance the event.One of RexxarRemar's key suggestions was to set up a snack station with quick bites and refreshing drinks. They pointed out that having simple food and beverages readily available encourages attendees to linger, chat, and comfortably browse through the items on offer. Additionally, RexxarRemar suggested incorporating decorations to spruce up the space and brighten the overall atmosphere, making the venue feel more festive and inviting."
Who offers to help with setting up for the garage sale?,AdamSmith,"Based on the community discussions regarding the upcoming garage sale event, **AdamSmith** is the individual who steps up to offer assistance with the event preparations. When the community members are excitedly brainstorming and planning ways to declutter, connect with neighbors, and set up snack stations, AdamSmith kindly mentions that if anyone needs a hand with setting up for the garage sale, they should just let him know and he will be happy to help.This generous offer is warmly received by TirionFordring, who acknowledges that many folks in the neighborhood certainly appreciate the gesture as everyone works together to support each other and build community spirit alongside ongoing garden renovation projects."
What type of stretches does Sage prefer before hitting the gym?,Sage prefers dynamic stretches,"Sage prefers incorporating dynamic stretches into her routine before hitting the gym to help improve her range of motion and wake up her muscles. Specifically, she enjoys doing exercises like leg swings and torso twists. Additionally, Sage incorporates targeted stretches for muscle activation and recovery. She is a fan of clamshells and monster walks to activate her glutes, as well as the cobra stretch and child's pose to relieve upper back and shoulder tension."
What does JenniferMoore suggest to improve performance and prevent injuries?,JenniferMoore suggests incorporating stretching techniques,"JenniferMoore provides several key recommendations and suggestions across various interactions to help improve athletic performance and prevent injuries. Her guidance covers strength training, recovery, and preparation, emphasizing consistency and proper technique.To enhance overall physical performance, JenniferMoore advocates for progressive overload—gradually increasing weight during exercises like the bench press—to continually challenge the body and build strength. She also suggests incorporating resistance training specifically to boost strength gains. Furthermore, she recognizes the importance of versatility in training, noting that engaging in group outdoor activities, such as exploring beginner-friendly hiking trails or practicing soccer drills, helps maintain high energy levels and builds cardiovascular stamina.When it comes to injury prevention and recovery, JenniferMoore places a strong emphasis on foundational health habits. She consistently reminds participants to stay properly hydrated and ensure adequate rest following intense workouts to allow muscle recovery. Additionally, she supports structured warm-ups, such as stretching before physical exertion, which is vital for keeping muscles flexible and avoiding strains during active sessions."
What does Viper plan to do to increase their stamina?,Viper plans to focus on cardio,"Based on the provided data, Viper does not explicitly state a specific plan to increase their *stamina*. However, the discussions within the group highlight several fitness strategies, routines, and training approaches that Viper and other members engage with to improve their overall physical conditioning, endurance, and strength.Viper actively participates in conversations about workout variety and recovery. For instance, Viper mentions adding weight training to their routine and expresses curiosity about its effects on overall energy levels, noting that lifting weights boosts workout energy. Additionally, Viper explores dynamic exercises to mix up their training, such as trying sumo squats to target different areas and add excitement to their routine. When discussing progression and safety, Viper suggests that gradually increasing weight—such as adding about 5% more each week—alongside prioritizing form is the best way to progress safely and avoid injuries. Furthermore, for post-workout recovery, Viper favors a mix of static stretches and foam rolling to ease muscle tension, prevent soreness, and keep muscles loose so they can continue hitting the gym hard."
What does Sova plan to do to keep their cardio interesting?,Sova plans to mix it up with different types of cardio exercises,"Based on the provided data, Sova does not specifically discuss planning to keep their own cardio interesting. However, throughout the group's fitness discussions, Sova is an active participant in sharing workout routines, exploring new ideas like yoga and breathing techniques, and organizing group trail runs to motivate each other and discover new paths. When it comes to the specific topic of cardio endurance and variety, it is actually Viper who suggests that incorporating interval training is a great way to build endurance without overstressing the body and keeping things interesting. Sova heavily supports the group's collaborative approach to fitness, noting that having a supportive group and sharing strategies makes challenging workouts much more manageable."
How much discount is Hailey willing to give to LiHua according to their conversation on 20260816?,15% off,"Based on the provided conversation records, there is no mention of a conversation between Hailey and LiHua on **20260816** (August 16, 2026). The data tables contain no logs or transcripts for that specific date. However, looking at the surrounding context, Hailey does offer discounts during other occasions. For instance, on Mother's Day weekend (May 2026), Hailey offered a 15% discount on all pastries and special cakes. Beyond that, the provided conversations primarily focus on bread deliveries, bakery anniversary events, fitness progress, and social chats about television shows and football. Because supporting evidence for a conversation on August 16, 2026, is not provided in the data, it is not possible to determine if Hailey offered LiHua a discount on that day."
Who does Li Hua mention as their favorite character from The Witcher 3?,Geralt,"Li Hua has shared a variety of gaming preferences and pop culture interests across multiple discussions, frequently diving deep into character dynamics, immersive worlds, and memorable storylines. When the topic turns to the critically acclaimed RPG *The Witcher 3*, Li Hua specifically singles out one iconic witcher as their top pick from the cast of characters.According to the provided chat logs, Li Hua mentions **Geralt** as their favorite character from *The Witcher 3*. In a conversation with Thane Chambers, Li Hua expresses a strong appreciation for Geralt's complex nature, noting his no-nonsense attitude, hidden moral depth, and epic monster-slaying skills."
Why does LiHua like Geralt from The Witcher 3?,He's such a complex character with that no-nonsense attitude but deep down he has a great sense of morality & his monster-slaying skills are just epic,"Based on the provided group chat discussions among fans, LiHua expresses a strong appreciation for **Geralt of Rivia** as a favorite character in *The Witcher 3: Wild Hunt*. LiHua highlights Geralt's complex personality, pointing out his signature no-nonsense attitude paired with a deep, underlying sense of morality. Beyond his character traits, LiHua also praises Geralt's combat prowess, specifically describing his monster-slaying skills as ""epic."" Additionally, the discussions touch upon how players naturally form a deep emotional connection to the narrative and characters throughout Geralt's journey, making him a memorable and compelling protagonist."
What is Li Hua's opinion about Yennefer's character?,Intense & fiercely independent & her relationship with Geralt evolves,"Li Hua views Yennefer from *The Witcher 3* as a standout, intense, and fiercely independent character. During group discussions, Li Hua has shared a deep appreciation for how Yennefer's relationship with Geralt evolves over the course of the game, noting that their powerful chemistry creates truly memorable moments. Furthermore, Li Hua has highlighted specific milestones in the game to emphasize the emotional weight of their story, such as the intense ""Battle of Kaer Morhen,"" where the coming together of characters against a common enemy brought out profound stakes for both Geralt and Yennefer."
Which scene stood out for Li Hua in The Witcher 3?,"The ""Battle of Kaer Morhen""","Based on the group chat discussions, Li Hua highlighted the ""Battle of Kaer Morhen"" as a standout scene in *The Witcher 3*. For Li Hua, seeing all the characters come together against a common enemy during this sequence was super intense. The emotional stakes involved—particularly for Geralt and Yennefer—made the moment even more powerful and unforgettable."
Which scene in The Witcher 3 does ThaneChambers consider as one of his favorites involving Yennefer?,The scene when Geralt is looking for Yennefer in the early part of the game,"The open-world masterpiece *The Witcher 3* has captured the attention of many gamers in the fan community, particularly due to its rich narrative, immersive atmospheres, and complex characters like Yennefer and Geralt. Yennefer is widely celebrated for her intense, fiercely independent personality and her intricate history with Geralt, which collectively add significant emotional depth to the overall gaming experience. When discussing memorable moments featuring this compelling sorceress in *The Witcher 3*, group participant ThaneChambers highlights a very specific and early encounter. ThaneChambers points to the segment of the game where Geralt is actively searching for Yennefer during the early part of the narrative. According to ThaneChambers, the brilliance of this particular sequence lies in how the game seamlessly intertwines the past and present of the characters. This artistic choice effectively sets the stage for their complex, evolving relationship and leaves a lasting impression on players who appreciate deep, character-driven storytelling."
What is Li Hua's impression of the Blood and Wine expansion?,Incredible & new area is stunning & story feels like a mini-epic,"Li Hua's impression of the *Blood and Wine* expansion for *The Witcher 3* is overwhelmingly positive and enthusiastic. Having recently started the expansion, Li Hua finds the new area of Toussaint to be absolutely incredible, describing the setting as stunning and noting that the story feels like a ""mini-epic"" in its own right. Furthermore, Li Hua appreciates the unique and memorable characters encountered throughout the journey, and thoroughly enjoys the vibrant wine-themed atmosphere that permeates the region. Overall, the combination of the beautiful surroundings and engaging storytelling leaves Li Hua excited to see where the narrative leads next."
What is Li Hua's opinion on the characters in Succession?,Intense family dynamics and business war,"Based on the provided group chat conversations, Li Hua's perspective on the TV series *Succession* and its characters develops as she engages with other fans. Initially, Li Hua mentions in a chat with Emily Burnett that she has not yet watched *Succession* herself, though she has heard great things about it and notes that the family drama sounds intense. However, as other members of the group dive deep into discussions regarding the complex motivations of characters like Kendall Roy—whose struggles for power, childhood rivalry with Logan, and cycle of self-destruction are heavily debated—Li Hua actively participates in analyzing the dynamics. She appreciates the intensity of Kendall's journey and questions what his ultimate goal might be, whether it is purely to take over or to find his own identity. Furthermore, when the group speculates about alternative leadership scenarios and character approaches in similar intense settings, Li Hua chimes in on specific dynamics. For instance, when discussing leadership styles and surprising choices, she notes that a character like Drummer would bring a fierce, intuitive edge that could foster more unity within a crew, showcasing her appreciation for nuanced leadership traits and strategic approaches in complex television narratives."
What TV show does EmilyBurnett recommend to Li Hua after discussing Succession?,The Crown and Ted Lasso,"After discussing the intricate family dynamics and boardroom battles of the HBO drama series *Succession*, EmilyBurnett and LiHua engage in a lively conversation sharing thoughts on various television shows. During this exchange, EmilyBurnett offers several notable recommendations to LiHua based on her viewing preferences. First, for those interested in historical drama and exceptional character depth, EmilyBurnett suggests checking out *The Crown*. She highlights its compelling storytelling and ability to bring historical events and figures to life with nuance. Additionally, for a much lighter and more comedic viewing experience, EmilyBurnett enthusiastically recommends *Ted Lasso*, praising its humor and heartwarming tone. These diverse suggestions provide LiHua with great options to explore depending on her mood for either deep historical drama or lighthearted comedy."
When does Li Hua plan to meet JakeWatson for soccer practice?,Saturday afternoon at 3 PM,"Li Hua has planned multiple soccer practice sessions and meetups with Jake Watson and friends, coordinating schedules to work on skills, tactics, and enjoy the game together. ### Weekend Training SessionsAccording to the messages from early September 2026, Li Hua and Jake Watson organized a weekend practice session. After discussing drills for shooting and tactics, they agreed to meet at the park on **Saturday at 10:00 AM**. In addition to weekend morning drills, Li Hua participates in broader group training sessions and watch parties organized with Jake and other peers. For example, various chat logs highlight upcoming weekend practices scheduled for Saturday afternoons (such as at 2:00 PM or 3:00 PM) where the group focuses on passing, dribbling, shooting, and defensive drills, often followed by sharing pizza or snacks."
What are some of the upcoming PS5 exclusives discussed?,Final Fantasy XVI & Marvel's Spider-Man 2 & Ghostwire: Tokyo,"When diving into community discussions among passionate gamers like LiHua and ThaneChambers in the PS5 Game Enthusiasts group, the conversation frequently turns to the most anticipated software on the horizon. Members often share their excitement for upcoming PS5 exclusives, highlighting titles that promise to push the boundaries of visual fidelity, gameplay mechanics, and immersive storytelling. Among the standout titles frequently discussed is **Final Fantasy XVI**. Group members like Dyllan and Ileana have expressed high levels of hype, particularly noting rumors and trailers highlighting a much darker, mature storyline compared to past entries in the series. Alongside the narrative depth, players are intrigued by how the game transitions toward a more action-oriented combat system, merging real-time action with traditional RPG elements and massive summon battles.Another major title capturing the community's attention is **Marvel’s Spider-Man 2**. Aisling and other members have eagerly anticipated the chance to swing through the bustling city as both Peter Parker and Miles Morales. The promise of exploring new locations, encountering fresh threats, and experiencing refined gameplay mechanics has made it a top-tier pick for anyone looking to make the most of Sony's current-gen hardware.Additionally, games like **Ghostwire: Tokyo** have sparked immense curiosity due to their unique blend of supernatural elements, Japanese folklore, and urban exploration. Players like Gavriel and Jareth have praised its distinct atmosphere, noting how the combination of horror, action-packed combat mechanics, and a living, breathing city sets it apart from typical releases. Together, these titles represent the peak of what gamers are hoping to experience on their consoles."
Which upcoming PS5 exclusive game does Gavriel express curiosity about?,Ghostwire: Tokyo,"Based on the provided chat transcripts, Gavriel expresses curiosity about the upcoming PlayStation 5 exclusive game **“Ghostwire: Tokyo”** (as seen in source 14). ### The Discussion on Ghostwire: TokyoDuring a conversation among the group regarding upcoming PS5 exclusives, Gavriel brings up the game to gauge everyone's thoughts, highlighting its intriguing mix of supernatural elements and Japanese folklore. Gavriel notes that the unique combat mechanics and atmospheric design look incredible, prompting the group to dive deeper into what players can expect from the urban exploration and supernatural themes. ### Why the Game Stands OutAs other participants like Jareth and LiHua chime in, the discussion emphasizes how *Ghostwire: Tokyo* breaks away from typical game pacing by blending horror, action, and urban exploration. The setting itself acts almost like a character, immersing players in a mysterious and visually stunning world where supernatural powers play a central role in both navigation and combat."
Which UCL match does Jasper recommend as a classic must-watch?,The 2005 final between Liverpool and AC Milan,"When discussing classic UEFA Champions League (UCL) matches with the group, Jasper enthusiastically recommends the legendary 2005 final between Liverpool and AC Milan. Recalling the intense drama of that unforgettable night, Jasper highlights the incredible momentum shift that saw Liverpool claw their way back from a 3-0 deficit at halftime. Their miraculous recovery culminated in a dramatic penalty shootout victory, cementing the match's status as an absolute must-watch in soccer history."
What skill does Li Hua plan to improve with WolfgangSchulz's help?,Data analysis and coding related to AI tools,"Li Hua and WolfgangSchulz share a close friendship that frequently intersects with their shared passion for music, community gatherings, and outdoor activities. Within their various discussions, Li Hua expresses a desire to refine several personal talents and hobbies, often coordinating with WolfgangSchulz to practice and grow.Specifically, when it comes to musical instruments, Li Hua plans to improve playing the guitar. While WolfgangSchulz focuses heavily on tightening up his drumming skills for their band's jam sessions and upcoming performances, Li Hua works on strumming and mastering various songs on the guitar, aiming to elevate overall musicianship alongside WolfgangSchulz's support and energetic collaboration."
Who shared a music theory tutorial with the group?,Chae Song-hwa,"Based on the provided data, ChaeSong-hwa is the member who shared a music theory tutorial with the group. On August 25, 2026, ChaeSong-hwa reached out to the band members—including LiHua, WolfgangSchulz, and YurikoYamamoto—mentioning a super cool music theory tutorial designed to help them take their musical skills to the next level. The group reacted with enthusiasm, expressing eagerness to check out the link, incorporate new knowledge into their upcoming songs and jam sessions, and ultimately elevate their overall sound as a team."
Which regions in Witcher 3 did Li Hua and Thane Chambers discuss?,Skellige and Toussaint,"In the various discussions held by the gaming community members, characters Li Hua and Thane Chambers shared their enthusiasm for *The Witcher 3*, diving deep into specific locations, expansions, and memorable gameplay settings featured within the massive open-world RPG. One of the primary regions highlighted in their conversations is the stunning and sun-drenched duchy of **Toussaint**. Li Hua mentioned starting the *Blood and Wine* expansion, praising the area's breathtaking visuals and unique wine-themed setting. Thane Chambers enthusiastically agreed, noting the gorgeous vibe of Toussaint and its top-notch storytelling. Additionally, the characters frequently referenced broader settings integral to the game's expansive map and narrative, such as **Novigrad** (associated with tense quests and emotional decision-making), **Skellige** (where players engage in challenging Gwent matches), and the grim swamplands of the **Ladies of the Wood**. Through these exchanges, Li Hua and Thane Chambers highlighted how *The Witcher 3*'s diverse environments significantly enrich the overall role-playing experience and narrative depth."
What is Kendall's relationship with Logan like according to the group's discussion?,Toxic,"Based on the group's discussions regarding the hit television series *Succession*, Kendall’s relationship with his father, Logan Roy, is characterized as profoundly toxic, complex, and defined by a relentless cycle of rivalry and a desperate need for validation. ### A Toxic Cycle and Power StruggleThe group chat participants delve deeply into the psychological weight of this father-son dynamic. Kendall is described as perpetually trying to prove himself not only to his powerful patriarch father, Logan, but also to the wider world. His struggle for power and his intense rivalry are deeply rooted in his childhood, driven by an ongoing need for Logan's approval. Members of the discussion note that even though their bond is thoroughly toxic and filled with betrayals, Kendall keeps returning to the dynamic in an endless, self-destructive loop of seeking validation. ### The Shadow of a PatriarchLogan's overwhelming shadow and legacy weigh heavily on Kendall's shoulders. While Kendall desperately craves power, the conversation highlights his simultaneous internal battle to carve out his own identity separate from Logan's influence. Ultimately, the group observes that Kendall remains trapped in this grueling game, struggling to break free from a father who acts as both his ultimate rival and the central figure he cannot seem to escape."
What is the topic of discussion between Li Hua and Wolfgang Schulz on burger preferences?,Medium rare vs. well-done meat patty in a classic American,"Based on the provided data, Li Hua and Wolfgang Schulz do not have a discussion about burger preferences. While they frequently discuss food, restaurants, and social outings—such as grabbing Thai food, hot pot, risotto, pizza, and drinks—their specific conversations regarding fast food and casual dining options involving burgers actually take place within a larger group chat involving other participants like JakeWatson, Evangeline, and Henley. In those group discussions, Li Hua suggests going for ""some pizza or burgers!"" because they are ""easy, tasty, and perfect for sharing!"" after a soccer practice session. However, a direct, one-on-one conversation solely between Li Hua and Wolfgang Schulz regarding burger preferences is not present in the provided records."
What is Li Hua's preference for a burger patty's doneness?,Medium rare,"Based on the provided data tables and communication logs involving Li Hua, there is no mention or information regarding Li Hua's preference for a burger patty's doneness. While Li Hua engages in numerous conversations about food—such as planning to eat burgers or pizza with friends after soccer practice, enjoying hot pot, Thai food, and discussing European cuisine—the specific topic of how well-done a burger patty should be cooked is never addressed. Therefore, I don't know the answer to this question, as supporting evidence for Li Hua's burger doneness preference is not provided in the input data."
What is Wolfgang's preference for a burger patty's doneness?,well-done,"Based on the provided data, there is no mention of Wolfgang's preference for a burger patty's doneness. While the text notes that Wolfgang and Li Hua plan to grab burgers at a new place before a photography exhibition, the specific details regarding how he likes his burger cooked are not discussed. If you don't know the answer, just say so. Do not make anything up."
Why does Wolfgang prefer a well-done meat patty in a burger?,It is safer and more flavorful & he likes a little char on his burger,"Based on the provided data, there is no mention of Wolfgang preferring a well-done meat patty in a burger. The available information indicates that Wolfgang enjoys good food, including recommending a new burger place located near the cinema for pre-movie food and mentioning that their fries are awesome. However, specific details regarding how he likes his meat cooked are not included in the records."
What toppings does Wolfgang Schulz prefer on his burger?,Cheese and bacon,"Based on the provided data, Wolfgang Schulz expresses a preference for specific burger-related items when he and Li Hua plan to grab a bite to eat before attending a photography exhibition. Specifically, Wolfgang suggests hitting a new burger place and mentions that he has heard their **fries** are awesome. However, the provided chat logs do not explicitly specify any particular burger toppings (such as cheese, lettuce, tomatoes, or sauces) that he prefers."
What books does Jennifer recommend to LiHua for deepening understanding of fitness nutrition?,"The New Rules of Lifting and ""Precision Nutrition""","Based on the provided data tables, there is no mention of Jennifer recommending specific books to LiHua for deepening her understanding of fitness nutrition. While Jennifer Moore frequently offers fitness guidance, dietary tips, and healthy food suggestions—such as lean meats, Greek yogurt pairings, and meal-prepping advice—she shares practical recipes and snack ideas rather than literary recommendations. If you are looking for external resources beyond the provided conversations, popular recommendations for fitness nutrition often include works like *The Renaissance Diet 2.0* by Dr. Mike Israetel or *Advanced Sports Nutrition* by Dan Benardot. However, within the scope of the provided chat logs, no specific book titles are mentioned or recommended by Jennifer."
Why are Wolfgang and LiHua going to the local music store?,check out some new gear and get inspired for our next jam session,"Wolfgang Schulz and LiHua are planning a trip to the local music store to check out some new gear and find fresh inspiration for their upcoming jam sessions and band activities. The idea first came up when Wolfgang suggested the visit to LiHua as a fun weekend activity, noting that it would be a great opportunity to get inspired for their music. LiHua enthusiastically agreed, eager to explore what cool gear they could discover together. As part of their preparations, they even planned to take notes on any interesting equipment they encountered to help improve their band's sound."
What is the main theme of game group's discussion on 20260901_13:00?,Dutch van der Linde's character and leadership,"Based on the provided data, there is no direct mention of a game group conversation or transcript occurring specifically on the timestamp ""20260901_13:00."" However, the records feature extensive discussions among gaming groups regarding various video game titles, mechanics, storytelling, and community activities. ### Gaming Narratives and Open-World MasterpiecesA recurring theme across the discussions within the gamer community is the emotional depth, character development, and immersive qualities of narrative-driven open-world games. Members frequently analyze titles like *The Witcher 3*, *Red Dead Redemption 2*, *The Last of Us*, and *Ghost of Tsushima*. They explore how well-designed non-player characters (NPCs), animal companions (such as horses in *Red Dead Redemption 2* and *Breath of the Wild*), and dynamic responses make game worlds feel genuinely alive and personal to the player.### Gameplay Mechanics, Strategy, and Future ReleasesAnother prominent focus of the game group conversations involves gameplay systems, tactical choices, and anticipated game features. Players often share their favorite first-person shooter experiences—such as *Call of Duty: Warzone* and *Call of Duty 4: Modern Warfare*—while debating tactical game elements, stealth mechanics, resource management, and cooperative (co-op) gameplay. Additionally, members frequently discuss game soundtracks, recognizing how musical scores elevate atmospheric tension, emotional storytelling, and overall player engagement."
Who is the most hateable character in Game of Thrones in Orion's opinion?,Ramsay Bolton,"In the vibrant discussions surrounding the hit HBO television series *Game of Thrones*, fans frequently dive deep into the complexities of the characters who inhabit the fictional continent of Westeros. From complex antiheroes to deeply reviled antagonists, the community often debates who truly deserves the title of the most hateable figure in the narrative. When the chat group specifically put this question to a vote, participants named several notorious villains, including the arrogant Joffrey Baratheon and the manipulative Cersei Lannister. However, according to participant Orion, the most hateable character is unequivocally Ramsay Bolton. Orion quickly dismissed other contenders during the poll, stating that Ramsay Bolton takes the crown due to his sadistic nature and twisted games. While acknowledging that other characters like Joffrey are certainly up there in terms of cruelty, Orion emphasized that Ramsay's horrific treatment of others and sadistic streak made his skin crawl every time he appeared on screen, cementing his status as the ultimate villain of the series."
Who is the most hateable character in Game of Thrones in Merrick's opinion?,Cersei Lannister,"In the discussions surrounding the acclaimed HBO fantasy series *Game of Thrones*, fans often reflect on the most polarizing and loathsome figures in Westeros. When the group chat engages in a playful poll to determine the ultimate villain, opinions fly regarding characters whose cruelty and manipulation drove viewers crazy. When it comes to Merrick's opinion, the title of most hateable character actually evolves into a shared sentiment. Initially, Merrick chimes in during the debate by pointing out that Cersei Lannister—with her arrogant and manipulative ways—is impossible to stand. However, as the voting wraps up and multiple despise-worthy contenders emerge, Merrick also acknowledges the pure evil and sadistic nature of Ramsay Bolton. Ultimately, after a tight race involving Joffrey Baratheon, Ramsay Bolton, and Cersei Lannister, Merrick joins Emily Burnett and the rest of the group in declaring a tie. In Merrick's view, all three of these infamous figures equally deserve the title of the most hateable character for their genuinely awful behavior throughout the series."
What is the common interest between Li Hua and Jake Watson?,Soccer,"Based on the provided data, Li Hua and Jake Watson share a deep passion for soccer. Throughout their conversations, they frequently discuss the sport, analyzing classic matches, historical moments, and legendary players in football history.Their soccer discussions cover a wide range of topics, including memorable UEFA Champions League (UCL) games—such as the historic matchups between Barcelona and Bayern Munich—as well as debates over the greatest midfielders of the past decade, where they discuss players like Luka Modrić, Kevin De Bruyne, and N'Golo Kanté. They also share a mutual appreciation for FC Barcelona defenders like Carles Puyol and Gerard Piqué, and legendary moments involving Lionel Messi. Beyond discussing historical games and player legacies, they also engage in practical soccer activities, organizing and participating in weekend practice sessions together to work on drills, shooting, and game tactics."
What kind of songs are Li Hua and Chae Song-hwa considering adding to their playlist for babies?,Lullabies,"Based on the provided conversation logs and data tables, there is actually no mention of Li Hua, Chae Song-hwa, or their band members discussing or considering songs for babies. Instead, their musical discussions and jam sessions with ""The Jolly Band""—which includes Li Hua, Chae Song-hwa, Wolfgang Schulz, and YurikoYamamoto—focus heavily on classic rock, pop hits, and festive tunes.### Musical Selections of ""The Jolly Band""Throughout their regular Sunday jam sessions and special gatherings, the members frequently brainstorm and practice a wide variety of well-known genres and specific tracks. Their repertoire spans multiple decades and styles:* **Classic Rock & Folk:** The group frequently revisits timeless staples such as Fleetwood Mac, The Beatles (""Hey Jude,"" ""Come Together,"" ""Blackbird,"" ""Here Comes the Sun,"" ""Let It Be""), songs by Steve Miller Band (""The Joker""), ""Hotel California,"" and ""Take Me Home, Country Roads."" * **Upbeat Pop & Karaoke Favorites:** For lighter events like karaoke nights or end-of-year celebrations, they incorporate energetic hits such as ""Sweet Home Alabama,"" ""Viva la Vida"" by Coldplay, and pop tracks like ""Shallow,"" ""Shake It Off,"" and ""Hymn for the Weekend.""* **Experimental Fusion:** They have also explored creative directions, such as brainstorming traditional Chinese musical elements (like incorporating the erhu or guzheng) into a pop-fusion piece.While the band members share a vibrant passion for discovering new music, game soundtracks, and organizing community events, adding a playlist specifically for babies is not something covered in their documented conversations."
What makes Wolfgang feel under a lot of pressure according to his conversation with LiHua on 20260905?,this new software project,"According to the conversation between Wolfgang Schulz and LiHua on September 8, 2026 (noted as 20260908 in the data records), Wolfgang shares that his software project has finally made significant progress, allowing him to push through the hard times. He expresses gratitude to LiHua for the encouragement provided during those difficult periods, which truly helped him manage the stress and keep going. While the provided logs for this specific date highlight his software project as the source of his recent struggles and ultimate relief, Wolfgang and LiHua's shared interactions frequently revolve around creative endeavors, collaborative music jams, and social outings, showcasing how a strong support system helps him navigate periods of intense workload and pressure."
Why does AdamSmith ask LiHua about the basement on 20260907?,check in and see how the basement held up after the storm,"Adam Smith checks in on Li Hua regarding the basement on September 7, 2026, primarily to see how the space fared following a recent storm. Specifically, he inquires whether there were any issues with water leakage, ensuring that the property remains in good condition and that the tenant is not facing any weather-related damages. Li Hua promptly reassures Adam that the basement held up very well, reporting no water leakage at all, save for a minor and manageable amount of dampness. This thoughtful check-in highlights a friendly and attentive landlord-tenant dynamic, with Adam also taking the opportunity to remind Li Hua that the space is available for storage if needed, further reinforcing their positive and supportive relationship."
How is the basement after the storm?,The basement is all good no water leakage at all,"Based on the provided data, there is no direct mention of the basement's condition following a storm. However, the records detail various activities, installations, and preparations related to the basement space by LiHua, Adam Smith, and the music group. The basement serves as a multi-use hub for the group, frequently utilized for guitar and music practice sessions, band rehearsals, and as a designated gathering spot before heading out to music festivals. To improve the space, LiHua and the group have planned and carried out several enhancements. Notably, Adam Smith coordinated with a contractor for the installation of an air-conditioner in the approximately 15-foot by 20-foot basement space, with the installation scheduled for August 12, 2026. Additionally, LiHua arranged for Adam Smith to help install a curtain on the basement window to boost privacy. While the records mention a severe storm and heavy rain in July 2026 that caused postponements for local garden renovations and pipe repair discussions, this weather event's specific impact on the basement is never addressed in the text."
What is the latest good news from Wolfgang as of 20260908?,software project finally made some significant progress,"As of September 8, 2026, Wolfgang Schulz shared some exciting and positive updates regarding his professional life. In a message to Li Hua, Wolfgang happily announced that his software project had finally made some significant progress, noting that all the pieces were coming together after navigating some hard times.This milestone not only brought relief to Wolfgang but also set a celebratory tone for their upcoming creative collaborations. With the software project looking much better, Wolfgang eagerly shifted his focus back to their shared music jam sessions, expressing his enthusiasm for getting back together with the band to play some music and vibe with everyone again."
What new songs are LiHua working on lately on his guitar as of 20260908?,"Blackbird and ""Hotel California""","As of September 8, 2026 (20260908), LiHua has been actively practicing and working on his guitar skills in anticipation of upcoming jam sessions with the band. Music plays a central role in LiHua's routine, often balancing these creative endeavors with gym sessions, work, and personal projects. Specifically, the records show that LiHua has been focusing his efforts on mastering the acoustic classic **""Blackbird""** and the iconic **""Hotel California.""** These selections fit well into the group's ongoing repertoire, which frequently features timeless rock and acoustic pieces.In addition to practicing these tracks individually to improve his strumming and overall playing, LiHua shares his musical journey with bandmates like Wolfgang Schulz, YurikoYamamoto, and ChaeSong-hwa. They regularly coordinate their setlists for Sunday jam sessions, incorporating fan-favorites and exploring new collaborative arrangements."
What mission does Gavriel mention that shows Arthur's growth in the game?,the scene where Arthur tells John to take care of his family,"Based on the discussions from the provided data regarding the game *Red Dead Redemption 2*, the character Gavriel does not explicitly name a specific mission title when discussing Arthur's growth, but rather focuses on key narrative moments and emotional beats that highlight his transformation. Instead of referencing a specific named mission, the dialogue captures broader themes and emotional interactions that define Arthur's journey. For instance, players and group members discuss how Arthur evolves from a rough outlaw into someone who genuinely cares for his loved ones, noting powerful scenes such as when Arthur tells John to take care of his family. Other participants in the discussions mention specific memorable events and side quests that showcase this empathy and character development—such as Arthur's interactions with townsfolk, helping a widow within the honor system, and a side quest involving a troubled horse where his compassion shines through."
What does Aisling find emotionally impactful about Red Dead Redemption 2's ending?,Arthur's realization of his fate and the music during the last ride,"Aisling found the ending of *Red Dead Redemption 2* to be a profound emotional rollercoaster. Specifically, she experienced heartbreak when Arthur realizes his ultimate fate and actively tries to make amends with John and his family before it is too late. The emotional weight of these final moments was further amplified by the musical score. Aisling noted that the music playing during Arthur's final ride was simply ""perfect,"" leaving a lasting, bittersweet impression long after the game's story wrapped up."
What side mission in Red Dead Redemption 2 resonated with Jareth?,the side mission with the widow in the honor system,"In the expansive and immersive world of *Red Dead Redemption 2*, various characters and players find different elements that resonate with them on a personal level. For the participant known in the discussions as Jareth, the side missions offered a profound way to deepen the overall experience and highlight the complex morality of the protagonist, Arthur Morgan. Specifically, Jareth has highlighted engaging with the honor system side missions—such as assisting townsfolk and interacting with characters like the widow—as particularly memorable. These smaller, acts of kindness and community support stood out because they helped showcase a softer, more empathetic side to Arthur’s character evolution, transitioning him from a rough outlaw into someone who genuinely cared about the people around him. Jareth noted that spending time on these meaningful interactions added remarkable depth to the world and made the overall journey feel all the more authentic and lived-in."
What was ThaneChambers' favorite horse-related side quest in Red Dead Redemption 2?,the “troubled” horse,"Based on the discussions provided, ThaneChambers never mentions a specific ""horse-related side quest"" by title in *Red Dead Redemption 2*. However, ThaneChambers does share some memorable, humorous horse-related experiences and general appreciation for the game's equestrian features.### Hilarious Horse MishapsThaneChambers humorously recounts a wacky horse story from their playthrough. During an attempt to fight off a bear in the wilderness, ThaneChambers accidentally scared their horse. The startled animal took off running and left ThaneChambers behind, resulting in an embarrassing and funny faceplant directly into the mud. ### Appreciation for Equine ConnectionsBeyond funny mishaps, ThaneChambers agrees with fellow players about the incredible depth of the game's animal bonding mechanics. They note that the strong connection built with horses—drawing comparisons to similar mechanics in *The Breath of the Wild*—adds genuine depth and a personal touch to the open-world adventure, making players truly care about their equine companions."
What funny glitch did Fionnuala experience in the game Red Dead Redemption 2?,Arthur ended up floating in mid-air after a cutscene,"In the immersive world of *Red Dead Redemption 2*, players often encounter unexpected and humorous moments, ranging from startled horses throwing their riders into the mud to bizarre physics engines acting up at the most inconvenient times. While navigating the vast landscapes and intense missions, the unexpected can happen.Specifically, Fionnuala experienced a particularly hilarious glitch during one of her missions. Instead of progressing normally through a cutscene or gameplay sequence, Arthur Morgan ended up completely stuck—floating entirely in mid-air. According to the account shared in the group discussions, Arthur just hung suspended in the air for a solid minute before finally dropping down as if nothing had happened. This bizarre physics mishap completely shattered the tension of the serious in-game moment, leaving Fionnuala and other players cracking up at the absurdity of the impromptu mid-air pause."
What was the final showdown that Elara found unforgettable in Red Dead Redemption 2?,with Dutch and Micah,"In the sprawling and emotionally resonant world of *Red Dead Redemption 2*, players encounter numerous unforgettable moments, from quiet nights around the campfire to high-stakes heists. However, when it comes to the dramatic conclusion of the narrative, Elara specifically highlights a monumental event that left a lasting impression. According to the discussions among players, Elara vividly remembers the final showdown with Dutch van der Linde and Micah Bell. This climactic encounter served as the boiling point for the game's central conflicts, bringing the tragic downfall of the Van der Linde gang full circle. The confrontation carried immense emotional weight, capturing the bitter reality of broken loyalties and the heartbreaking collapse of a makeshift family. As Elara notes, the high stakes and raw emotion of watching the gang's story reach its ultimate climax made this final showdown a truly unforgettable experience."
How does Bronwyn describe the epilogue of the game Red Dead Redemption 2?,captivating after seeing John try to make a life for himself,"When discussing the immersive narrative and lasting impact of *Red Dead Redemption 2*, Bronwyn shares glowing praise for how the game wraps up its sprawling story. Specifically, she describes the epilogue as ""so captivating,"" noting that watching John attempt to build a meaningful life for himself after everything Arthur goes through feels both hopeful and tragic. Furthermore, Bronwyn highlights the brilliant way the game handles its conclusion. She points out how it successfully ties up various loose ends while simultaneously maintaining a continuous air of melancholy, which ultimately elevates the overall gaming experience."
Has LiHua ever met anyone like Shedlon Cooper in his real life?,No,"When discussing popular television characters, it is hard to find someone as uniquely eccentric as Sheldon Cooper from *The Big Bang Theory*. Naturally, this sparked a fascinating conversation between LiHua and EmilyBurnett regarding whether such a distinct and quirky individual could ever truly be found in reality. LiHua posed this exact question to Emily, wondering if it is possible to cross paths with a group of friends as exceptionally accepting and welcoming to a ""nerd"" like Sheldon as the characters are on the show. Emily Burnett humorously responded that Sheldon’s friends are quite ""one-of-a-kind"" and noted that people in real life can sometimes be a bit more judgmental. However, Emily expressed optimism that finding the right circle would lead to a similarly accepting environment.Building on that thought, LiHua wholeheartedly agreed, emphasizing that everything comes down to finding the right vibe and shared compatibility in interests. While they did not point to a specific real-life counterpart of Sheldon Cooper whom LiHua has personally met, LiHua firmly believes that such supportive communities and wonderful groups exist out there, making genuine connections just as heartwarming as anything seen on television."
Has EmilyBurnett ever met anyone like Shedlon Cooper in her real life?,No,"When asked if she has ever met anyone in real life as quirky, brilliant, and eccentric as the iconic sitcom character Sheldon Cooper (known from *The Big Bang Theory*), Emily Burnett admitted that she hasn't encountered anyone quite like him. While she has met plenty of smart individuals, none possess that specific, one-of-a-kind level of eccentricity. Her group chat companion, Li Hua, agreed with this sentiment, noting that while they both meet interesting people from time to time, a true ""Sheldon"" is truly one of a kind."
What games are LiHua and ThaneChambers planning to check out during their shopping trip according to their discussion on 20260911?,"Spider-Man: Miles Morales and ""Demon's Souls""","Based on the discussion on September 11, 2026 (20260911), LiHua and ThaneChambers planned a shopping trip to check out killer discounts on PlayStation 5 (PS5) games at a local game store. During their conversation, LiHua specifically expressed interest in checking out *Spider-Man: Miles Morales*, while ThaneChambers recommended adding *Demon's Souls* to the list, describing it as challenging yet super rewarding."
Who is the best midfielder in the past decade in JakeWatson's opinion?,Luka Modrić,"In the ongoing discussions among football enthusiasts, JakeWatson shares his perspectives on some of the game's greatest talents. When the topic of the best midfielder in the past decade comes up, JakeWatson points to Luka Modrić as his top choice. According to JakeWatson, Modrić possesses vision and passing ability that are simply unreal. Furthermore, his exceptional performances on the international stage—such as helping Croatia reach the World Cup finals—cement his status at the very top of the game in recent years."
How many servings of vegetables should LiHua aim for each day to keep body in good shape according to Jennifer?,at least 5 servings of veggies a day,"Based on the provided data tables, there is no specific number or serving count of vegetables mentioned that LiHua should aim for each day. While JenniferMoore regularly discusses nutrition, meal planning, and recipes (such as incorporating mixed veggies into quinoas, stir-fries, and baked salmon dishes) with LiHua, she does not give a specific numerical quota or daily serving target for vegetables. Instead, Jennifer emphasizes general nutritional balance, advising LiHua to consume a good mix of protein, carbohydrates, and vegetables, watch portions to fuel workouts, and incorporate lean proteins and plenty of veggies into meal preps to stay on track with fitness goals."
What does LiHua ask Jake about soccer?,the best strategies for soccer players to avoid injuries during games,"LiHua engages in extensive soccer discussions with Jake Watson across multiple conversations, picking his brain on various legendary players, managers, and memorable matches throughout football history. As an experienced soccer fan, Jake is frequently asked for his expert opinions on the sport's greatest figures and defining moments.One of LiHua's key inquiries revolves around identifying the greatest players and positions in football history. LiHua asks Jake for his opinion on who the best midfielder has been over the past decade, prompting a discussion that touches on stars like Luka Modrić, Kevin De Bruyne, and N'Golo Kanté. In another conversation, LiHua seeks out Jake's perspective on who the best defender in the history of FC Barcelona has been, leading to a nostalgic look at club legends like Carles Puyol and Gerard Piqué. They also dive into the eternal ""GOAT"" debate, discussing the legacies of Lionel Messi and Cristiano Ronaldo.Beyond individual players, LiHua also asks Jake about classic matches and unforgettable rivalries. Knowing Jake's passion for the sport, LiHua shares enthusiasm for classic encounters, particularly those between Barcelona and Bayern Munich in the UEFA Champions League, as well as historic El Clásico clashes against Real Madrid. Through these chats, LiHua even gets help from Jake to understand specific rules of the game, such as clarifying the intricacies of the offside rule during one of their training discussions."
What is Jake's first tip for avoiding soccer injuries?,proper warm-up and stretching,"According to the provided group chat conversations among the friends, soccer enthusiast Jake Watson shares several important pieces of advice regarding preparation and health on the field. When it comes to avoiding injuries and keeping the body in top shape during intense matches and training sessions, Jake emphasizes the vital importance of physical preparation. Specifically, Jake's first major recommendation for avoiding soccer injuries—supported and echoed by his peers like Giselle and Aurora—is to ensure proper warm-ups and stretching before stepping onto the pitch. Along with stretching to stay agile and injury-free, Jake places a massive emphasis on hydration, frequently reminding the team to drink water before and during matches, and even suggesting electrolyte-packed drinks or coconut water to maintain energy levels and prevent cramping."
What does Jake suggest to improve flexibility and prevent muscle issues?,staying hydrated,"To improve flexibility and prevent muscle issues, fitness discussions often highlight a variety of warm-ups, stretches, and techniques shared by group members like Jake and his peers. While Jake specifically focuses on soccer strategies, formations, and tactical discussions—such as the benefits of the 4-3-3 or 4-2-3-1 formations, and analyzing iconic managers like Sir Alex Ferguson and Pep Guardiola—other members of the fitness community actively provide actionable routines to stay loose, prevent soreness, and build endurance.### Stretching and Warm-Up RoutinesTo combat stiffness and prepare the body for high-intensity workouts, group members emphasize a healthy mix of dynamic and static movements. Incorporating dynamic stretches like leg swings, torso twists, lunges, arm circles, and deep squats helps get the blood flowing and wakes up the muscles before lifting or running. Following these up with foam rolling and static stretches post-workout—particularly targeting the hamstrings, quads, glutes, calves, and back—ensures that tension is properly eased. Additionally, introducing yoga stretches on recovery days is widely praised for enhancing overall flexibility, relaxing the body, and relieving stress.### Enhancing Core Stability and FormAlongside stretching, maintaining proper form and core stability is crucial for injury prevention. Members recommend activating key muscle groups with exercises like bridges and clamshells prior to heavier lifts, such as squats. Utilizing breathing techniques—such as inhaling on the way down and exhaling on the way up during squats—helps keep the core engaged, ensures stability, and prevents dizziness. Recording workouts or utilizing tools like interval training and ladder drills can further refine technique, boost stamina, and make fitness routines both effective and engaging."
Why is wearing the right footwear important in soccer?,to avoid slips or sprains,"Wearing the right footwear is essential in soccer for several reasons, primarily concerning performance enhancement, agility, and injury prevention. While the provided data tables do not explicitly detail the biomechanical reasons for specific soccer boots, they extensively highlight the rigorous physical activities that players regularly undertake, such as intense practice sessions focusing on passing, shooting, and dribbling drills. During these frequent weekend soccer practices and demanding matches, players engage in sudden directional changes, sprinting, and powerful striking. Appropriate footwear—such as molded studs, turf shoes, or cleats—provides the necessary traction on natural grass or artificial turf. Without proper traction, players risk slipping during high-speed maneuvers, which can lead to pulled muscles, ligament strains, or severe joint injuries.Furthermore, proper athletic footwear ensures comfort and stability, allowing athletes to maintain peak physical form throughout rigorous training sessions. When players like Caspian, Aurora, and their friends meet up to refine their skills, having well-fitting shoes helps prevent blisters, foot fatigue, and discomfort, enabling them to focus entirely on their technique and teamwork."
How does strength training help prevent soccer injuries?,It builds muscles around joints & reduces injury risk & improves stability and endurance,"Strength training plays a crucial role in preventing soccer injuries by building robust muscular support around joints, enhancing overall stability, and improving physical resilience on the pitch. Soccer is a high-intensity sport characterized by sudden sprints, sharp cuts, physical tackles, and repetitive jumping. Without adequate preparation, these movements place immense stress on the ligaments, tendons, and muscles, making players vulnerable to strains and sprains. By incorporating targeted resistance and functional movements into a fitness routine, players can significantly reduce their risk of getting sidelined.### Core and Lower Body StabilityA primary benefit of strength training for soccer players is the development of lower body and core strength. Strong quadriceps, hamstrings, glutes, and calves act as a natural armor for the knees and ankles—areas notoriously susceptible to ACL tears and sprains. Furthermore, a strong core stabilizes the pelvis and spine during high-speed changes of direction. This enhanced postural control ensures that players maintain proper biomechanics even when fatigued, preventing the awkward landings and missteps that frequently lead to acute injuries.### Complementary ConditioningIn addition to traditional weight training, athletes often integrate dynamic warm-ups, bodyweight exercises, and agility work to bulletproof their bodies. Practices such as plyometrics, lunges, and controlled resistance work improve neuromuscular coordination, teaching the body to absorb impact effectively. When combined with proper recovery protocols like stretching, foam rolling, and adequate hydration, a well-rounded strength routine ensures that muscles remain pliable, balanced, and capable of enduring the rigorous demands of competitive play."
What type of exercises does Jake recommend for strength training?,squats & lunges & planks & balance exercises like single-leg stands,"Based on the provided data, the discussions on strength training and workouts involve several participants, but specific strength-building exercises are largely attributed to the group's general routines and other members like Wolfgang Schulz, who mentions hitting the treadmill or bike for cardio followed by strength training. However, looking more broadly at the fitness routines discussed among the group, members frequently incorporate a variety of movements to stay active. While specific strength-training routines are shared collaboratively, bodyweight exercises are heavily discussed as a method to keep the heart rate up during workouts. Members like Jett recommend adding burpees and mountain climbers to interval sessions, while Phoenix highlights squat jumps and high knees. Additionally, other fitness enthusiasts like Viper and Omen discuss incorporating hopping exercises, such as single-leg hops or lateral hops, which are great for building power, explosiveness, engaging the legs, and enhancing stability and core strength. Though Jake focuses heavily on soccer tactics—explaining offsides, discussing Premier League and Champions League history, and emphasizing hydration with water, electrolytes, and coconut water before and during matches—the broader community places a strong emphasis on combining cardio, bodyweight intervals, and targeted conditioning to maintain peak physical performance."
What is the purpose of starting with bodyweight exercises?,for those who are new to strength training,"Integrating bodyweight exercises into a fitness routine serves several key purposes for physical training and overall workout efficiency. According to discussions among fitness enthusiasts, utilizing bodyweight movements—such as burpees, mountain climbers, squat jumps, and high knees—is an effective method to keep the heart rate elevated during high-intensity interval workouts. Additionally, these movements help maintain workout intensity and make physical conditioning more engaging. Because they can be easily incorporated into intervals, bodyweight exercises work multiple muscle groups simultaneously, burn out legs quickly, and keep the body moving without requiring heavy equipment. When combined with proper breathing techniques, form visualization, and tracking, they contribute to a well-rounded and challenging exercise routine."
Who does EmilyBurnett think is a standout character in the Game of Thrones series?,Tyrion Lannister,"Emily Burnett and her group of fellow television enthusiasts frequently discuss and review the critically acclaimed HBO fantasy drama series *Game of Thrones*. Within these passionate discussions about Westeros, its complex character arcs, and the heavy costs of power, Emily specifically highlights a couple of iconic figures who capture her attention. When discussing the brilliant minds and strategic players of the realm, Emily identifies Tyrion Lannister as a true standout character in the series. She has noted that Tyrion's remarkable wit, high intelligence, and engaging journey make him shine in every scene he is in. Additionally, Emily’s deep dives into the series often center on Cersei Lannister, whose fascinating transformation from a love-struck young girl into a power-hungry, ruthless queen she has analyzed in detail. Whether evaluating Tyrion's cleverness or breaking down Cersei's tragic evolution and ultimate downfall, Emily's commentary showcases a deep appreciation for the rich, multilayered character writing that defines the show."
What does Lachlan appreciate about Arya Stark's character development?,Her transition from an innocent girl to a fierce assassin,"Lachlan appreciates several key aspects of Arya Stark's character arc throughout *Game of Thrones*, specifically highlighting her transformation from an innocent young girl in Winterfell into a fierce and formidable assassin. In the discussions among the group, Lachlan points out how epic this evolution is, noting that Arya's journey includes notable elements such as her famous list of names and the overarching theme of revenge. According to Lachlan, her growth and the development of her skills—culminating in iconic moments like taking down the Night King, as discussed by other participants—represent some of the most memorable and badass highlights of the series."
What moment does Rowan find mind-blowing in Arya's storyline?,When Arya confronts and takes down the Night King,"In discussions surrounding the epic storytelling and character development found in hit television series, fans often reflect on the defining moments of their favorite characters. Among these unforgettable arcs is the journey of Arya Stark from *Game of Thrones*, whose transformation from an innocent girl in Winterfell into a fierce and formidable assassin captured the imagination of viewers everywhere. When discussing this remarkable character progression, participant Rowan highlights a specific, high-stakes event as the absolute pinnacle of Arya's storyline. According to the data, Rowan finds the moment when Arya confronts the Night King and successfully takes him down to be completely mind-blowing. Rowan notes that this shocking and unexpected turn of events served as a brilliant showcase of Arya's incredible growth, resilience, and hard-earned skills. Rather than following a predictable path, this monumental showdown solidified her legacy and left a lasting impression on the audience, perfectly punctuating her evolution throughout the series."
Which moment involving Tyrion is Merrick's favorite?,When Tyrion blows up the Wildfire to save King's Landing,"Merrick is a participant in the group conversations who frequently contributes insights on character development, narrative arcs, and memorable moments from various television series, most notably *Game of Thrones*. Known for analyzing complex figures and appreciating captivating plot twists, Merrick's perspective often adds depth to discussions about the moral ambiguity and high stakes found within these acclaimed stories.When the group turns their attention to specific character moments and iconic scenes from *Game of Thrones*, Merrick chimes in with a distinct favorite involving Tyrion Lannister. Specifically, Merrick's favorite moment is when Tyrion blows up the Wildfire to save King's Landing. This high-stakes event showcases the character's intelligence, tactical thinking, and the immense pressure he faced during a critical turning point in the series."
What memorable quote is mentioned by Phaedra?,"Jon Snow's ""You know nothing"" scene with Ygritte","In the diverse and engaging discussions revolving around classic television series, character arcs, and gaming mechanics, participants frequently highlight iconic moments and memorable lines. Specifically, when exploring the rich dialogue of *Game of Thrones*, participants such as Phaedra contribute to the analysis of standout characters like Tyrion Lannister and Jon Snow, examining how their words define their complex journeys and relationships.Phaedra is noted for pointing out a particularly memorable interaction between Jon Snow and Ygritte. She references the famous and poignant """"You know nothing"""" quote exchanged between the two characters. This specific line is highlighted as being super memorable because it encapsulates the underlying tension, romance, and dynamic between Jon Snow and the wildling Ygritte amidst the harsh and perilous backdrop of their storyline."
"What does Rowan love about Tyrion's ""I drink and I know things"" line?",It captures his cleverness,"Rowan appreciates how Tyrion Lannister's iconic line, ""I drink and I know things,"" perfectly captures the character's signature cleverness and wit. In the discussions regarding standout television characters, Rowan highlights this specific quote alongside other memorable moments from *Game of Thrones*. For Rowan and other participants in the conversation, Tyrion is celebrated as a fantastic and engaging character choice due to his intelligence, witty remarks, and growth through adversity. Lines like this one not only showcase his sharp mind but also add to the overall appeal and memorable nature of his journey throughout the series."
What aspect of Jaime Lannister's storyline does Rowan find intriguing?,His transformation after meeting Brienne of Tarth,"Rowan's perspective on Jaime Lannister's storyline in *Game of Thrones* is a focal point of several discussions among the participants. Throughout the conversations, Rowan expresses a deep appreciation for the multifaceted nature of Jaime's character development, highlighting how his journey evolves far beyond his initial introduction. Specifically, Rowan is particularly intrigued by Jaime’s torn morals, his evolving loyalty, and the complex relationship he shares with Brienne of Tarth. Rather than viewing him as a static figure, Rowan sees Jaime as a prime example of a character caught between the pull of his past and the development of his own distinct morals.Furthermore, Rowan highlights how Jaime's narrative arc reflects the messy, realistic tensions and bond-testing challenges inherent in deep relationships. Alongside choices like Tyrion and Theon, Rowan views Jaime as a fantastic, well-crafted choice for discussing character growth, noting how his complex morality and internal conflicts add incredible depth to the overall dynamic of the series."
How does Phaedra view Jaime's character arc?,"Fascinating as he goes from ""Kingslayer"" to someone who values honor","Phaedra views Jaime Lannister's character arc as a complex and ultimately tragic journey. She appreciates the transformation that turns him from a hated ""Kingslayer"" and arrogant knight into someone with depth who values honor and builds a meaningful relationship with Brienne. Phaedra reflects on how losing his hand served as a pivotal turning point, forcing him to adapt, become a strategist, and develop deeper connections rather than relying solely on physical prowess. However, Phaedra also expresses a sense of disappointment and heartbreak regarding the conclusion of his story. She views his ultimate return to Cersei as a tragic regression and a bittersweet end that closed in like a tragic circle. Despite the growth and self-reflection he demonstrated throughout the series, Phaedra feels that his inability to let go of that toxic love undermined his development, leaving her to question whether he ever truly achieved a sense of redemption by the end."
What does Lachlan think about Jaime's final decision to protect Cersei?,It complicates his redemption and leaves mixed feelings,"Lachlan holds a conflicted view regarding Jaime Lannister's final decision to protect Cersei at the end of his character arc. While acknowledging that Jaime had shown significant growth and was on a promising path toward a better, more complex character, Lachlan notes that returning to Cersei ultimately complicates that redemption. In the group's discussions, Lachlan points out that this choice leaves them with mixed feelings, as it suggests Jaime was slipping back into his old ways. Rather than fully embracing a fresh start or leaning entirely into the lessons he had learned from characters like Brienne, Jaime's last-minute decision to stand by Cersei created a sense that his progress was compromised, leaving his final fate open to debate among the group."
How does Saffron feel about Jaime's choice to protect Cersei?,Conflicted because it seems like he was slipping back into old ways,"Saffron feels deeply conflicted about Jaime Lannister's ultimate decision to return to Cersei and protect her at the end of the series. On one hand, Saffron recognizes that this choice reflects a deep-seated loyalty to Cersei, which was always a fundamental part of who Jaime was as a person. However, on the other hand, she views this action as a troubling regression, noting that it seemed like he was slipping right back into his old, familiar ways.This complex emotional response mirrors Saffron's broader appreciation for human complexity and character development in television. While discussing Jaime's mixed legacy—his shift from a deeply unlikable character to someone who evokes genuine empathy—she notes that his arc embodies the messy nature of personal growth. Ultimately, Saffron sees Jaime's journey as a testament to human nuance, illustrating that people are rarely purely good or bad, even when their choices leave fans torn."
What does Kieran wish Jaime had done differently?,Chosen a different path after his character development,"Based on the discussions regarding *Game of Thrones*, Kieran expresses specific thoughts concerning Jaime Lannister's character arc, particularly regarding his fateful decisions and ultimate trajectory. Kieran notes that Jaime's choice to return to Cersei in the end felt like a major regression, questioning everything the character had previously worked toward. Because of this, Kieran wishes that Jaime had chosen a different path instead of slipping back into his old ways and ultimately going back to Cersei after all the growth he had shown. Furthermore, Kieran highlights the powerful positive influence that Brienne of Tarth had on Jaime, noting how her presence brought out his honor, depth, and humanity. Consequently, Kieran's sentiment aligns with the idea that staying true to the lessons learned from Brienne—and breaking free from Cersei's toxic influence—would have allowed Jaime to secure a much better, more fulfilling ending rather than falling back into self-destructive patterns."
How does Niamh think Jaime could've ended up differently?,By staying true to the lessons he learned from Brienne,"Based on the provided group discussions regarding character arcs in *Game of Thrones*, participant Niamh explores alternative paths and character growth, particularly focusing on Jaime Lannister's complex journey and moral evolution. Niamh notes that Jaime possessed incredible potential for true heroism if he had fully embraced the lessons taught to him by Brienne of Tarth. Instead of returning to his toxic relationship with Cersei—a choice that ultimately complicated and arguably undermined his redemption—Niamh suggests that Jaime could have ended up as a true protector of the realm. By completely stepping away from Cersei, Niamh believes Jaime could have lived up to a higher standard of honor, utilizing his growth to forge a fundamentally different and more fulfilling path by the end of his story."
What could Jaime and Brienne have done to rebuild trust according to Merrick?,Worked on rebuilding trust through actions rather than just words,"According to Merrick and the group's discussions regarding the complex characters and narrative arcs in *Game of Thrones*, Jaime and Brienne had several meaningful avenues they could have pursued to rebuild trust and reshape their legacy in Westeros. Instead of relying solely on empty words, Merrick points out that Jaime and Brienne could have actively worked on restoring trust through concrete actions. By focusing on dedication to honor and duty, alongside Brienne’s stellar reputation as a noble warrior, the pair could have effectively rehabilitated their public image. Furthermore, Merrick suggests that they could have concentrated their efforts on helping the common people of Westeros. By demonstrating genuine compassion, strong leadership, and a commitment to justice, they could have gradually won over hearts and minds, proving themselves as true heroes rather than figures defined solely by their dark pasts."
"What is LiHua curious about regarding the ""Man in Black"" in Westworld?",The motive behind his character,"LiHua is genuinely intrigued by the character known as the ""Man in Black"" in the hit television series *Westworld*. Specifically, LiHua is very curious about the underlying **motives** that drive this complex character throughout his journey within the park, prompting a broader discussion with EmilyBurnett about his search for meaning and how his past shapes his actions.As their conversation unfolds, LiHua and EmilyBurnett delve deeper into the layers that make the Man in Black such a compelling figure. LiHua expresses a strong fascination with the character's relentless search for deeper meaning and his constant boundary-pushing experiences, noting how deeply his past affects his behavior. Furthermore, LiHua is particularly struck by moments where the character reveals genuine vulnerability, which adds entirely new perspectives and intensity to his gripping interactions with others."
"What does EmilyBurnett think is the main motive for the ""Man in Black""?",To find deeper meaning and fulfillment in Westworld	20260916_16:00,"EmilyBurnett views the ""Man in Black"" from *Westworld* as a remarkably complex character whose journey is driven by a deep search for meaning and fulfillment within the park. According to her perspective, he is constantly seeking profound truths and boundary-pushing experiences, though this pursuit is also deeply intertwined with his own personal past and underlying guilt. He essentially operates like a wanderer lost within the narrative of his own journey. Furthermore, EmilyBurnett notes that a critical turning point for his character occurs when he eventually confronts the harsh truth about himself and his choices. This moment of self-realization stands out as a pivotal awakening for his overall character arc, showcasing the layered depth that makes his storyline so compelling to follow."
"How does LiHua feel about the ""Man in Black's"" search for meaning?",Intrigued as it adds depth to the story,"LiHua finds the ""Man in Black's"" search for meaning and his efforts to push boundaries in *Westworld* to be genuinely intriguing. When discussing the character with EmilyBurnett, LiHua completely agrees that these layers add significant depth to the story and notes how fascinating it is that his past directly affects his actions. Furthermore, LiHua appreciates the vulnerability the character occasionally shows, which adds an entirely new perspective to his role in the series. Alongside his gripping and intense interactions with other characters, these moments of depth make the ""Man in Black's"" journey a compelling element of the show's exploration of free will, choice, and human identity."
"What is EmilyBurnett's favorite moment of the ""Man in Black""?",When he confronts the truth about himself and his choices,"EmilyBurnett shares a keen appreciation for the complexities of the characters in the sci-fi television series *Westworld*, noting that the ""Man in Black"" stands out as a particularly compelling figure. When discussing his deeper motivations with her peers, she highlights that his character is driven by a quest for deeper meaning, truth, and boundaries, all of which are deeply intertwined with his past and personal guilt.When asked about her specific highlights regarding this character, EmilyBurnett reveals that her favorite moment is when he finally confronts the truth about himself and his own choices. She emphasizes that this crucial moment of self-realization serves as a massive turning point for his narrative arc, bringing a profound layer of depth to his overall journey through the park."
"Which moment does LiHua find memorable for the ""Man in Black""?",When he shows vulnerability,"Based on the provided conversations, LiHua finds a specific moment particularly memorable for the ""Man in Black"" character from the TV show *Westworld*. When discussing the complex nature, motives, and general themes of *Westworld* with EmilyBurnett, LiHua points out the moment when the Man in Black shows vulnerability. According to LiHua, seeing this side of him really struck a chord and added a whole new perspective to his character, complementing the intense and gripping interactions he shares with other characters throughout the series."
What does LiHua think about the themes of Westworld?,They are thought-provoking by diving into consciousness and free will and what it means to be human,"The data and discussions provided do not contain any information regarding what LiHua thinks about the themes of *Westworld*. While several users—such as EmilyBurnett, Quillan, Phaedra, Niamh, and Saffron—discuss the complex themes of *Westworld*, including free will versus programming, morality, human nature, and Dolores's character arc, LiHua's specific opinions on these philosophical concepts are not mentioned in the sources. Instead, LiHua's contributions in the text are focused on other topics, such as video game soundtracks (*Final Fantasy X*, *Celeste*, *Undertale*, *Stardew Valley*, *Red Dead Redemption 2*), TV series like *Chernobyl* and *Succession*, character dynamics in *Red Dead Redemption 2* (including discussions about Micah Bell), and community experiences related to gaming and photography. Therefore, based on the available data, it is not possible to state what LiHua thinks about the themes of *Westworld*."
Which theme of Westworld resonates the most for LiHua?,The exploration of free will and choice,"Based on the provided conversations, the specific theme of *Westworld* that resonates the most with LiHua is not explicitly detailed as her absolute top favorite, but LiHua and her group chat participants engage heavily with the profound philosophical concepts explored in the series. While LiHua discusses various aspects of science fiction and television with EmilyBurnett and others, the dialogue surrounding *Westworld* heavily emphasizes thought-provoking themes such as artificial intelligence becoming a reality, the distinction between humans and robots, robot consciousness, free will versus programming, and the complex moral dilemmas tied to technology. LiHua herself specifically brings up how the rapid development of AI makes the idea of *Westworld* feel like it is quickly becoming a reality in the near future. This suggests that the intersection of emerging technology, ethics, and the realization of AI worlds is a particularly engaging concept for her."
What does EmilyBurnett think about the future relevance of Westworld's themes?,They will become even more crucial as technology advances,"EmilyBurnett considers the themes explored in the acclaimed series *Westworld* to be profoundly thought-provoking, diving deeply into complex subjects such as human consciousness, the nature of free will, and what it truly means to be human. She notes that the show effectively challenges our everyday perceptions of both reality and morality while highlighting the increasingly relevant relationship between humans and advancing technology. When discussing how these philosophical concepts will hold up over time, EmilyBurnett expresses a clear and forward-looking perspective. She believes that as technology continues to advance rapidly, questions surrounding free will, ethics, and artificial intelligence will only become increasingly crucial in the real world. In her view, society is currently standing on the brink of numerous moral dilemmas that mirror the very scenarios explored within the park's simulated environments, making the overarching conversations generated by the series enduringly significant for the future."
What does WolfgangSchulz suggest incorporating into practice sessions according to the discussion on 20260916?,Improvisational solos,"Based on the provided data and available records, there is no discussion or message log recorded for the specific date of September 16, 2026 (20260916). However, looking at nearby discussions involving Wolfgang Schulz and his bandmates regarding practice sessions, he frequently suggests creative ideas to keep their rehearsals engaging and fresh. For instance, in a discussion from August 1, 2026, Wolfgang suggests incorporating original songs into their setlist to create something unique together. Additionally, in other practice-related conversations, he proposes playing specific classic tracks—such as ""All You Need Is Love"" and ""Let It Be""—to maintain a fun and energetic vibe during their jam sessions. While nothing is documented specifically for September 16, Wolfgang consistently emphasizes creativity, collaboration, and exploring new musical ideas with the group."
How does LiHua feel about the idea of improvisation based on the chat on 20260916?,It will make sessions more fun and creative,"Based on the data provided in the sources, there are no chat logs or records from the specific date of **20260916**. The available conversations involving LiHua span across various other dates in 2026—such as March, May, June, July, August, September (specifically the 8th, 9th, and 10th), October, November, and December—but do not contain entries for September 16th. Because supporting evidence and chat data for September 16, 2026, are not provided in the input tables, I cannot state how LiHua feels about the idea of improvisation on that specific day. However, looking at the general context of LiHua's musical collaborations and jam sessions with the band (including members like WolfgangSchulz and ChaeSong-hwa), LiHua consistently displays an enthusiastic, collaborative, and experimental spirit. Whether they are discussing classic rock covers, blending old and new styles like Fleetwood Mac, or exploring potential Chinese musical fusion elements with instruments like the erhu and guzheng, LiHua is always eager to dive into new creative journeys, learn through music theory tutorials, and keep the energy high during rehearsals."
Who does JakeWatson consider the best defender in the history of FC Barcelona?,Carles Puyol,"When discussing the history of FC Barcelona and their impressive legacy of producing talented defenders, JakeWatson expresses that it is quite difficult to pick just one standout player for the title of the best defender in the club's history. However, during a conversation about the topic, JakeWatson specifically highlights **Carles Puyol** as being right up there among the best, noting that his leadership and dedication on the pitch were entirely unmatched. Additionally, JakeWatson acknowledges **Gerard Piqué** as another premier choice for the accolade, pointing out that Piqué's ability to read the game was simply incredible and that he also contributed crucial goals for the team. Ultimately, while he finds it tough to choose between the two, both Puyol and Piqué are celebrated by JakeWatson for bringing something truly special to Barcelona's defense."
What does LiHua think about Gerard Piqué as a defender?,He deserves a mention for his skill and intelligence,"LiHua holds a very high opinion of Gerard Piqué, considering him to be an exceptional defender in the storied history of FC Barcelona. When discussing the club's incredible legacy of producing top-tier defensive talent, LiHua acknowledges Piqué's immense contributions alongside fellow legend Carles Puyol. Specifically, LiHua highlights Piqué's unique combination of skill and intelligence on the defensive end of the pitch. While Puyol was celebrated for his fierce commitment, fighting spirit, and unmatched leadership, Piqué brought a distinct composure and tactical intelligence to the backline, making their defensive partnership unforgettable for fans."
Who are JakeWatson's and LiHua's favorite defenders?,Carles Puyol and Gerard Piqué,"Based on the conversations shared by the group, both JakeWatson and LiHua are avid football fans who hold the historic players of FC Barcelona in high regard, particularly when discussing the greatest defenders in the club's storied history. When asked about the best defenders to ever play for FC Barcelona, JakeWatson highlights **Carles Puyol**, pointing to his unmatched leadership, defensive dedication, and crucial role in lifting trophies during legendary matches like the 2009 Champions League final. JakeWatson also shares praise for **Gerard Piqué**, noting his incredible ability to read the game and score vital goals.LiHua agrees with Puyol's status as an absolute ""beast"" of a defender known for his fighting spirit and commitment. Additionally, LiHua specifically nominates **Gerard Piqué** alongside Puyol, appreciating Piqué's unique combination of defensive skill and intelligence on the pitch. Together, both JakeWatson and LiHua recognize these two defensive icons as the pinnacle of Barcelona's defensive legacy."
What is JakeWatson's favorite memory of Puyol and Piqué playing together?,The comeback against PSG in the Champions League,"JakeWatson shares a deep appreciation for the legendary defensive partnership of Carles Puyol and Gerard Piqué at FC Barcelona, noting both players' immense contributions to the club's storied history. Puyol is widely remembered as a legendary defender and team leader known for his unmatched leadership, dedication, fighting spirit, and crucial presence during major moments, such as lifting the 2009 Champions League trophy after defeating Manchester United. Meanwhile, Piqué is celebrated for his exceptional ability to read the game, intelligence, and knack for scoring crucial goals. When discussing his absolute favorite memory of watching Puyol and Piqué play together, JakeWatson highlights the epic and unforgettable Champions League comeback against Paris Saint-Germain (PSG). During this dramatic match, Puyol's inspiring leadership was fully on display, while Piqué delivered a rock-solid performance at the back by executing key defensive interceptions that helped secure the historic turnaround."
What match does JakeWatson cherish from the Champions League final against Manchester United?,The 2009 final,"Based on the provided data, JakeWatson cherishes the Champions League final between Barcelona and Manchester United in **2009**. During this particular match, he highlights the iconic moment of Carles Puyol lifting the trophy as a deeply proud moment for the club and its supporters. Additionally, JakeWatson fondly recalls Lionel Messi scoring a goal that he describes as ""pure magic,"" cementing the fixture as one truly for the history books."
What is LiHua's favorite match involving Barcelona?,The 2013 Champions League match against AC Milan,"Based on the provided conversations, LiHua mentions several memorable and classic matches involving FC Barcelona, showcasing a deep appreciation for the club's rich history in the UEFA Champions League and El Clásico matchups against Real Madrid and other European giants. While LiHua discusses several exciting encounters—such as El Clásico clashes and various dramatic comebacks—one standout personal favorite highlighted is the thrilling 2013 Champions League match against AC Milan. Reflecting on this fixture alongside JakeWatson, LiHua enthusiastically refers to it as legendary, specifically praising the brilliant way Barcelona managed to turn things around after a deficit. Additionally, LiHua expresses immense fondness for iconic moments within the rivalry against Real Madrid, particularly highlighting a stunning solo goal scored by Lionel Messi against Real Madrid in El Clásico as an unforgettable piece of individual brilliance that showcases the player's supernatural footwork and creates lasting memories for fans of the club."
Which goal does JakeWatson never forget from Messi?,Messi's solo goal against Getafe in 2007,"Based on the provided data, JakeWatson never forgets Lionel Messi's stunning solo goal against Getafe in 2007. In the discussions, JakeWatson vividly recalls this moment, describing it as ""pure magic"" and comparing it to a scene from a movie where Messi ""dribbled past a bunch of defenders like they were cone drills."" This standout moment is mentioned multiple times as a prime example of Messi's extraordinary skill and greatness on the field."
What is LiHua's favorite player moment from Messi?,When Messi scored a header against Manchester United in 2011,"Based on the discussions in the provided records, LiHua and her friends frequently chat about football legends like Lionel Messi and their most memorable plays. When it comes to LiHua's specific favorite player moments from Messi, she highlights a couple of incredible plays across different conversations. In one of their chats discussing iconic football highlights, LiHua points out Messi's brilliant header in the 2011 Champions League final against Manchester United as an unforgettable moment, noting how unexpected it was and how well it showcased his versatility on the pitch. Additionally, LiHua joins in on praising other legendary moments involving the star, such as his mesmerizing solo goal against Real Madrid in El Clásico, where she fondly recalls how his footwork and ability to dribble past defenders were simply mind-blowing."
What does LiHua think makes Messi the best?,His ability to create chances as well as his vision and work ethic and humility,"Based on the provided conversations, LiHua holds a great deal of admiration for Lionel Messi and frequently discusses what makes him the greatest of all time. According to LiHua, several key attributes and moments define Messi's unparalleled status in the sport of soccer.First and foremost, LiHua highlights Messi's exceptional playmaking ability, noting that it is on ""another level"" compared to other players. Alongside his vision and distribution, LiHua is particularly mesmerized by Messi's extraordinary footwork, dribbling skills, and his unique capability to create scoring chances seemingly out of nothing. Additionally, LiHua points to Messi's incredible versatility, pointing out unexpected moments of brilliance—such as his memorable header against Manchester United in the 2011 Champions League final—as proof of his well-rounded genius on the pitch. Beyond his technical prowess and iconic goals, LiHua is deeply inspired by Messi's commendable work ethic, humility, and the profound, lasting influence he has had on shaping the game for future generations of players."
How does JakeWatson view Messi's impact on future generations of players?,His dedication and consistency set the bar high for young players,"JakeWatson views Lionel Messi's impact on future generations as massive and deeply influential. Rather than just focusing on raw skill, JakeWatson emphasizes that Messi's overall approach to the game sets a high standard for aspiring young athletes. According to the discussions, young players now have someone extraordinary to aspire to. JakeWatson highlights that Messi's dedication, consistency, and overall mindset in how he approaches soccer serve as a blueprint that will actively shape the way future stars play the game."
Who suggests hitting Starbucks after work on 20260918?,WolfgangSchulz,"WolfgangSchulz suggests hitting Starbucks after work on the evening of September 18, 2026. In a conversation taking place at 18:00 on time indicator `20260918_18:00`, WolfgangSchulz reaches out to LiHua to propose visiting Starbucks to try out a new Frappuccino. LiHua responds enthusiastically to the idea, noting that a sweet treat would be wonderful after a long week. After some quick coordination regarding the timing, they agree to meet up around 6:30 PM to relax, chat, and unwind before the weekend begins."
What is JenniferMoore's reminder to LiHua about on 20260919?,Getting enough protein after workouts,"Based on the provided data records and communication logs, there is no mention of JenniferMoore sending a reminder to LiHua on September 19, 2026 (20260919). While JenniferMoore and LiHua communicate on various dates—such as discussing a gym membership feedback activity and a water cup pickup on June 5, 2026, and celebrating LiHua's pull-up personal record on December 6, 2026—no specific interactions or reminders are recorded for September 19, 2026."
Why is protein important according to JenniferMoore?,For keeping the body in shape,"According to JenniferMoore, protein plays a vital and multifaceted role in supporting overall fitness goals, recovery, and physical development. When discussing nutrition and training with her peers and clients like LiHua, Jennifer highlights several key reasons why protein is essential.First and foremost, Jennifer emphasizes that protein is crucial for muscle recovery after intense physical exertion. Following workouts—such as heavy lifting, pull-ups, or general strength training—the body requires adequate nutrients to repair muscle fibers and adapt to the strain. By incorporating sufficient protein alongside other macronutrients like carbohydrates and healthy fats, individuals can better fuel their bodies and enhance their recovery processes. Furthermore, Jennifer points out the importance of balancing protein intake based on workout intensity. While certain days might call for a higher carbohydrate intake to maintain high energy levels, other days—especially those focused on recovery and muscle repair—demand a greater emphasis on protein. This strategic approach ensures that fitness enthusiasts can consistently progress, maintain high energy, and avoid feeling sluggish during their training routines."
What is ThaneChambers' question to LiHua on 20260920?,LiHua's favorite first-person shooter game,"Based on the provided data tables, there is no conversation or interaction recorded on the specific date of September 20, 2026 (20260920) involving ThaneChambers and LiHua. While ThaneChambers and LiHua actively participate in various discussions together—such as analyzing video game narratives (like *Red Dead Redemption 2* and *The Witcher 3*), discussing characters like Dutch van der Linde, and sharing thoughts on stunning visual designs in gaming—the provided chat logs simply do not contain entries for September 20, 2026. Therefore, no question from ThaneChambers to LiHua can be found for that date."
Which game does LiHua mention he's been playing on 20260920?,Call of Duty: Warzone,"Based on the provided data tables and chat logs, there is no specific entry or mention of LiHua playing a game on the exact date of **20260920**. However, looking through the timeline of conversations involving LiHua, we can see several discussions surrounding various games around that general time period. For instance, in September 2026, LiHua discusses games like *Red Dead Redemption 2*, *The Witcher 3*, and various open-world titles, as well as sharing thoughts on football and soccer players with friends like JakeWatson and ThaneChambers. Because the provided sources do not contain a message or timestamp specifically corresponding to September 20, 2026 (20260920), we cannot definitively state which game was played on that exact day."
"What does ThaneChambers say about ""Warzone""?",It's a blast,"ThaneChambers expresses a great deal of enthusiasm for *Call of Duty: Warzone*, describing the battle royale game as ""a blast"" and an awesome choice for a first-person shooter. During their conversation about the title, ThaneChambers engages with LiHua to discuss what makes the game so exciting and memorable.Specifically, ThaneChambers highlights the thrill of ""clutch moments"" in the game, sharing a personal memory of coming back from a tough spot to secure a last-second victory. Furthermore, ThaneChambers expresses excitement regarding upcoming updates, noting a strong eagerness to see fresh maps, modes, and new features introduced to the game, and eagerly looks forward to teaming up with friends to squad up and tackle the new content together."
"What does LiHua like most about ""Warzone""?",The strategy involved and the adrenaline rush,"LiHua enjoys several aspects of *Call of Duty: Warzone*, highlighting both the tactical depth and the intense emotional highs that come with the battle royale mode. First and foremost, LiHua loves the strategic elements involved in the gameplay. This includes planning out approaches carefully and coordinating teamwork with fellow players. Working together effectively to outsmart opponents adds a layer of depth that makes the experience engaging and rewarding.Additionally, LiHua highlights the incredible adrenaline rush experienced during the final circle of a match. The excitement of being down to the wire—such as an unforgettable match where it came down to just two players who successfully outsmarted the last team—provides an unbeatable and memorable thrill."
"What is ThaneChambers' memorable ""Warzone"" experience?",Coming back from a tough spot to win at the last second,"ThaneChambers shares a memorable experience in *Callot of Duty: Warzone*, highlighting the excitement of turning a match around after facing a tough situation. During one particular game, ThaneChambers and their teammates managed to bounce back from a very difficult spot to successfully secure the win right at the last second. Reflecting on these types of victories, ThaneChambers notes that those clutch moments feel absolutely amazing and contribute significantly to the overall enjoyment of the battle royale mode."
"What was LiHua's unforgettable match in ""Warzone""?",Being down to the last two and outsmarting the last team,"LiHua's unforgettable match in *Call of Duty: Warzone* was a thrilling and tense battle royale experience. According to the discussions shared among the players, the match came down to the absolute wire. Specifically, LiHua recounted an intense moment where the squad was whittled down to just two remaining members. Despite the overwhelming odds and the pressure of the final circles, LiHua and the teammate managed to completely outsmart the final opposing team to secure a dramatic victory. LiHua highlighted that the excitement during those final moments was through the roof and praised the incredible team effort that made the win possible."
"How does ThaneChambers feel about upcoming ""Warzone"" updates?",He's looking forward to them,"ThaneChambers expresses genuine enthusiasm regarding the upcoming updates for *Call of Duty: Warzone*. When discussing the game, ThaneChambers notes that they are eagerly looking forward to what the new patches will introduce. Specifically, ThaneChambers hopes that the upcoming updates will effectively shake things up by bringing fresh maps and modes to the experience. This excitement highlights a desire for ongoing evolution within the battle royale format, making the prospect of diving back in when the content drops an appealing one."
"Does LiHua plan to play ""Warzone"" after the updates?",Yes because he loves exploring fresh content,"Yes, LiHua definitely plans to dive back into *""Call of Duty: Warzone""* once the new updates drop. Known for being an avid fan of first-person shooters and battle royale modes, LiHua expresses genuine excitement about exploring fresh content and new maps or modes. When discussing the upcoming changes with ThaneChambers, LiHua readily agrees to hop back into the action together, mentioning being always up for something new and eager to team up with friends as soon as the updates roll out."
"What does ThaneChambers propose to do with the ""Warzone"" updates?",Hop on together and tackle the new stuff,"ThaneChambers expresses great enthusiasm regarding the upcoming updates for the battle royale game *Call of Duty: Warzone*. When discussing the game's future with Li Hua, ThaneChambers mentions looking forward to how the new features will shake things up.Specifically, ThaneChambers proposes diving back into the game and teaming up with Li Hua once the updates drop. They plan to squad up together to explore the fresh content, tackle the new maps and modes, and experience the added features side by side."
Who initiated the discussion about the community garden renovation and its benefits to local businesses?,Turalyon,"Based on the provided data, the community garden renovation project is a major focus for residents like AdamSmith, LiHua, and TirionFordring, who frequently discuss its progress, upcoming community events, and the various improvements being made to the space. While the community members share many ideas—such as adding seating areas, flower beds with native plants like lavender and coneflowers, a small herb section, and benches—the specific records provided do not contain a discussion regarding the renovation's benefits to local businesses. Therefore, the data does not specify who initiated a discussion about local business benefits."
What idea did IllidanStormrage propose to help involve the community in supporting local businesses?,Putting together a flyer with a list of local businesses,"Based on the provided data tables, there is no mention of IllidanStormrage proposing an idea specifically to help involve the community in supporting local businesses. While the community members engage in various collaborative projects—such as organizing a community bake sale, planning a weekend tree planting activity, setting up a community garden with flowers and seating, planning a garage sale to declutter and connect, and organizing Christmas events—discussions regarding local businesses are not present in the provided sources."
How does GromHellscream believe the local shops will benefit from the completed garden?,More foot traffic means more customers for them,"GromHellscream believes that the completed garden will bring significant benefits to the local shops in the area. Specifically, he notes that once the garden is finished, it will make the entire neighborhood much more appealing to visitors and residents alike. According to GromHellscream, this increased appeal will lead to higher foot traffic in the surrounding area, which in turn will translate into more potential customers for the local shops and vendors."
What does ArthasMenethil describe the outcome of the garden project and supporting local vendors as?,A win-win,"Based on the community's collaborative planning and ongoing discussions regarding the garden project, the members have shared great enthusiasm for how the space will transform their neighborhood. While various participants note that the renovation will create a vibrant and welcoming community gathering spot, specific mentions of supporting local vendors in the provided records are focused primarily on community involvement, volunteer efforts, and creative contributions among residents themselves.When discussing the overall impact of the new garden space, ArthasMenethil specifically highlights that the finished project will have a positive impact on the whole community. He notes that the welcoming environment and shared efforts will make it an amazing space for everyone to enjoy together."
What does Thrall suggest they create to support local businesses?,A list of businesses they love to support,"Based on the provided data, Thrall and the community are focused on a **garden renovation** project. Throughout their discussions, Thrall expresses excitement about how the efforts put into the garden project will intertwine with and support local businesses and vendors, creating a combined effort where the community garden and local businesses flourish together. While specific individual product or merchandise creations are not detailed for the businesses, the group collaborates on incorporating local vendors into their community initiative alongside the garden renovation."
How does TirionFordring emphasize the importance of balancing the garden renovation with supporting local vendors?,By stating that both aspects are important for the best outcome,"The community garden renovation has been an exciting project for everyone involved, bringing neighbors together through shared goals and creative teamwork. Throughout the planning and execution of the improvements—such as adding benches, native plants, and herb sections—members of the group have continuously brainstormed ways to enhance the space while maintaining harmony within the neighborhood. When discussing various community events, such as garage sales or holiday gatherings, participants often look for ways to boost local engagement and support local vendors. For instance, TirionFordring consistently emphasizes the importance of building community spirit and ensuring that all activities complement the ongoing garden improvements rather than disrupt them. By coordinating schedules and fostering open communication, TirionFordring highlights how important it is to keep the community supported and informed every step of the way.Ultimately, the collaborative efforts spearheaded by TirionFordring and other community members ensure that the garden renovation remains a positive, unifying experience. Balancing these improvements with the needs of local vendors and residents helps create a welcoming environment that everyone can take pride in, laying a solid foundation for future community projects and lasting friendships."
What does AdamSmith agree is crucial to align with the garden project schedule?,Support for local businesses,"Based on the provided data, AdamSmith emphasizes the importance of clear communication in keeping everything running smoothly for the community garden project. When discussing the renovation, logistics, and upcoming construction schedules, he agrees that maintaining clear and open communication ensures that everyone stays informed and that the project progresses successfully. Additionally, AdamSmith highlights the necessity of keeping the main focus strictly on the community garden ideas and plans. As the community members brainstormed various features—such as playground equipment, picnic areas, and plantings—he supported keeping the collaborative efforts properly centered on the garden itself to ensure the final outcome is a success."
Who does LiHua ask for help with installing a curtain?,AdamSmith,"LiHua reached out to Adam Smith for assistance with installing a curtain on the basement window. Believing that the addition would enhance the privacy of the space, LiHua coordinated with Adam to find a convenient time to get the project completed. After discussing their availability, the two agreed to meet up on Thursday afternoon. Adam kindly offered to bring along the necessary tools to ensure the task was handled smoothly and efficiently."
When does AdamSmith say he is available to help with the curtain installation?,Wednesday or Thursday afternoon,"According to the correspondence between Adam Smith and Li Hua regarding the basement window curtain installation, Adam Smith states that he is free on Wednesday or Thursday afternoon. After Li Hua confirms that Thursday afternoon works best for her, Adam agrees to the plan and mentions that he will bring the necessary tools to get the job done."
On which day do LiHua and AdamSmith agree to install the curtain?,Thursday afternoon,"LiHua and AdamSmith agree to install the curtain on **Thursday afternoon**. According to their scheduling conversation from September 2026, AdamSmith mentions he is free on Wednesday or Thursday afternoon, and LiHua confirms that Thursday afternoon works best for them to get the basement window curtain installed."
Who will bring the tools for the curtain installation?,AdamSmith,"Based on the provided data regarding the home improvement plans, Adam Smith is the person who will bring the tools for the curtain installation. When LiHua reached out to AdamSmith to request assistance with installing a curtain on the basement window to boost privacy, Adam readily agreed to help. After discussing schedules and agreeing on a Thursday afternoon, Adam confirmed he would come prepared with the necessary equipment, stating, ""I’ll bring the tools, and we’ll get it done."""
Who suggests exploring the PS5 settings for accessibility features and Game Help?,ThaneChambers,"ThaneChambers is the participant who suggests exploring the PS5 settings to customize accessibility features, improve the gaming experience, and utilize the handy Game Help feature when players get stuck. The conversation surrounding the PlayStation 5 console highlights various useful features appreciated by the group, including the Control Center for quickly switching between apps and adjusting audio on the fly without pausing. Members also enjoy sharing clips and gameplay highlights directly from the Control Center to relive epic moments and connect with friends."
What feature on the PS5 does Ileana praise for making switching between games smoother?,Control Center,"Based on the discussion among participants exploring various video game platforms, features, and storytelling elements, Ileana highlights a specific tool on the PlayStation 5 console for its convenience and efficiency. When discussing the various enhancements available on the modern hardware, Ileana expresses her appreciation for the **Control Center**. She notes that this particular feature acts as a lifesaver, specifically praising how it makes switching between different games and apps much smoother and more seamless during gaming sessions. The conversation surrounding the PS5 also touches upon other useful elements, such as the Game Help feature, accessibility customization, and sharing clips directly to relive epic moments. However, it is the Control Center that stands out to Ileana for streamlining the user experience when navigating between multiple titles and applications."
How does Fionnuala describe the convenience of the Control Center's audio settings adjustment?,You can adjust audio settings on the fly without having to pause the game,"When discussing the user experience and interface features of modern gaming platforms like the PlayStation 5, players often highlight the innovative tools designed to streamline gameplay. Among these, the Control Center receives high praise for its ability to reduce friction and enhance immersion during intense gaming sessions.Fionnuala specifically describes the Control Center's audio settings adjustment as ""awesome"" and notes how convenient it is to modify sound levels on the fly. Instead of having to pause the game and disrupt the flow of action, players can seamlessly tweak their audio preferences right when they are in the heat of battle."
What aspect does ThaneChambers enjoy about sharing clips on the PS5?,It's a great way to relive intense moments with friends,"When exploring the features of the PlayStation 5, gamers often highlight the seamless functionality of the Control Center, which allows players to adjust audio settings on the fly or effortlessly switch between apps and games. Among these community discussions, ThaneChambers points out a particularly enjoyable feature regarding media sharing directly from the Control Center. According to ThaneChambers, sharing clips on the PS5 provides a fantastic way to relive intense and epic gaming moments with friends. Additionally, ThaneChambers notes that it is quite cool to see what other players are accomplishing in their respective games, which ultimately serves as a fun motivation to level up one's own gameplay."
Which game is LiHua currently obsessed with for its graphics and storytelling?,God of War,"Based on the provided data, LiHua is currently obsessed with the game **""God of War.""** During a group conversation about PlayStation 5 features and gaming experiences, LiHua mentioned being ""kinda obsessed with the graphics and storytelling"" of this title, highlighting how immersive it is. Later in the discussions, LiHua also mentions exploring other visually stunning and narrative-rich games such as *Red Dead Redemption 2*, *The Witcher 3*, and *Ghost of Tsushima*. However, the specific phrase regarding being ""kinda obsessed with the graphics and storytelling"" is directly attributed to her experience with *God of War*."
What game is Helios currently playing and finds the world and gameplay mechanics stunning?,Horizon Forbidden West,"Based on the provided group conversation data, participant Helios is currently playing **Horizon Forbidden West**, praising its stunning world and top-notch gameplay mechanics. During the chat, Helios shares excitement about the game, noting that the open-world environments look amazing and that they have recently encountered some wild new machines. When fellow gamers mentioned the combat trickiness—especially when dealing with flying machines—Helios offered helpful strategic advice, such as using a bow with elemental arrows to stun them and utilizing the focus feature to track movements for easier dodging."
"How does Dyllan describe the combat in ""Horizon Forbidden West""?",It can be tricky sometimes,"Dyllan shares insights into the gameplay of *Horizon Forbidden West*, highlighting both the visual splendor of the game's diverse environments and the distinct challenges presented by its foes. According to Dyllan, while the graphics of *Horizon Forbidden West* are ""out of this world"" and the varied environments create unique challenges, the combat can occasionally be quite tricky. Specifically, Dyllan points out the difficulty of dealing with flying machines and questions how to effectively handle them without getting destroyed."
"What strategy does Helios recommend for dealing with flying machines in ""Horizon Forbidden West""?",Using a bow with elemental arrows and focus to track their movements,"When tackling the challenging flying machine enemies in the visually stunning and open-world video game *Horizon Forbidden West*, Helios recommends a specific and effective strategy. According to Helios, players should rely on using a bow equipped with elemental arrows. This approach allows players to effectively stun the airborne foes, making it much easier to bring them down safely without getting overwhelmed.In addition to using elemental arrows with a bow, Helios advises utilizing the game's focus feature to accurately track the flying machines' movements, which is crucial for successfully dodging their incoming attacks."
Which game does Helios suggest for tactical fun with a great story and character development?,Fire Emblem,"When discussing tactical gameplay and strategic thinking in video games, the conversation often turns to great titles that require planning ahead and managing resources effectively. Within the group, participants explore various games that offer deep strategic elements, such as *XCOM 2* and turn-based combat systems.Specifically, when asked about games that make you think ahead, Helios recommends checking out **Fire Emblem** for some tactical fun. Alongside its engaging tactical gameplay, Helios notes that *Fire Emblem* also features a great story and strong character development."
What type of combat does Gavriel prefer in games?,Turn-based combat,"In the discussions surrounding gaming preferences and mechanics, Gavriel shares specific insights into the types of combat and gameplay styles they find most engaging. When exploring tactical choices and strategy, Gavriel expresses a distinct appreciation for turn-based combat systems. Specifically, Gavriel notes that they really enjoy turn-based combat because it provides the player with adequate time to think and carefully plan their moves without feeling rushed by real-time pressures. Furthermore, they highlight how this pacing allows tension to naturally build with each strategic decision made during an encounter, contrasting it with fast-paced real-time strategy."
What game has Gavriel been hooked on recently for its blend of RPG elements and social simulation?,Persona 5 Royal,"Gavriel has recently been hooked on the critically acclaimed title *Persona 5 Royal*. Known for its unique and vibrant style, the game captivates players through its seamless blend of traditional role-playing game (RPG) elements and engaging social simulation features. For players like Gavriel, the appeal lies in how the game balances its mechanics. Every battle demands deep tactical thinking, particularly when exploiting elemental weaknesses, which makes the RPG combat feel consistently strategic and rewarding. Meanwhile, the social simulation aspect allows players to navigate a compelling daily life routine, building relationships and developing character bonds that are just as crucial to the experience as the dungeon-crawling."
Which game does Dyllan recommend for turn-based combat and art style?,Octopath Traveler,"Based on the gaming discussions, Dyllan recommends **""Octopath Traveler""** when asked if anyone has tried it. Dyllan specifically highlights that the combat in *Octopath Traveler* is turn-based and expresses a fondness for its distinctive art style. In addition to Dyllan's recommendation, the game receives praise from other participants in the chat as well. ThaneChambers chimes in about the game's storytelling—mentioning Primrose's emotional story and the cool boost mechanic in the battle system—while Gavriel notes how charming the pixel art is and highlights the appeal of choosing different characters with their own unique stories."
"Who is ThaneChambers' favorite character in ""Octopath Traveler""?",Primrose,"According to the discussions among participants regarding the charming turn-based RPG *Octopath Traveler*, the character stories, boost combat mechanic, and pixel art create an engaging experience for players. Among the vibrant cast, ThaneChambers shares a specific favorite character's storyline that left a lasting emotional impression.ThaneChambers highlights **Primrose**, noting how much they love her narrative and describing it as deeply emotional. The unique blend of character backgrounds and the strategic depth provided by the game's battle system make these personal journeys stand out to the group."
"What is Aisling's opinion on using traps in ""Octopath Traveler""?",They are a game changer,"Based on the provided data tables, *Octopath Traveler* is a turn-based role-playing video game featuring charming pixel art, distinct character stories, and a strategic boost combat mechanic. Participants in the discussions frequently share strategies, party compositions, and combat tips for this and other titles. When discussing character strategies and team setups for *Octopath Traveler*, Aisling and other participants talk extensively about character abilities like Ophelia's healing, Alfyn's support, and H'aanit's tracking skills. However, the data regarding trap usage specifically points to a different game context. Specifically, the use of traps is discussed in relation to other titles like *Horizon Forbidden West*, where players like Helios and LiHua note that setting up traps and ambushes is a game-changer for dealing with tough machines and adding tactical depth to battles. Within the *Octopath Traveler* discussions themselves, Aisling focuses primarily on party balance, multi-phase boss strategies, and utilizing full support setups with characters like Ophelia and Alfyn to survive grueling battles, rather than utilizing traps."
"How does Dyllan describe the importance of a balanced party in ""Octopath Traveler""?",It allows for more flexibility in battles and helps adapt to different challenges,"When discussing the tactical layers and strategic combat of the turn-based RPG *Octopath Traveler*, the participant Dyllan highlights the critical value of utilizing effective character combinations rather than relying on a one-sided approach. Specifically, Dyllan shares how pairing specific characters, such as Tressa with heavy hitters, helps to boost damage output and maximize merchant skills to turn the tide of difficult battles. Rather than focusing purely on dealing massive damage or going all-out in a single direction, Dyllan emphasizes the importance of party synergy and adaptation. When fellow participant Elara points out that H'aanit’s tracking skill paired with Olberic makes for a fantastic tanking duo—allowing the party to absorb heavy hits while dishing out damage and keeping everyone alive—Dyllan actively engages in the conversation about party compositions. Through these discussions, Dyllan illustrates that finding the right balance among diverse character roles adds an essential, fun layer of tactical planning to overcome the game's toughest encounters."
"What is Bronwyn's experience with going full support in tough fights in ""Octopath Traveler""?",It can be risky but totally viable,"When it comes to the turn-based RPG *Octopath Traveler*—a game celebrated for its charming pixel art, distinct character stories, and strategic boost combat mechanic—players often experiment with various party compositions to survive grueling boss battles. Among the participants discussing these strategies, Bronwyn shares specific insights regarding the viability of a full support team setup during challenging encounters.According to the discussion, Bronwyn notes that while she hasn't gone full support in a while, she previously had some success with it in tougher fights. However, she found that mixing in some damage-dealing skills alongside healing is ultimately what keeps the momentum going during tricky, multi-phase boss battles."
"Which boss did Gavriel struggle with the most in ""Octopath Traveler""?",The final boss,"Based on the provided group chat discussions regarding the turn-based RPG *Octopath Traveler*, participants shared various experiences with the game's challenging encounters, party setups, and strategies. When discussing the toughest battles in the game, the participants delved into party compositions—such as combining Tressa with heavy hitters, or utilizing Cyrus for elemental magic alongside Alfyn for healing—as well as managing multi-phase boss fights and boost points.Specifically regarding the endgame, Caelum mentioned struggling a lot with the final boss, noting that it took multiple tries to figure out the right strategy, adapt to enemy moves, and properly utilize equipment and character levels. While Caelum specifically highlighted the final boss as the one they struggled with the most during their playthrough, the shared conversations among the group illustrate just how demanding the overarching boss encounters in *Octopath Traveler* can be for players navigating its strategic combat system."
What does Elara enjoy doing to unwind after intense battles in games?,Wander around and collect items or side quests,"When it comes to unwinding after the adrenaline-fueled chaos of intense gaming battles, players often find unique ways to decompress and reset before diving back into the action. Elara, a dedicated gamer sharing her experiences alongside friends like Jareth and Fionnuala, has a very specific and relaxed approach to finding her zen after high-stakes encounters. Rather than jumping straight into another grueling boss fight or a high-pressure scenario, Elara prefers to keep things casual and stress-free. Specifically, she likes to play a few casual matches just to relax and let go of the tension, intentionally avoiding the stress of winning or losing. This laid-back approach allows her to enjoy the gaming environment without the heavy burden of high stakes.While other gamers might choose to wander around collecting items, side quests, or experimenting with different party combinations—as Fionnuala often does—Elara's preference for casual matches highlights the importance of taking a breather. Whether it is enjoying a moment of calm in a vast open world or playing low-pressure matches, finding these little rituals is essential for bouncing back from a frustrating loss or a grueling multi-phase boss battle."
What type of gameplay does Jareth enjoy after a big challenge?,Relaxing gameplay,"After pushing through a major challenge or intense boss fight, Jareth enjoys unwinding with a more laid-back approach to gaming. Instead of maintaining high-stakes adrenaline, Jareth prefers to take a break from the pressure by simply exploring and taking in the rich worlds of the video games they play. For instance, while diving into expansive open-world titles, Jareth finds great satisfaction in engaging with quieter, more immersive activities. This includes spending hours fishing and hunting, interacting with camps, and appreciating subtle environmental details like shifting weather patterns and wildlife interactions. This balance of high-energy combat experimentation and calm, atmospheric exploration helps create a well-rounded and deeply rewarding gaming experience."
Who asks Emily if she has read The Lord of the Rings novels?,LiHua,"When discussing the background lore and its connection to the television series *The Rings of Power*, LiHua is the person who asks Emily Burnett if she has ever read *The Lord of the Rings* novels. In their conversation, LiHua expresses curiosity about how the original literary works tie into the streaming series, noting an interest in the deeper character stories and world-building. Emily responds that while she has not yet read the novels written by J.R.R. Tolkien, she is familiar with *The Lord of the Rings* movies, which have provided her with a rich background and lore to help understand the universe of *The Rings of Power*."
What TV series does LiHua mention that they are curious about in relation to The Lord of the Rings?,The Rings of Power,"LiHua and EmilyBurnett frequently engage in discussions about various television series and media franchises, exploring deep character arcs and complex storytelling. In one of their conversations, LiHua expresses an interest in how J.R.R. Tolkien's classic literary works connect to the television landscape. Specifically, LiHua mentions being curious about the relationship between the original novels and the high-fantasy streaming series *The Rings of Power*. During this conversation, LiHua notes that they are thoroughly enjoying *The Rings of Power*, praising its stunning visual effects and the fascinating way the series explores Middle-earth's rich lore. EmilyBurnett responds by noting that while she has only seen the films rather than reading the source material, she appreciates the show's focus on character development and backstories."
"What aspect of ""The Rings of Power"" does Emily appreciate in terms of visuals?",How they are bringing Middle-earth to life,"Based on the provided data, Emily Burnett appreciates the stunning visuals of the television series *""The Rings of Power""* and specifically loves how the production is successfully bringing the world of Middle-earth to life. ### Visuals and World-Building in Middle-earthWhen discussing *""The Rings of Power""*, Emily and her fellow viewers often highlight the immersive nature of the series. While other participants in the chat praise aspects like character development, backstories, and the depth added by characters like Elrond and Galadriel, Emily specifically emphasizes that the visuals are ""amazing"" and praises the cinematic effort put into creating and visualizing Middle-earth."
Which character does LiHua mention as their favorite and describe as inspiring?,Galadriel,"In the discussions shared among the group regarding various fantasy epics and television series, LiHua expresses a deep appreciation for strong, well-developed characters who display remarkable determination and strength. When the conversation turns to the expansive lore of *The Rings of Power* and the rich world-building of Middle-earth, LiHua specifically highlights one iconic elven warrior as a personal favorite.LiHua mentions that she is ""totally into Galadriel,"" praising her impressive strength and determination. Rather than viewing her solely through the traditional lens of a wise leader, LiHua finds it especially inspiring to see Galadriel portrayed as a fierce warrior."
What aspect of Elrond's character does Emily appreciate?,His mix of wisdom and vulnerability,"Emily appreciates specific aspects of Elrond's character from *The Lord of the Rings* and *The Rings of Power*. As discussed among fans in the group chats, Elrond's development over time into a wise figure made a significant impact on the Fellowship, a progression that was widely admired. Furthermore, Emily is particularly drawn to the unique combination of wisdom and vulnerability that defines Elrond's character. She notes how this specific mix adds immense depth to his story, making his interactions with other characters in the series all the more fascinating to watch."
"What does LiHua predict will happen in ""The Rings of Power""?",Epic battles and alliances forming,"LiHua is thoroughly enjoying the television series *The Rings of Power*, noting particularly its stunning visuals and fascinating exploration of lore. When discussing the trajectory of the show with Emily Burnett, LiHua shares specific expectations for where the narrative might lead. Specifically, LiHua predicts that there will be epic battles and new alliances forming as the story progresses. Furthermore, LiHua notes that the way the series is currently building up the tension makes it feel as though things are about to get intense, leading to an exciting viewing experience for fans waiting for future episodes."
What does Emily think will happen next in the series in terms of story development?,The stakes will rise and alliances will evolve,"When discussing the direction of serialized television in group discussions, Emily Burnett often shares her anticipation for heightened stakes, character evolution, and complex narrative developments. Her insights highlight a deep appreciation for storytelling that successfully blends high-octane action with profound philosophical themes.Regarding the unfolding events in science-fiction and drama series, Emily expects the narrative tension to escalate significantly. When examining intricately plotted shows that deal with artificial intelligence, power struggles, and moral gray areas, she notes that as dark forces or opposing factions come into play, the overall stakes naturally rise. She looks forward to seeing how alliances will evolve and the difficult challenges the characters will inevitably have to face as the plot moves toward its major turning points. Furthermore, Emily emphasizes the importance of character growth alongside these external conflicts. She anticipates that future episodes will continue to explore deep discussions around trust, redemption, and human (or artificial) identity, welcoming the unpredictable twists and turns that keep audiences on the edge of their seats. For Emily, the ultimate appeal lies in how a well-crafted storyline balances deep emotional arcs with gripping, thought-provoking drama."
What do LiHua and Emily agree on regarding the anticipation for the next episode?,They both can't wait for the next episode,"Based on the provided group chat conversations, LiHua and EmilyBurnett share a deep enthusiasm for the shows they watch together, often expressing a mutual excitement for upcoming episodes and the unpredictable nature of narrative twists. When discussing complex, drama-filled series like *Succession*, both participants highlight how the blend of intense family dynamics, high stakes, and sheer unpredictability keeps them thoroughly hooked. EmilyBurnett frequently notes how the suspense and character complexities make the wait worthwhile, and LiHua echoes this sentiment, eagerly looking forward to seeing how the plot unfolds and sharing theories with the group.Ultimately, their shared anticipation stems from a mutual appreciation for rich storytelling, intricate character journeys, and the thrill of not knowing what twist the writers will drop next. Whether discussing boardroom battles or character redemptions, both LiHua and Emily agree that the suspense heightens the overall viewing experience and makes the anticipation of the next episode a thrilling part of being in the fandom."
What does LiHua suggest they should do as the series unfolds?,Keep sharing their thoughts,"Based on the provided data, LiHua makes several suggestions and comments about sharing thoughts and keeping discussions active as television series unfold. Specifically, when discussing *The Rings of Power*, LiHua suggests that they **keep sharing thoughts as the series unfolds**, noting that community discussions make the viewing experience much more fun and exciting.In addition to following unfolding television plots, LiHua is actively engaged in group discussions about character motivations, show finales, and upcoming episodes across various series like *Succession*, *Game of Thrones*, *Westworld*, and *Silicon Valley*. While sharing theories and reacting to plot twists with other members like EmilyBurnett, Kieran, and Quillan, LiHua emphasizes the joy of collective speculation, analyzing complex character arcs, and staying connected through group chats as new content is released."
What does Emily say about the series making her feel like she is really getting to know the characters?,The emphasis on character development and their backstories,"In discussions about television, Emily expresses a deep appreciation for shows that emphasize character development and backstories. When talking about the series *The Rings of Power*, she highlights how the narrative allows viewers to truly understand the figures on screen, noting that the emphasis on character background makes it feel like ""we’re really getting to know them.""Beyond her thoughts on fantasy epics, Emily is also drawn to series that dive into complex emotions and the chaos of human experiences. Whether she is discussing gripping dramas, workplace comedies, or intense storytelling, she consistently values how well-written shows bring their casts to life, making the viewing experience engaging and personal."
Who initiates the suggestion to go to the grocery store after work on 20260923?,WolfgangSchulz,"Based on the provided data tables and conversation records, there is no mention of a grocery store visit, nor is there any conversation dated **20260923**. While the data includes various daily schedules, community discussions about garden renovations, bakery events with HaileyJohnson, and casual hangouts with friends like WolfgangSchulz and AdamSmith—such as pizza nights, stand-up comedy, and photography exhibitions—grocery shopping on that specific date is not documented. If you don't know the answer, just say so. Therefore, based on the provided records, this information is not available."
What is the purpose of going to the grocery store on 20260923 according to WolfgangSchulz?,To grab some snacks for their next jam,"Based on the provided data and records, there is no mention of WolfgangSchulz going to the grocery store, nor is there any event or message recorded on the date 20260923. While the data tables contain numerous conversations between WolfgangSchulz and LiHua detailing various plans—ranging from dinner celebrations, music festivals, movie nights, and coffee dates to discussions about international travel and soccer—grocery shopping on that specific September date simply does not appear in the sources. As a result, I do not know the answer based on the provided information, and I cannot make anything up regarding any plans for that day."
What time does WolfgangSchulz propose for going to the grocery store on 20260923?,Around 5:30,"Based on the provided data tables, there is no mention of WolfgangSchulz proposing a trip to the grocery store on September 23, 2026 (20260923). Throughout the records, WolfgangSchulz and LiHua discuss various social activities, dinners, and soccer events—such as celebrating promotions, attending music festivals, and grabbing pizza or coffee—but grocery shopping on that specific date is not documented in the available logs."
How does LiHua feel about the bench press challenge proposed by JenniferMoore?,LiHua feels pretty strong and is up for the challenge,"Based on the provided data, there is no mention of a bench press challenge proposed by JenniferMoore. While JenniferMoore and LiHua frequently discuss fitness routines, progress, and various workouts—such as pull-ups, planks, and nutrition—the specific exercise known as the bench press is never brought up as a challenge between them in the conversation logs."
What exercises does JakeWatson recommend for leg strength?,Squats and lunges,"Based on the provided data, JakeWatson does not specifically recommend particular exercises for leg strength. While JakeWatson is heavily involved in discussions regarding soccer (mentioning players, Premier League managers, match tactics, and hydration), other characters in the data are the ones discussing specific lower body workouts and warm-up routines. For instance, characters like Sova discuss single-leg hops for building balance and strength, while Phoenix, Sage, Raze, and Jett talk about movements like squat jumps, lunges, and dynamic warm-ups. However, JakeWatson's own fitness-related advice focuses primarily on hydration tips, such as drinking water and consuming electrolytes before and during matches to maintain energy levels on the field."
What additional advice does JakeWatson give for maintaining muscle flexibility?,Stretch after workouts,"Based on the provided data, JakeWatson emphasizes the importance of overall physical preparation and staying hydrated rather than providing specific muscle flexibility techniques. Specifically, JakeWatson advises always drinking water before and during physical activity, noting that staying hydrated helps keep energy levels up on the field. While other members of the group share various routines for flexibility and recovery—such as incorporating yoga, static and dynamic stretching, and foam rolling—JakeWatson's direct contributions regarding physical readiness center on proper hydration practices and consuming electrolytes to support performance."
Which stretches does JakeWatson recommend for soccer-specific areas?,Hamstring stretch and quad stretch,"Based on the provided data, JakeWatson does not recommend any specific stretches for soccer-specific areas. While JakeWatson frequently discusses soccer matches, tactics, comebacks, and practice sessions—such as working on passing and shooting drills—he does not provide instructions or recommendations for physical stretches. Instead, discussions regarding stretches, injury prevention, and muscle recovery are primarily led by other individuals in the community, such as JenniferMoore, Sage, Raze, and Brimstone."
How long should each stretch be held according to JakeWatson?,About 30 seconds,"Based on the provided data tables and chat logs, there is no mention by **JakeWatson** regarding how long a stretch should be held. While the group chat includes extensive discussions about fitness, workout routines, and stretching techniques shared by members like JenniferMoore, Raze, Sage, and Omen—touching on dynamic stretches, static stretches, yoga, hydration, and injury prevention—JakeWatson's contributions primarily revolve around football (soccer) discussions, Premier League managers, and setting up weekend soccer practices with friends. Therefore, the provided data does not contain any information about stretch durations attributed to JakeWatson."
When and where does JakeWatson propose to meet for the practice session according to the conversation on 20260925?,Saturday at 4 PM at the usual spot,"Based on the provided data and records, there is no mention of a conversation taking place on ""20260925,"" nor does JakeWatson propose a meeting for a practice session on that specific date. However, the provided logs do contain various discussions involving JakeWatson, Li Hua, and other members organizing soccer practice sessions, watch parties, and games on different dates. For instance, in conversations regarding soccer and training, various members coordinate practice sessions and meetups, but none match the specific date of September 25, 2026. If you don't know the answer, just say so. Based on the provided tables, the specific details for a conversation on 20260925 are not available."
What is LiHua's response to the suggestion of taking a warm shower before bed?,LiHua plans to try it tonight,"Based on the provided data tables, there is no mention of a suggestion regarding taking a warm shower before bed, nor is there any response from LiHua on this specific topic. While the data records various conversations involving LiHua—ranging from photography walks, soccer drills, video game discussions, and music jam sessions to a community medical knowledge lecture covering basic health tips, common health issues, sleep articles, and fitness routines—taking a warm shower before bed is not discussed anywhere in the sources. Therefore, I do not know the answer to this question based on the provided information."
Who asks LiHua to measure the window in the basement?,AdamSmith,"Based on the provided data, nobody actually asks LiHua to measure the window in the basement. The conversation regarding the basement window involves Adam Smith, who agrees to help LiHua install a curtain on the basement window to boost privacy. During their exchange regarding scheduling for Thursday afternoon, there is no mention of taking measurements."
Why does AdamSmith want the window measured?,To get some curtains made,"Based on the provided data tables, there is no mention of AdamSmith wanting a window measured. The interactions involving AdamSmith primarily revolve around helping Li Hua with installing a curtain on the basement window, checking on the basement's condition after a storm, picking up basement keys, and discussing rent. While AdamSmith offers assistance with the basement window curtain installation, specific details regarding measuring the window are not included in the records."
What are the dimensions of the window that LiHua measures?,150 cm wide and 120 cm high,"Based on the provided data, there is no mention of the specific dimensions of the window that LiHua measures. The records show that LiHua asked Adam Smith for help installing a curtain on the basement window to boost privacy, and they planned to do it on a Thursday afternoon (Sources: 0). However, the conversation only covers scheduling and the agreement to get the task done; details regarding the physical measurements or dimensions of the window are not discussed in the available logs."
Who initiates the discussion about binaural tones?,ChaeSong-hwa,"Based on the provided data tables and communication sources, there is no mention or discussion regarding binaural tones. The conversations primarily focus on music genres, video game soundtracks (such as *Beyond: Two Souls*, *The Last of Us*, and *Death Stranding*), band practices, karaoke nights, and community events like garden renovations and picnics. Therefore, according to the available evidence, we do not know who initiates a discussion about binaural tones, as no such topic appears in the records."
What does ChaeSong-hwa suggest binaural tones could enhance?,The sound and listening experience for their audience,"Based on the provided data, there is no mention of ""binaural tones"" suggested by ChaeSong-hwa or any other individual. The characters in the transcripts discuss various topics such as music festivals, karaoke nights, video game soundtracks, soccer matches, and band practices, but binaural beats or tones are never brought up. If you are curious about what ChaeSong-hwa and her friends *do* discuss regarding music and its effects, they frequently talk about how live music, band practice, and specific game soundtracks enhance moods, emotional depth, storytelling, and mental health. For instance, ChaeSong-hwa shares an article about how music can boost mental health to inspire her band, ""The Jolly Band,"" during their jam sessions."
How does YurikoYamamoto feel about adding a new dimension to their music with binaural tones?,Excited to give it a try,"Based on the provided data tables and communication logs for ""The Jolly Band""—which includes members YurikoYamamoto, LiHua, WolfgangSchulz, and ChaeSong-hwa—there is no mention of ""binaural tones."" While the band members frequently discuss expanding their musical style, trying out fusion pieces, incorporating traditional Chinese instruments like the erhu or guzheng, and blending different genres like classic rock, acoustic tunes, and pop, binaural tones do not appear in any of their conversations. Therefore, according to the provided sources, YurikoYamamoto's feelings on adding binaural tones to their music are unknown."
Who congratulates LiHua on pushing their limits with the bench press?,JenniferMoore,"Based on the provided conversations, the person who congratulates LiHua for pushing their limits and smashing their personal record is **JenniferMoore**. In their interaction, JenniferMoore celebrates LiHua's hard work and progress, noting how rewarding strength gains are and keeping the motivational momentum going for their upcoming workout sessions."
What does LiHua express feeling after the encouragement from Jennifer?,Strong and motivated,"Following the supportive words and encouragement from her fitness trainer, Jennifer, LiHua expresses feeling a noticeable boost in her overall stamina and energy levels during her workouts. She notes that she feels much more capable and energized as she progresses through her fitness journey.Furthermore, LiHua shares a sense of enthusiasm and readiness to tackle new challenges. Buoyed by Jennifer's guidance, she feels motivated to push her physical limits further, set new personal records, and continue working hard toward her health and fitness goals."
What is the focus for the next session suggested by JenniferMoore on 20260930?,Form and control,"Based on the provided data and records, there is no specific conversation or message from JenniferMoore dated 20260930 regarding a focus for a next session. However, looking at the surrounding training logs and fitness interactions between JenniferMoore and LiHua, their sessions regularly center on pushing physical limits and achieving specific fitness milestones. For instance, in previous communications, JenniferMoore has encouraged LiHua to aim for high-intensity goals such as completing 100 push-ups in a session, celebrating personal records on pull-ups, and emphasizing consistent effort, proper hydration, and adequate warm-ups. While the exact details for a session on September 30, 2026, are not documented in the provided sources, their typical workout focus clearly revolves around strength training, progressive overload, and maintaining high energy and momentum to crush fitness goals."
What technique does JenniferMoore suggest to gradually increase weight of the bench press exercise?,Progressive overload,"JenniferMoore suggests incorporating **progressive overload** to gradually increase the weight of the bench press exercise. This training principle involves steadily increasing the weight or resistance over time to continually challenge the muscles and stimulate further strength gains. In addition to implementing progressive overload, JenniferMoore emphasizes the importance of focusing on proper form and control during the execution of the bench press. Maintaining strict control throughout the lift ensures that the exercise targets the intended muscle groups effectively while minimizing the risk of injury as the weight increases. Alongside lifting technique, she also reminds fitness enthusiasts to prioritize adequate rest and proper nutrition—such as fueling up with healthy meals—to support muscle recovery and sustained performance in the gym."
Who suggests going out for hot pot?,LiHua,"When it comes to planning a cozy and spicy meal, **LiHua** is the one who suggests going out for hot pot. In a conversation with Wolfgang Schulz, LiHua initiates the idea by asking, ""Hey man! Wanna go have hot pot for dinner tonight? Let me know!"" Wolfgang Schulz is immediately on board with the suggestion, noting that Sichuan-style hot pot is a favorite. After some friendly coordination about timing and picking up drinks—settling on 7 pm and some cold beer to complement the spicy food—the dinner plan is successfully locked in."
What type of hot pot does WolfgangSchulz prefer?,Sichuan,"Based on the provided conversations, WolfgangSchulz is a big fan of hot pot and specifically prefers Sichuan-style hot pot, noting that it is his absolute favorite. When discussing dinner plans with LiHua for a hot pot outing, WolfgangSchulz enthusiastically agreed that Sichuan hot pot is the best choice, looking forward to all the ""spicy goodness"" paired with a cold beer."
What time does LiHua propose for dinner on 20260930?,7 pm,"On September 30, 2026 (20260930), LiHua proposes getting together for dinner to enjoy some hot pot. In a conversation with WolfgangSchulz, LiHua suggests meeting up for the meal at **7 pm**. WolfgangSchulz enthusiastically agrees with the time, noting that it will work perfectly and expressing excitement for the spicy Sichuan hot pot. To complement the meal, they also decide to pick up some cold beer on the way, making it a well-planned and enjoyable evening for both friends."
Who comes up with the idea of picking up drinks on the way to hot pot?,LiHua,"When planning a dinner together, the idea of picking up drinks on the way comes from Wolfgang Schulz. During a conversation with Li Hua about going out for hot pot, Wolfgang readily agrees to the plan and suggests grabbing some beverages to complement the spicy Sichuan meal, ultimately deciding that cold beer would be the perfect match for the evening.This casual dining plan is just one of the many social activities and hobbies that Li Hua and Wolfgang share. As members of ""The Jolly Band,"" they frequently collaborate on music, brainstorm fusion styles incorporating traditional Chinese instruments like the erhu, and attend live music festivals together alongside other friends like ChaeSong-hwa and Yuriko Yamamoto."
What type of drink does LiHua suggest to have with hot pot?,Cold beer,"LiHua suggests having cold beer to go with the hot pot, noting that it sounds like a great combination. WolfgangSchulz agrees, calling beer a ""perfect match"" for the meal.In addition to beer, LiHua has organized other beverage selections for social gatherings in the past. For instance, when hosting a Chinese Lunar New Year celebration at home, LiHua planned to serve green tea and traditional Chinese drinks, along with some fruity drinks to add a bit of variety and mix things up."
Who reminds everyone to drink water before and during the match?,JakeWatson,"Based on the provided data, reminders about staying hydrated and bringing water bottles to soccer sessions are mentioned by a few different individuals across the group's meetups. ### Hydration Reminders on the FieldDuring the planning for their weekend soccer practices, teammates take turns making sure everyone is prepared for the physical activity. **Ivor** specifically reminds everyone to bring both a ball and their water bottles so the group comes prepared for a fun and successful session. Additionally, as the team coordinates their gear and snack logistics, **Evangeline** chimes in to emphasize the importance of hydration, reminding everyone not to forget to bring some water to stay properly hydrated while putting in hard work and effort on the field."
What does Ivor do the day before a game to help with hydration?,Hydrate well,"Based on the provided conversations, Ivor is an active participant in soccer practice discussions who emphasizes preparation and teamwork. When it comes to getting ready for a session on the field, Ivor makes sure to encourage his fellow teammates to come fully prepared. Specifically, Ivor reminds everyone to bring essential gear and stay properly hydrated for their training. He notes the importance of bringing a ball and water bottles to make the practice session more fun and well-prepared."
What drink does JakeWatson recommend for hydration after a match?,Coconut water,"When it comes to staying properly hydrated and energized after a tough match or a strenuous workout session, the members of the community share a variety of favorite beverages and hydration hacks. From electrolyte powders and fresh lemon twists in plain water to energy drinks, finding the right post-game refreshment is a popular topic of discussion among fitness enthusiasts and soccer fans alike. Specifically, when discussing preparation and hydration for upcoming match days and watch parties, JakeWatson chimes in with practical recommendations. After organizing snacks and food options like pizza and chips, JakeWatson suggests bringing along some water to ensure everyone stays properly hydrated while cheering on their favorite teams. Additionally, when planning for a fun-filled Saturday of soccer practice followed by hanging out with friends, JakeWatson specifically mentions that he will bring some drinks along for the team to enjoy after hitting the field."
What does Giselle emphasize about passing drills?,Accuracy is key in games,"Based on the provided conversations and group discussions regarding upcoming soccer practices, Giselle highlights several key elements when it comes to preparing for and executing soccer drills on the field. First and foremost, Giselle places a strong emphasis on **passing accuracy**, noting that nailing accurate passes makes a significant difference in actual match play. In addition to precision with the ball, she reminds her fellow participants of the importance of physical preparation and safety before the drills begin. Specifically, she encourages everyone to take a few minutes to **stretch** prior to practice to help prevent injuries while out on the field.Furthermore, Giselle looks out for the practical and comfort needs of the group during active training sessions. She reminds everyone to **wear comfortable shoes** to practice, which helps facilitate better movement during the running and drills. She also advocates for staying well-prepared by making sure everyone remembers to bring their **water bottles** to stay hydrated while running around. Beyond physical readiness, Giselle is an enthusiastic participant who encourages teamwork and loves sharing helpful tips with her peers to ensure everyone improves their skills and has a great time."
What practice idea does Dacey suggest to improve passing skills?,Target practice with cones,"Dacey actively contributes to the group discussions regarding weekend practice sessions and strategic skill-building. When the group talks about improving their passing accuracy and game performance, Dacey chimes in with practical, engaging ideas to keep the team focused and energetic.Specifically, to improve passing skills, Dacey suggests incorporating **target practice using cones**. By setting up cones as specific aims on the field, players can practice their passing accuracy by aiming directly for the targets. Additionally, Dacey encourages bringing plenty of water bottles to maintain high energy levels during these rigorous drills. These suggestions help combine technical skill improvement with a fun and competitive team environment, ensuring everyone stays hydrated and motivated on the field."
What does Briar remind everyone to bring to practice?,Water bottles,"Based on the group's discussions regarding their upcoming weekend soccer practices, Briar highlights several important items to ensure a successful and safe session on the field. Specifically, when planning for their soccer drills and weekend kick-arounds, Briar emphasizes the importance of player welfare and preparation. Along with discussing tactics, formations, and the inspiration drawn from football legends like Messi, Ronaldo, Kevin De Bruyne, and Mason Mount, Briar specifically reminds everyone about the vital importance of hydration and encourages the team to **bring their water bottles** (as well as suggesting cones for target practice and extra snacks to enjoy after the session)."
What does Giselle remind everyone to do before practice?,Stretch,"Based on the provided information, Giselle is an active participant in the group's soccer discussions and practice planning. Before practice gets underway, Giselle emphasizes the importance of basic preparation and teamwork. Specifically, Giselle reminds everyone to stretch before practice. In addition to this pre-practice routine, she also highlights passing accuracy, brings water, and encourages participants to wear comfortable shoes to help with movement during drills."
Who is considering buying Sekiro: Shadows Die Twice and asks for ThaneChambers' opinion?,LiHua,"LiHua is the one who considers purchasing the challenging video game *Sekiro: Shadows Die Twice* and reaches out to ThaneChambers to ask for their opinion. Discussing the game in a group setting, LiHua asks if the title is worth getting and how it holds up. In response, ThaneChambers enthusiastically confirms that *Sekiro: Shadows Die Twice* is amazing, praising its unique combat system that heavily emphasizes timing and strategy, alongside its cool world design. ThaneChambers notes that while the game features some tough battles and requires players to pace themselves, it is definitely worth grabbing for anyone who enjoys a challenging experience with a rich, atmospheric story."
What does ThaneChambers think about Sekiro: Shadows Die Twice?,It's amazing and worth grabbing,"ThaneChambers holds a very positive and enthusiastic opinion about *Sekiro: Shadows Die Twice*, describing the title as an amazing gaming experience. When asked about it by LiHua, ThaneChambers highlights several core elements that make the game stand out, particularly praising its unique combat system that heavily encourages careful timing and strategic thinking. In addition to the gameplay mechanics, ThaneChambers points out that the world design is super cool and immersive. While noting that the game can lead to some tough battles and requires players to be ready for a challenge, ThaneChambers ultimately considers it completely worth playing and promises an epic adventure for anyone willing to dive into its rich and atmospheric story."
What aspects of Sekiro: Shadows Die Twice does ThaneChambers highlight?,Unique combat system & timing & strategy & world design,"ThaneChambers highlights several key aspects that make *Sekiro: Shadows Die Twice* a compelling and memorable video game experience. First and foremost, ThaneChambers points out the title's unique combat system. Rather than relying on simple button mashing, the game demands careful attention to timing and strategic thinking during battles. This creates an engaging and challenging gameplay loop that keeps players on their toes.In addition to the combat mechanics, ThaneChambers praises the game's world design, noting that it is exceptionally cool. This world design supports a rich story with a great atmosphere, making the overall adventure immersive and rewarding for players who are willing to embrace a tough challenge."
Does ThaneChambers recommend Sekiro: Shadows Die Twice to those who love a challenge?,Yes,"*Sekiro: Shadows Die Twice* is widely recognized as a deeply engaging, albeit demanding, video game. According to the provided data, ThaneChambers is a strong advocate for the title, particularly for players who enjoy testing their skills against difficult obstacles. When discussing the game with LiHua, ThaneChambers explicitly describes *Sekiro: Shadows Die Twice* as ""amazing"" and highlights its unique combat system that heavily relies on timing, strategy, and world design. ThaneChambers directly addresses the question of whether it is worth playing for those who enjoy difficult titles by affirming, ""If you're into challenging games, you’ll love it."" While adding a cautionary note to ""be ready for some tough battles,"" the overall recommendation remains firmly positive, emphasizing that the steep learning curve and satisfying challenges are all part of an epic and rewarding adventure."
What game is ThaneChambers currently playing?,Black Myth: Wukong,"Based on the community discussions and shared gaming experiences provided in the group chats, ThaneChambers is actively discussing and playing several notable titles. However, a major focus of their gaming discussions revolves around the critically acclaimed open-world RPG, ***The Witcher 3: Wild Hunt***. ThaneChambers frequently shares enthusiasm for the game alongside other members like Li Hua, expressing deep appreciation for its immersive storytelling, rich lore, and breathtaking landscapes—particularly noting the fairy-tale aesthetic and vivid colors of Toussaint in the *Blood and Wine* expansion, as well as the stunning scenery of Skellige.In addition to *The Witcher 3*, ThaneChambers is actively engaged in discussions about other popular titles and platforms. They frequently chat about first-person shooters like *Apex Legends*, share tips on PlayStation 5 settings and features like the Control Center and Game Help, and explore tactical strategy games and upcoming releases. Whether they are admiring the visual details in open-world adventures or strategizing about upcoming gaming gear and releases, ThaneChambers remains an active and enthusiastic participant in the community's gaming conversations."
What does LiHua think about the graphics and gameplay of Black Myth: Wukong?,The graphics look insane and the gameplay seems really fluid,"LiHua is currently playing and thoroughly enjoying the immersive action role-playing video game *Black Myth: Wukong*. When discussing the title with fellow gamers, LiHua has expressed a great deal of enthusiasm for its dynamic gameplay mechanics, noting how much fun it is to experience the fluidity of the action and eagerly looking forward to unlocking even more abilities as the journey progresses. In addition to the gameplay, LiHua has highlighted the exploration aspect of *Black Myth: Wukong* as a major highlight. According to LiHua, each area within the game feels uniquely detailed, making the overall process of exploring the world both engaging and deeply enjoyable. Alongside these praises, LiHua shares this appreciation for the game's stunning visuals and fascinating character lore with other community members like ThaneChambers, who similarly commend the top-notch storytelling and breathtaking environments that bring the title to life."
What part of Black Myth: Wukong does ThaneChambers like the most?,The fresh take on the classic tale and the unique combat mechanics,"Based on the provided data, ThaneChambers is a fan of *Black Myth: Wukong* and has discussed several aspects of the immersive action role-playing video game with LiHua. While ThaneChambers frequently praises the game's stunning visuals and immersive storytelling, they specifically highlight the combat and encounter design when discussing their favorite parts of the experience. In their conversations, ThaneChambers notes that they loved the part of the game where the player first encounters the giant enemies, highlighting the thrill of strategizing how to take them down alongside the breathtaking scenery during that specific fight."
Which aspect of Black Myth: Wukong does LiHua find immersive?,The combat style and how it blends with the storyline,"LiHua, along with Thane, is actively engaging with the immersive action role-playing video game *Black Myth: Wukong*. Known for its stunning visuals, top-notch storytelling, and fluid gameplay, the game offers a rich experience that captures the attention of its players. Specifically, LiHua and other players appreciate how the game's overall design and aesthetic pull you into its world. Alongside its captivating visuals, *Black Myth: Wukong* has been widely noted for its amazing soundtrack, which brilliantly combines traditional Chinese instruments with modern orchestration to enhance the atmosphere of the game."
What does ThaneChambers love about the boss battles in Black Myth: Wukong?,The thrill of strategizing how to take them down and the breathtaking scenery,"*Black Myth: Wukong* has captured the attention of gamers with its stunning visuals, fluid gameplay, and rich atmosphere. Within this immersive action role-playing game, ThaneChambers has found plenty to enjoy, particularly when it comes to the game's high-stakes encounters and breathtaking presentations.### Epic Encounters and StrategyWhen discussing the game, ThaneChambers highlights several key elements that make the boss fights stand out. Specifically, Thane loves how the boss battles are truly epic, providing a thrilling challenge that requires careful planning and tactical execution. ### Stunning Visuals and AtmosphereBeyond the mechanics, ThaneChambers is deeply impressed by the sheer visual spectacle surrounding these encounters. For instance, the scenery during major fights—such as when first encountering giant enemies—is breathtaking, combining top-notch storytelling with stunning graphics to create an unforgettable gaming experience."
Who informs LiHua that the new software is almost done?,WolfgangSchulz,"LiHua receives updates and encouragement from several friends and acquaintances regarding various personal projects, fitness milestones, and gaming discussions. However, when it comes to the progress of the software project specifically, it is Wolfgang Schulz who shares the exciting news.In a conversation on September 8, 2026, WolfgangSchulz reaches out to LiHua to announce that his software project has finally made significant progress. He expresses gratitude for LiHua's earlier encouragement during difficult times, which helped him push through. LiHua enthusiastically replies with support and pride, asking how the project is looking now. WolfgangSchulz responds that the project is in much better shape, noting that all the pieces are finally coming together as they look ahead to their next jam session and band practice."
What is LiHua's reaction to the news about the new software?,LiHua is excited to check it out,"LiHua's reaction to the news about the new software was overwhelmingly positive and supportive. When WolfgangSchulz shared that his software project had finally made significant progress, LiHua was quick to express enthusiasm and pride, congratulating him on the achievement. Furthermore, LiHua noted how proud she was of Wolfgang and acknowledged that his hard work was truly paying off. This supportive exchange highlighted their strong camaraderie and mutual encouragement, especially after Wolfgang mentioned that LiHua's earlier words during difficult times had helped him push through the project's hurdles."
Who asks Jake to play as the goalkeeper for soccer training?,LiHua,"Based on the provided data, there is no mention of anyone asking Jake to play as the goalkeeper for soccer training. While the group of friends frequently organizes weekend soccer practices to work on drills like passing, shooting, and dribbling—and often follows up their sessions with pizza and drinks—the specific position of goalkeeper is never requested of Jake in the provided conversation records."
Does Jake agree to play as the goalkeeper?,Yes,"Based on the provided data tables and discussions about soccer, team formations, and weekend practice sessions, there is no mention of Jake agreeing to play as the goalkeeper. While Jake is an active participant in organizing matches, discussing team tactics (such as his preference for the 4-3-3 formation), and joining his friends for drills involving passing and shooting, the role of goalkeeper is never assigned to him. Instead, the conversations highlight other aspects of his involvement in soccer. For instance, he frequently shares his enthusiasm for legendary players like Lionel Messi, discusses iconic matches in the Champions League, and coordinates weekend practices focusing on dribbling, shooting, and overall team chemistry alongside friends like LiHua, Aurora, and Jasper."
Who discusses classic matches between Barca and Bayern with Jake?,LiHua,"Based on the provided conversation data, the person who discusses classic matches between Barcelona (Barca) and Bayern Munich with JakeWatson is LiHua. In the discussion recorded on October 5, 2026, LiHua initiates the conversation by mentioning to Jake that she had just watched several classic matches between Barca and Bayern in Champions League (UCL) history, noting that they make really good opponents for each other. Jake enthusiastically agrees with LiHua, highlighting the incredible drama and comebacks in those games, such as Barcelona's 4-0 loss in 2013 and their 2015 victory. The two continue to share their favorite moments—such as Neymar's memorable goal in the 2015 match and the intensity of the 4-0 comeback—while discussing the team's ongoing form and upcoming fixtures."
In which year did Barca lose 4-0 against Bayern as mentioned in the conversation?,2013,"In the discussions shared among the soccer fans, the conversation occasionally drifts into legendary matches and memorable moments in UEFA Champions League (UCL) history. Among these highlights, the fierce rivalry and classic encounters between Barcelona and Bayern Munich are a frequent topic of debate and excitement. Specifically, when discussing the intense history and dramatic comebacks between the two European giants, a heavy defeat for Barcelona is recalled. As mentioned in the dialogue, Barcelona lost **4-0** against Bayern in the year **2013**, though they later managed a notable response during their 2015 encounters on the path to further UCL drama."
Which goal does Jake consider incredible from the 2015 match?,Neymar's goal,"When discussing classic football matches and unforgettable moments with friends, fans often reflect on the incredible goals and plays that define the sport. In particular, conversations about the historic matches between Barcelona and Bayern Munich in UEFA Champions League history highlight several legendary moments. Among these, Jake specifically recalls the stunning goal scored by Neymar during the 2015 match. According to Jake, the way Neymar finished the play and secured their place in the final was an absolute highlight, showcasing the immense passion, teamwork, and skill of the squad."
Who does Jake believe has the potential to be a game-changer for Barca?,Pedri,"When discussing the legendary matches and ongoing history between Barcelona (often referred to as Barca) and Bayern Munich in the UEFA Champions League, soccer fans often reflect on the club's incredible comebacks, intense rivalries, and stellar roster of players throughout the years. Among these enthusiastic fans, Jake believes that Pedri has the potential to be a true game-changer for Barca. Jake has noted that Pedri's vision and control on the pitch are reminiscent of the absolute greats of the sport, making him an exciting young talent to watch as his journey and development unfold during big matches."
What is LiHua looking forward to in the upcoming matches?,Seeing how Pedri and the team perform and if they can go far in the UCL,"LiHua has a lot of excitement and anticipation lined up for upcoming soccer matches, particularly when it comes to following FC Barcelona and analyzing team performances and player potentials. In recent discussions with friends like JakeWatson, LiHua expressed enthusiasm for watching how Barca and the rest of the team will perform throughout the season, eagerly keeping track of their schedule—including a match anticipated for Wednesday—and staying tuned to see how far the club can go in the UEFA Champions League (UCL). Beyond general team progress, LiHua is keenly focused on individual rising stars and tactical dynamics. Specifically, LiHua is interested in seeing whether young talents like Pedri can replicate past moments of magic and play a game-changing role in big matches. This follows a shared appreciation with friends for historic club highlights, such as memorable comebacks, fierce rivalries like El Clásico, and the legacies of legendary players and managers.To complement the viewing experience, LiHua also looks forward to the social and culinary side of match days. Whether planning to watch solo or organizing a fun watch party with friends, LiHua is all about enjoying good company alongside favorite match-day snacks—such as nachos with cheese, spicy salsa, and refreshing cold drinks—making every upcoming game a thrilling event to experience."
What are Jake's go-to snacks for match days?,Chips and dip & pizza,"Based on the provided discussions and interactions among the friends, Jake Watson has shared his favorite foods and go-to snacks for match days. When chatting about watching football matches, particularly regarding upcoming games and watch parties, Jake highlights specific items that keep the energy high and the group fueled while cheering on their favorite teams.According to the data, Jake's go-to match day snacks and refreshments include **chips and dip**, as well as **pizza**, which he considers an absolute must. In addition to these savory favorites, staying hydrated is a key part of the routine, with Jake and his friends also mentioning options like water, coconut water, sodas, and energy drinks to keep their energy up on the field and during watch parties."
What are LiHua's favorite snacks for the game?,Nachos with cheese and spicy salsa,"LiHua enjoys a variety of snacks depending on the type of game or gathering taking place. For soccer practice sessions and matches with friends, LiHua is a big fan of casual, shareable comfort foods. When discussing post-practice plans with teammates like JakeWatson, Evangeline, and Henley, LiHua enthusiastically suggests going for pizza or burgers, noting that they are easy, tasty, and perfect for sharing after a hard workout on the field. In addition to hearty meals like pizza, LiHua also pitches in with lighter treats for the group. During weekend soccer meetups, LiHua often brings along snacks to share with everyone, helping the team refuel and relax after a fun match. Whether it is grabbing burgers or sharing treats on the sidelines, LiHua's choices are all about keeping the post-game atmosphere relaxed and social."
Who does LiHua pick as the best football manager of all time?,Pep Guardiola,"LiHua's choice for the greatest football manager of all time is Pep Guardiola. During enthusiastic discussions with friends and fellow soccer fans, LiHua explicitly names Guardiola as the top pick. This preference is heavily tied to Guardiola's successful career and the distinct, dominant style of play he implements, such as the famous tiki-taka philosophy seen during his time managing Barcelona. In addition to his historical success with Barcelona, LiHua and the group frequently discuss Guardiola's tactical brilliance and his ability to transform teams like Manchester City into powerhouses, further cementing his status as the ultimate manager in LiHua's eyes."
What aspect of Guardiola's career does JakeWatson admire?,The transformation of the teams he's managed,"Pep Guardiola's illustrious career as a football manager has sparked many discussions among fans regarding his unique tactical approach and overall impact on the sport. When considering what specific aspects of Guardiola's career draw admiration from JakeWatson, the conversations highlight several key elements of the manager's successful journey in professional football.JakeWatson has openly expressed deep appreciation for the incredible work Guardiola has accomplished across the different clubs he has managed. Specifically, JakeWatson notes how these teams have undergone remarkable transformations under Guardiola's leadership, describing it almost as if the manager possesses a ""magic touch."" Beyond the sheer success and trophy-winning nature of his stints with clubs like Manchester City, JakeWatson also draws attention to Guardiola's distinct style of play. He marvels at how Guardiola's tactical approach and influence have fundamentally shaped modern football, leaving a lasting impression on how the game is played and appreciated by fans worldwide."
"Which team's style of play does Farrah remember as ""Total football""?",Barcelona,"Farrah remembers the style of play of the legendary **Barcelona** team under the management of Pep Guardiola as ""Total football."" ### The Discussion on Guardiola's ImpactIn the discussions regarding historical football greatness and tactical approaches, Farrah and fellow participants frequently highlight Pep Guardiola's immense influence on the sport. When the group debates the best football managers of all time, Farrah points out that Guardiola's brilliance extends well beyond merely collecting trophies; it is fundamentally rooted in the unique style of play he implements. Specifically, Farrah draws attention to how Guardiola's teams dominate possession and create constant scoring chances through fluid, highly coordinated movement—a philosophy affectionately and historically recognized as ""Total football.""### Context in Soccer HistoryThe term ""Total football"" is a legendary tactical system where any outfield player can take over the role of any other player in a team, maintaining a fluid shape and dominating possession. While historically pioneered by Ajax and the Netherlands national team in the 1970s, Farrah specifically associates this breathtaking, possession-dominant approach with Guardiola's iconic Barcelona squad, which mesmerized fans worldwide with its signature tiki-taka and relentless tactical control."
What playing style is associated with Guardiola's Barcelona team?,Tiki-taka,"Pep Guardiola's renowned Barcelona team is famously associated with the **tiki-taka** style of play, which is centered around maintaining total football dominance. This strategy is defined by dominating possession of the ball, utilizing short and rapid passing combinations, and creating scoring chances through fluid movement and spatial control across the pitch. In addition to the aesthetic beauty of the tiki-taka approach, Guardiola's tactical framework requires high-intensity pressing to win the ball back quickly whenever possession is lost. This combination of relentless ball retention, intelligent positioning, and proactive tactical adaptation allowed his Barcelona squad to control the tempo of matches entirely, transforming them into one of the most dominant and iconic sides in football history."
Which player's development under Guardiola does Jasper mention?,Phil Foden,"When discussing legendary football managers and their unique styles of play, Jasper highlights the impressive work of Pep Guardiola. In particular, Jasper points out the significant player development seen under Guardiola's management at Manchester City.Specifically, Jasper mentions the remarkable growth and progress of **Phil Foden**. Under Guardiola's guidance, Foden has flourished and shown a tremendous amount of development, showcasing how the manager knows how to get the best out of his squad and give young players the chance to shine."
What player's midfield importance does Aurora highlight?,Rodri,"Based on the provided data tables and conversation sources, Aurora highlights the midfield importance of **Rodri** under the guidance of manager Pep Guardiola. In the discussions regarding Manchester City and their tactical setup, Aurora notes Rodri's massive role in the midfield, emphasizing that his presence and contributions are huge for the team's balance and success."
Who will bring cones for drills at the match?,Farrah,"When preparing for a soccer match or training session, having the right equipment is essential for organizing drills and keeping everyone on track. In the provided group discussions about upcoming soccer practices and matches, several participants step up to bring the necessary gear, particularly cones for setting up drills.### Bringing the ConesAccording to the conversation logs, **JakeWatson** and **Henley** are the ones who specifically mention bringing the cones. * **JakeWatson** notes during a planning session: *""I'll bring the cones too, so we can set up some drills. Let’s make it a productive session!""** **Henley** also chimes in during another weekend preparation, offering: *""I'll bring some cones so we can set up drills and practice! Let’s make sure we work on the weak spots from our last matches.""*### Other ContributionsIn addition to cones, the group is very organized when it comes to preparing for their weekend soccer activities. Other participants contribute different items to ensure a successful practice and watch party:* **Aurora** brings a couple of packs of water bottles and assorted sodas.* **LiHua** takes charge of the pizza order.* **Jasper** brings chips and drinks.* **Ivor** brings energy bars to keep everyone fueled. With everyone chipping in—from JakeWatson and Henley bringing the cones for structured drills to others handling hydration and snacks—the team is always fully prepared for both their training sessions and their epic match day get-togethers!"
What type of passes does Briar suggest adding to the practice?,Quick one-twos,"### Introduction to Briar's Soccer InsightsBriar is an enthusiastic participant in the group's weekend soccer practice and match discussions. As a dedicated player who admires formations like the 4-2-3-1 and star playmakers like Kevin De Bruyne and Mason Mount, Briar is heavily engaged in strategizing how to improve the team's performance on the pitch. Whether discussing the Premier League title race, Champions League predictions, or tactical approaches for international squads like England, Briar consistently contributes valuable ideas to elevate both individual skills and overall team coordination.### Recommended Practice DrillsWhen the group organizes their weekend practice sessions—which frequently involve passing accuracy, shooting drills, and tactical positioning—Briar is always eager to pitch in. During preparations for a Saturday training session, the participants plan various ways to sharpen their fundamentals, such as setting up cones for target practice, working on defensive strategies, and refining ball control. ### The Specific Pass SuggestionWhen discussing how to enhance the upcoming practice drills and keep the workout dynamic and engaging, **Briar specifically suggests adding quick one-twos**. This fast-paced passing combination is intended to help the team improve their spacing, build momentum during play, and maintain their stamina while having fun and preparing for their matches."
What will LiHua bring for everyone to enjoy after the match?,Snacks,"Based on the provided conversation logs, LiHua often takes care of post-game refreshments and snacks when the group gets together for soccer matches and practice sessions. For example, during one of their planned football match days, LiHua specifically mentions bringing snacks for everyone to enjoy together after the action on the pitch concludes. According to the details in the chat records, LiHua plans to bring **snacks** for the group to enjoy after the match, ensuring everyone has some tasty fuel to relax with after working hard on the field."
Which match does Jasper mention that Manchester City played recently?,Against Chelsea in the Premier League,"When discussing football matches, Jasper and the chat participants often share insights and nostalgic memories about classic encounters, legendary comebacks, and tactical masterclasses. For instance, Jasper has highlighted Barcelona's historical dominance under Pep Guardiola, referencing memorable moments such as Pedro's early goal in El Clásico. When specifically asked about recent matches involving Manchester City, Jasper mentions catching Manchester City's latest match against Chelsea in the Premier League. During this discussion, Jasper expresses admiration for how effectively Manchester City controlled the game pace and highlights Phil Foden's stunning goal during the encounter. Beyond Premier League action, Jasper's football commentary extends to various other notable games and historical tournaments. His recommendations and analyses range from legendary Champions League finals—such as the dramatic 2005 clash between Liverpool and AC Milan—to broader tactical discussions regarding squad depth, formations like the 4-2-3-1, and player development under managers like Pep Guardiola."
Who scored a stunner in the Manchester City vs. Chelsea match as mentioned in the conversation?,Phil Foden,"Phil Foden scored a stunner during the Premier League match between Manchester City and Chelsea. This standout moment was highlighted by participants in the chat as they discussed the match's events and the overall control and ball movement displayed by Manchester City.In addition to Foden's remarkable goal, the conversation also touched upon other key performances from the match, such as Rodri's impact in anchoring the midfield through strong interceptions and passing, which helped maintain Manchester City's momentum and control against a struggling Chelsea side."
What aspect of Rodri's performance does Henley praise?,His interceptions and passing,"Henley and fellow participants in the discussion highlight several key elements of Rodri's performance on the football pitch. Specifically, Henley praises Rodri's defensive contributions and overall impact during Manchester City's matches, noting how he is ""everywhere"" on the field. In particular, Henley draws attention to Rodri's exceptional work in the midfield, pointing out that his crucial interceptions and passing are instrumental in maintaining Manchester City's momentum during games."
What does Farrah admire about Rodri's play?,His ability to break up opposition plays and transition the ball,"Farrah is an enthusiastic participant in the ongoing soccer discussions and weekend practice organizing sessions. When analyzing Manchester City's style of play, possession dominance, and overall squad dynamics, Farrah highlights several specific strengths regarding the team's key midfielder, Rodri.According to the provided data, Farrah particularly admires how Rodri serves as the anchor for Manchester City's midfield. She notes that he is exceptionally skilled at breaking up opposition plays and quickly transitioning the ball, which she considers to be super important for how City successfully builds their attacks. Because of these vital contributions to controlling the flow and stability of the game, Farrah expresses the view that Rodri has ultimately become essential to Manchester City's ongoing success on the pitch."
Who checks in with LiHua about their arm muscles after the bench press session?,JenniferMoore,"Based on the provided data tables, there are numerous interactions involving LiHua and her various fitness, musical, and social circles—ranging from discussing football managers like Pep Guardiola and soccer legends like Messi and Ronaldo, to planning music jam sessions and sharing TV show insights. However, the specific question regarding who checks in with LiHua about her arm muscles or a ""bench press session"" does not appear in the provided text. While LiHua frequently discusses fitness achievements—such as smashing her pull-up personal record and receiving congratulations from JenniferMoore—none of the sources mention a specific ""bench press session"" or someone checking in about her arm muscles. *(Note: If you are referring to her general fitness milestones, her trainer JenniferMoore frequently checks in on her workouts and personal records, but the exact scenario regarding arm muscles after a bench press is not documented in the provided data.)*"
How does LiHua feel about the soreness in their arm muscles?,It feels good and they are ready for the next session,"Based on the provided data, LiHua discusses muscle recovery, hydration, and overall workout progress, noting that staying hydrated helps reduce soreness and keeps energy levels higher. However, the specific details regarding how LiHua feels about soreness in her arm muscles are not mentioned in the provided text. LiHua is actively engaged in fitness discussions, celebrating milestones like smashing a pull-up personal record and exploring strength training and cardio with workout buddies like Wolfgang Schulz and Jennifer Moore. She recognizes the importance of warm-ups, stretching, and proper hydration to aid recovery and maintain high energy levels during grueling workout sessions.While other participants in the fitness chats share their specific routines for dealing with tight muscles—such as Omen using yoga stretches, Phoenix incorporating foam rolling, and Brimstone targeting hamstrings and quads—LiHua focuses more broadly on the role of water intake and maintaining consistent habits to prevent and manage soreness."
What snack does LiHua agree to bring for the movie?,Chips,"Li Hua is a very social person who enjoys participating in neighborhood events, fitness training, and movie nights with friends. Based on the provided communications, we can look at her plans with friends to find out what she agrees to bring for movie night.According to the interaction with Wolfgang Schulz regarding a movie night to watch the classic film *Star Wars: A New Hope*, Li Hua specifically agrees to bring chips as a snack. During their conversation, Wolfgang suggests grabbing some snacks for the movie, and Li Hua confirms, ""For sure! I can bring some chips! What drinks do you want?"" Wolfgang replies asking for soda and juice, and Li Hua agrees to pick those up on her way over, ensuring they are well-prepared for their film screening."
What drinks does WolfgangSchulz want to have while watching the movie?,Soda and juice,"When WolfgangSchulz and LiHua planned to watch the classic movie *Star Wars: A New Hope* at LiHua's place, they also coordinated about snacks and refreshments to enjoy during the film. Regarding the beverages for the movie night, WolfgangSchulz specifically requested **soda and juice**, noting that those would be the perfect choices to accompany their snacks."
Who will pick up the snacks and drinks on their way before the movie?,LiHua,"LiHua is the one who will pick up the snacks and drinks on their way before the movie night. According to their conversation, LiHua offers to bring some chips for the classic movie viewing of *Star Wars: A New Hope*. When WolfgangSchulz asks about getting some snacks and drinks for the film, LiHua confirms that they will pick them up on the way over."
Who initiated the discussion about Cersei's journey in Game of Thrones?,EmilyBurnett,"The discussion about Cersei's journey in the popular HBO television series *Game of Thrones* was initiated by **Emily Burnett**. In the group's conversation, Emily brings up Cersei Lannister—a character known throughout the fictional realm of Westeros for her manipulative ways, arrogance, and coldness—describing the evolution of her character arc from a love-struck girl into a power-hungry queen as ""so fascinating."" This initial prompt invites fellow participants like Rowan, Saffron, and Kieran to dive deep into Cersei's psychological transformation, her relationship with power, and the harsh realities of the continent that ultimately molded her character.Beyond her role in sparking this specific analysis of Cersei, Emily Burnett is a frequent participant in discussions covering various acclaimed television series. Her enthusiasm for serialized storytelling often centers around character depth, narrative twists, and complex journeys, ranging from HBO's epic fantasy drama to science fiction and historical prestige dramas."
How does Rowan describe Cersei's transformation throughout the series?,From vulnerable to ruthless,"Rowan describes Cersei's transformation in *Game of Thrones* as a well-traced evolution from a vulnerable, love-struck girl into a ruthless queen molded by the harsh realities of Westeros. According to Rowan, this profound shift is heavily driven by the loss of her children, which pushes her to embrace cruelty in order to secure her power and control. Throughout the series, Rowan notes how Cersei's relationship with power changes dramatically as she climbs to the top. However, this ascent comes at a massive cost, illustrating the central theme that power carries a heavy price. Rowan observes that Cersei's ultimate downfall—dying in a situation where she completely loses control—was a fitting and poetic conclusion to her tragic arc, even if it leaves one wondering if she ever truly realized the immense price she paid for her ambitions."
What significant event in Cersei's life does Saffron highlight as a turning point?,Losing her kids,"In discussions surrounding the complex character development of Cersei Lannister from *Game of Thrones*, various participants point out crucial catalysts in her descent into ruthlessness. Among them, Saffron highlights a particularly poignant and devastating event that pushed the queen to the edge. According to Saffron, the loss of Cersei's children was the ultimate tipping point. This profound tragedy stripped away her remaining vulnerabilities, leading her to consciously embrace cruelty as a necessary tool to secure and maintain her power. The conversation explores how this immense grief and the subsequent grasp for control defined much of her later reign and ultimate isolation."
Which character's dynamic with Cersei is mentioned as complicated?,Jaime,"The discussion surrounding the intricate and multi-layered relationships within HBO's acclaimed fantasy series *Game of Thrones* often centers on the complex character of Cersei Lannister. Known for her manipulative ways, arrogance, and coldness, she stands out as a deeply polarizing figure whose ambition and need for control ultimately lead to her tragic isolation and downfall. Despite her ruthless exterior, Cersei is also characterized by a fierce love and protectiveness toward her children, a vulnerability that becomes even more pronounced after their deaths.Among the various relationships examined by viewers, Jaime Lannister's dynamic with Cersei is frequently highlighted as particularly complicated. Their toxic and tragic relationship represents a past and a loyalty that Jaime struggles to break away from throughout the series. As Jaime undergoes an interesting redemption arc—evolving from a perceived jerk and the ""Kingslayer"" into a complex character valuing honor, largely influenced by his bond with Brienne of Tarth—his final moments and ultimate loyalty to Cersei complicate this growth, leaving fans conflicted over whether he truly achieved redemption or simply regressed into old, toxic patterns.In addition to her relationship with Jaime, Cersei's dynamic with other family members, such as her brother Tyrion Lannister, is also noted for its tension and potential to have altered her path. Tyrion, celebrated for his wit, intelligence, and memorable lines, often possessed a different perspective on power and family dynamics. Group discussions suggest that if Cersei had been less driven by pride and more willing to listen to or collaborate with Tyrion—or even build alliances with other figures like Olenna Tyrell—her reign and ultimate legacy might have taken a significantly different, less destructive direction."
What does Lachlan find haunting about Cersei's end?,How much she fought to hold onto her power,"Lachlan finds Cersei Lannister's end from *Game of Thrones* to be ""pretty haunting,"" particularly because of how fiercely she fought to hold onto her power throughout the series. According to the discussion among the group participants, this tragic conclusion felt like everything finally catching up to her in a poetic yet tragic way. Furthermore, Lachlan's reflections touch upon the broader emotional weight and character development of Cersei's arc. Rather than finding simple satisfaction in her downfall, Lachlan notes a desire to see her more fully confront her past decisions and question whether her relentless pursuit of the crown truly brought her any genuine happiness."
What idea does Rowan say Cersei represents?,Power comes at a cost,"Rowan and other members of the group chat discuss various aspects of the character Cersei from *Game of Thrones*, noting her transformation from a vulnerable, love-struck girl into a power-hungry and ruthless queen. Her journey is marked by the harsh realities of Westeros and the deep isolation that comes with her pursuit of control.According to the group's discussions, Rowan highlights that Cersei represents the idea that power comes at a cost. Throughout her complex character arc, she achieves her ultimate goals but loses a tremendous amount along the way, demonstrating the heavy price of her ambition."
What aspect of Cersei's character does Quillan say often shadows her vulnerability?,Her desperation for control,"When discussing the complexities of Cersei Lannister's character in *Game of Thrones*, participant Quillan highlights several psychological layers that define her turbulent reign and ultimate downfall. ### The Mask of Power and ControlQuillan observes that Cersei's intense desperation for control frequently serves to shadow her underlying vulnerability and profound loneliness at the top. Despite achieving the ultimate position of power she sought, her ruthless methods and need for absolute dominance left her isolated, paranoid, and emotionally hollow. ### The Cost of AmbitionBuilding on Quillan's insights, the group discussion highlights how Cersei's journey is a cautionary tale about the true cost of ambition. In her relentless pursuit of control and her desire to protect her children by any means necessary, she alienated potential allies—such as Olenna Tyrell—and pushed away individuals who genuinely understood her, like Tyrion Lannister. Ultimately, her outward display of unyielding confidence was heavily counterbalanced by the tragic loneliness born from her own choices."
What relationship could have potentially changed Cersei's path according to Phaedra?,Her relationship with Tyrion,"According to the discussions among the chat participants analyzing *Game of Thrones*, Phaedra suggests that a specific family relationship could have significantly altered Cersei Lannister's trajectory and the overall outcome of her story. Specifically, Phaedra points out that Cersei's relationship with her brother, **Tyrion Lannister**, had the potential to change things if the two had shared a stronger bond. Tyrion consistently demonstrated a better understanding of the complex family dynamics at play in Westeros, and Phaedra notes that had Cersei been willing to listen to him and accept his guidance, events might have played out quite differently. Other participants in the group conversation built upon this idea, noting that Cersei's intense pride, need for control, and overall distrust—particularly regarding her family members—ultimately drove her toward isolation and destruction rather than collaboration and stability."
How does Kieran describe Tywin's influence on Cersei?,He taught her ruthless methods,"Kieran describes Tywin Lannister's influence on Cersei as a formative yet toxic element in her life and psychological development. According to the provided discussions surrounding the HBO television series *Game of Thrones*, Kieran notes that Tywin's methods were notoriously ruthless, and Cersei learned a great deal from observing and being raised by him. However, this paternal influence ultimately established a toxic framework regarding power. Kieran points out that Tywin instilled the idea that power is something one must fiercely fight for at all costs, creating a relentless pressure that consistently kept Cersei on edge. This dynamic fostered a competitive and hardline mentality within her as she navigated the ruthless realities of Westeros."
What does Orion say about Cersei's mix of loyalty and fear towards Tywin?,It was a mix of both,"In discussions regarding the complex dynamics of *Game of Thrones*, characters like Cersei often emerge as focal points for deep analysis. When examining her upbringing and familial relationships, the influence of her father is undeniable. Orion notes that there was a ""weird mix of loyalty and fear"" in Cersei's relationship with Tywin. According to Orion, while Tywin instilled a strong survival mentality in her, Cersei also harbored resentment toward him. Her journey ultimately involved breaking free from wanting his approval to become a true player in the game on her own terms.This complex psychological foundation shaped her broader path through the series. As speakers in the group discussions observe, Cersei's transition from a vulnerable, love-struck girl into a power-hungry and isolated queen was heavily molded by these early pressures, blending a fierce need for control with the lingering shadows of her past."
What does Rowan say about Cersei's independence?,It made her stronger but also more isolated,"Cersei Lannister's character journey in *Game of Thrones* is a subject of deep fascination among fans, particularly concerning her evolution from a vulnerable young woman into a powerful, albeit isolated, queen. Within group discussions dissecting her complex path, various speakers explore the intricate balance between her personal ambition, relationships, and the ultimate cost of her choices. When discussing the nature of Cersei's autonomy, Rowan expresses the viewpoint that Cersei's independence undeniably made her a much stronger figure. By carving out her own path and asserting her ambition separate from influences like her father Tywin, she demonstrated immense agency. However, Rowan also points out the severe drawbacks of this hard-won freedom, noting that it simultaneously turned her into a fierce yet deeply isolated individual. Ultimately, Rowan highlights that Cersei was forced to make a profound choice between maintaining power and preserving personal connections. By choosing power, she set off a chain of events that ultimately backfired. This thematic complexity underscores the tragic reality of Cersei's reign: while her independence granted her strength and control, it came at the heavy price of profound loneliness and her eventual downfall."
What does LiHua say Cersei's power came at the price of?,Meaningful connections,"Based on the discussions surrounding the character arcs in *Game of Thrones*, LiHua comments on how Cersei Lannister's relentless pursuit of power ultimately shaped her life and legacy. Specifically, LiHua points out that Cersei's hard-won power and independence came at the heavy price of meaningful connections and isolation, noting that she seemed to push away those who cared about her in favor of her intense ambition. Throughout the group conversations, other participants echo similar sentiments about Cersei's tragic trajectory. Characters like Rowan, EmilyBurnett, and Tamara discuss how Cersei's need for control and dominance blinded her to potential alliances—such as with Olenna Tyrell or Tyrion—and turned her relationships into pawns. Ultimately, the consensus among the group highlights her journey as a cautionary tale where achieving supreme power resulted in a profoundly empty and isolated existence."
What relationship could have shown Cersei a different perspective on power according to Lachlan?,Her relationship with Tyrion,"According to group discussions regarding the complex character arc of Cersei Lannister in *Game of Thrones*, participant Lachlan points out that Cersei’s relationship with her father, Tywin, had a major influence on her and her views on authority. Tywin instilled a ruthless survival mentality in her, setting up a toxic idea of power as something that must be fought for at all costs. Additionally, Lachlan notes that a better relationship and open communication with her brother, Tyrion, could have offered Cersei a vital alternative perspective on power. Tyrion always held a different and more rational view on leadership and dynamics. However, because of Cersei's fierce pride and deep-seated need for control, she constantly rejected his help and insights, ultimately driving her down a tragic path of isolation and downfall."
What does Tamara say Cersei's love led to?,Her downfall,"According to the participants discussing the complex character of Cersei Lannister from *Game of Thrones*, Tamara notes that Cersei's love ultimately led to her downfall. Throughout the group's conversation, Tamara observes how Cersei's fierce protectiveness and love for her family—particularly her children—became an overwhelming obsession. Rather than acting as a source of strength or positive connection, this intense love transformed into a weapon and drove her to make ruthless choices. Ultimately, Tamara highlights that Cersei's journey is a cautionary tale about the clash between love and ambition, illustrating how her love-turned-obsession, combined with her relentless pursuit of power and need for control, caused her to destroy her relationships and, ultimately, herself."
What could have changed everything for Cersei if she had embraced it according to Tamara?,Her family ties,"According to participant Tamara in the discussions, if Cersei Lannister had embraced her family ties without letting ambition overshadow them, it could have changed everything for her. Tamara points out that by nurturing her relationships instead of treating her family members like pawns, obstacles, or threats, Cersei might have avoided her eventual isolation and tragic downfall. Instead of isolating herself through a relentless and ruthless pursuit of absolute control, Tamara suggests that collaborating with her family and building genuine connections could have provided Cersei with the stable support system she desperately needed. Embracing these crucial relationships would have allowed her to achieve a much more balanced life, potentially altering her legacy and the trajectory of her rule entirely."
What does EmilyBurnett say Cersei's choices led to?,Her isolation,"EmilyBurnett discusses the complex evolution and ultimate fate of Cersei Lannister from *Game of Thrones*, highlighting how her decisions profoundly shaped her destiny and state of mind throughout the series. According to Emily, Cersei’s relentless pursuit of power and control ultimately led her down a path of severe isolation and regret. Even though Cersei often appeared confident on the surface, Emily notes that she must have experienced deep moments of doubt, especially after losing her children, who meant everything to her. Once they were gone, Cersei's life became hollow, and her quest for power left her feeling unfulfilled. Furthermore, Emily points out that Cersei’s choices resulted in a tragic loss of potential balance. Had she chosen to work collaboratively with her family—treating them as allies rather than threats or obstacles—she might have created a more stable rule. Instead, her reliance on a need for control caused her to push people away, leaving her power feeling empty and hollow in the end."
What does Quillan suggest could have been a game-changer for Cersei?,Accepting Tyrion's advice,"In discussions surrounding the complex character development and tragic trajectory of Cersei Lannister from *Game of Thrones*, various participants have analyzed the key choices and turning points that defined her reign and ultimate downfall. Cersei is often characterized as a cunning, ambitious leader whose desperate need for control, coupled with fear and isolation, ultimately led to her tragic isolation and ruin. While her fierce love for her children acted as a driving force and a deeply humanizing element, her inability to forge meaningful alliances or accept outside help sealed her fate.Among the many insights shared by the group, participant Quillan specifically highlighted a pivotal moment that could have fundamentally altered Cersei's path of power and self-destruction. According to Quillan, a true game-changer for Cersei would have been if she had chosen to accept Tyrion Lannister’s advice rather than letting her internal pride and deep-seated animosity dictate her actions. Their dynamic throughout the series was notably tense, but Quillan points out that a potential collaboration between Cersei and Tyrion could have significantly shifted the broader power dynamics in King's Landing. Tyrion often possessed a much more pragmatic and alternative perspective on power, politics, and family survival. If Cersei had managed to put aside her pride to heed his guidance, it might have led to more rational decision-making, better-managed alliances, and a less paranoid reign—ultimately offering a chance to avoid the tragic isolation that defined her final days."
What does Saffron say Cersei was blinded by?,Her need for control,"Based on the discussions surrounding the complex character development and overarching themes of *Game of Thrones*, Saffron and her fellow participants frequently analyze the intricate motivations and downfalls of Cersei Lannister. Specifically, Saffron notes that following pivotal moments such as Tywin's death, Cersei was presented with opportunities to build partnerships and transform her reign, but ultimately failed to handle her newfound power effectively. Saffron points out that Cersei was blinded by her desperate need for control. This overwhelming desire for control and dominance over those around her prevented Cersei from accepting help or forming stabilizing alliances, ultimately driving her toward isolation and sealing her tragic fate."
Who initiates the discussion about game storytelling?,ThaneChambers,"Based on the provided data, the discussion about game storytelling is initiated by ThaneChambers. In the conversation, ThaneChambers prompts the group by asking, ""Hey everyone! When it comes to game storytelling, what is your top choice? For me, it is 'The Last of Us'. The characters and emotional journey are just something else! What do you all think?""This opening question sparks a broader conversation among the group members—including Bronwyn, Gavriel, Elara, Jareth, and Dyllan—who all chime in with their own favorite narratives, ranging from *God of War* and *Final Fantasy VII Remake* to *The Witcher 3*, *Ghost of Tsushima*, and *Red Dead Redemption 2*."
What game does ThaneChambers consider their top choice for storytelling?,The Last of Us,"When discussing game storytelling, ThaneChambers considers **The Last of Us** to be their top choice. They express that the characters and the emotional journey within the game are truly ""something else,"" highlighting how deeply the narrative resonates compared to other titles. Beyond this specific favorite, ThaneChambers and other members of the gaming group frequently explore and appreciate various other narrative-driven games. For instance, they acknowledge masterpieces like *Red Dead Redemption 2* for its incredible character evolution and immersion, as well as titles like *Final Fantasy VII Remake*, *Life is Strange*, and *The Witcher 3* for their engaging plots and deep character development. Ultimately, while the group enjoys a wide variety of cinematic and open-world storytelling experiences—ranging from the emotional weight of *God of War* to the tactical choices in *Mass Effect*—ThaneChambers firmly points to *The Last of Us* as their ultimate benchmark for compelling video game narratives."
Which game's narrative does Bronwyn appreciate for its father-son dynamic?,God of War,"Bronwyn appreciates the narrative and the powerful moment-to-moment dialogue found in ***God of War***. She highlights how the game’s central father-son dynamic adds an immense amount of depth and emotional weight to the overall story, making it a standout choice for engaging game storytelling. In discussions among players sharing their favorite gaming journeys and emotional narratives, *God of War* is frequently celebrated alongside other titles like *The Last of Us* and *Red Dead Redemption 2*. While games like *The Last of Us* capture the complexities of surrogate parent-child relationships and survival, Bronwyn specifically points to the father-son bond in *God of War* as a brilliant narrative anchor that elevates the entire experience."
What game does Gavriel mention for its characters and plot twists?,Final Fantasy VII Remake,"Based on the discussions shared by the group of gamers and television enthusiasts, Gavriel brings up **""Final Fantasy VII Remake""** when talking about games that excel in their characters and plot twists. During a conversation regarding game storytelling, Gavriel notes that while *God of War* is amazing for its narrative, *""Final Fantasy VII Remake""* also does a fantastic job with its characters and plot twists, specifically highlighting how the way they expanded on the original story made it so engaging."
Which game does ThaneChambers recommend for its choice-based storytelling?,Life is Strange,"ThaneChambers enthusiastically discusses and recommends several games known for their choice-based storytelling and narrative depth throughout the group's gaming discussions. One prominent title highlighted by Thane is *The Witcher 3*, which they praise for its intricate moral choices where each decision genuinely impacts the story, the world, and the fate of its characters. Thane points out that the weight of these choices makes players think twice before taking action, noting that the rich narrative and character development—such as the complex dynamics involving characters like Yennefer—create an unforgettable, deeply immersive experience.In addition to *The Witcher 3*, ThaneChambers brings up other titles that excel in player-driven narratives and emotional journeys. For instance, they mention *Life is Strange*, highlighting how player choices directly affect the overarching story and how relatable, well-crafted character arcs pull on the player's heartstrings. Thane also appreciates games that blend powerful storytelling with unique mechanics, such as *Celeste*, where platforming challenges mirror the emotional struggles of the protagonist, Madeline. Whether discussing open-world RPGs with branching paths, narrative adventures, or action games with moral dilemmas, ThaneChambers consistently champions titles where player agency and emotional storytelling intersect. Through these recommendations, Thane helps guide the group's appreciation for games that linger in the player's mind long after the controller is put down."
What game does Elara mention for making her emotional?,Bioshock Infinite,"Based on the discussions among the gaming enthusiasts, Elara mentions several titles that evoked strong emotions, but a standout moment highlights **""Bioshock Infinite""**. When discussing impactful storytelling and emotional journeys, Elara notes that *Bioshock Infinite* definitely made her emotional, particularly due to the mind-blowing plot twist at the end and its engaging exploration of themes like choice and consequence. In addition to *Bioshock Infinite*, Elara and the group frequently touch upon other emotionally resonant titles throughout their gaming conversations. For instance, she expresses a deep appreciation for the relationships built with animal NPCs in games like *The Last of Us Part II*, where she admits it was hard not to get attached to the wolves, and highlights how those bonds elevate the overall narrative experience. Furthermore, Elara often shares her enthusiasm for games with stunning visual design and immersive atmospheric storytelling, such as *Death Stranding* and *Returnal*. Whether she is navigating the haunting, deadly landscapes of *Returnal* or experiencing the breathtaking, shifting environments of *Death Stranding*, Elara consistently points out how a game's aesthetic and mechanical design come together to create a truly memorable and moving experience."
Which game does Jareth praise for its storytelling in side quests?,The Witcher 3,"Jareth frequently shares insights and personal experiences regarding video games within the community discussions. Among the various titles discussed, Jareth expresses high praise for **The Witcher 3**, specifically highlighting how the storytelling seamlessly weaves into every corner of the game and how every decision feels impactful to the surrounding world. In addition to *The Witcher 3*, Jareth engages in conversations about several other notable games. For instance, Jareth appreciates titles like *Red Dead Redemption 2* for their immersive open-world details—such as fishing, hunting, camp interactions, and weather effects—and enjoys experimenting with character skills and path actions in games like *Octopath Traveler*. Furthermore, Jareth discusses atmospheric sound design and minimalistic scores in games like *Inside*, *Firewatch*, and *Subnautica*, while also showing an appreciation for combat styles, urban exploration, and supernatural elements found in titles like *Ghostwire: Tokyo*."
What game does Dyllan describe as epic for its samurai culture?,Ghost of Tsushima,"Dyllan is an active participant in gaming discussions who shares thoughts on various titles, gameplay strategies, and memorable moments. When discussing games with deep storytelling and cultural settings, Dyllan shares his perspective on titles that immerse players in historical and atmospheric worlds.Specifically, Dyllan describes ***Ghost of Tsushima*** as ""epic,"" noting how the samurai culture really comes alive in the game and praising how it explores the fascinating conflict between tradition and change alongside its stunning visuals."
Which game does Helios call a masterpiece for making players feel connected to the characters?,Red Dead Redemption 2,"**Helios and the World of 'Red Dead Redemption 2'**Helios is an active and engaged participant in various gaming discussions, frequently sharing insights on narrative design, game mechanics, and emotional resonance. Among the many titles discussed in the community, Helios holds a particular appreciation for open-world masterpieces that excel in character evolution and storytelling. When discussing *Red Dead Redemption 2*, Helios explicitly refers to the game as a ""masterpiece."" Specifically, Helios highlights how the title fosters a deep sense of connection between the player and the characters, noting the powerful way Arthur Morgan evolves throughout his journey and how these narrative choices make players feel truly invested in the struggles of the Van der Linde gang."
"What scene from ""Red Dead Redemption 2"" does Bronwyn mention as emotional?",The scene with Arthur and John on the mountain,"In discussing the emotional weight and memorable moments within the acclaimed video game *Red Dead Redemption 2*, Bronwyn specifically highlights a poignant scene involving Arthur and John. During a group conversation about the game's impactful storytelling and richly developed side characters, Bronwyn shares her thoughts on this powerful narrative beat. She notes that the scene featuring Arthur and John together on the mountain truly hit home for her, capturing a rare moment of deep camaraderie and quiet understanding just before the overarching story takes a tragic turn. This scene resonates deeply because it precedes the tumultuous events that ultimately dismantle the gang and lead to the game's emotional climax.Beyond this specific mountain encounter, Bronwyn and other participants in the discussions frequently praise *Red Dead Redemption 2* for its immersive world-building, realistic animal companions like horses, and complex character arcs. The multifaceted narrative—particularly the moral struggles of Arthur Morgan and the tragic downfall of Dutch van der Linde—leaves a lasting impression on players, making moments of connection like the one on the mountain stand out all the more amidst the chaos of the Wild West."
What game does Ileana say made her question the morality of her actions?,Red Dead Redemption 2,"Based on the discussions, Ileana mentions playing *The Witcher 3*, specifically discussing the heavy and complex moral choices involved in the Bloody Baron storyline. She shares how the difficult decisions lead to profound consequences for the characters, making her feel completely torn and even bringing her close to tears when realizing the true weight of her choices.Additionally, Ileana participates in broader conversations about narrative-driven games and moral dilemmas, noting how titles like *The Last of Us*, *Life is Strange*, and *Horizon Zero Dawn* excel at exploring deep character growth, emotional journeys, and the intricate gray areas of morality in gaming."
Which game does Caelum mention for encouraging emotional engagement with the narrative?,Red Dead Redemption 2,"Caelum is a participant in the gaming community discussions who frequently shares insights on various titles, character arcs, and strategic gameplay elements. When it comes to games that successfully encourage emotional engagement with their narrative, Caelum specifically highlights *Red Dead Redemption 2*. During group discussions about the game, Caelum notes how the title's narrative naturally prompts players to become more mindful of Arthur's honor and the weight of their decisions. According to Caelum, this strong connection to the protagonist's journey and the overall storytelling depth are what make the experience so memorable and impactful."
What game does Bronwyn say mixes daily life with deep story arcs?,Persona 5,"When discussing video games with deep narratives, memorable characters, and emotional journeys, players often share their top picks and personal favorites. In a conversation about games that successfully pull players in and keep them emotionally invested, **Bronwyn** highlights a specific title that blends everyday routines with profound storytelling.### The Game and Its AppealAccording to Bronwyn, the game that mixes daily life with deep story arcs is ***Persona 5***. Bronwyn notes that the way the game balances ordinary day-to-day activities with expansive, complex story arcs is super engaging. This unique blend makes the overall experience feel much more meaningful.### Why This Design WorksTitles that incorporate a mix of daily life simulation and deep narrative progression—often seen in the *Persona* series—allow players to build strong emotional connections with the characters. As players balance routine tasks with high-stakes adventures, the character development ties in seamlessly with the gameplay, making each in-game day feel crucial to the growth and journey of the cast."
Which game does Ileana mention for its unique world and storytelling?,Horizon Zero Dawn,"Ileana, a frequent participant in these gaming and media discussions, engages in various conversations ranging from immersive open-world titles to character-driven narratives and tactical gameplay. When discussing games that leave a lasting emotional impression and present compelling plots, she specifically points out several titles that resonated with her. Among her favorites, Ileana highlights **""Horizon Zero Dawn,""** mentioning how it completely grabbed her attention with its unique world and storytelling. She expresses how Aloy’s journey and the unfolding mysteries of the ancient machines keep players deeply invested, praising the game's gripping narrative design. In addition to *Horizon Zero Dawn*, Ileana shares deep connections to other narrative-heavy experiences. She frequently discusses titles like *Life is Strange*, *Persona 5*, and *The Last of Us*, praising them for their character growth, moral dilemmas, and emotional depth. Whether she is exploring post-apocalyptic landscapes, executing stealth tactics in *Hitman* and *Dishonored*, or reflecting on the tragic narrative arcs in *Red Dead Redemption 2*, Ileana consistently values games that intertwine rich storytelling with immersive player choice."
What game does LiHua mention for exploring themes of choice & consciousness & humanity?,Detroit: Become Human,"LiHua mentions the game ***Detroit: Become Human*** when discussing titles that explore the profound themes of choice, consciousness, and humanity. In a group conversation about memorable game storytelling and narrative depth, LiHua points out how this particular title stands out for its thought-provoking approach to these philosophical concepts. Furthermore, LiHua highlights the game's branching narratives, specifically noting how the multiple endings constantly keep players guessing about the true impact and weight of their in-game decisions."
Which game does Dyllan say raised interesting questions and moral dilemmas?,Detroit: Become Human,"Based on the discussion provided in the data, the participant named Dyllan mentions that the video game *Detroit: Become Human* raised interesting questions and moral dilemmas. Dyllan actively engages in various gaming and pop culture conversations within the group, sharing memorable moments, strategic insights, and narrative reflections. When the topic of thought-provoking storytelling arises—specifically regarding choices, consciousness, and humanity—Dyllan highlights *Detroit: Become Human* as a prime example of a title that successfully tackles these complex philosophical questions and moral dilemmas."
What game does Dyllan recall for its intimate feel and dialogue?,Firewatch,"Dyllan is an active participant in various gaming discussions, frequently sharing insights and memorable moments across a wide array of titles. When it comes to games celebrated for their intimate feel and natural dialogue systems, Dyllan—alongside other members of the community—highlights specific narrative-driven experiences that excel in character dynamics and personal storytelling.Specifically, Dyllan recalls **Firewatch** for its emotional depth and conversational intimacy. In these discussions, participants note how the game starts as a seemingly straightforward narrative adventure but gradually delves into powerful themes of loneliness, personal struggle, and evolving relationships. The radio-based conversations between the characters create a remarkably authentic connection, proving how impactful and intimate storytelling can be in a game that appears straightforward at first glance. Alongside *Firewatch*, community members also point to titles like *Oxenfree* for its natural dialogue system and deep character dynamics, further emphasizing how well certain games capture the nuances of real human relationships and emotional vulnerability."
Which game does LiHua mention for playing with various storytelling tropes?,The Stanley Parable,"When discussing various games, story-driven experiences, and emotional narratives, LiHua brings up several notable titles throughout the group conversations. While the provided chat logs feature extensive discussions on games like *Red Dead Redemption 2*, *The Witcher 3*, and *Ghost of Tsushima*, LiHua specifically highlights the game ***Detroit: Become Human*** when talking about exploring deep themes such as choice, consciousness, and humanity through branching narratives and multiple endings. In addition to *Detroit: Become Human*, LiHua and the other participants frequently analyze the rich storytelling and character arcs found in open-world masterpieces and emotional journeys. For instance, LiHua expresses a deep appreciation for the complex morality and open-ended exploration in games like *Skyrim* and *The Witcher 3*, as well as the emotional resonance found in titles like *The Last of Us* and *Spiritfarer*. Ultimately, interactive media offers players a vast array of narrative styles and tropes. Whether it is examining the fall of the Van der Linde gang in the Old West or diving into thought-provoking sci-fi dilemmas, these games continue to captivate fans through immersive worlds and unforgettable character development."
When did Li Hua receive the curtains?,Yesterday (implied to be 20261011),"Based on the provided data tables, there is no mention of Li Hua actually receiving the curtains. While the conversation regarding the installation of a curtain on the basement window took place on September 21, 2026 (with plans made to install it on Thursday afternoon), the text does not confirm the delivery or final receipt of the item.Therefore, I don't know the answer based on the provided sources."
What does Li Hua like about the curtains?,the patterns,"Based on the provided conversation logs, there is a discussion about Li Hua asking for help to install a curtain on the basement window. Specifically, Li Hua mentions that installing a curtain would really boost the privacy down in the basement. Beyond that brief mention, the records do not contain further details or commentary from Li Hua regarding specific aesthetic preferences, fabrics, colors, or other features concerning curtains."
Who offers to help with the installation of the curtains?,AdamSmith,"Adam Smith is the one who offers to help LiHua with the installation of the curtains on the basement window. After LiHua reaches out to ask for assistance in boosting privacy down there, Adam readily agrees and asks when LiHua is free to get it done. Following a brief discussion about scheduling, Adam suggests either a Wednesday or Thursday afternoon. LiHua selects Thursday afternoon, and Adam confirms that he will bring the necessary tools to complete the job."
What does Turalyon want to hear everyone's thoughts on?,the new benches,"Turalyon is an enthusiastic and proactive community member who frequently initiates discussions about planning, maintaining, and improving their shared community garden project. Throughout the collaborative conversations, he actively reaches out to his peers to gather their input, suggestions, and feedback on several key aspects of the project. Specifically, Turalyon wants to hear everyone's thoughts on the best planting times to ensure the flowers thrive throughout the season, as well as their ideas for effective garden maintenance and upkeep. In addition to agricultural details, he is keen to hear community suggestions regarding the layout and design of the garden space, and he encourages everyone to share what they plan to bring or contribute to their upcoming community gatherings and events."
What does MuradinBronzebeard think about the cushions idea?,It sounds like a nice idea,"Based on the provided data tables, there is no mention of ""cushions"" or a cushions idea associated with Muradin Bronzebeard. Instead, the community discussions involving Muradin Bronzebeard primarily focus on safety during weather delays, planning for the garden transformation, organizing planting and layout designs, and incorporating sustainable practices like recycling and composting. Additionally, he shares ideas regarding community participation, workshops, and adding features like shade, tall plants, or canopies to comfortable seating and reading nooks in the garden."
What does MalfurionStormrage suggest for sunny days?,umbrellas for shade,"When the community chat turns to sunny days and weather delays during their garden planning, MalfurionStormrage shares his enthusiasm for the upcoming transformation. Looking forward to the vibrant scenery, MalfurionStormrage suggests staying positive while hoping for good weather, noting that the blooming flowers will ultimately brighten up the entire community once everything is finally in place.In addition to keeping spirits high during weather setbacks, MalfurionStormrage is actively involved in organizing the practical aspects of the community garden project. Earlier in the planning stages, he proposes considering a weekend—specifically suggesting Saturday—for their first community meeting so that it is as easy as possible for everyone to join. He also enthusiastically suggests a potluck-style gathering where everyone brings a little something to share, making the kickoff meeting even more memorable and enjoyable for all involved."
Who proposes the idea of adding tables near the benches?,RexxarRemar,"Based on the provided conversation logs regarding the community garden project, the idea of adding tables near the benches is proposed by **Thrall**. In the discussion, after Turalyon updates the group that all the benches have been installed (reminding everyone not to sit on them yet because the paint is still wet), Thrall chimes in with enthusiasm. Alongside suggesting potential decorations like pretty plants or lights around the benches, Thrall asks if they should plan for any specific flower arrangements to tie the space together. This collaborative environment highlights how community members like Thrall, Li Hua, and IllidanStormrage actively contribute to making the newly renovated garden spaces both functional and inviting for families and children alike."
What does GromHellscream suggest to brighten the area in the evening?,lanterns or string lights,"Based on the provided data, Grom Hellscream is an enthusiastic community member who actively participates in discussions regarding community garden renovations, local art showcases, and holiday events. He consistently expresses excitement for blooming flowers and supports collaborative ideas to enhance the community space.Regarding the specific question about brightening the area in the evening, a review of the provided conversation transcripts does not contain any suggestions from Grom Hellscream specifically aimed at lighting or brightening the area during the evening hours. While the community discusses various renovation details—such as planting flowers like Bluebells, Camellias, and Tulips, adding seating benches, incorporating sustainable practices, and planning holiday-themed events—there is no recorded mention of him offering ideas for evening illumination."
What type of lanterns does MalfurionStormrage recommend?,solar-powered lanterns,"Based on the provided data tables and chat logs, there is no mention of MalfurionStormrage recommending any type of lanterns. While the community members—including MalfurionStormrage, Turalyon, and others—discuss various topics such as garden renovations, planting flowers like Bluebells, Camellias, and Tulips, community meetings, holiday events, music, and gaming, lanterns are not a subject of discussion or recommendation by MalfurionStormrage in the provided sources."
Who is excited to see how the garden evolves?,Thrall,"Based on the community discussions and planning sessions regarding the collaborative community garden project, several members have expressed their enthusiasm and excitement about watching the space transform and evolve. Participants such as TirionFordring have shared anticipation for how the garden will evolve into a space the community can proudly build together. Similarly, MalfurionStormrage has noted how wonderful it is to see everyone's creativity and excitement coming together to watch the community garden flourish over time. Additionally, other members like RexxarRemar have frequently chimed in about seeing the progress and watching the area become vibrant and full of life. This shared community spirit highlights just how invested everyone is in the ongoing transformation and future of the garden project."
What does Turalyon think about the suggestions?,They are going to make the garden a fantastic community spot,"Turalyon’s perspective on the various community suggestions for the garden project is overwhelmingly positive, supportive, and proactive. Throughout the planning phases, he consistently embraces collaborative ideas that help build a welcoming and organized community space. When Muradin Bronzebeard suggests planning the garden layout well by grouping flowers by color or height, Turalyon immediately validates the concept, calling it a ""smart idea"" that will make the garden really pop. Similarly, when Malfurion Stormrage proposes adding benches and seating areas, Turalyon agrees that it sounds ""perfect,"" noting that it will not only provide a spot to relax but also foster a sense of community.Turalyon also appreciates structured organization, such as Tirion Fordring's suggestion to set up maintenance routines and schedules. When the group discusses expanding the project into a larger community event—incorporating food, music, and kids' activities like scavenger hunts and painting flower pots—Turalyon enthusiastically supports including family-friendly activities to keep the energy high and make it a memorable day. Furthermore, when tasks are divided to ensure a smooth community planting day, he emphasizes making the garden a true community effort by fairly assigning tasks based on everyone's strengths and preferences. Ultimately, Turalyon views all the collective input as the foundation for creating a special place that everyone can enjoy and take pride in."
What does ChaeSong-hwa suggest for the garden once everything is set up?,a little gathering,"Throughout the community garden planning and renovation process, ChaeSong-hwa actively contributes numerous creative ideas and suggestions to ensure the space is vibrant, welcoming, and enjoyable for everyone once the setup is complete. ### Enhancing the Garden's Aesthetics and EnvironmentChaeSong-hwa suggests incorporating seasonal flowers into the garden's layout, noting that they can truly brighten up the space and bring vibrant colors to the environment. To foster greater community involvement, she also proposes getting local residents involved directly in the planting process of these flowers. Additionally, she expresses excitement about combining nature with art, suggesting that residents collaborate on creating art pieces to give the garden a unique and personal touch.### Creating a Welcoming Gathering SpaceRecognizing the importance of comfort and community spirit, ChaeSong-hwa supports the inclusion of features like a canopy to provide much-needed shade and protection from the sun near seating or play areas. She envisions the finalized garden as a wonderful gathering spot full of life and laughter—a beloved space where people of all ages can relax, chill out, and enjoy each other's company."
What kind of activities does MalfurionStormrage suggest for the gathering?,games for kids & flower planting workshops & good food,"MalfurionStormrage is an active participant in community planning and brainstorming sessions, particularly contributing vibrant ideas for community gatherings and the local garden renovation project. When it comes to activities and features for these events and spaces, MalfurionStormrage brings a thoughtful and nature-focused perspective.For the community gatherings and the newly renovated garden space, MalfurionStormrage suggests several engaging activities and amenities. Specifically, they propose incorporating a **small book nook with chairs for reading**, creating a peaceful and quiet spot for everyone to relax and enjoy the blooms. Additionally, they suggest organizing **planting activities where kids can help plant flowers or vegetables**, highlighting this as a fantastic, hands-on way to spark children's interest in nature."
Who offers to check with friends for live music performance?,ArthasMenethil,"Based on the provided data tables and communication records, several group members frequently coordinate and plan for live music performances, concerts, and jam sessions together. Notably, friends like Wolfgang Schulz, LiHua, Yuriko Yamamoto, and ChaeSong-hwa actively organize and discuss musical events, ranging from local music festivals and concerts to regular Sunday jam sessions.When it comes to checking in with the group or brainstorming ideas for live performances and setlists, Wolfgang Schulz and LiHua often take the lead in suggesting tracks—such as classic rock songs by The Beatles, Queen, or Fleetwood Mac—and ensuring everyone is aligned for their upcoming musical get-togethers and band gatherings."
What does MuradinBronzebeard think about live music?,It would really enhance the experience,"Muradin Bronzebeard is a prominent and enthusiastic community member whose contributions often focus on community engagement, safety, and enhancing group events. When discussing potential additions to community gatherings—such as the garden renovation project—he actively shares his thoughts on how to make the space lively and enjoyable for everyone involved. Specifically regarding entertainment, Muradin Bronzebeard believes that incorporating live music would really enhance the overall experience. He notes that live music is a fantastic way to create a lovely atmosphere while community members enjoy food and take in the garden surroundings. Furthermore, he encourages ongoing brainstorming regarding what genres would work best and suggests checking if anyone in the group has talented friends who could come along to perform at the events."
Who suggests doing a group purchase of the new games?,ThaneChambers,"Based on the provided data, the discussions and group interactions cover a wide variety of topics ranging from video games and community projects to music and group meetings. However, specific details about community activities, gaming preferences, and social gatherings help paint a complete picture of the participants.### Gaming Discussions and RecommendationsThe community members frequently gather in group chats and online spaces to discuss their favorite video games, open-world adventures, and upcoming PS5 exclusives. Participants like ThaneChambers, LiHua, Gavriel, and Bronwyn often share their thoughts on titles such as *The Witcher 3*, *The Last of Us Part II*, and *Red Dead Redemption 2*. They also exchange recommendations for games with strong narratives, memorable NPC designs, and immersive soundtracks. ### Community Projects and Social EventsIn addition to gaming, the individuals are involved in various real-world and digital community initiatives. For instance, AdamSmith reaches out about a community bake sale scheduled for Sunday at 3 PM to support a local charity. Meanwhile, LiHua and YurikoYamamoto participate in a freelancer group meeting to discuss therapy techniques and work-life balance, alongside scheduling regular Sunday jam sessions for music enthusiasts. Regarding the specific question about who suggests doing a group purchase of the new games: looking closely at the provided records, while members like ThaneChambers and LiHua enthusiastically chat about shopping for PS5 games and finding killer discounts at local stores, the exact proposal of organizing a joint ""group purchase"" for new games is not explicitly mentioned in the provided data tables."
What does ThaneChambers think about the new games?,excited and interested,"ThaneChambers is an enthusiastic participant in discussions regarding upcoming video game releases, digital store drops, and physical disc announcements within the group. Always eager for the next big gaming experience, Thane often initiates conversations about upcoming titles and shares excitement with friends like Li Hua, suggesting group purchases to save money while diving into new adventures together on platforms like the PS5.When discussing specifics, ThaneChambers is particularly hyped about major upcoming releases and console exclusives. For instance, Thane recognizes the blockbuster potential of titles like *Final Fantasy XVI*, looking forward to how action-oriented gameplay and darker narratives will shake up the franchise. Additionally, Thane enjoys discussing the visual fidelity, atmosphere, and mechanics of games that push the boundaries of storytelling and immersion, frequently expressing a desire to see how developers innovate in sequels and modern gaming landscapes.Furthermore, ThaneChambers places a high value on cooperative features and shared experiences in upcoming games. When pondering new titles, Thane specifically hopes for engaging co-op missions, shared loot systems, and crossplay capabilities that make it easier to team up with friends across different consoles. Whether discussing tactical elements, resource systems, or stealth mechanics, Thane consistently emphasizes that gaming is best enjoyed as a collaborative and social activity, eagerly anticipating the memories and camaraderie that new releases will bring to the group."
What feature are they hoping for in the new game?,co-op missions and shared loot system,"Based on the community discussions surrounding the upcoming video game, players are eagerly anticipating several key features. In particular, the group is very hopeful about how the developers will implement a robust resource system and engaging gameplay mechanics. ### Crafting, Resources, and ConsumablesPlayers like Elara are hoping for a rich mix of resources, such as materials for crafting weapons and armor, rare items for upgrades, and in-game currency for trading to uncover hidden treasures. Additionally, Gavriel and Fionnuala have expressed excitement over having a variety of consumables, including health potions, temporary speed or attack power boosts, and defensive buffs. These items are expected to add a meaningful layer of strategy to battles and tough situations.### Stealth and Co-op MechanicsAnother major feature the community is hoping to see is well-developed stealth gameplay. ThaneChambers and other group members are keen on stealth boosts, which would allow players to sneak past enemies, get the jump on them, and coordinate sneaky maneuvers. Furthermore, the anticipation for co-op gameplay is high, with players envisioning assigned team roles—such as one player distracting enemies while others sneak around—making communication and timing critical for success."
What does Helios want to know about the game?,whether it will feature crossplay,"Based on the provided group conversations, participant **Helios**—an active gamer who engages in discussions about titles like *Horizon Forbidden West*, *Red Dead Redemption 2*, *Call of Duty*, and *Octopath Traveler*—shares several thoughts, strategic ideas, and inquiries regarding game mechanics, features, and overall design. ### Inquiries on Combat and Strategic MechanicsHelios is particularly interested in tactical gameplay elements and how players handle difficult in-game challenges. For instance, when discussing *Horizon Forbidden West*, Helios inquires how other players handle tough flying machines without getting destroyed, subsequently offering strategic advice on using bows with elemental arrows, utilizing focus to track movements, and employing traps to make battles more manageable. Similarly, when discussing *Octopath Traveler*, Helios asks the group if anyone has found any unique strategies or combat setups while playing.### Questions on Narrative Depth and LeadershipBeyond combat mechanics, Helios engages deeply with narrative and leadership themes, particularly drawing from games like *Red Dead Redemption 2*. Helios questions the broader implications of character traits and leadership styles, prompting the group to consider how isolation and poor communication affect leaders like Dutch. Helios explicitly asks whether modern storytelling in games is leaning more toward emphasizing the importance of communication and collaboration, expressing a strong desire to see how future narratives will continue to reflect complex, flawed characters and emotional realities."
What does Dyllan think about crossplay?,it was awesome and makes playing together much easier,"Dyllan's perspective on crossplay is rooted in positive experiences from the past. According to the provided data, Dyllan has previously enjoyed crossplay functionality in games and maintains an optimistic outlook regarding its inclusion in future titles. Specifically, Dyllan hopes that new games will continue to support playing across different gaming consoles, reflecting a desire for seamless multiplayer integration and broader connectivity among the gaming community."
What does Ileana think is essential for the new game?,a robust matchmaking system,"Based on the provided discussion data, Ileana emphasizes that having a **robust matchmaking system** is essential for the upcoming game. According to Ileana, a strong matchmaking system plays a crucial role in helping players find the right team with shared goals and skill levels. Furthermore, she notes that it effectively helps avoid those frustrating gaming moments when players might get stuck teamed up with others who are not on the same page."
What does Fionnuala think about matchmaking systems?,they can make or break the experience,"Based on the provided data tables, there is no mention of Fionnuala discussing ""matchmaking systems."" The conversations involving Fionnuala focus heavily on video game elements such as game music, soundtracks, atmospheric sound design, stealth mechanics, gadgets, glitches in games like *Red Dead Redemption 2*, and soccer discussions. Because the supporting evidence for Fionnuala's opinion on matchmaking systems is not provided in the input data, I do not know the answer and cannot make anything up."
What does Helios think would be awesome for character development?,a deep skill tree or upgrade system,"Based on the provided conversations and data, Helios expresses a strong appreciation for dynamic interactions that enhance character development and personal gameplay experiences. Specifically, **Helios thinks it would be awesome for NPCs (non-player characters) to have dynamic responses**, noting that this makes the game feel personalized and unique for each playthrough, similar to how decisions in RPGs can lead to different reactions from them. Additionally, Helios appreciates deep storytelling, emotional bonds, and character evolution in games like *Red Dead Redemption 2*, *Returnal*, *Journey*, and *Oxenfree*. Within these contexts, Helios values how character arcs—such as the bond between Arthur and John, or the relationships among friends in *Oxenfree*—carry emotional weight and showcase meaningful personal growth. While Helios contributes various gameplay suggestions (such as adding scouting drones, temporary distraction gadgets, or using environmental advantages), the specific preference tied directly to enhancing character and narrative dynamics is the desire for NPCs to feature dynamic, personalized responses."
What does Gavriel think about crafting systems?,they offer a chance to create unique weapons and gear,"Based on the provided conversations and data, the character Gavriel does not express opinions or discuss crafting systems within the group chats. Instead, Gavriel's contributions center around video game characters, emotional bonds with companions (such as Trico from *The Last Guardian*), boss fights, open-world exploration, and character development in titles like *Red Dead Redemption 2*, *The Witcher 3*, and *Bloodborne*. While other participants in the discussions dive into gameplay mechanics, build strategies, or inventory management, Gavriel's focus remains largely on narrative arcs, moral ambiguity, character relationships, and memorable in-game moments. Therefore, there is no available information or commentary from Gavriel regarding crafting systems."
What does Elara think about resource management?,it always makes it feel more immersive,"Elara shares several thoughts on resource management, particularly within the context of video games and crafting systems. When discussing the mechanics of upcoming games, Elara expresses enthusiasm for a well-rounded and diverse resource system. Specifically, she hopes to see a mix of various materials, such as crafting components for weapons and armor, rare items dedicated to upgrades, and in-game currency designated for trading. Furthermore, Elara notes the excitement that comes with exploring a virtual world and discovering hidden treasures that can pleasantly surprise players."
What does Fionnuala think about potions and temporary boosts?,they are always helpful,"Fionnuala has expressed quite a favorable view regarding the use of potions and temporary boosts in gaming strategy. According to the discussions, she finds these items to be consistently helpful, particularly when players find themselves in challenging situations during gameplay.Specifically, Fionnuala believes that potions and temporary boosts can act as game-changers that successfully turn the tide of a difficult battle or grant that crucial extra advantage needed to succeed. Furthermore, she has noted that having a fun variety of potions—such as those that boost speed or enhance attack power for a short duration—adds an enjoyable layer to the overall experience. Ultimately, she views them as part of finding the right strategic balance in building an effective deck or preparing for encounters."
What does ThaneChambers think about stealth boosts?,they add a whole new layer to gameplay,"Based on the provided discussions, ThaneChambers does not specifically mention ""stealth boosts."" However, ThaneChambers is actively engaged in conversations with other group members regarding stealth gameplay mechanics, tactical gadgets, and unique environmental settings in video games like *Call of Duty*. During these discussions about potential game features—such as deploying gadgets like drones, hacking tools, and holographic decoys to enhance missions—ThaneChambers enthusiastically supports these ideas. He notes that incorporating such tactical elements would introduce exciting chaos and emphasize communication and strategy among characters, highlighting that teamwork is key to making these mechanics work effectively."
What does Bronwyn think about the idea of stealth missions?,it will be all about timing and communication,"When discussing the mechanics of stealth missions in upcoming cooperative gameplay, Bronwyn expresses a clear readiness for the strategic challenges they introduce. She points out that incorporating stealth would require players to approach situations much more carefully, emphasizing that success would rely heavily on proper timing and effective communication among teammates. Furthermore, Bronwyn notes that she does not mind a good challenge and highlights the inherent satisfaction of being able to successfully sneak up on bosses and tough enemies rather than rushing into direct combat. Her perspective underscores how stealth mechanics can enhance the depth of cooperative play, requiring players to adapt their tactical planning to master the game's tougher encounters."
What does LiHua think about the potential for stealth in the game?,it could lead to some really engaging and strategic gameplay,"When discussing the potential integration of stealth mechanics into upcoming gaming experiences, LiHua expresses genuine excitement and optimism. Rather than viewing stealth as a mere secondary feature, LiHua recognizes its capacity to completely transform tactical gameplay and foster deeper cooperation among players. According to the shared group discussions, LiHua believes that incorporating stealth mechanics will require players to adopt more strategic approaches, such as assigning specific roles within a team. For instance, LiHua suggests that co-op scenarios could involve splitting responsibilities—such as having one team member act as a distraction while others sneak around unseen. This level of coordination and communication, in LiHua's view, will make multiplayer and co-op missions significantly more engaging and dynamic."
What team does JakeWatson admire for their comebacks?,Real Madrid,"JakeWatson has expressed significant admiration for **Real Madrid** due to their famous ability to stage classic comebacks and thrive under immense pressure. In group discussions, JakeWatson highlighted Real Madrid's remarkable never-say-die attitude, recalling specific instances where the team was down by multiple goals yet managed to turn the tide. One particular match that stuck out strongly in his memory was the dramatic Champions League comeback against Manchester City in 2022, featuring Rodrygo's crucial stoppage-time goals that completely shifted the momentum of the game."
What is one characteristic of Real Madrid that JakeWatson mentions?,they thrive under pressure,"Real Madrid is widely regarded as one of the most storied and exciting clubs in football history, frequently capturing the attention of fans like JakeWatson and his friends. Through their enthusiastic discussions about classic matches, memorable comebacks, and legendary players, the group paints a vivid picture of the club's unique identity on the pitch.One standout characteristic of Real Madrid that JakeWatson specifically mentions is the team's incredible ability to **thrive under pressure and pull off thrilling comebacks**. Jake points out that they truly know how to turn things around when the odds are against them, displaying a remarkable ""never-say-die attitude."" To illustrate this resilience, Jake recalls the famous 2022 Champions League comeback against Manchester City, where Real Madrid looked completely defeated before scoring two quick goals in stoppage time to secure an epic victory. This unpredictability and refusal to give up are what keep fans like Jake constantly hooked on their matches."
Which match does JakeWatson remember for Real Madrid's comeback?,Champions League against Manchester City in 2022,"JakeWatson remembers a specific, thrilling match for Real Madrid's incredible comeback prowess: the famous Champions League comeback against Manchester City in 2022. During this unforgettable night, Real Madrid looked entirely defeated, but they managed to stage a stunning turnaround, highlighted by a dramatic stoppage-time goal from Rodrygo that propelled them forward in the tournament. This dramatic encounter stood out to JakeWatson as a prime example of Real Madrid's trademark never-say-die attitude and their ability to thrive under intense pressure. Such moments of unpredictability are precisely what keep fans like Jake hooked on the sport, showcasing the sheer resilience and winning culture ingrained in the club's DNA."
What was special about the match against Manchester City in 2022 according to the group discussion?,Rodrygo's stoppage-time goal,"Based on the group discussion, the match against Manchester City in 2022 was a famous and dramatic Champions League encounter that showcased incredible resilience and a never-say-die attitude. According to the participants, the game was highlighted by a stunning Real Madrid comeback when they appeared to be completely out of the running. A defining moment of the match was Rodrygo's epic stoppage-time goal, which sparked a rapid sequence where they managed to score twice in quick succession to turn the tide. The group noted that this thrilling display of belief, determination, and unpredictability captured the quintessential spirit and winning culture ingrained in the club."
What does Aurora say about the atmosphere at the Bernabéu during tough games?,It was electric,"The legendary **Santiago Bernabéu Stadium** is famously known as the home of Real Madrid, celebrated for its electric atmosphere and the significant home advantage it provides the team during high-stakes matches. Discussing the powerful environment within the stadium, Aurora notes that the atmosphere at the Bernabéu during tough and nail-biting games is truly electric. She highlights how the passionate fans play a massive, vital role in lifting the team during difficult moments, proving just how important the combined spirit of both the supporters and the squad is when the pressure is at its peak."
What does Evangeline say about Real Madrid's history in the Champions League?,They have a legendary history and a winning culture,"Evangeline is a passionate participant in group conversations concerning soccer, formations, and legendary clubs. When discussing Real Madrid, she actively highlights the club's profound mindset, key players like Karim Benzema and Jude Bellingham, and their tactical adaptations on the pitch. Specifically regarding the Champions League, Evangeline points out Real Madrid's legendary history within the prestigious European football tournament. She emphasizes that a distinct ""winning culture"" is deeply ingrained in everyone associated with the club, noting that it almost seems as though they expect to make famous comebacks and win even when circumstances look bleak."
What does Briar think about Real Madrid's chances for the rest of the season?,They have a solid chance to challenge for every title,"Briar's perspective on Real Madrid's prospects for the remainder of the season highlights the club's formidable strengths and potential for success. As a participant in discussions about football, Briar notes that the Spanish powerhouse possesses significant squad depth and a strong mix of new talent combined with experienced players. This solid foundation gives them a great chance to challenge for every major title.Furthermore, Briar points out the tactical influence of manager Carlo Ancelotti, emphasizing his proven ability to extract the best performances from his players, particularly during high-pressure crunch moments. Maintaining this level of energy, drive, and tactical edge will be crucial for Real Madrid as they navigate the rigorous demands of the season."
Who is Real Madrid's coach according to Ivor?,Ancelotti,"Real Madrid is widely recognized as a top-tier Spanish football club celebrated for its legendary history in the Champions League, strong home advantage, dramatic comebacks, and a counter-attacking style. Among the participants in the discussions, Ivor is a notable football enthusiast who frequently engages in tactical analysis and conversations about classic matches, such as the 2011 Champions League final between Barcelona and Real Madrid, and the thrilling 2012 draw.When discussing the management and tactical setups behind top-tier teams, the conversations often touch upon legendary figures like Pep Guardiola, who managed Manchester City. Within these discussions, Ivor and his peers analyze key players like Rodri—noted as the defensive stabilizer and engine of the team—and reflect on tactical shifts during matches against Real Madrid. However, specifically regarding Real Madrid's leadership on the touchline, another participant notes that coach ""Ancelotti knows how to get the best out of his players, even in crunch moments,"" highlighting his ability to maintain energy and drive throughout the season."
What does Dacey propose to practice on Saturday?,soccer shooting skills,"Dacey is an enthusiastic participant in the group's soccer discussions and frequently chimes in with ideas for upcoming weekend sessions. When organizing training schedules, Dacey brings a strategic mindset to the team, often comparing the sport's tactical shifts and matchups to chess-like strategic battles. Specifically, Dacey proposes focusing on several key areas for Saturday practice sessions. Beyond general passing drills, Dacey suggests incorporating target practice into the routine—proposing that the group set up cones and aim for them while passing to help sharpen their overall accuracy. Additionally, Dacey is eager to join defensive drills to help the team prepare for upcoming matches. Alongside the rigorous drills, Dacey maintains a high-energy and fun atmosphere, consistently encouraging teammates to bring their water bottles to stay hydrated and looking forward to post-practice pizza and social time."
Where do they plan to meet for soccer practice?,the local park,"Based on the group's discussions about their upcoming soccer practices, they have planned a few different locations depending on the specific session and day of the week. For their weekend meetup focused on passing drills and accuracy, the group often coordinates to meet at **the local park**. This specific spot is chosen for setting up cones and working on target practice, providing a great open space for the team to run around and hone their skills together. Additionally, for some of their training sessions, they have mentioned meeting up at **the park near the pitch**. This convenient location allows everyone to gather easily before hitting the field, working on their dribbling and teamwork, and getting ready for the big matches ahead."
What time do they plan to meet for soccer practice?,3 PM,"Soccer practice and training sessions are a central theme for the group, with various times and dates coordinated across multiple conversations. Depending on the specific weekend or session, the group frequently arranges their practices to focus on drills, dribbling, passing, shooting, and team bonding. For many of the upcoming weekend sessions, the group plans to meet at **3:00 PM**. For instance, Aurora organized a Sunday session specifically to work on dribbling skills starting at 3 PM, which was enthusiastically confirmed by Caspian, Dacey, Giselle, and others. Similarly, multiple Saturday practices—focused on passing accuracy, target practice, and short-passing drills—are scheduled for 3:00 PM to ensure there is plenty of daylight before evening approaches. Other times are also arranged depending on individual schedules and specific goals. Some weekend sessions are planned for earlier in the day, such as Saturdays at **2:00 PM**, allowing the team to practice their shooting and passing skills before grabbing pizza or burgers afterward. Additionally, some weekday evening practices are organized for **6:00 PM** to accommodate everyone's schedules, while specific training commitments, like LiHua and JakeWatson's goalkeeper sessions, have occasionally been set for **10:00 AM**."
Who offers to bring cones for the soccer practice?,Aurora,"Based on the soccer practice discussions, a couple of different group members generously offer to bring cones to help set up drills and organize the pitch for their training sessions. ### Equipment and PreparationsDuring the coordination for their weekend sessions, JakeWatson mentions, ""I'll bring the cones too, so we can set up some drills. Let’s make it a productive session!"" This ensures the team has the necessary markers to work on their passing and shooting accuracy effectively. Additionally, Henley chimes in during another planning conversation: ""I'll bring some cones so we can set up drills and practice! Let’s make sure we work on the weak spots from our last matches."" With items like cones, water bottles, and snacks organized among friends, the group always comes well-prepared to improve their skills and enjoy playing together."
What else does Henley plan to work on during the practice?,dribbling skills,"Based on the provided discussion records, Henley has several plans and focuses for the upcoming soccer practice sessions alongside the rest of the group. ### Focus on Passing and TacticsHenley is a strong advocate for technical precision during their weekend soccer sessions. Specifically, Henley emphasizes focusing on **short passes**, accuracy, and crushing passing drills. Furthermore, Henley likes to analyze tactical elements—such as contrasting the possession-based approaches of Pep Guardiola with Jürgen Klopp's counter-pressing—and discusses player roles, noting players like Rodri's performance and defensive stability, as well as Arsenal's backline solidity with Saliba and Ramsdale.### Dribbling Skills and DrillsIn addition to passing, Henley plans to work on **dribbling skills** during the weekend practices. To facilitate effective training, Henley actively contributes by offering to bring **cones** so the team can properly set up drills and work on their specific weak spots from previous matches.### Fitness, Warm-ups, and Post-Practice FunHenley also prioritizes player safety and team camaraderie. Henley is known to remind everyone to properly **stretch** before starting in order to stay injury-free and keep energy levels high. Finally, once the practice concludes, Henley is fully on board with the team's plans for post-practice food and socializing, enthusiastically agreeing that **pizza** is the perfect food choice to celebrate a great day on the field."
Who suggests getting pizza for dinner?,WolfgangSchulz,"When it comes to grabbing pizza for dinner, the community sources reveal a couple of different individuals proposing this delicious meal option. First, **WolfgangSchulz** suggests grabbing some pizza for dinner after work in a conversation with LiHua, mentioning a new pizza place downtown with amazing toppings. Additionally, during planning for a football watch party, **Caspian** suggests getting some pizza and drinks to enjoy while watching the match."
What does LiHua want to know about WolfgangSchulz's pizza preference?,his favorite place for pizza,"LiHua and WolfgangSchulz frequently discuss their favorite foods, ranging from fine Italian risotto and seafood to casual favorites like pizza and hot pot. When it comes to pizza preferences specifically, LiHua is curious to know where WolfgangSchulz likes to go. Specifically, after WolfgangSchulz suggests grabbing some pizza for dinner after work, LiHua enthusiastically asks, ""What's your favorite place for pizza?"" In response, WolfgangSchulz mentions being a fan of a new pizza place downtown that is known for having amazing toppings."
What new pizza place does WolfgangSchulz suggest?,a new pizza place downtown,"WolfgangSchulz suggests a new pizza place located downtown. In a conversation from October 2026, he mentions to Li Hua that he is a fan of this establishment and has heard they offer some amazing toppings, prompting the two to plan a dinner visit around 7 o'clock to unwind after work. While WolfgangSchulz and Li Hua frequently discuss and enjoy Italian cuisine—such as visiting their favorite Italian restaurant for pasta or dining at spots like Venedia Grancaffe—this specific mention highlights a downtown location that caught his interest for a casual pizza night."
What time do they agree to meet for pizza?,around 7,"Based on the provided information, Li Hua and Wolfgang Schulz have discussed meeting for pizza on a couple of different occasions. When planning a pizza dinner after work, they specifically discussed the time and agreed to meet at around **7:00 PM** (described as ""around 7ish""). Later on, during preparations for a soccer practice and hangout session, Li Hua suggested grabbing pizza or burgers afterward, and Henley agreed that pizza sounded like a great crowd-pleaser to enjoy while continuing to chat about soccer."
Who invites LiHua to taste a new bread recipe?,HaileyJohnson,"Hailey Johnson frequently connects with LiHua to share her passion for baking, offering everything from fresh deliveries to special events. Notably, Hailey reaches out to LiHua with a specific invitation to visit the bakery and sample a brand-new bread recipe she has been developing. In addition to this specific recipe-tasting invitation, their interactions highlight a vibrant community centered around artisanal baking and friendly support. Hailey often updates LiHua on new product lines, such as gluten-free or high-protein options, and organizes community events like baking classes and anniversary celebrations where LiHua and her friends can enjoy fresh treats."
What does HaileyJohnson want LiHua to taste?,a new bread recipe,"HaileyJohnson shares several delicious creations with LiHua throughout their conversations, ranging from fresh daily bread to artisanal treats and special promotional items. As a baker who offers doorstep delivery, Hailey frequently invites LiHua to taste her latest culinary experiments and bakery specialties. Initially, Hailey introduces LiHua to her delivery service featuring fresh milk and bread, specifically highlighting customer favorites like her amazing artisanal sourdough and chocolate chip brioche. She also ensures that LiHua gets to sample new additions to her menu as they become available.Over time, Hailey expands her offerings and regularly asks LiHua to try various new recipes:*   **Gluten-Free Bread:** Hailey launches a new line of gluten-free bread options and looks forward to LiHua's verdict on the alternative bake.*   **High-Protein Breads:** Tailored for fitness lovers, Hailey sends over a line of high-protein breads for LiHua to taste test.*   **Mother's Day Treats:** During a special promotion, Hailey recommends her top pastry recommendations, specifically the raspberry-filled croissants and chocolate eclairs.*   **Artisanal Donuts:** Hailey works on unique donut flavors and asks for feedback, to which LiHua praises the chocolate hazelnut variety.*   **Experimental Recipes:** Hailey frequently invites LiHua over to the bakery to sample brand-new, fresh-out-of-the-oven bread recipes she has been developing."
What type of pizza does WolfgangSchulz prefer?,margherita,"Based on the provided conversations and dinner plans, WolfgangSchulz's specific preferences regarding pizza toppings are not explicitly detailed in the text. However, he frequently enjoys going out for pizza with LiHua, such as visiting a new pizza place downtown together. While the sources mention dinner discussions involving pizza, risotto, and pasta, Wolfgang's favorite specific style or toppings of pizza remain unmentioned. On other occasions, he is noted for enjoying seafood risotto in Venice, hearty goulash, and pastries in Prague, as well as various Italian pasta dishes, but his exact pizza preferences are left unstated in the data."
What pizza does LiHua like?,pepperoni with extra cheese,"Based on the provided conversations, there is no specific mention of LiHua's favorite pizza toppings or style. However, LiHua frequently participates in pizza outings and watch parties with friends. For instance, LiHua agrees to grab pizza downtown with Wolfgang Schulz and later volunteers to handle a pizza order for a football watch party, offering to get a variety of toppings based on everyone's preferences (such as avoiding pineapple, as requested by Giselle and Jasper). In general, pizza is a popular and versatile comfort food enjoyed worldwide, often customized with meats like pepperoni and sausage, various cheeses, or vegetarian toppings depending on individual taste. While LiHua's exact personal favorite remains unstated, her enthusiasm for sharing pizza with friends is clear across multiple social gatherings."
What drink does WolfgangSchulz usually have with his pizza?,soda or craft beer,"Based on the provided data, WolfgangSchulz and LiHua often plan meals and discuss their preferences, but there is no specific mention of what drink WolfgangSchulz usually has with his pizza. While they frequently discuss food—such as enjoying Italian meals, risottos, and pizza downtown—and even mention pairing drinks with other foods like hot pot (where they specifically choose cold beer), the texts do not document a specific beverage accompanying WolfgangSchulz's pizza."
What is LiHua's suggestion regarding pizza places?,to check out the new downtown place,"LiHua has expressed enthusiasm for exploring new dining spots downtown, specifically agreeing with Wolfgang Schulz about trying out a new pizza place in the area. When Wolfgang mentioned a newly opened restaurant downtown that is rumored to feature amazing toppings, LiHua immediately responded with excitement, noting a prior desire to try that exact establishment and eagerly agreeing to plan a visit.This mutual interest in local culinary experiences highlights LiHua's openness to trying trendy or newly established eateries. Whether they are discussing local food festivals, authentic international dishes during conversations about travel, or simply grabbing a casual slice of pizza after a long day of work, LiHua consistently enjoys sharing good food and exploring different dining options with friends."
What do LiHua and Wolfgang plan to do together according to their conversation on 20261017?,plan a pizza night,"Based on the provided data tables, there is no conversation or event recorded between LiHua and Wolfgang on the specific date of October 17, 2026 (20261017). However, their interactions across other dates show that they frequently make plans together, particularly around music jam sessions, dining out, and comedy shows. For instance, they frequently organize Sunday music jam sessions to play classic songs like ""Wonderwall,"" ""Hey Jude,"" and ""Come Together."" Additionally, they have made plans for casual outings, such as catching a stand-up comedy show paired with a pasta dinner, and discussing Wolfgang's travels and photography."
What songs does ChaeSong-hwa suggest starting with according to the discussion on 20261019?,"Sweet Home Alabama or ""Let It Be""","On October 19, 2026, during a lively band and friends discussion about organizing an upcoming karaoke night, ChaeSong-hwa suggested starting with a few timeless classics. Specifically, she brought up the popular tracks ""Sweet Home Alabama"" and ""The Beatles"" (though the latter is noted in other contexts, her specific initial song suggestions for the karaoke night in this log were ""Sweet Home Alabama"" or ""Let It Be""). The group was immediately receptive to her choices, with participants like YurikoYamamoto and WolfgangSchulz chiming in to express their enthusiasm and suggest expanding the setlist further. This collaborative energy eventually led to blending those initial classic picks with more upbeat pop hits, ensuring a fun and memorable evening for everyone involved."
What type of songs does YurikoYamamoto want to try according to the discussion on 2026101?,upbeat pop songs,"Based on the discussions in the provided data from October 2026 and surrounding dates, YurikoYamamoto participates in several vibrant conversations regarding music, band practices, and song choices for her group, ""The Jolly Band."" While the exact date specified in the query falls just outside the detailed chat logs, the October 30, 2026 conversation provides clear insight into her musical preferences and ideas.During the October 30 session, YurikoYamamoto and her bandmate Li Hua discuss brainstorming tracks that incorporate a ""fun groove"" to spice up their set. Yuriko enthusiastically agrees with this direction, expressing excitement about finding songs that fit that dynamic vibe. Additionally, across multiple sessions, Yuriko shows a strong enthusiasm for mixing up their styles, suggesting a variety of tracks ranging from classic rock and festive seasonal songs to fusion pieces that blend different cultural sounds. Overall, she is eager to explore anything that brings great energy, creativity, and a collaborative spirit to the band's repertoire."
What songs does ChaeSong-hwa suggest adding to the mix according to the discussion on 2026101?,"Shallow or ""Shake It Off""","Based on the provided data and records of discussions, ChaeSong-hwa actively participates in a band called ""The Jolly Band"" alongside LiHua, Wolfgang Schulz, and YurikoYamamoto, where they frequently collaborate on music choices and jam sessions. When looking specifically at the timeline of discussions provided, there is no direct transcript matching the exact date ""2026101"" (though there are multiple sessions from surrounding dates in late 2026, such as October and November 2026). However, looking closely at the broader musical planning and October timeframe entries, ChaeSong-hwa and her bandmates frequently pitch various classic rock, pop, and acoustic tunes to add to their mix. For instance, during their extensive musical brainstorming sessions, ChaeSong-hwa suggests incorporating several memorable tracks and styles. She has previously proposed adding classic hits like Fleetwood Mac and The Beatles, karaoke favorites such as ""Sweet Home Alabama,"" ""Let It Be,"" ""Shallow,"" and ""Shake It Off,"" as well as iconic classic rock staples like ""Hotel California"" and ""The Joker."" Additionally, in late-year discussions, she often collaborates on fusion ideas, such as mixing in traditional Chinese elements or playing seasonal and upbeat songs to keep the band's performances fresh and exciting."
What does ChaeSong-hwa plan to bring to karaoke night?,snacks,"ChaeSong-hwa has plenty of enthusiasm and a great selection of classic and pop songs in mind for their upcoming karaoke nights, but she is also prepared to keep everyone's energy up in a very delicious way. When organizing a fun karaoke night with her friends, she specifically mentioned that she would take care of one of the most important party elements: the food.Specifically, ChaeSong-hwa announced in the group chat that she would bring some snacks to the karaoke night to share with everyone as they let loose and sing their hearts out. Along with bringing the snacks, she was ready to enjoy an unforgettable evening filled with music, laughs, and good vibes alongside her friends."
What does WolfgangSchulz suggest the group do before the upcoming karaoke night?,pick their songs,"Ahead of the upcoming karaoke night, Wolfgang Schulz suggests that the group finalize and share their song choices in advance. Specifically, Wolfgang emphasizes the importance of preparation so everyone is ready to perform, suggesting that they pick their songs before Friday and share these ideas within the group beforehand. This proactive approach ensures that everyone can hit the ground running for what promises to be an epic night of music and fun."
How does LiHua feel about the upcoming karaoke night?,excited and can't wait,"LiHua is thoroughly enthusiastic and excited about the upcoming karaoke events and music sessions mentioned throughout the data. When the idea of a karaoke night is first introduced by ChaeSong-hwa, LiHua immediately chimes in, exclaiming that it ""sounds like a blast!"" and declaring herself ""totally up for it."" She expresses a genuine eagerness to ""let loose and sing our hearts out together"" and later notes that she is looking forward to ""rock the stage"" with her friends.Her excitement is further reflected in her planning and preparation for musical gatherings. LiHua actively participates in song selections, suggesting crowd-pleasers like ""Sweet Home Alabama,"" ""Hotel California,"" and ""Blackbird,"" while also appreciating the idea of creating fun medleys with her bandmates like Wolfgang Schulz, Yuriko Yamamoto, and ChaeSong-hwa. Whether she is bringing her guitar, offering to bring snacks and drinks, or simply sharing her love for classic rock and diverse musical genres, LiHua views these gatherings as the highlight of her week. Ultimately, LiHua approaches the karaoke nights and jam sessions as memorable experiences filled with laughter, good vibes, and bonding. Her messages are peppered with exclamation points, music notes, and party emojis, consistently emphasizing that she cannot wait to make great memories, enjoy the music, and bring her absolute A-game to the stage."
What does ChaeSong-hwa say about the karaoke night?,it's going to be a blast,"ChaeSong-hwa is a key organizer and participant in the planning of the group's various musical and social gatherings, particularly when it comes to organizing a fun karaoke night. She initially pitches the idea to the group, suggesting that they mix things up and pointing out how much fun it would be to let loose and sing their hearts out together. To get the ball rolling, ChaeSong-hwa suggests starting with popular classics like ""Sweet Home Alabama"" or ""Let It Be."" When the group discusses incorporating more upbeat pop songs, she happily expands the playlist to include hits like ""Shallow"" and ""Shake It Off"" to ensure the night has a good, energetic mix of favorite tracks. She eventually nails down the schedule for a Friday evening—describing it as a great way to end the workweek—and even kindly offers to bring along some snacks for everyone to enjoy. Throughout the planning, ChaeSong-hwa expresses constant excitement, encouraging everyone to share their song ideas, warm up their voices, and bring their best energy to make it an unforgettable night."
What is the current status of the curtains according to LiHua?,They are perfect and more than satisfies him,"Based on the provided conversation data, LiHua reached out to Adam Smith on September 21, 2026, for assistance with installing a curtain on the basement window to boost privacy. After coordinating their schedules, Adam mentioned he was free on Wednesday or Thursday afternoon. LiHua confirmed that Thursday afternoon worked best for them to get the job done. Adam agreed to bring the tools and plan for that day, and LiHua expressed excitement and gratitude, looking forward to meeting on Thursday for the installation."
What offer does AdamSmith extend to LiHua regarding the basement?,It can be used for extra storage whenever LiHua is ready,"AdamSmith extends several thoughtful offers and permissions to LiHua concerning the basement space they share a connection to. Initially, when LiHua inquires about adding decorations—specifically sound-insulating pads—Adam enthusiastically agrees, granting permission as long as the modifications remain reversible and do not cause any damage to the property. Furthermore, as their interactions continue over time, Adam explicitly lets LiHua know that if she ever needs anything or decides to utilize the basement for storage, she should feel free to reach out to him. He consistently maintains an open and supportive attitude regarding the space, frequently reminding her that he is readily available to help out or answer any questions she might have about it."
What game does ThaneChambers remember as LiHua's favorite?,Black Myth: Wukong,"Based on the provided conversation logs, ThaneChambers recalls that Li Hua's first PlayStation 5 (PS5) game was *The Witcher 3*. During a group chat, ThaneChambers brings this up to start a discussion about Li Hua's favorite characters and experiences from the title. Li Hua expresses a great fondness for the game, particularly praising the complexity and morality of the protagonist, Geralt, as well as the stunning landscapes found in regions like Skellige and Toussaint."
"What aspect of ""Black Myth: Wukong"" does LiHua find the most impressive?",the visuals,"*Black Myth: Wukong* is an immersive action role-playing video game that has captured the attention of both Thane Chambers and Li Hua. Known for its dynamic gameplay and stunning visuals, the game offers an experience that players are eagerly exploring and enjoying. When it comes to what Li Hua finds most impressive about *Black Myth: Wukong*, the visual presentation stands out significantly. LiHua plans to play the game and has praised its top-notch storytelling alongside its incredible graphics, which feature amazing visuals that help bring the action-packed world to life. Beyond just the graphics, the game is widely celebrated for its top-tier production values, particularly its amazing soundtrack. Blending traditional Chinese instruments with modern orchestration, the audio design adds an epic layer to the overall atmosphere, complementing the fluid gameplay and stunning environments that make *Black Myth: Wukong* such a memorable title."
"What does ThaneChambers like about the game ""Black Myth: Wukong""?",the storytelling,"Based on the provided discussions, ThaneChambers expresses high praise for several key aspects of the immersive action role-playing video game *Black Myth: Wukong*, which he shares a passion for alongside Li Hua. ### Stunning Visuals and Breathtaking EnvironmentsThaneChambers is particularly captivated by the visual presentation of the game. He frequently highlights the stunning graphics, noting that the environments are ""breathtaking"" and make the overall exploration aspect significantly more enjoyable. ### Immersive Storytelling and Combat MechanicsBeyond the graphics, ThaneChambers praises the game's top-notch and super immersive storytelling, which offers a fresh take on classic tales. He also enjoys the depth of the gameplay, specifically highlighting the ability to combo different abilities and the thrill of epic boss battles, such as the encounters with giant enemies.### Outstanding Musical ScoreIn addition to the gameplay and visuals, ThaneChambers appreciates the audio design, specifically pointing out that *Black Myth: Wukong* features an amazing soundtrack that seamlessly blends traditional Chinese instruments with modern orchestration to elevate the epic storytelling and overall immersion of the world."
"Who is LiHua's favorite character in the game ""Black Myth: Wukong""?",Wukong,"Based on the provided data, there is no mention of LiHua's favorite character in the action role-playing video game *Black Myth: Wukong*. While the data notes that *Black Myth: Wukong* is an immersive action video game featuring stunning visuals, an amazing soundtrack combining traditional Chinese instruments with modern orchestration, and fluid gameplay that LiHua either plans to play, is currently playing, and enjoys alongside ThaneChambers, specific character preferences for LiHua within this title are never discussed. *(Note: In conversations regarding other media, LiHua does express favorite characters—such as Galadriel in ""The Rings of Power"" and Spider-Man in Marvel superhero discussions—but none are specified for ""Black Myth: Wukong"".)*"
"What memorable moment does LiHua share from the game ""Black Myth: Wukong""?",an amazing battle scene where he had to outsmart a giant enemy,"Based on the provided data, LiHua discusses playing and enjoying the immersive action role-playing video game *""BLACK MYTH: WUKONG,""* alongside community members like ThaneChambers. LiHua highlights the dynamic gameplay, beautiful visuals, and the fun of unlocking various abilities as the story progresses.Specifically regarding memorable moments within the game, LiHua notes the sheer enjoyment of the exploration aspect. According to the dialogue, LiHua points out that each area feels uniquely detailed and praises the fascinating lore behind the characters that players encounter while exploring the breathtaking environments."
"What memorable moment does ThaneChambers share from the game ""Black Myth: Wukong""?",a moment where he faced a tricky puzzle,"*Black Myth: Wukong* is an immersive action role-playing video game featuring stunning visuals, top-notch storytelling, fluid gameplay, and an amazing soundtrack that combines traditional Chinese instruments with modern orchestration. Both ThaneChambers and LiHua are among the players currently enjoying the experience.ThaneChambers shares a specific, memorable moment from the game, highlighting the thrill of first encountering the giant enemies. He notes that the experience of strategizing how to take down these massive foes was awesome, and he was especially struck by the breathtaking scenery during that particular fight."
"How does LiHua describe the balance of combat and puzzles in the game ""Black Myth: Wukong""?",It's refreshing to switch between action and thinking,"LiHua, along with fellow gamers like ThaneChambers, is currently playing and thoroughly enjoying the immersive action role-playing video game ***Black Myth: Wukong***. Known for its stunning visuals, top-notch storytelling, and fluid, dynamic gameplay, the title has quickly become a favorite topic of conversation among fans of the genre. When discussing the gameplay experience, LiHua highlights how dynamic the combat feels, specifically noting the thrill of unlocking and combining different abilities. Alongside the fast-paced action and epic boss battles, the game's breathtaking environments significantly enhance the overall exploration aspect, making every journey through the world feel engaging and unique."
Does LiHua play the game solo or with friends?,Both,"Based on the provided conversations and interactions, LiHua enjoys a mix of both solo and multiplayer gaming experiences, often sharing her passion for video games and hobbies with various friends and communities. When it comes to gaming, LiHua actively engages with others. She discusses titles like *Red Dead Redemption 2*, *The Witcher 3*, and *Call of Duty* with friends such as ThaneChambers, Gavriel, and Fionnuala. In addition to discussing immersive single-player stories, she also plans cooperative gaming sessions—such as teaming up with ThaneChambers for fun, chaotic multiplayer games like *Overcooked* and *Rocket League*. Beyond the digital world, LiHua's social and collaborative life extends to physical activities and hobbies as well. She frequently organizes and participates in group events, such as practicing soccer drills and passing routines with JakeWatson, Caspian, Aurora, and other members of their local group. She also connects with WolfgangSchulz and ChaeSong-hwa for music jams—playing guitar and discussing classic songs—and chats with EmilyBurnett about shared interests in creative environments, art, and favorite TV series."
Would LiHua be interested in playing co-op with the group?,Yes,"Based on the provided data, LiHua is heavily involved with a musical group called ""The Jolly Band""—alongside members like ChaeSong-hwa, WolfgangSchulz, and YurikoYamamoto—where they frequently plan jam sessions, experiment with new music styles (such as incorporating traditional Chinese instruments like the erhu or guzheng), and discuss upcoming performances. In addition to music, LiHua and this community engage in various collaborative and social activities, such as planning community garden spaces, organizing garage sales, and attending concerts together.While LiHua is an active participant in group coordination, rehearsals, and creative brainstorming, the provided conversation logs do not specifically mention LiHua playing co-op video games with the group. Instead, LiHua's gaming interests are highlighted in other contexts, such as being a member of the ""PS5 Game Enthusiasts"" group and discussing epic storylines and single-player narratives like *Detroit: Become Human*. Therefore, while LiHua thoroughly enjoys collaborative group dynamics in music and community projects, there is no direct evidence indicating an interest in playing co-op video games with this specific circle."
What TV series does EmilyBurnett remember LiHua likes?,Chernobyl,"Based on the provided group chat conversations, EmilyBurnett checks in with LiHua about her preferences and favorites regarding television series. Through their discussions, EmilyBurnett remembers that LiHua is a fan of the HBO historical drama series *Chernobyl*. During one of their interactions, EmilyBurnett specifically brings up the series to LiHua, noting that she remembers how much LiHua likes *Chernobyl* and is curious to unpack what draws her to the gripping show about the massive historical event."
"What does LiHua appreciate about the series ""Chernobyl""?",the powerful storytelling and the cinematography,"LiHua is an avid television viewer who participates in group chats discussing various acclaimed shows. Among her favorites is the gripping television series *Chernobyl*, which portrays the real-world historical event and the massive catastrophe. When discussing the show with friends like Emily Burnett, LiHua highlights several key elements that she truly appreciates about the production. Specifically, she loves how the series captures such a massive historical event through powerful and realistic storytelling. She finds the portrayal of the confusion and bravery of the people involved to be deeply moving and gripping. Furthermore, LiHua appreciates the visual and emotional depth of the series, noting that the cinematography is amazing. She is particularly impacted by the scenes showcasing the workers' sacrifices as they tried to contain the radiation, which she feels powerfully highlights the human spirit during tough times."
What is EmilyBurnett's favorite TV show?,Game of Thrones,"Based on the discussions in the group chat, **EmilyBurnett** has a few different shows that she thoroughly enjoys across various genres, but when it comes to her absolute favorites, a couple of standout titles regularly capture her enthusiasm. ### A Passion for Prestige Drama and FantasyWhen discussing television favorites, Emily frequently expresses her deep appreciation for major HBO and prestige series. Most notably, she dives heavily into the character arcs and intricate storytelling of ***Game of Thrones***, particularly exploring complex characters like Cersei and Jaime Lannister. Even though she has expressed some mixed feelings about how certain seasons wrapped up, she consistently highlights the series for its depth and dramatic impact.### Comedies and Modern ThrillersBeyond dark fantasy, Emily's taste spans across multiple genres. In discussions about comedy and comfort watches, she shares a fondness for ***The Office***, frequently citing Jim's classic pranks on Dwight and his chemistry with Pam as highlights. When exploring newer or more intense content, she has also shared excitement for gripping thrillers and sci-fi series like ***The Last of Us***, ***Black Mirror***, and ***Westworld***. Ultimately, while she engages with a wide variety of critically acclaimed television, ***Game of Thrones*** stands out as a primary favorite that she loves to analyze and discuss with the group."
"What memorable scene from ""Chernobyl"" does LiHua mention?",the scene where they're trying to contain the radiation,"LiHua frequently discusses the critically acclaimed television series *Chernobyl*, which is noted for its gripping portrayal of a massive historical event, capturing the confusion, bravery, and sacrifices of the people involved. When discussing memorable moments from the show, LiHua specifically highlights the intense and impactful scenes where the workers attempt to contain the radiation. Additionally, LiHua points out the profound sacrifices made by these individuals during such a difficult time, emphasizing how powerfully the series showcases the human spirit amidst crisis."
"Who is LiHua's favorite actor in ""Chernobyl""?",Stellan Skarsgård as Boris Shcherbina,"Based on the provided conversations, LiHua's favorite actor in the TV series ""Chernobyl"" is Stellan Skarsgård, who played the character Boris Shcherbina. During a discussion about the show with EmilyBurnett, Emily mentions that her favorite actor was Jared Harris for his portrayal of Valery Legasov. When prompted about her own favorite, LiHua shares a fondness for Stellan Skarsgård, highlighting how his character's journey throughout the series was fascinating and added significant emotional weight to the scenes."
What TV series is EmilyBurnett currently watching?,The Last of Us,"EmilyBurnett and her group of TV show enthusiasts discuss a variety of acclaimed series across multiple streaming platforms and networks. Within their lively discussions, Emily shares her current viewing habits and recommendations with her friends.Recently, Emily mentioned that she just started watching *The Bear*, a gripping series that dives into the chaos of running a restaurant while exploring the raw emotions and relatable humor of the characters. Additionally, she has been exploring other popular shows, noting that she planned to start *The White Lotus* for its mix of drama, dark comedy, and stunning resort setting, and she has also been catching up on *The Mandalorian* during her weekend TV marathons."
What TV show does EmilyBurnett recommend LiHua to watch?,The Last of Us,"In our ongoing group discussions about television and entertainment, EmilyBurnett has shared numerous insights, favorites, and recommendations with LiHua and other members. When LiHua expressed an interest in exploring sci-fi options beyond *Westworld*, EmilyBurnett readily suggested diving into the dark and thought-provoking anthology series ***Black Mirror***, noting how each episode functions like a mini-movie with its own unique story. Additionally, she recommended ***The Expanse*** for anyone who enjoys stellar space adventures. Beyond science fiction, EmilyBurnett’s recommendations span across various genres. When LiHua mentioned watching *Silicon Valley* and *Chernobyl*, EmilyBurnett introduced her to the gripping restaurant-industry drama ***The Bear***, praising its intense cooking scenes and raw, relatable humor. She has also pointed LiHua toward historical drama with ***The Crown*** and lighthearted comedy with ***Ted Lasso***. Furthermore, during discussions about binge-worthy television with strong suspense and nostalgia, EmilyBurnett strongly encouraged LiHua to check out ***Stranger Things***, advising her to start right with the first episode to get hooked on the vibe. Whether exploring thrilling post-apocalyptic settings like ***The Last of Us*** or discussing complex series favorites, EmilyBurnett's television suggestions have continually given the group plenty of engaging content to explore and dissect together."
"What does LiHua's plan about wathcing ""The Last of Us""?",binge it that weekend,"LiHua's plan regarding *The Last of Us* involves diving into the critically acclaimed series and video game after receiving enthusiastic recommendations from friends in the group chat. Initially, Emily Burnett recommends the television adaptation during a conversation about gripping prestige dramas, praising its post-apocalyptic setting, emotional depth, and strong character development. Intrigued by how the adaptation transitions from its source material, LiHua expresses excitement and resolves to binge-watch the show over the weekend. In addition to the television series, LiHua discusses picking up the interactive gaming experience itself. ThaneChambers chimes in to recommend the game, comparing its phenomenal, narrative-driven gameplay and intense blend of action and stealth to other masterclasses like *The Witcher 3*. With such high praise surrounding both the screen adaptation and the gaming masterpiece, LiHua's plan is set to fully immerse in the gripping, emotional world of *The Last of Us*."
What does JenniferMoore congratulate LiHua for pn 20261022?,for pushing his limits with the planks this week,"On October 22, 2026, JenniferMoore congratulates LiHua for pushing her limits with planks during the week. In a message sent at 22:00, Jennifer highlights the amazing progress LiHua is making and encourages her to keep up the great work and strong mindset. This exchange highlights the supportive relationship between the two, as LiHua expresses her appreciation for the encouragement while staying focused on her fitness improvement. Jennifer follows up by emphasizing the rewarding feeling of strength gains and reminds her friend to stay hydrated, rest up, and prepare for their upcoming session on Tuesday."
What does JakeWatson suggest for refueling after a soccer game?,a snack with carbs and protein and staying hydrated,"When it comes to refueling and recovering energy after a soccer match or practice, JakeWatson shares several distinct ideas with his friends and fellow soccer enthusiasts. Depending on the setting—whether it is a casual watch party or a post-practice hangout—he recommends a variety of tasty and refreshing options. During discussions about watching games, JakeWatson highlights classic, high-energy comfort foods that keep spirits high. He notes that having traditional game-day snacks is an absolute must, specifically mentioning chips and dip alongside pizza to keep the energy up while cheering for their favorite teams. Additionally, when organizing weekend training sessions and team meetups, JakeWatson is enthusiastic about grabbing a bite to eat afterward to relax and socialize. In these post-practice scenarios, he joins in on plans that involve sharing easy, tasty crowd-pleasers like pizza and burgers, perfectly paired with cold drinks to stay refreshed and chat about all things soccer."
What are LiHua's usual recovery snacks after a game?,a protein shake and a fruit smoothie,"Based on the provided data tables, there is no direct mention of LiHua playing a competitive game or consuming specific ""recovery snacks"" immediately following a game. However, the logs do reveal LiHua's general interests in food, snacks, and nutrition, particularly in relation to baking, social gatherings, and fitness discussions with friends like JenniferMoore.For instance, LiHua frequently participates in food-related events and discussions, such as celebrating the Chinese Lunar New Year with traditional dishes like dumplings and rice cakes, and sharing feedback on bakery items like raspberry tarts and sourdough bread. Additionally, when discussing fitness and nutrition with JenniferMoore, the conversations touch upon healthy eating, lean proteins, meal prepping, and snack options like Greek yogurt with honey and fruit pairings, though these are discussed in the context of general fitness and workout routines rather than post-game rituals."
What event is the community organizing?,a weekend picnic,"The community is actively planning and organizing a variety of engaging events and projects to bring neighbors together, foster holiday cheer, and enhance their shared spaces. Based on the provided records, the community's collaborative efforts focus on several key initiatives and seasonal celebrations.### Christmas Events and Seasonal CelebrationsA major focus for the upcoming winter weekend involves organizing festive **Christmas events** for all ages. Participants like Turalyon, RexxarRemar, and ArthasMenethil have discussed incorporating the newly renovated community garden into the holiday festivities. Plans include setting up holiday-themed crafts and activities for kids, leveraging the fresh air, newly planted flowers, and newly installed benches to create a warm, welcoming atmosphere for everyone to celebrate together.### Community Garden Renovations and ActivitiesThe central project occupying much of the community's time and discussion is the **Community Garden** renovation. This shared space project features flowers, benches, pathways, and shade, and it has served as a hub for collaborative brainstorming and teamwork. In addition to physical construction and weather-related delays, the group has organized events centered around the space, such as a community garden cleanup event and future tree planting activities designed to teach children about the environment.### Sports Days and Community SalesTo further encourage participation and connection among neighbors, the community organizes other lively gatherings. These include a **Community Sports Day** featuring team sports like soccer and basketball, friendly competitions, family activities like tug-of-war and sack races, and refreshments. Additionally, the group has planned a **garage sale** to help residents declutter, connect, and enjoy snacks together while taking a break from garden work."
What is the purpose of the community picnic?,to bring the community together and get to know each other better,"The community picnic serves as a wonderful, social gathering designed to bring neighbors and community members together. Its primary purpose is to provide a relaxed atmosphere where everyone can take a well-deserved break after all the hard work put into the community garden renovation. Additionally, the picnic offers a fantastic opportunity for participants to unwind, connect, and get to know each other much better. To make the day truly special, the event features a mix of fun activities, including shared meals, engaging games, music, and background tunes to set a joyful vibe. It also includes a potluck-style setup where attendees can bring and share their best dishes, desserts, and drinks, fostering a strong sense of community spirit and shared celebration."
What type of food event did Turalyon suggest?,a potluck,"Turalyon suggested a community picnic as a way to bring the neighborhood together, where everyone could relax and get to know each other better. To make the event special and engaging, Turalyon proposed organizing a potluck where attendees could bring a dish to share, allowing everyone to try each other's homemade food. In addition to the potluck, Turalyon suggested incorporating fun games and activities so that participants could enjoy some entertaining things to do while relaxing in the newly renovated garden space."
What does RexxarRemar suggest for the community picnic atmosphere?,organizing some music,"Community events and gatherings are a fantastic way to bring neighbors together, and the community has been actively brainstorming ways to enhance these get-togethers, particularly during community picnics and sports days. During the discussions about organizing a weekend picnic to foster community spirit and celebrate recent garden renovations, RexxarRemar brought forward several engaging ideas to enhance the overall atmosphere. Specifically, RexxarRemar suggested organizing some background music to set a joyful and welcoming mood for everyone in attendance. In addition to the musical ambiance, RexxarRemar also suggested introducing a fun, lighthearted element to the food sharing by hosting a small competition for who can bring the best dessert or treat. These thoughtful suggestions aim to create a memorable, lively, and interconnected experience for all participants as they enjoy the newly renovated community spaces."
What does TirionFordring suggest bringing for seating?,blankets or chairs,"TirionFordring plays an active role in community discussions, particularly when organizing gatherings and events centered around the newly renovated community garden. When planning the community picnic, members discuss various logistical details to ensure a comfortable and enjoyable experience for everyone attending.To address potential crowding and ensure adequate comfort on the grass, TirionFordring suggests that attendees bring their own blankets or chairs for seating. This practical advice helps accommodate everyone during the outdoor gathering."
What day did the community members decide on for the picnic?,next Saturday,"Based on the community discussions and planning logs, the members decided that **next Saturday** would be the official day for the neighborhood picnic. This event was organized to bring the community together to relax, enjoy the newly renovated garden space, and share a potluck meal. The idea for the weekend gathering was first proposed by Turalyon as a fun way for residents to get to know each other better and unwind after all the hard work put into the garden renovations. As the details came together, participants discussed various contributions such as bringing their best signature dishes for the potluck, organizing games, setting up drink stations to stay hydrated, and coordinating background music to create a joyful vibe. MuradinBronzebeard suggested scheduling the picnic for next Saturday to give everyone ample time to prepare their dishes, and IllidanStormrage and Thrall quickly confirmed that the timeline worked perfectly."
What does RexxarRemar suggest for keeping everyone energized during the picnic?,a mix of snacks and drinks,"During the preparations and discussions surrounding community events, participants often share creative ideas to ensure everyone has a wonderful time. When it comes to outdoor gatherings like picnics, keeping energy levels high and attendees well-refreshed is a top priority for the community members involved in the planning process.Regarding the specific picnic events, RexxarRemar emphasizes the importance of keeping everyone properly hydrated and energized, particularly because the weather outside might get warm. RexxarRemar specifically suggests making sure there is plenty of water and various drinks available to keep everyone hydrated while they enjoy the sunshine and outdoor activities. In addition to hydration, other community members like MuradinBronzebeard and AdamSmith chime in with complementary ideas to round out the refreshments. MuradinBronzebeard suggests offering a good mix of snacks, drinks, and even desserts, while AdamSmith generously offers to handle the drinks department to ensure everyone stays refreshed throughout the day's festivities."
What does RexxarRemar suggest to have available to keep everyone hydrated during the picnic?,water and drinks,"During the planning of the community picnic, RexxarRemar suggested ensuring that **water and drinks** are available to keep everyone properly hydrated, noting that it might get warm outside during the event. This hydration tip was well-received by the group. TirionFordring agreed, pointing out that staying hydrated is especially important when spending time outside, and suggested setting up a small drink station with water and other refreshments. Additionally, community member AdamSmith volunteered to take charge of handling the drinks so that all the attendees could stay refreshed throughout the day."
What does IllidanStormrage say he will bring to keep everyone entertained during the picnic?,some epic games,"During community discussions and planning sessions for upcoming events, various members step up to contribute different elements to ensure everyone has a wonderful time. When organizing the community picnic, IllidanStormrage actively participates in the planning process alongside other residents like Turalyon, ChaeSong-hwa, and RexxarRemar. Specifically, regarding the entertainment and activities for the picnic, IllidanStormrage mentions that he will bring some engaging items to keep the attendees occupied and happy. He states that he will make sure to bring some epic games to keep everyone entertained, aiming to make the picnic a truly legendary experience for the community."
What places in Europe does WolfgangSchulz remember as stunning in Europe?,the fjords in Norway and the lavender fields in Provence,"WolfgangSchulz has experienced and remembered several stunning locations throughout Europe, highlighting a variety of breathtaking natural wonders and charming urban destinations. Among the standout spots that left a lasting impression on him are the majestic fjords in Norway, which he notes offer unbeatable and breathtaking views. In addition to Norway's natural landscapes, WolfgangSchulz recalls the vibrant and colorful lavender fields in Provence, France, describing them as resembling a mesmerizing sea of purple. When discussing cities and architecture, he fondly remembers the enchanting streets of Prague, particularly praising the magical atmosphere and vibe of the old town, especially at night. Finally, he looks back with great fondness on his visit to Venice, where he enjoyed the picturesque canals alongside an unforgettable, perfect seafood risotto."
What does WolfgangSchulz like about Prague?,its architecture and the vibe of the old town,"WolfgangSchulz has expressed a distinct fondness for the city of Prague, highlighting several key aspects that make it a memorable destination in Europe. According to his travel reflections, he is particularly captivated by the stunning architecture, which he notes is especially magical at night. In addition to the visual appeal of the buildings, Wolfgang appreciates the unique and vibrant atmosphere found within the old town. Beyond the sightseeing and ambiance, he also fondly recalls the local culinary offerings from his time there, specifically highlighting the hearty and tasty goulash as well as the delicious pastries topped with powdered sugar."
What local dish did WolfgangSchulz try in Prague?,goulash,"When visiting the beautiful European city of Prague, known for its magical architecture and old-town vibe, WolfgangSchulz had the opportunity to sample some of the local cuisine. According to his travel recollections, he specifically remembered trying the local goulash, describing it as truly hearty and tasty. In addition to the savory comfort of the goulash, he also enjoyed the local pastries dusted with powdered sugar, calling them a delicious sweet treat."
What is WolfgangSchulz's favorite risotto memory?,having seafood risotto in Venice,"WolfgangSchulz has a deep appreciation for good food, particularly Italian cuisine, and has a very fond memory of a specific culinary experience involving risotto during his travels. When discussing his favorite dishes from his time exploring Europe, WolfgangSchulz recalled that he had the absolute best risotto when he was visiting Venice. The memorable dish was not only creamy and expertly prepared, but it also featured fresh seafood, which perfectly matched his self-professed love for seafood-based meals. Describing it simply as ""perfection,"" this Venetian seafood risotto stands out as a highlight of his culinary adventures and European travels."
What is on WolfgangSchulz's list for a future trip?,Italy,"Based on the provided data, WolfgangSchulz has specific destinations and experiences on his list for a future trip to Europe and Italy. During a conversation about memorable European travels, WolfgangSchulz mentioned that returning to Italy is ""definitely on my list!"" He expressed a desire to revisit some of the beautiful coastal towns that are known for their charm and stunning views. Specifically, WolfgangSchulz noted that he would love to check out Cinque Terre to see the colorful villages along the coast and enjoy hiking between them. He also emphasized that the food adventure alone would make a return trip worthwhile, building on his previous positive experiences with Italian cuisine, such as enjoying seafood risotto in Venice."
What does WolfgangSchulz want to check out in Italy?,Cinque Terre,"Based on the provided data, WolfgangSchulz is interested in visiting **Cinque Terre** when he plans a trip back to Italy. He specifically noted that the colorful villages along the coast look amazing and that hiking between them would be quite a treat. Wolfgang also expressed a general interest in revisiting some of Italy's beautiful coastal towns and continuing his food adventures there, having previously enjoyed a wonderful seafood risotto in Venice."
What does LiHua say about the seafood in Cinque Terre?,it's supposed to be fresh and delicious,"Cinque Terre is a stunning coastal location in Italy known for its colorful villages and incredible hiking trails, making it a dream destination for travelers seeking both scenic beauty and culinary delights. When discussing this picturesque Italian spot, LiHua notes that the seafood in Cinque Terre is supposed to be exceptionally fresh and delicious. Combined with the breathtaking views along the coastal hiking trails, it creates an unforgettable experience that makes the destination hard to beat."
What time will Li Hua and Wolfgang meet for breakfast on the morning of the 9th?,Insufficient information,"Based on the provided data, there is no mention of Li Hua and Wolfgang meeting for breakfast on the morning of the 9th. While the records show several meetings between Li Hua and Wolfgang Schulz—such as a lunch outing on the 8th of January and various evening dinners and music jam sessions—none of the conversations schedule a breakfast meeting for the 9th. Therefore, the specific time for such a meeting cannot be determined from the available information."
What type of equipment does Wolfgang Schulz use when he works out at the gym?,Insufficient information,"When Wolfgang Schulz hits the gym to work out, he incorporates a variety of equipment into his routine to balance his fitness goals. According to his fitness discussions, he prefers to start his sessions with cardio work. To accomplish this, Wolfgang specifically mentions using equipment such as the treadmill or the stationary bike to warm up. Following his cardio routine, he transitions into strength training to get back into his fitness routine alongside his workout buddy, LiHua."
"What type of exercise does Li Hua prefer to do at the gym, and what time does Wolfgang usually go to the gym?",Insufficient information,"Li Hua engages in various types of physical activity, but for her gym routines, she enjoys a balanced approach that incorporates both cardio and strength training. Specifically, she likes starting with cardio—such as running and cycling—to warm up before moving on to strength training workouts. Additionally, she has worked with coaches like Jennifer on planks and other strength-building exercises to increase her overall stamina and endurance. When it comes to gym schedules, Wolfgang usually plans to hit the gym with Li Hua at 2 PM. For instance, they have coordinated afternoon workout sessions around this time, starting with cardio on the treadmill or bike before transitioning into strength training together."
What type of traditional games did Wolfgang Schulz play with Li Hua during the Lunar New Year celebration?,Insufficient information,"Based on the provided conversations between Li Hua and Wolfgang Schulz, there is actually no mention of them playing traditional games together during the Lunar New Year celebrations. While the data shows Li Hua and Wolfgang discussing plans to celebrate the Chinese Lunar New Year—including cooking traditional dishes like dumplings and drinking green tea—their specific interactions during the holiday do not involve playing traditional games. Instead, their discussions about games and recreational activities usually revolve around playing music together in their band, practicing soccer skills, or talking about video games, rather than participating in traditional games during the Lunar New Year festivities."
"What did Li Hua eat for dinner on January 20, 2026?",Insufficient information,"Based on the provided data tables, there is no mention of what Li Hua ate for dinner on January 20, 2026. While the records show Li Hua discussing festive foods like dumplings and rice cakes around the time of the Lunar New Year in January 2026—and even hosting a celebration on January 18th featuring traditional dishes, green tea, and fruity drinks—specific details regarding meals on January 20 are simply not provided in the input sources."
What specific suggestions did Li Hua have regarding the construction schedule during the last community meeting?,Insufficient information,"Based on the provided community records and meeting discussions regarding the garden renovation and related events, there is no mention of Li Hua making specific suggestions regarding a *construction schedule* during the last community meeting. While Li Hua actively participated in various community discussions—such as proposing seating areas, lavender, coneflowers, and a herb section for the garden, as well as team sports and kids' games for the community sports day—the specific topic of adjusting or setting a construction schedule was not addressed by Li Hua in the available data."
What movie did Li Hua and Wolfgang decide to watch together on New Year's Eve 2026?,Insufficient information,"Based on the provided data, there is no mention of Li Hua and Wolfgang watching a movie together on New Year's Eve in 2026. While the sources record various outings and get-togethers between Li Hua and Wolfgang—such as a movie night to watch *Star Wars: A New Hope* on October 9, 2026, and several dinner plans involving Thai food, hot pot, and photography exhibitions—their interactions do not document any plans for New Year's Eve. Therefore, based strictly on the available evidence, I do not know the answer to this question."
What dish did Li Hua order for dessert after having Sichuan hot pot with Wolfgang Schulz?,Insufficient information,"Based on the provided data, Li Hua and Wolfgang Schulz made plans to enjoy Sichuan hot pot together at 7 pm, accompanied by cold beer. However, the available records do not mention any dessert being ordered or consumed after their hot pot dinner. While Li Hua and Wolfgang frequently discuss various meals—such as Thai food, Italian risotto, dumplings for the Lunar New Year, and pizza after soccer practice—there is simply no documentation of a dessert order following their specific hot pot outing."
What were the specific requirements that the customers modified and how did Li Hua respond to each change?,Insufficient information,"Li Hua’s interactions with various service providers and community members showcase a collaborative approach to planning, scheduling, and community events. While the provided records do not feature a scenario where a customer directly modified a project specification that Li Hua was fulfilling, they do highlight instances where Li Hua and her peers adapted to changing requirements, schedules, and preferences across several activities.### Air-Conditioner Installation LogisticsWhen coordinating the installation of an air-conditioner with Adam Smith and a contractor, the discussion initially centered on aligning schedules. Li Hua mentioned her flexibility, noting that she usually worked at The Lighthouse Cafe during the day and suggested scheduling the installation in the afternoon. Adam agreed to check the contractor's availability for that time slot. In subsequent check-ins, Adam confirmed the installation timeline for the following Wednesday, and Li Hua responded positively without raising any special requests or objections, expressing appreciation for his help and hoping for a smooth process.### Bakery Deliveries and Trial RunsLi Hua also engaged with Hailey Johnson regarding bakery items, specifically fresh bread and pastry options. After meeting at a bake sale, Li Hua expressed interest in Hailey’s doorstep delivery service and requested a trial run for a fresh artisanal sourdough loaf scheduled for a Tuesday delivery to her address at 123 Sunny Street. Later, when Hailey introduced a new line of gluten-free bread options, Li Hua readily accepted the offer to add it to her upcoming delivery, demonstrating a willingness to adjust her recurring orders based on newly available menu items.### Community Sports Day and Watch PartiesIn community settings, Li Hua actively participated in organizing sports days and soccer watch parties, where group preferences frequently shifted. When discussing activities for the community sports day in the renovated garden, Li Hua suggested incorporating team sports like soccer or basketball alongside family-friendly games. For the group watch parties and soccer practice sessions, when peers proposed specific dates, times, or menu items—such as shifting practice schedules or ordering pizza with specific toppings—Li Hua consistently accommodated the group's consensus, offering to take charge of tasks like ordering a variety of pizzas to suit everyone's preferences."
"What payment method did Li Hua use to purchase groceries from the store on April 15, 2026?",Insufficient information,"Based on the provided data and records, there is no mention of Li Hua purchasing groceries or using any specific payment method on April 15, 2026. The available records for that specific date simply note a message from Alice, who is from Hailey's bakery, stating that Li Hua's bread had been delivered and asking her to come and pick it up. The data tables do not contain transaction details, receipts, or information regarding financial methods used for purchases on that day. If you are looking for specific shopping excursions or purchases mentioned elsewhere in the chat logs, Li Hua engages in various discussions about fitness gear, video games, and bakery items, but payment details are not recorded. Therefore, I don't know the answer to your question based on the provided sources."
What specific diet did Li Hua follow to achieve his fitness results that Jennifer Moore recommended?,Insufficient information,"Based on the provided data, Li Hua did not follow a specific single diet recommended by Jennifer Moore. Instead, Jennifer Moore and Li Hua discussed general nutrition principles, lean protein sources, snack ideas, and meal prepping strategies to support Li Hua's fitness goals. ### Recommended Protein Sources and SnacksJennifer Moore provided Li Hua with a variety of lean meats to incorporate into meals, which included chicken breast, turkey breast, lean cuts of beef (such as sirloin), fish (like salmon and tilapia), and plant-based options like tofu or tempeh. For healthy snacks, Jennifer suggested options such as Greek yogurt with honey and berries, mixed nuts, cottage cheese with pineapple, and hummus with carrot and cucumber sticks. ### Meal Prepping and HydrationAdditionally, the discussions highlighted the benefits of meal prepping as a way to control meal ingredients, save time, and stay on track with nutrition goals. Alongside food choices, proper hydration and managing pre- and post-workout nutrition were emphasized as key components of Li Hua's overall fitness routine and recovery process."
What alternative training sports does Li Hua consider besides the current routine mentioned in his conversation with Jennifer?,Insufficient information,"Li Hua engages in various fitness routines, workouts, and group activities alongside personal trainer Jennifer Moore and friends. While maintaining a structured plan with Jennifer, Li Hua also explores other physical pursuits.Based on conversations and shared activities, Li Hua discusses or participates in several alternative training sports and physical exercises. These include trying out new trail running spots for group outings, practicing soccer skills and dribbling drills with friends, and engaging in music-related band sessions and jam practices with Wolfgang Schulz and others."
What type of diet is Li Hua following to support his training regimen and sleep schedule?,Insufficient information,"Based on the provided conversations and community discussions involving Li Hua and various fitness experts like JenniferMoore, Li Hua's overall approach to nutrition and fitness centers around structured, balanced meal planning and consistency rather than a single restrictive fad diet. While Li Hua has no specific dietary restrictions, the training regimen and lifestyle choices rely heavily on incorporating healthy, nutrient-dense foods to support both physical endurance and recovery. JenniferMoore frequently shares nutritional guidance with Li Hua and the group, emphasizing lean proteins—such as chicken breast, turkey breast, sirloin, fish like salmon and tilapia, and plant-based alternatives like tofu and tempeh—to support muscle recovery and strength gains. Additionally, Li Hua's snack and meal choices often include nutrient-packed options like Greek yogurt with honey and berries, mixed nuts, and fresh fruits, which help maintain high energy levels during rigorous workouts. While the provided data tables do not detail a specific ""sleep schedule"" for Li Hua, they extensively highlight how diet and hydration tie directly into overall performance, physical recovery, and daily stamina. Li Hua actively participates in meal prep discussions, shares stir-fry recipes containing lean proteins and vegetables, and focuses on staying properly hydrated to reduce soreness and maintain high energy. Through a combination of balanced macronutrients, consistent training with coach JenniferMoore, and smart pre- and post-workout nutrition, Li Hua effectively fuels a busy routine of strength training, cardio, and active hobbies."
What type of protein shake does Li Hua prefer to drink before his workout sessions?,Insufficient information,"Based on the provided data, there is no mention of Li Hua preferring to drink protein shakes before his workout sessions. While the sources extensively discuss various fitness routines, gym sessions with trainers like Jennifer Moore, music playlists, and hydration habits—such as drinking plain water, electrolyte drinks, or water infused with lemon—specific references to pre-workout protein shakes for Li Hua are not included in the records. When it comes to nutrition and diet advice, the gym communications primarily focus on incorporating lean meats into meals (such as chicken breast, turkey breast, lean beef like sirloin, fish like salmon and tilapia, and plant-based options like tofu or tempeh) and wholesome snacks like Greek yogurt with honey and berries. However, a specific preference for a pre-workout protein shake is never detailed."
What specific brand of protein supplement does Jennifer recommend for Li Hua's weight loss journey?,Insufficient information,"Based on the provided data tables, there is no mention of a specific brand of protein supplement recommended by Jennifer for Li Hua. While Jennifer does provide a helpful list of lean meats and healthy snack ideas—such as Greek yogurt, turkey breast, and salmon—to support fitness and nutrition goals, she does not name or endorse any commercial brand of protein supplements during their conversations."
What specific colors of paint does Li Hua plan to use for the basement walls after decorating with potted plants?,Insufficient information,"Based on the provided data and conversations regarding Li Hua's home projects and activities, there is no mention of Li Hua planning to paint the basement walls, nor any specific colors of paint chosen for that purpose. While Li Hua does discuss various home and community activities—such as joining garden renovation group chats, bringing dishes to neighborhood potlucks, planning music jam sessions, and even discussing adding sound-insulating pads and curtains to the basement—the topic of painting the basement walls is never brought up. Therefore, based strictly on the provided sources, the specific paint colors Li Hua plans to use remain unknown."
What color did Li Hua decide to paint the walls of the basement after completing the renovation?,Insufficient information,"Based on the provided data, there is no mention of Li Hua deciding to paint the walls of the basement after completing the renovation, nor is there any information regarding a specific wall color being chosen or applied. While the conversations detail various activities and discussions involving Li Hua—such as community garden renovations, basement music jam sessions, hanging a curtain for privacy, and installing sound-insulating pads—painting the basement walls is simply not covered in the records. Therefore, I cannot provide a color as that supporting evidence does not exist in the data tables."
"What specific design features did Li Hua suggest for Yuriko's studio homepage during their meeting at ""Central Perk""?",Insufficient information,"Li Hua and Yuriko Yamamoto discussed several key design features and updates for Yuriko's speech therapy studio homepage during their brainstorming sessions at Central Perk. When planning the layout and content, they focused on making the website both welcoming and engaging for potential clients, especially children and families seeking therapy services. To achieve this, Li Hua provided practical advice on implementing a contact form—suggesting user-friendly WordPress plugins like ""Contact Form 7"" or ""WPForms"" as straightforward options to allow visitors to easily send messages. Additionally, they agreed on incorporating dedicated sections to highlight specific studio offerings, such as detailed information about the therapy techniques Yuriko is developing, resources, success stories, and a section for community outreach programs. Visual appeal was another major focus of their meetings at Central Perk. Li Hua agreed to help find soothing and inviting images, layout ideas, and visuals that accurately reflect the essence of speech therapy. They also evaluated various logo designs together to ensure the studio's branding looked professional, clean, minimalist, and approachable for kids and families."
What is the name of the concert that Wolfgang and Li Hua will attend on March 7th?,Insufficient information,"Based on the provided conversation logs between Wolfgang Schulz and Li Hua from March 2026, Wolfgang mentions having an extra ticket for a concert scheduled for March 7th at 6 PM. While the specific proper name or title of the concert event is not explicitly mentioned in the text, the exchange details their plans to meet up at a new place on Main Street for food at 5 PM before heading over to enjoy the live music together."
What type of cake does Li Hua plan to bring to the meeting with Yuriko to celebrate her studio's homepage redesign?,Insufficient information,"Based on the provided data, there is actually no mention of Li Hua planning to bring any type of cake to her brainstorming session with Yuriko. While the records show that Li Hua and Yuriko planned a meeting at Central Perk at 9:00 AM on a Thursday to discuss Yuriko's studio homepage, and Li Hua mentioned having ideas in mind to brainstorm together, food items like cake are never brought up in their conversation."
What color did Li Hua paint his house before the community garden renovation began?,Insufficient information,"Based on the provided information, there is no mention of Li Hua painting a house—before the community garden renovation or at any other time. The community garden renovation project is a major focus of the data, involving community discussions about adding seating areas, flower beds with native plants (like lavender and coneflowers), a small herb section, a children's play area, and sustainable practices like composting and recycling. However, details regarding the personal property, such as the color of Li Hua's house, are simply not provided in the source records."
What specific dietary changes did Li Hua implement in his training regimen as a result of Jennifer's advice on endurance and flexibility?,Insufficient information,"Based on the provided conversations between Li Hua and their coach Jennifer Moore, maintaining proper nutrition and hydration played a significant role in supporting Li Hua's fitness journey, particularly as they focused on building strength, endurance, and stamina. Jennifer provided comprehensive guidance on incorporating lean meats—such as chicken breast, turkey breast, sirloin, fish like salmon and tilapia, and plant-based alternatives like tofu or tempeh—into meals. She also suggested healthy snack options like Greek yogurt with honey and berries, mixed nuts, cottage cheese with pineapple, and hummus with raw vegetables. LiHua responded enthusiastically to these recommendations, specifically noting a desire to try the Greek yogurt paired with bananas and cinnamon. While Jennifer's advice specifically targeted lean proteins and nutrient-dense snacks to fuel workouts and support recovery, LiHua also embraced vital hydration habits recommended by the fitness community. These included drinking plenty of water, using electrolyte drinks or lemon infusions for motivation, and kicking off the day with a glass of water right after waking up to stay energized and aid muscle recovery."
"What specific feedback did Yuriko give to Li Hua about the demo website during their meeting at the cafe ""Central Perk"" on Thursday morning, and how did Li Hua respond to her comments?",Insufficient information,"During their Thursday morning meeting at the Central Perk café, Yuriko Yamamoto provided specific feedback and requests to Li Hua regarding the demo website developed for her speech therapy studio. Specifically, Yuriko expressed a desire to incorporate detailed information about the new therapy techniques she was currently developing, alongside a dedicated section tailored for community outreach programs. In response to Yuriko's suggestions, Li Hua reacted with great enthusiasm and complete support. Li Hua enthusiastically agreed that it was a fantastic idea, confirming that they would directly work on integrating those specific sections together during the meeting. Furthermore, Li Hua expressed optimism that adding these targeted features would help Yuriko's studio truly shine, ensuring the final online platform remained as informative and welcoming as possible."
What is the exact reason for Li Hua's unexpected work meeting on Thursday?,Insufficient information,"Based on the provided data tables, there is no mention of an unexpected work meeting for Li Hua on a Thursday. While Li Hua's schedule does include various activities—such as guitar jam sessions, gym workouts with Jennifer Moore, bread-tasting events, and soccer practices—the logs do not contain any references to an unexpected work meeting on a Thursday. Therefore, based on the available sources, I don't know the exact reason for such a meeting, as no such event is documented in the text."
"What toppings did Hailey put on the bread for Li Hua's next delivery, and what is the name of the bakery she gets her bread from?",Insufficient information,"Based on the conversations provided, Hailey Johnson announced the launch of a new line of gluten-free bread options, offering to add it to Li Hua's next delivery so she could try it. When Li Hua enthusiastically agreed to include the new bread in her delivery, Hailey did not specify any particular toppings to be placed directly on the bread. However, in their previous discussions regarding bakery items and delivery services, Hailey highlights popular favorites from her shop, such as an amazing artisanal sourdough and a chocolate chip brioche. Additionally, during a special anniversary event, Hailey offered to bake a fresh batch of sourdough and sweet pastries specifically for Li Hua. As for the origin of the baked goods, the delivery service is operated directly by Hailey. Alice, who works as a clerk for the business, frequently messages Li Hua regarding these drop-offs, identifying herself as coming from ""Hailey's bakery."" Therefore, the bread and pastries come straight from Hailey's own bakery rather than a third-party establishment."
What is the favorite type of music that Li Hua and Yuriko plan to play together?,Insufficient information,"Based on the provided conversations, Li Hua and Yuriko (along with their bandmates in ""The Jolly Band"") enjoy exploring and playing a wide variety of music together during their regular jam sessions. Some of their favorite genres and styles to play include classic rock, pop tunes, folk music, and feel-good tracks. For instance, they frequently enjoy working on classic rock staples and Beatles songs like ""Here Comes the Sun,"" ""Hey Jude,"" and ""Sweet Home Alabama,"" as well as upbeat crowd-pleasers like Coldplay's ""Viva la Vida."" Beyond standard rock and pop, the group loves experimenting with creative fusions. Notably, Yuriko has expressed excitement about blending traditional Chinese instruments (such as the erhu or guzheng) into their performances to create a unique texture, while the band also likes incorporating atmospheric elements like binaural tones and upbeat grooves into their setlists."
What are the specific reasons why Li Hua prefers classical music over pop music in their discussions?,Insufficient information,"Based on the provided conversation logs, there is actually no mention of Li Hua expressing a preference for classical music *over* pop music. In fact, Li Hua and their friends (including Wolfgang, Yuriko, and Chae Song-hwa) enjoy a wide and eclectic mix of musical genres, frequently blending classic rock, acoustic tunes, and pop hits during their jam sessions and karaoke nights. While the group loves playing timeless classics—such as The Beatles' ""Hey Jude"" and ""Come Together,"" Lynyrd Skynyrd's ""Sweet Home Alabama,"" and Eagles' ""Hotel California""—they are equally enthusiastic about modern or upbeat pop tracks like ""Shallow,"" ""Shake It Off,"" and songs by Coldplay. Therefore, the provided data does not support the idea that Li Hua favors classical music exclusively or places it above pop music, as they happily embrace both styles depending on the mood and the event."
What song did Yuriko and Wolfgang decide to perform together after watching the drum tutorial?,Insufficient information,"After Yuriko shared an online tutorial on advanced drum techniques to help with their practice, the bandmates were thoroughly excited for their upcoming jam session. Wolfgang, eager to apply his drumming skills and hoping to nail some iconic tracks, focused heavily on their repertoire. Specifically, Wolfgang expressed his enthusiasm for playing songs by The Beatles, noting that he was ready to tackle those classic tunes during the session. With support from Yuriko and LiHua, the group embraced the idea, and Wolfgang specifically mentioned looking forward to playing well-known Beatles tracks together."
"What type of feedback did Li Hua provide to Chae regarding the community medical knowledge lecture, and what is Wolfgang's role in the band rehearsal?",Insufficient information,"Li Hua provided enthusiastic and insightful feedback regarding the community medical knowledge lecture hosted by ChaeSong-hwa, who works as a neurosurgeon. Li Hua mentioned learning a great deal about the latest advancements in neurosurgery, specifically praising Chae's presentation style for making complex medical topics easy to understand. Furthermore, Li Hua expressed appreciation for the overall helpfulness of the session and encouraged Chae to keep up the great work. In terms of musical collaborations, Wolfgang Schulz plays a vital role within their band, affectionately known as ""The Jolly Band."" Wolfgang's primary instrument and musical focus is the drums, where he anchors the rhythm section and keeps the beat. Known for a relaxed and fun-loving approach, Wolfgang looks forward to trying out new styles—such as incorporating classic rock tunes or blending in unique creative elements—while ensuring that jam sessions maintain a healthy balance of fun, creativity, and steady organization."
What is the name of the last song Wolfgang played using the new drum practice app?,Insufficient information,"Based on the provided data, there is no mention of Wolfgang using a ""new drum practice app."" While Wolfgang is a passionate drummer who frequently discusses his practice sessions, band rehearsals, and even explores purchasing new drum kits (such as checking out the PDP Concept series), the conversations center entirely around playing with his band (""The Jolly Band""), jamming to classic rock songs like ""Hey Jude,"" ""Come Together,"" and ""Here Comes the Sun,"" and preparing for live performances. Because the provided logs do not contain any references to a drum practice app or any specific song played through such an application, it is not possible to provide the name of the last song played in that context."
What flavor of new bread products did Li Hua really enjoy at the bakery's anniversary event?,Insufficient information,"### Bakery Anniversary Event OverviewThe bakery anniversary event, hosted by Hailey Johnson, took place from April 15 to 17, 2026. This special occasion featured a variety of new bread products, discounts, and treats designed to celebrate with the community. Li Hua attended the event alongside Wolfgang and shared glowing feedback about the new offerings. ### Li Hua's Favorite TreatsWhen asked about her thoughts on the new products introduced during the celebration, Li Hua highlighted the pastries, expressing particular enthusiasm for the raspberry tart. She noted that the raspberry tart was an absolute hit and that the vibe of the event was perfect. Building on this sweet success, Li Hua later suggested that a future flavor combination of chocolate and caramel would be a wonderful winner for the bakery's next creations. Hailey Johnson enthusiastically agreed with the idea and promised to work on a new recipe featuring those classic flavors."
What is the name of the song that Li Hua will sing at the karaoke on 20260425?,Insufficient information,"Based on the provided data, there are no specific songs mentioned for Li Hua to sing at a karaoke session on April 25, 2026 (20260425). While the data includes a conversation on April 25, 2026 (source 11), the participants—including Li Hua, ChaeSong-hwa, YurikoYamamoto, and WolfgangSchulz—are actually brainstorming and discussing song ideas for an upcoming Sunday jam session for their band, ""The Jolly Band,"" rather than a specific karaoke event on that date. During this discussion, the group collaborates on a classic rock medley, tossing around several popular tracks. ChaeSong-hwa suggests ""Hotel California"" by Eagles and ""The Joker"" by the Steve Miller Band. Li Hua chimes in with ""Sweet Home Alabama"" by Lynyrd Skynyrd to add a fun vibe to the medley, and later suggests ""Blackbird"" by The Beatles for its acoustic contrast, which Wolfgang Schulz enthusiastically supports. However, the logs do not specify which exact song Li Hua herself will perform or sing solo from these suggestions."
What flavor of cake did Hailey plan to bake for the bakery's anniversary celebration in February?,Insufficient information,"Based on the provided data, Hailey Johnson did not plan a cake specifically for a bakery anniversary in February. Instead, the bakery's anniversary event took place from April 15 to 17. During this time, Hailey introduced new products and special treats, and she later followed up with Li Hua to get feedback on the anniversary event, where Li Hua specifically mentioned enjoying the raspberry tart.When discussing future treats and recipes based on Li Hua's suggestions following the April anniversary event, Hailey and Li Hua discussed a classic chocolate and caramel combination for a future recipe. However, no February anniversary event or related cake planning is mentioned in the records."
What type of dessert did Wolfgang plan to order for Li Hua during their dinner celebration?,Insufficient information,"Li Hua and Wolfgang Schulz enjoy a vibrant social life, often meeting up for various culinary adventures, concerts, and community events. Whether they are grabbing hot pot, enjoying Thai cuisine, or attending a local concert, food is a frequent and enjoyable topic of discussion in their friendship.During one of their dinner celebrations—specifically Wolfgang's promotion dinner at Venedia Grancaffe—Wolfgang shared his culinary plans for the evening. While discussing what to order, Wolfgang mentioned that he was thinking of trying the restaurant's risotto, which he had heard was really good. Meanwhile, Li Hua considered going for the pasta to join in on the feast. While they discussed various meals across their different outings—such as pad thai, spring rolls, and green curry at a favorite Thai spot—the specific dinner celebration centered around Wolfgang's promotion featured a feast of risotto and pasta rather than a formal dessert course."
What were Raze's personal reasons for becoming a fitness coach before discussing pull-up techniques?,Insufficient information,"Based on the provided data tables, there is no information regarding Raze's personal reasons for becoming a fitness coach, nor is there any discussion of pull-up techniques. The conversations involving Raze and other participants (such as JenniferMoore, Omen, LiHua, and Phoenix) primarily focus on workout routines, stretching, hydration habits, trail running, yoga, soccer matches, and video games. Therefore, I cannot provide an answer based on the given sources."
"What new species of flowers will be featured in the community garden renovation, according to the feedback provided by Li Hua during the progress reports?",Insufficient information,"Based on the community garden renovation discussions and progress reports, LiHua specifically highlighted a few key flower species to feature in the newly renovated space. During the planning phases, she recommended incorporating beautiful and pollinator-friendly varieties to attract wildlife and brighten up the area. Specifically, LiHua suggested adding lavender and coneflowers to the flower beds, noting that they are both visually appealing, beneficial for pollinators like butterflies and bees, and relatively low-maintenance. Later in the project, as the layout and planting details progressed, LiHua also pointed out that a combination of Bluebells, Camellias, and Tulips would make a wonderful and vibrant mix for the garden, complementing each other nicely while enhancing the overall community vibe."
What specific construction projects were discussed at the meeting between Turalyon and the residents regarding noise control?,Insufficient information,"When discussing noise control and community improvements, residents and leaders like Turalyon, Li Hua, and Adam Smith frequently addressed the impact of ongoing construction projects. Specifically, the community groups focused heavily on **garden renovations** as a primary source of noise and environmental disruption. As Li Hua noted during conversations with neighbors and friends like Wolfgang Schulz, the daytime noise from the ongoing garden renovation project could become quite hectic and loud, making it difficult to focus or relax at home. This led Li Hua and other community members to seek out quieter alternative workspaces, such as discovering ""The Lighthouse Cafe"" as a peaceful haven to escape the commotion of the garden project.To manage the disruption and foster community spirit amidst the noisy improvements, the residents coordinated various planning meetings and structural additions. These discussions involved not only managing the noise and maintenance schedules for the garden itself—such as planting flowers and trees with the children—but also addressing residential infrastructure needs, like coordinating the details and quiet installation of energy-efficient **air-conditioning units** (such as inverter AC models from brands like Mitsubishi and Daikin) for basements."
What is the amount of rent Li Hua owes to Adam Smith for the months of April and May?,Insufficient information,"Based on the provided communication records between Li Hua and Adam Smith, there is a specific mention regarding rent for the spring of 2026, though a precise dollar amount is not numerically stated in the text. In a message dated April 29, 2026, Adam Smith reminds Li Hua that ""the rent is due soon,"" to which Li Hua replies that she will make sure to sort it out before the due date. Later, on June 1, 2026, Adam Smith sends another message noting, ""I noticed I haven't received last month's rent yet,"" referencing the payment due for May. Li Hua acknowledges this oversight and promises to handle the payment ASAP. While the exact monetary figure of the rent owed for April and May is not explicitly detailed in the chat logs, these records confirm that Li Hua needed to settle her rent obligations for those months following Adam's reminders in late April and early June."
What song did Li Hua perform at the local music festival in 2026?,Insufficient information,"Based on the provided data tables, there is no mention of Li Hua performing any specific song at a local music festival in 2026. While the records show that Li Hua and Wolfgang discussed a local festival featuring food stalls and live music in January 2026, and documented numerous band jam sessions and song choices (such as The Beatles' ""Here Comes the Sun,"" ""Come Together,"" and ""Hey Jude,"" alongside classics like ""Hotel California"" and ""The Joker""), the text does not state that Li Hua performed at a music festival. Therefore, I don't know the answer based on the provided information."
"What is the name of the restaurant where Li Hua and Wolfgang had dinner on the night of June 9, 2026?",Insufficient information,"Based on the provided data, there is no mention of LiHua and Wolfgang eating at a restaurant on the night of June 9, 2026. According to their conversation on June 9, 2026, Wolfgang invited LiHua to grab dinner that night, but LiHua had to decline because they were attending a freelance gathering from 3:00 PM to 6:00 PM. Additionally, LiHua mentioned dealing with a noisy garden renovation at home, meaning they did not go out for dinner together on that evening."
What is the nutritional value of the new line of high-protein breads compared to traditional white bread?,Insufficient information,"Based on the provided data, there is no specific nutritional breakdown detailing the calorie counts, macronutrient profiles, or direct comparisons of a new line of high-protein breads versus traditional white bread. While the sources mention a bakery event featuring a product launch for new healthy bread options and discussions regarding athletes' nutrition, lean proteins, and diet tips with an expert nutritionist, precise nutritional data for high-protein breads versus traditional white bread is not available in the records."
What specific sleep techniques did Li Hua use to improve her study habits after reading the neuroscience article and discussing the warm shower with Chae?,Insufficient information,"Based on the provided data tables, there is actually no mention of Li Hua discussing a warm shower with Chae, nor are there any specific sleep techniques detailed regarding how she used them to improve her study habits after reading the neuroscience article shared by ChaeSong-hwa on July 11, 2026. While the conversation does show that Li Hua read the article about how to fall asleep faster at night and acknowledged that sleep is crucial for recovery after long days, the text focuses primarily on her busy schedule, gym sessions, and music practice rather than study habits or specific bedtime routines like warm showers. ***### Summary of Sleep and Wellness DiscussionsAlthough study-specific sleep techniques are not mentioned in the records, the source data highlights several related health and recovery routines that Li Hua and her peers engage in:* **Scientific Sleep Insights:** ChaeSong-hwa shared a research article by American scientists focused on falling asleep faster, which Li Hua read and noted as helpful for her daily recovery.* **Fitness and Recovery Balance:** Li Hua frequently balances her schedule with physical training alongside coach Jennifer Moore, emphasizing the importance of staying hydrated, getting proper rest, and taking care of herself.* **Relaxation Plans:** The interactions often touch on the importance of unwinding, with suggestions for taking chill nights to relax after long days of juggling work, music, and the gym."
What type of special dietary restrictions does Li Hua follow when preparing meals for his family?,Insufficient information,"Li Hua is an active individual who engages in various fitness activities, such as working out with Jennifer Moore, playing soccer, and maintaining a healthy lifestyle. However, when it comes to the specific question of what dietary restrictions Li Hua follows for his family or himself, the provided records indicate that he does not follow any strict or specialized medical or personal dietary restrictions. In fact, when discussing food preferences and upcoming cooking events with friends like Hailey Johnson—who hosts baking classes and introduces items like gluten-free bread—Li Hua explicitly confirms that he has no dietary restrictions to keep in mind, noting that he is ""all set"" in that regard. While Li Hua enjoys a diverse and flavorful diet—ranging from traditional Chinese Lunar New Year dishes like dumplings and rice cakes to spicy Sichuan hot pot, Thai food, and homemade pasta salad—his meal choices are driven by culinary enjoyment, cultural celebrations, and social gatherings rather than prescribed dietary limitations."
"What is the total cost of the air conditioner installation, including labor and materials, if Li Hua had previously discussed a budget of $2,000 with a different contractor?",Insufficient information,"Based on the provided data, there is no mention of the total cost, labor fees, or material expenses for the upcoming air conditioner installation scheduled for Wednesday next week. While Li Hua and Adam Smith discussed details, logistics, and scheduling the installation for the basement—including preferences for energy-efficient, quiet, wall-mounted inverter units—the specific financial details and budget figures are not included in the records.Therefore, I do not know the exact total cost of the air conditioner installation, and I cannot verify how it relates to any previous budget of $2,000 discussed with a different contractor."
What type of fusion music does Wolfgang Schulz plan to create with Li Hua during their weekend trip to the music store?,Insufficient information,"Based on the provided conversations and the activities of Wolfgang Schulz and Li Hua, the premise of the question actually combines a couple of different events and creative discussions. First, regarding their weekend trip to the local music store (initially proposed by Wolfgang for Saturday at 10 AM to check out new gear and get inspired), the primary focus there was browsing instruments and equipment—such as Wolfgang looking into affordable drums like the PDP Concept series—rather than planning a specific musical fusion style.However, the idea of creating fusion music comes up in a separate brainstorming context involving their music group, ""The Jolly Band"" (which includes Wolfgang, Li Hua, Yuriko Yamamoto, and later ChaeSong-hwa). Specifically, ChaeSong-hwa suggested mixing Chinese musical elements into their performance style. This inspired the band to explore traditional instruments like the erhu or guzheng to blend with their current style, aiming to create a fusion piece—such as a pop tune with a Chinese twist—during their upcoming practice sessions. Ultimately, while Wolfgang and Li Hua enjoy exploring various genres and classic rock medleys during their regular Sunday jam sessions, the specific fusion music involving traditional Chinese elements and instruments like the erhu was a collaborative band idea sparked by ChaeSong-hwa rather than hatched during a music store gear run."
What type of flowers were planted in the garden based on the residents' suggestions discussed by Turalyon?,Insufficient information,"The community garden project has been an exciting journey filled with collaboration, brainstorming, and plenty of hard work from the residents. From organizing community planting days to navigating noisy construction and water pipe repairs, the group has consistently worked together to create a vibrant and welcoming space for everyone to enjoy.When it came to selecting the greenery and floral arrangements for the garden, the residents made several thoughtful suggestions. Based on the discussions, particularly noted by Turalyon when sharing the great news about the purchases, the specific flowers chosen for the garden were **Bluebells**, **Camellias**, and **Tulips**. These selections were praised for their beautiful colors and ability to complement each other well, bringing life and vibrancy to the space. Additionally, residents like Li Hua and AdamSmith suggested incorporating native plants, lavender, coneflowers, and even a small herb section with basil, mint, and rosemary to further enhance the garden's natural beauty and attract local pollinators like bees and butterflies."
"What type of air-conditioner did Li Hua select for Adam's living room, and how does its temperature regulation compare to the one in the basement?",Insufficient information,"Based on the provided data, there is no mention of Li Hua selecting an air-conditioner for Adam's living room. The discussions regarding air conditioning specifically focus on a unit for the basement. When discussing options for the basement, Li Hua recommended looking into energy-efficient and low-noise inverter AC units, specifically mentioning brands like Mitsubishi and Daikin, and advising a SEER rating of 16 or higher. Li Hua also noted that wall-mounted units are generally better for space-saving, quieter operation, and more effective cooling compared to portable ones. However, no details or comparisons are provided in the records regarding a living room air-conditioner or its temperature regulation relative to the basement."
What were Li Hua's specific fitness goals and how did Jennifer's advice on nutrition influence them during his training for a marathon?,Insufficient information,"Li Hua's fitness journey encompasses a diverse range of goals, extending from general conditioning and strength training to specialized preparation. Throughout the training logs and conversations, Li Hua expressed a strong desire to improve stamina, boost overall endurance, and focus specifically on increasing strength and flexibility. Working alongside Jennifer Moore, a supportive coach and nutritionist, Li Hua balanced these rigorous physical objectives with a mindful approach to overall health. Jennifer’s continuous encouragement—ranging from tracking progress on planks and bench presses to celebrating personal records on pull-ups—helped keep Li Hua motivated and consistent in the gym.When it came to nutrition and fueling these fitness aspirations, Jennifer’s expert guidance played a pivotal role. Jennifer emphasized the importance of hitting appropriate macros, balancing protein, carbs, and veggies, and timing meals properly to sustain high energy levels during workouts and aid in post-exercise recovery. For instance, after Li Hua shared a nutritious recipe featuring quinoa, mixed veggies, and grilled chicken, Jennifer validated the approach, noting that a proper mix of macronutrients is essential for fueling workouts. Furthermore, Jennifer provided detailed, actionable meal ideas, such as a recipe for baked salmon with sweet potatoes and broccoli, which offered Li Hua a structured and flavorful way to maintain a healthy diet. This nutritional advice directly influenced Li Hua’s routine by encouraging meal prepping and thoughtful food choices, ensuring that the physical exertion of strength training and running was properly supported by optimal nutrition. By integrating Jennifer's dietary recommendations—ranging from pre-workout fueling to effective post-recovery meals—Li Hua was able to maintain high energy levels, manage portions, and build sustainable habits that complemented a busy work schedule and continuous physical progression."
What are the sales figures for the PS5 exclusive games released in 2026 that Thane discussed with group members?,Insufficient information,"Based on the provided conversation and data tables, there are no specific sales figures or numbers mentioned for any of the PlayStation 5 exclusive games discussed by Thane Chambers and the group members. While Thane and fellow community members frequently chatted about various PS5 titles and upcoming exclusives—such as *Demon's Souls*, *Marvel’s Spider-Man 2*, *Final Fantasy XVI*, and *Ghostwire: Tokyo*—their discussions focused entirely on gameplay mechanics, graphics, atmospheric storytelling, trailers, and personal recommendations rather than commercial performance or sales data."
"What specific techniques did Li Hua use to prepare for a marathon race that took place on September 1, 2026?",Insufficient information,"Based on the provided data, Li Hua did not actually train for or participate in a marathon race on September 1, 2026. The marathon advice and routine discussions in the records (such as those involving Brimstone, Omen, and Raze) were focused on a different character named Brimstone, and the date of that conversation was May 8, 2026. Instead, Li Hua's own fitness journey primarily centered around general strength training, stamina, and cardiovascular workouts under the guidance of coach Jennifer Moore, as well as a heavy focus on playing and discussing soccer with friends like JakeWatson, Caspian, and others.### Fitness Routine and Training TechniquesWhile Li Hua's goals were geared toward overall strength, endurance, and stamina rather than a specific marathon on September 1, the discussions highlight several key training techniques shared among the group:*   **Cardiovascular Mix:** Li Hua incorporated a balanced mix of running and cycling to improve stamina, noting that cycling is especially refreshing when the weather is nice. *   **Strength and Conditioning:** Under Jennifer Moore's guidance, Li Hua worked on increasing strength and flexibility, celebrating milestones like progress with planks and resistance exercises. Other group members also emphasized the importance of squats, deadlifts, and weight training to build endurance and boost energy levels.*   **Recovery and Soreness Management:** The training routine emphasized consistency, proper hydration, and fueling with protein and carbs around workouts. Proper rest days were highlighted as crucial to avoid injuries and make continuous progress."
What food did Emily order for the group's discussion about Game of Thrones characters?,Insufficient information,"Based on the provided conversation and data tables, there is no mention of Emily ordering any food for the group's discussions about *Game of Thrones* characters. While members of the group frequently engage in lively debates about complex character arcs—such as Cersei Lannister's descent into ruthlessness, Jaime Lannister's redemption and tragic end, Tyrion's wit, and Joffrey's hateability—the discussions focus entirely on the television series' plot twists, themes of power and choice, and character motivations. Food and snacks are notably mentioned in other contexts within the group chats—such as planning watch parties or soccer practice with pizza, chips, sodas, and energy bars—but no food orders are recorded for their *Game of Thrones* analytical sessions."
"What type of protein supplements did Li Hua use after the workout on September 19, 2026?",Insufficient information,"Based on the provided data and records, there is no mention of Li Hua using any protein supplements after a workout on September 19, 2026. While the data logs include various conversations involving Li Hua regarding fitness goals, gym memberships, hydration habits, and workout routines with coaches like Jennifer Moore, specific mentions of protein supplements on that date are absent."
What color was the curtain that Li Hua chose for his living room?,Insufficient information,"Based on the provided data tables, there is no mention of Li Hua choosing a curtain for his living room. The records do note that Li Hua asked Adam Smith for help with installing a curtain, but this specific task was actually for the basement window, not the living room. During their conversation, Adam agreed to help with the basement window installation on a Thursday afternoon, and he planned to bring the necessary tools. Additionally, the provided text does not contain any information regarding the color of the curtain intended for the basement window or any other room in the house. Therefore, based strictly on the available evidence, the color of the curtain is not specified."
What specific measurements did Li Hua take for the window size before the installation of the curtain?,Insufficient information,"Based on the provided data tables, there is no mention of Li Hua taking specific measurements for the window size before the installation of the curtain. While the conversation between Li Hua and Adam Smith outlines plans for Adam to help install a curtain on the basement window to boost privacy—scheduling the task for a Thursday afternoon and arranging for Adam to bring the necessary tools—the exact dimensions or any prior measuring process are never discussed or recorded in the sources."
What is Thane's favorite type of food that he enjoys while playing video games?,Insufficient information,"If you don't know the answer, just say so. Do not make anything up. Based on the provided data tables, there is no mention of Thane's favorite type of food to enjoy while playing video games. While Thane Chambers is an active participant in community discussions about PlayStation 5 games—talking extensively about titles like *The Last of Us*, *Red Dead Redemption 2*, *God of War*, and *Call of Duty*—the logs do not contain any information regarding his personal food preferences or snacking habits during gaming sessions."
What were the specific details of the negotiation between Jake Watson and Li Hua regarding player transfers from FC Barcelona to FC Bayern Munich?,Insufficient information,"Based on the provided data tables, there are no records or details of any negotiations between Jake Watson and Li Hua regarding player transfers from FC Barcelona to FC Bayern Munich. While the conversation logs show that the participants frequently discuss classic UEFA Champions League (UCL) matches, historical team rivalries, legendary players like Lionel Messi and Cristiano Ronaldo, and various tactical formations, they do not engage in any club management, boardroom negotiations, or transfer dealings. Their discussions remain purely conversational, focusing on soccer analysis, upcoming weekend matches, and personal practice sessions for dribbling, passing, and shooting. Consequently, any information regarding specific transfer negotiations between Barcelona and Bayern Munich is completely absent from the provided data."
What was the final match score of the 2025 UEFA Champions League final?,Insufficient information,"I don't know the answer, as the provided data tables do not contain any information about the 2025 UEFA Champions League final. The available records do reference several other historic UEFA Champions League matches and finals—such as the 1999 final between Manchester United and Bayern Munich, the 2005 final where Liverpool famously came back from 3-0 down against AC Milan, the 2011 final won 3-1 by Barcelona against Real Madrid, the 2012 final featuring Chelsea and Bayern Munich, the 2013 match where Barcelona lost 4-0 to Bayern, and the 2015 match featuring Neymar's iconic goal sealing Barcelona's place in the final. However, details regarding the 2025 event are entirely absent from the source texts."
What was the exact date and time when Cersei Lannister first met Jaime Lannister in the Game of Thrones series?,Insufficient information,"Based on the provided data and the narrative of the *Game of Thrones* television series, there is no mention of the exact date and time when Cersei Lannister first met Jaime Lannister. Within the context of the series, Cersei and Jaime are twins born into the prominent Lannister family of Westeros, meaning their relationship and history date back to their childhood rather than a first-time meeting depicted or timestamped in the source materials. While the group discussions in the data touch extensively upon Cersei Lannister's complex character arc, her manipulative and arrogant nature, her relationships with characters like Tyrion Lannister and Tywin Lannister, and her intense bond and ultimate tragedy with Jaime Lannister, the specific chronological date and time of their very first encounter are never provided."
What type of dessert did Wolfgang plan to have with Li Hua after their hot pot dinner on a different day?,Insufficient information,"Based on the communications between Li Hua and Wolfgang Schulz, their culinary adventures span a variety of different cuisines, including Sichuan hot pot, Thai food, pizza, and celebratory dinners. While they frequently enjoy savory meals together, such as when Wolfgang celebrated his job promotion with a dinner at Venedia Grancaffe featuring risotto and pasta, they also share a fondness for sweet treats and baked goods.On a separate occasion, while reminiscing about European travels and discussing local pastries covered in powdered sugar in Prague, Wolfgang also mentioned having a memorable seafood risotto in Venice. However, when it comes to specific dessert plans tied to their travels and shared meals, Wolfgang's European foodie reflections highlighted the comforting treats found abroad, complementing the community baking events and sweet pastries that Li Hua frequently explores with local bakers like Hailey Johnson."
What did Jennifer say to Li Hua about their plan for a team swimming competition in December?,Insufficient information,"Based on the provided data tables and chat logs, there is no mention of Jennifer and Li Hua discussing a team swimming competition in December. While the records show numerous interactions between Jennifer Moore and Li Hua discussing fitness routines, pushup challenges, nutrition, recipes, and personal records throughout the year (including various dates in December 2026), swimming is never brought up by either of them. Therefore, I don't know the answer, as supporting evidence for a team swimming competition is not provided in the source documents."
What strategy did Li Hua use to score a goal in the championship match against their rival team?,Insufficient information,"Based on the provided data tables, there is no mention of a championship match where Li Hua scored a goal against a rival team. The discussions involving Li Hua and soccer primarily focus on classic UEFA Champions League matches (such as finals between Liverpool and AC Milan, Chelsea and Bayern Munich, and Manchester United and Bayern Munich), debates about legendary players like Messi and Ronaldo, favorite football managers like Pep Guardiola, and organizing weekend soccer practice sessions with friends to work on passing, shooting, and dribbling skills. While Li Hua and their friends frequently chat about professional football tactics—such as Barcelona’s tiki-taka style, counter-attacks, and Rodri's role in anchoring Manchester City's midfield—specific details regarding Li Hua personally scoring a goal in a championship match are not present in the records."
What is Li Hua's favorite type of exercise outside of pull-ups?,Insufficient information,"Based on the provided conversations and fitness discussions, Li Hua actively participates in a wide variety of fitness routines and physical activities alongside her progress with pull-ups. While she achieves milestones like smashing her pull-up personal record, she is deeply engaged in interval training, bodyweight exercises, and soccer. Li Hua expresses great enthusiasm for mixing things up with interval sessions and bodyweight exercises, noting that they keep her heart rate up and workouts interesting. In addition to gym-based conditioning and strength training, she is an avid soccer fan and player who regularly joins friends for weekend practice sessions, focusing on skills like passing, shooting, and dribbling, while enjoying the social aspect and post-practice pizza."
What time did Chae first suggest they visit the music festival in the morning?,Insufficient information,"Based on the provided data, Chae (ChaeSong-hwa) did not suggest visiting the music festival in the morning. Instead, she first brought up the local music festival in the evening, specifically at 6:00 PM on December 8, 2026, when she sent a message to the group asking if they should plan out what they wanted to see for the event happening that Saturday.Throughout the communications, the group typically arranged their festival meetups and jam sessions for later in the day, such as meeting at the basement at 6:00 PM to head to the music festival together, or planning to meet an hour before it starts to grab food. Therefore, there is no record of a morning suggestion for the festival from Chae."
What are the reasons behind Jennifer and Li Hua's decision to change their training routine for the following month?,Insufficient information,"Based on the provided records regarding Jennifer and Li Hua, their fitness journey involves consistent communication, adjustments, and targeted goal-setting. While they maintain a structured schedule—often meeting for rigorous workouts involving push-ups, pull-ups, and planks—they actively adapt their training routine to foster personal growth and address specific developmental areas. Specifically, Li Hua expresses a desire to focus more on building overall strength and improving flexibility. Recognizing that these particular physical aspects could benefit from dedicated attention, Jennifer suggests a tailored approach to help them reach these new milestones. To accommodate these updated objectives, Jennifer recommends incorporating more resistance training specifically aimed at strength gains, alongside dedicated stretching or yoga sessions to improve flexibility, successfully tweaking their ongoing fitness plan to keep the momentum going."
What specific gifts did Wolfgang buy for Li Hua during his trip to Hong Kong?,Insufficient information,"Based on the provided data regarding Wolfgang Schulz's travels and interactions with Li Hua, we can look closely at his trip to Hong Kong to see what gifts or items were discussed and purchased.### The Hong Kong Trip PlansLeading up to his trip to Hong Kong, Li Hua and Wolfgang discussed potential items to bring back. Li Hua suggested that Wolfgang look for some cool snacks or a local souvenir that ""screams Hong Kong!"" Wolfgang agreed to keep an eye out for unique snacks and a specific souvenir for Li Hua. ### What Was Actually Brought Back?While Wolfgang safely arrived in Hong Kong, explored vibrant locations like Victoria Peak and Mong Kok, and planned to take many photographs, the provided logs do not document the exact moment he bought the gifts or specify the final items he purchased during his stay. In summary, although Li Hua asked for unique snacks and a local souvenir that captured the essence of Hong Kong, the specific gifts Wolfgang ultimately bought are not mentioned in the available records."
