Question,Gold Answer,minirag
Did Adam Smith send a message to Li Hua about the upcoming building maintenance schedule before the administrators announced a temporary change in the construction schedule due to weather conditions?,Yes,"Based on the information provided, there is no mention of Adam Smith sending a message to Li Hua regarding the upcoming building maintenance schedule before the administrators announced a temporary change in the construction schedule due to weather conditions. The messages between Adam Smith and Li Hua focus primarily on routine matters such as rent payments, the installation of air conditioning units, and minor repairs. There is no indication of any communication about a planned maintenance schedule or any unexpected changes in the construction schedule. Therefore, it cannot be concluded that Adam Smith sent a message related to the temporary change in the construction schedule."
"Did Wolfgang ask Li Hua about watching ""Star Wars: A New Hope"" after he asked Li Hua about going to see ""Overwatch 3""?",Yes,"No, Wolfgang did not inquire about watching ""Star Wars: A New Hope"" after he asked Li Hua about going to see ""Overwatch 3"". In the conversation, Wolfgang initially expressed interest in seeing ""Overwatch 3"", and Li Hua responded positively, suggesting a 7 PM showtime. Wolfgang then proposed grabbing some food before the movie. Wolfgang and Li Hua planned to meet at a new burger place near the cinema, indicating that Wolfgang had already decided on the movie and food plans without mentioning ""Star Wars: A New Hope""."
Did Li Hua agree to go out for dinner after Wolfgang first asked him if he wanted to go out for dinner?,Yes,"No, Li Hua initially declined Wolfgang's invitation to grab dinner. Initially, Wolfgang suggested they grab dinner at a particular place, but Li Hua responded that he was currently very busy and suggested another day instead. Wolfgang then offered to plan for another day in the future, suggesting a low-key option such as a movie or hanging out at a cafe. However, it seems that Wolfgang did not pursue the idea of going out for dinner, as no further invitations or plans were made."
Did Li Hua send a message to Jennifer thanking her for the new training schedule before he requested a change in his training schedule for Thursday?,Yes,"No, there is no mention of Li Hua sending a thank-you message to Jennifer Moore prior to requesting a change in his training schedule for Thursday. The record only shows Li Hua expressing excitement about the new training routine and agreeing to the schedule, without any preceding expression of gratitude."
Did Li Hua ask Jennifer for advice on how to prevent muscle soreness after an intense workout session before he told her that he feels soreness in his arm muscles after the workout this week?,Yes,"Yes, according to the conversation, Li Hua did inquire about tips for preventing soreness and dealing with it after their workout session. Specifically, in a message dated 20261211_11:00, Li Hua mentioned, ""I've been feeling pretty sore after our workout sessions. Do you have any tips or tricks for dealing with the muscle soreness?"" Jennifer responded with several suggestions including staying hydrated, engaging in light activities like walking or gentle yoga, spending time stretching muscles post-workout, using a foam roller on sore spots, and ensuring adequate rest. This indicates that prior to experiencing soreness himself, Li Hua had asked for advice from Jennifer on how to prevent soreness, showing his proactive approach to fitness and recovery."
Did Li Hua send a message to Jennifer asking for her opinion on protein supplements before he consulted her about his daily protein powder consumption?,Yes,"Yes, Li Hua did consult Jennifer about his daily protein powder consumption, specifically asking for her opinion on how much he should consume daily to support his fitness goals. Jennifer advised him to aim for about 1.6 to 2.2 grams of protein per kilogram of body weight, depending on his level of training. She also suggested that protein powder could be used to supplement his protein intake from meals, particularly post-workout or as a snack. This consultation clearly came before his inquiry about protein powder usage and intake."
"Did Yuriko ask Li Hua for help with her studio's homepage before she booked a seat at the ""Central Perk"" cafe?",Yes,"No, according to the conversation, Yuriko did not ask Li Hua for help with her studio's homepage before booking a seat at the ""Central Perk"" cafe. The conversation indicates that Yuriko simply wanted to inform Li Hua about her upcoming appointment at ""Central Perk"" for a discussion about her studio's homepage. Li Hua responded positively, indicating they were looking forward to the meeting. Thus, there is no record of Yuriko seeking assistance with the homepage before this scheduled meeting."
Did Li Hua discuss his progress with the fitness plan before he shared a blog post about his recent fitness achievements?,Yes,"The provided data does not contain any explicit mention of Li Hua discussing his progress with the fitness plan before writing a blog post. The fitness-related communications highlighted in the messages focus on the progress Li Hua has made since starting his fitness regimen under Jennifer Moore's guidance, including the challenges he faces and the adjustments he makes to his workout plan. There is no indication that Li Hua discussed these developments with Jennifer Moore before sharing them in a blog post. Therefore, based on the information available, we cannot confirm that such a discussion took place."
Did Li Hua send a message to Jennifer asking if he can turn the Thursday class to Friday after he requested a change in his training schedule for Thursday?,Yes,"No, Li Hua did not directly request to change his class from Thursday to Friday in the messages provided. Instead, Jennifer Moore suggested that Li Hua could have a class switched to Friday this week. The conversation about the change took place in Message ID 1, where Li Hua asked Jennifer Moore if he could reschedule his training session from Thursday to Friday due to an unexpected work meeting. Jennifer agreed to the change and proposed that Li Hua's class be scheduled for Friday at 10:00 am. There is no indication in the messages provided that Li Hua had already requested a class change from Thursday to Friday."
Did Li Hua ask Yuriko to play music together before Wolfgang proposed to pause playing musical instruments?,Yes,"Based on the information provided in the conversation, there is no mention of Li Hua specifically asking Yuriko to play music together before Wolfgang proposed to pause playing musical instruments. Instead, the initial interaction seems to revolve around introducing Yuriko to Wolfgang, suggesting that they might enjoy jamming together. After Wolfgang's suggestion to pause playing instruments, the conversation does not explicitly detail Li Hua's actions regarding Yuriko. However, it is clear that Wolfgang was the one who brought up the idea of pausing instrument-playing, which then led to discussions about future jam sessions involving Yuriko."
"Did Wolfgang Schulz recommend the band learns ""Viva la Vida"" by Coldplay after he and Li Hua discussed what song to play this Sunday?",Yes,"Yes, Wolfgang Schulz recommended the band learn and play ""Viva la Vida"" by Coldplay at their upcoming jam session. This recommendation was made during a discussion where Wolfgang shared his enthusiasm for the song, noting its popularity and the crowd's likely enjoyment. He also highlighted the song's upbeat tempo and potential to energize their performance, suggesting it would be a fitting addition to their repertoire. This song was ultimately agreed upon and planned to be included in their set list for the jam session."
Did Wolfgang's promotion announcement occur before he invited Li Hua for dinner on 20260430?,Yes,"Based on the timeline provided in the conversation data, Wolfgang's promotion announcement took place on 20260430 at 17:00. The dinner invitation for the same day at 6 PM at Venedia Grancaffe occurred subsequently. Therefore, Wolfgang's promotion announcement did indeed happen before he invited Li Hua for dinner on 20260430."
Did Turalyon announce the construction updates and feedback from residents after Illidan Stormrage complained about the construction noise?,Yes,"The conversation does not explicitly show that Turalyon announced construction updates and feedback from residents after Illidan Stormrage complained about the construction noise. The interaction between the participants focuses primarily on addressing the noise concerns raised by Turalyon, Malfurion Stormrage, Muradin Bronzebeard, Rexxar Remar, Grom Hellscream, and Tirion Fordring. While Illidan Stormrage mentions his interest in updates and feedback, there is no clear indication that Turalyon specifically addressed his complaint after it was brought up. Instead, the focus seems to be on gathering and implementing suggestions from the community to mitigate noise during the garden renovations."
Did Hailey announce the new line of high-protein breads before inviting Li Hua to the special bakery event?,Yes,"Yes, Hailey did announce the new line of high-protein breads before inviting Li Hua to the special bakery event. This announcement came on April 19th, where Hailey shared the exciting news about the new high-protein breads being available starting the following week. Specifically, Hailey informed Li Hua that these new breads were available for delivery beginning the next week, allowing Li Hua to include them in her order. The event, which was announced on April 13th, focused on the bakery's anniversary and had various discounts and new bread products, but it wasn't until later that Hailey revealed the new high-protein bread line. Thus, the timing suggests that the high-protein breads were introduced first, followed by the invitation to the special event."
Did Chae tell Li Hua that taking a warm shower before sleeping can improve the sleep quality before sharing the neuroscience article with her?,No,"Based on the conversation provided, there is no mention of Chae Song-hwa sharing the advice about taking a warm shower before sleeping with Li Hua prior to discussing the neuroscience article. The advice about the warm shower was shared in a separate interaction, specifically dated as ""Time: 20260926_10:30"". This advice was given earlier than the neuroscience article discussion, which occurred on ""Time: 20261218_18:00"". Therefore, there is no evidence to suggest that Chae informed Li Hua about the benefits of a warm shower before she learned about the intricacies of human memory formation."
Did Li Hua ask Jennifer Moore for book recommendations on fitness nutrition before she announced the special guest speaker at the gym?,No,"No, Li Hua did not ask Jennifer Moore for book recommendations on fitness nutrition before she announced the special guest speaker. According to the records, Jennifer Moore suggested a couple of books and online resources for fitness nutrition to Li Hua in an earlier interaction, specifically recommending ""The New Rules of Lifting"" by Lou Schuler and Alwyn Cosgrove and Precision Nutrition online courses. However, the announcement about the special guest speaker regarding nutrition for athletes was made separately, without prior discussion of book recommendations."
Did Jennifer remind Li Hua about proper nutrition and hydration before Jake shared his tips for staying hydrated during the match?,Yes,"In the conversation, Jennifer Moore did indeed remind Li Hua about proper nutrition and hydration before sharing tips related to Jake Watson's advice for staying hydrated during a match. Specifically, Jennifer reminded Li Hua about focusing on protein intake after workouts and emphasized the importance of hydration, which included both drinking water and consuming electrolyte drinks. This occurred in the context of Jennifer's previous interaction with Li Hua, where she addressed her friend's fitness journey and provided advice on boosting endurance through various forms of exercise. Following this, Jennifer introduced Jake Watson with his tips for hydration and recovery post-game, highlighting the significance of quickly refueling with a snack containing carbohydrates and protein, alongside proper hydration. Thus, Jennifer did remind Li Hua about hydration and nutrition before Jake shared his tips."
Did the group members talk about their favorite characters in the TV series Game of Thrones after Emily started a vote on the most hateable character?,Yes,"The provided conversation snippets do not mention a vote on the most hateable character starting with Emily. Instead, Emily Burnett discusses her thoughts on various characters, including Tyrion Lannister, Arya Stark, Jaime Lannister, Cersei Lannister, and their respective journeys and transformations within the narrative. There is no indication that the group engaged in a vote or a discussion about the most hated character. Therefore, based on the information provided, we cannot generate a response regarding a vote on the most hateable character among the participants."
Question: Did Jennifer remind Li Hua to consume enough protein after the workout before she shared tips with the group members on common mistakes to avoid after an intense workout?,Answer: Yes,"In the conversation, Jennifer did not specifically remind Li Hua to consume enough protein after a workout before sharing her tips on common mistakes to avoid. Instead, she provided general advice about the importance of protein for muscle recovery and building lean mass. Jennifer emphasized the necessity of protein intake for overall fitness and mentioned that she would provide more detailed tips about protein supplements in a future discussion. Prior to these interactions, Jennifer had reminded Li Hua to ensure adequate protein intake after workouts, suggesting that she may have already addressed this topic previously or was planning to address it in a separate conversation."
Did Li Hua ask Thane about his opinion on The Last of Us before he asked about Sekiro: Shadows Die Twice?,No,"Based on the conversation provided, Li Hua did not specifically ask Thane about his opinion on The Last of Us before asking about Sekiro: Shadows Die Twice. Instead, the dialogue focuses on Li Hua seeking Thane's thoughts on Sekiro: Shadows Die Twice. Thane provides a detailed recommendation for the game, highlighting its unique combat system, challenging battles, and engaging story. There is no mention of Li Hua having already discussed The Last of Us with Thane prior to this conversation."
Did Jake Watson and Li Hua discuss the classic matches between FC Barcelona and FC Bayern Munich before the group members discussed the classic matches between FC Barcelona and Real Madrid?,Yes,"Yes, Jake Watson and Li Hua did discuss the classic matches between FC Barcelona and FC Bayern Munich prior to the group members discussing the classic matches between FC Barcelona and Real Madrid. This can be inferred from the content of the conversation where Jake Watson starts by mentioning his recent interest in watching classic games between Barcelona and Real Madrid, and then Li Hua asks Jake about the best defender in FC Barcelona's history. Following this, Jake Watson discusses classic matches between FC Barcelona and FC Bayern Munich, indicating that this topic came up before the discussion about Real Madrid."
Did the group members debate about the best football manager in the Premier League history after they debated if Pep Guardiola is the greatest soccer manager in football history?,Yes,"Yes, the group members did debate about the best football manager in the Premier League history following their earlier discussion regarding whether Pep Guardiola is the greatest soccer manager in the world. In the conversation captured in the source text, Jake Watson asks LiHua a direct question: ""Hey LiHua, I wanna ask you guys a really hard question: Who do you think is the best football manager in the Premier League history?"" This initiates a discussion that includes several opinions from the group members. Jake Watson mentions Sir Alex Ferguson as one of his top picks, followed by Pep Guardiola, who he considers another influential figure in the Premier League. Farrah adds Klopp to the list, noting his transformation of Liverpool into a powerhouse and his thrilling playing style. The conversation then shifts towards planning a watch party for a Liverpool versus Manchester match, indicating that the debate about the best Premier League manager has been concluded and overshadowed by the excitement of upcoming sporting events."
Did the discussion about Jaime Lannister's character occur after the discussion about Cersei Lannister's character?,Yes,"Based on the content of the discussions, there doesn't appear to be a clear chronological order between the talks about Jaime Lannister and Cersei Lannister. The discussion about Jaime Lannister's character transformation, particularly focusing on his journey from an arrogant knight to a complex and emotionally vulnerable figure, took place in a separate conversation (ID 1) from the discussion about Cersei Lannister's character. In the first conversation, Emily Burnett discusses the character of Tyrion Lannister and mentions Jaime's journey, while in the second conversation, Emily Burnett specifically addresses Jaime Lannister's character development. This suggests that the discussion about Jaime Lannister's character occurred independently of the specific context involving Cersei Lannister. However, both characters are part of the broader narrative and context of Game of Thrones."
Did Wolfgang ask Li Hua if she wants to have pizza for dinner after work today before he wondered if she wanted to have Sichuan hot pot for dinner tonight?,No,"Based on the information provided in the conversation logs, Wolfgang did not ask Li Hua if she wanted to have pizza for dinner after work today before mentioning the Sichuan hot pot dinner invitation. The log shows that Wolfgang initiated the discussion about having hot pot for dinner tonight at 7 pm, specifically mentioning Sichuan cuisine as his preference, which is a different type of cuisine compared to pizza. There is no mention of Wolfgang asking Li Hua about having pizza for dinner after work, suggesting that the pizza dinner invitation was a separate suggestion from Wolfgang."
Did Jennifer challenge Li Hua to do 60 pull-ups in a training session after she challenged him to do 100 pushups?,Yes,"Yes, Jennifer did challenge Li Hua to do 60 pull-ups in a training session following her earlier challenge to complete 100 pushups. This can be seen from the content of conversation in Source 11, where Jennifer explicitly states, ""Hey Li Hua! Are you ready for this week's challenge? How about 60 pull-ups in a row? I know you can crush it! 💥💪 Let's aim high!"" This indicates that after Li Hua successfully completed 100 pushups as per the previous challenge (as evidenced in Source 1), Jennifer then proposed an even greater challenge for him to perform 60 pull-ups in a single session."
Did Jake share common knowledge about offside in soccer with Li Hua before he passed practical techniques to Li Hua on how to avoid offside for a forward?,Yes,"In the conversation between Jake Watson and Li Hua, Jake did share some foundational knowledge about the rules of offside before moving on to practical techniques. Specifically, Jake explained the rule in detail, stating that ""offside – it's basically when an attacking player is ahead of the last defender (excluding the goalie) at the moment the ball is passed to them."" This explanation provided Li Hua with a clear understanding of the basic principle governing offside positions. However, Jake did not immediately transition into teaching Li Hua how to avoid being offside. Instead, Jake first clarified the fundamental rule and then proceeded to discuss the importance of timing and positioning in soccer, emphasizing that ""it helps keep the game fair and exciting"" and that they would practice this concept on the field. Therefore, while Jake did provide some foundational knowledge about the offside rule, he did not immediately teach Li Hua practical techniques to avoid offside for a forward, instead laying the groundwork for future lessons."
Did Wolfgang arrive in Hong Kong after he informed Li Hua about his upcoming trip?,Yes,"Based on the information provided, Wolfgang did indeed arrive in Hong Kong after informing Li Hua about his upcoming trip. Specifically, Li Hua received a message from Wolfgang on December 19, 2026, stating, ""Hey! I just got promoted! Want to celebrate with dinner the day after tomorrow? How about 6 PM?"" This indicates that Wolfgang was already in Hong Kong prior to sharing his travel plans. Additionally, Li Hua responded positively to Wolfgang's invitation to join him for dinner, suggesting that Wolfgang had already settled into his destination."
"What time does Li Hua watch the movie ""Overwatch 3""?",20260122,"There is no mention of Li Hua watching the movie ""Overwatch 3"" in the provided conversation or data. The entity ""Overwatch 3"" is described as an upcoming event or possibly a video game release or event, but there is no specific reference to it being a movie or any timing associated with its viewing. Therefore, based on the information given, we cannot determine a time for Li Hua to watch ""Overwatch 3."""
"Who does Li Hua go to watch the movie ""Overwatch 3"" with?",Wolfgang,"There is no mention of Li Hua going to watch ""Overwatch 3"" or any movie related to the entity ""OVERWATCH 3"". The conversation primarily revolves around plans to watch various films, including ""Chernobyl"", ""The Last of Us"", ""Silicon Valley"", and possibly ""Star Wars: A New Hope"". Wolfgang Schulz and Li Hua have discussed multiple movie nights and outings, but there is no specific reference to ""Overwatch 3"" in the given data."
Has Wolfgang ever been to Hong Kong?,Yes,"Based on the information provided, Wolfgang has never been to Hong Kong. This can be inferred from the data, which indicates that Wolfgang is planning a trip to Hong Kong for the first time, as he mentions arriving there for a business trip. Prior to this trip, there is no mention of Wolfgang having visited Hong Kong previously."
Who knows about Wolfgang going to Hong Kong?,LiHua & Chae & Yuriko,"From the provided data, it appears that Wolfgang is well-informed about his upcoming trip to Hong Kong. His interactions with LiHua suggest that he has already planned his itinerary, mentioning that he is ""just touched down in Hong Kong"" and planning to explore Victoria Peak and try dim sum. Additionally, Wolfgang has communicated with LiHua about his plans for the first day in Hong Kong, such as checking out Mong Kok for street food and taking photos. Furthermore, Wolfgang is aware of LiHua's recommendations for various activities and attractions in Hong Kong, indicating that both parties are keeping each other updated about their travel plans. LiHua has also shared details about their meals and entertainment options during Wolfgang's stay in Hong Kong. Therefore, it seems that Wolfgang has gathered information about his trip through conversations with LiHua, and LiHua is informed about Wolfgang's schedule and preferences during his time in Hong Kong."
Who wished Li Hua a happy Lunar New Year?,Adam Smith & Jennifer Moore & Wolfgang Schulz,"Li Hua was wished a happy Lunar New Year by both Adam Smith and Wolfgang Schulz. Specifically, Adam Smith sent a message saying, ""Wishing you a very happy Lunar New Year! Hope you have a great time celebrating! 🎉🥳,"" and Wolfgang Schulz wished her a ""Happy Lunar New Year to you too! 🎊 Excited to hear about your plans for the festivities! Any interesting traditions you’re looking forward to?"" Adam Smith also expressed his own greetings and asked about Li Hua's plans for the celebrations, mentioning, ""We usually have a family dinner and exchange some gifts. Just keeping it cozy and meaningful. How about you? Any special traditions you follow?"" Wolfgang Schulz shared, ""I'm mostly just looking forward to enjoying some good food and relaxing a bit. Maybe I'll try making some dumplings this year! What about you, any special plans?"" These exchanges indicate that both Adam Smith and Wolfgang Schulz took the time to wish Li Hua a happy Lunar New Year."
Who introduced the bread delivery service and recommend Alice for the delivery?,HaileyJohnson,"The bread delivery service was introduced by HaileyJohnson, who stated, ""Just wanted to share that I offer a doorstep delivery service for fresh milk and bread. It’s super convenient, especially for busy days!"" Additionally, Alice was recommended for the delivery service by HaileyJohnson, who said, ""Hey Li Hua! Just a quick reminder that your fresh bread is being delivered today! 🥖"" This indicates that HaileyJohnson had a positive experience with Alice during her previous deliveries and felt comfortable recommending her for future deliveries."
What is the opportunity that makes Wolfgang and Yuriko acquaitances?,LiHua introduce them to each other by saying that they can play music together every Sunday,"The opportunity that brings Wolfgang and Yuriko together is the Sunday jam session organized by LiHua. Initially, Wolfgang suggests to LiHua that Yuriko might fit well in their jam session, which LiHua agrees with and proceeds to invite Yuriko to join. Their interactions during these jam sessions highlight their compatibility and shared interest in music, leading to a close friendship. Specifically, Wolfgang mentions that Yuriko's participation in the jam sessions would add a fresh vibe and appreciate her bass skills. LiHua further emphasizes the importance of having a jam session and encourages Wolfgang and Yuriko to plan one together."
What was the content of the first-ever delivery from Hailey to LiHua and what was LiHua's opinion about it?,a fresh sourdough loaf and a bottle of milk and LiHua praises Hailey's bread and milk,"The first-ever delivery from Hailey to LiHua occurred on March 14, 2026, as part of a doorstep delivery service. This service was introduced to provide convenience, especially for those with busy schedules. In the conversation, Hailey informs LiHua that she offers doorstep delivery for fresh milk and bread. Hailey specifically mentions that LiHua can choose between a regular delivery or ordering whenever needed, emphasizing the freshness and locally sourced ingredients used in her products. On the initial delivery, LiHua expresses enthusiasm and appreciation for the service, confirming her interest in taking advantage of the doorstep delivery option. LiHua's response indicates that she is looking forward to receiving fresh bread, which aligns with her previous statements about loving the freshness and quality of Hailey's baked goods. Her satisfaction with the first delivery suggests that she has high expectations for future deliveries, setting a positive tone for ongoing interactions."
What opportunity did LiHua create for Chae to meet Wolfgang and Yuriko?,LiHua introduced Chae to Wolfgang and Yuriko during the band's gathering on Sunday evening,"LiHua created an opportunity for Chae to meet Wolfgang and Yuriko by introducing them during a conversation where LiHua mentioned Wolfgang as a ""best buddy."" In the context, LiHua introduces Wolfgang and Yuriko to Chae as follows:```LiHua: Hey guys! Just wanted to introduce you both since I think you'll hit it off! Yuriko, this is Wolfgang, my best buddy. Wolfgang, meet Yuriko, an amazing speech therapist with her own studio. I'm sure you both will have a pleasant time! 🎉😊```This introduction sets up a potential meeting between Chae, Wolfgang, and Yuriko, allowing for interactions among these individuals. The interaction between Wolfgang and Yuriko specifically revolves around the possibility of joining a Sunday jam session, which LiHua had proposed. LiHua suggested that Yuriko, who is described as a ""speech therapist with her own studio,"" might be interested in joining the jam session. Thus, the opportunity for Chae to meet Wolfgang and Yuriko was created through this introduction, facilitating a potential social encounter and interaction among these individuals."
What special offerings did Hailey have for her backery shop in the month of May?,a special Mother's Day bakery promotion & a special summer promotion on ice cream & a free baking class at the end of May & banana durian cheesecake,"In the month of May, Hailey Johnson offered a variety of special offerings at her bakery. One notable event was a free baking class that she hosted on a Saturday. This class allowed participants to collaborate and learn together under the guidance of Hailey herself. Additionally, in May, a community bake sale was organized to support a local charity. These special events and offerings were aimed at engaging customers and providing them with unique experiences and products. Furthermore, during the month, there were multiple bread promotions, including a 20% off bread promo which ran for a period and a special promotion on ice cream and pastries during a summer event. Customers were encouraged to try these specials and provide feedback through Hailey's communication with LiHua."
What feedbacks does Hailey ask from LiHua in July?,feedback on the bread delivery service & customer feedback on a new line of artisanal donuts,"In July, Hailey Johnson reached out to Li Hua for feedback regarding her new artisanal donuts. Specifically, Hailey asked Li Hua to try the new artisanal donuts and provide her with her thoughts on the flavors. Li Hua responded positively, stating that she really loved the chocolate hazelnut donut, finding it to have a perfect balance of sweetness. Hailey expressed gratitude for this feedback and suggested experimenting with additional seasonal fruit flavors, to which Li Hua enthusiastically agreed, suggesting raspberry or lemon as potential options."
How long does it take in total from LiHua planning on getting the air-conditioner to the air-conditioner been installed?,about 27 days,"Based on the timeline provided in the conversation, it appears that the process spans several weeks. Initially, LiHua expressed interest in installing an air-conditioner in the basement, suggesting she had some time to consider her preferences (as seen in interaction 6). Adam Smith then suggested a split-type air-conditioner that would be suitable for the basement, recommending it due to its efficiency and quiet operation (interaction 7). Following this, Adam confirmed the installation date with the contractor, setting it for Wednesday next week (interaction 13). This suggests that the actual installation could have taken place around mid-August, given that interactions were taking place throughout the summer. Therefore, the entire process—from LiHua expressing interest to the air-conditioner being installed—likely took several weeks, including the time needed for planning, decision-making, and coordination with contractors and maintenance services."
Did it take more than 3 weeks from LiHua planning on getting the air-conditioner to the air-conditioner been actually installed?,Yes,"Based on the timeline provided in the conversation, it seems that the process did not exceed three weeks. Initially, LiHua expressed interest in installing an air-conditioner in the basement (Source 1). Then, Adam Smith followed up with a recommendation for a split-type air-conditioner (Source 5), suggesting that he needed to coordinate with the maintenance worker and potentially get approval. However, it wasn't until Source 12 that Adam Smith reported that the details were finalized, and the installation was scheduled for Wednesday next week. This suggests that from the initial inquiry to the actual installation, the process took less than three weeks. Therefore, it can be concluded that the timeline did not exceed three weeks."
Did it take more than a week from Adam asking LiHua about the ideal installation date to Adam reminding LiHua about the contractor team installing air-conditioner at 18:00?,Yes,"No, it did not take more than a week from Adam asking LiHua about the ideal installation date to the point where he reminded her about the contractor team installing the air-conditioner at 18:00. The sequence of events shows that Adam first inquired about the installation of the air-conditioner on July 16th, at which point LiHua asked for a preferred installation time. Adam then checked with the maintenance worker, and by August 3rd, LiHua was informed that the installation would be scheduled for Wednesday next week. This indicates that the process spanned approximately a month, starting from July 16th until August 3rd, when Adam reminded LiHua about the upcoming installation. Therefore, it did not exceed a week."
Who does LiHua want to invite to the photo exhibition and who goes with him (during August)?,Wolfgang,"During the month of August, LiHua expressed interest in inviting WolfgangSchulz to attend the photography exhibition he mentioned. The invitation took place on August 1st, during a conversation where LiHua suggested that they go together on Friday evening. WolfgangSchulz agreed enthusiastically, indicating his willingness to join LiHua for the event. Specifically, LiHua proposed that they go on Friday evening, which he thought would be less crowded. WolfgangSchulz agreed to this suggestion, stating that ""Friday evening works for me! Looking forward to it!"" Following their agreement, LiHua made plans to purchase tickets in advance, expressing his anticipation for the exhibits, as he said, ""Can't wait to see the exhibits! 🎟️"". Thus, it is clear that WolfgangSchulz is the one LiHua intends to invite to the photography exhibition scheduled for August."
Is the time interval between LiHua asking JakeWatson to help him with dribbling skills and Li Hua asking the group about classic must-watch UCL matches more than 2 days (restrict your search within August)?,Yes,"To determine if the time interval between LiHua asking JakeWatson to help him with dribbling skills and Li Hua asking the group about classic must-watch UCL matches is more than 2 days, we need to examine the timestamps in the given data. From the data:1. The interaction regarding LiHua asking JakeWatson for help with dribbling skills occurred on 20260819_10:00.2. The interaction where LiHua asks the group about classic must-watch UCL matches took place on 20260821_15:00.Calculating the difference in days:- From 20260819 to 20260821 is exactly 2 days.Therefore, the time interval between LiHua asking JakeWatson to help him with dribbling skills and Li Hua asking the group about classic must-watch UCL matches is precisely 2 days, not more than 2 days. Hence, the answer to the question is no, it does not exceed 2 days."
Is the time interval more than 3 days between LiHua asking Adam to help him install a curtain on the basement window and Adam asking LiHua to measure the size of the window?,Yes,"To determine if there is more than a 3-day interval between LiHua asking Adam to help install the curtain on the basement window and Adam asking LiHua to measure the window's size, we need to examine the timestamps of these interactions.From the provided conversation:1. **LiHua asks Adam to help install the curtain on the basement window**: Time: 20260921_16:002. **Adam asks LiHua to measure the window's size**: Time: 20260928_10:00By calculating the difference between these two timestamps:- September 21, 2026, at 16:00 (LiHua's request)- September 28, 2026, at 10:00 (Adam's request)The time interval between these two events is approximately 7 days. Since 7 days is more than 3 days, the answer to the question is yes, there is indeed a time interval greater than 3 days between LiHua's request and Adam's request for measurement."
Is the time interval more than 7 days between Adam asking LiHua to measure the size of the window and Adam informing Li Hua that he has booked the curtain of the right size?,Yes,"No, the time interval between Adam Smith asking Li Hua to measure the size of the window in the basement and Adam informing Li Hua that he has booked the curtain in the right size is less than 7 days. Specifically, the events occurred on two different dates:- Adam asked Li Hua to measure the window size on 20260106_13:00.- Adam informed Li Hua that he has booked the curtain in the right size on 20261007_12:00.The difference in dates is approximately 287 days, which is significantly longer than 7 days. Therefore, the time interval between these two events is more than 7 days, contrary to the question's assumption."
Is the time interval more than 3 days between LiHua confirming that he has received the curtain and Adam asking LiHua if the curtain is all good?,Yes,"No, there is not a time interval more than 3 days between LiHua confirming he has received the curtains and Adam inquiring if the curtains are all good. In the record, it is mentioned that LiHua received the curtains ""yesterday,"" while Adam inquired about the status of the curtains ""this week."" Given that ""yesterday"" is typically understood to be within the previous 24 hours, and considering that ""this week"" includes multiple days, there is no indication of a gap of more than 3 days between these two events."
Is the time interval more than 3 days between LiHua first asking Adam if he can buy a small fridge for the basement and Adam asking LiHua about the size of the fridge?,Yes,"The interaction regarding the small fridge begins with LiHua requesting Adam's approval for buying a small fridge for the basement. This request is made in the entry dated ""20261110_11:00"". Adam then responds positively, suggesting that LiHua check out some fridges and let him know if she needs any help. This positive response comes in the entry dated ""20261123_23:00"". The time interval between these two entries is approximately 3 days. Therefore, the time interval between LiHua initially asking Adam about purchasing a small fridge for the basement and Adam inquiring about the size of the fridge is exactly three days, not more than three days."
Is the time interval more than 7 days between Adam asking LiHua about the size of the fridge and Adam informing LiHua that the fridge will be delivered at 4pm next day?,Yes,"The time interval between Adam asking Li Hua about the size of the fridge and Adam informing Li Hua that the fridge will be delivered at 4 pm the following day is less than 7 days. Specifically, this interaction took place on November 10th, and the delivery was scheduled for the following day at 4 pm, which would be November 11th. Thus, the gap between these two interactions is just one day, which is significantly shorter than the 7-day threshold mentioned in the query."
Wolfgang suddenly becomes very concerned about good body shape and healthy food choices in December. What are the two conversations he had with LiHua in December that reflect this?,20261202_14:00 & 20261209_19:00,"In December, Wolfgang displayed a heightened interest in maintaining a good body shape and focusing on healthy eating. This shift in his conversation with LiHua is evident in two specific instances. In the second conversation dated December 2nd, Wolfgang openly acknowledged his current body shape and admired LiHua's, which led to a discussion about working out together. Wolfgang expressed his desire to improve his physique and suggested they could engage in workout sessions together. He proposed a plan to meet at 5:00 PM for these sessions, indicating his commitment to adopting healthier habits. On the other hand, the fourth conversation dated June 19th, Wolfgang asked LiHua about healthy breakfast options, showing his interest in nutritious meals. This query was followed by an exchange about healthy breakfast choices, further emphasizing his concern for his body shape and dietary habits. Both of these conversations highlight Wolfgang's growing focus on maintaining a good body shape and adopting healthier eating practices."
Did Li Hua agree to have dinner with Wolfgang after he told Wolfgang about the lunch arrangement?,Yes,"From the conversation, it appears that Wolfgang reminded Li Hua about their lunch at the cozy café downtown at 12:00. However, there is no explicit confirmation or agreement stated regarding their subsequent dinner plans. There are multiple instances where Wolfgang and Li Hua discuss various activities and meals, but the specific details about a dinner meeting after lunch are not provided in the given data. Therefore, based on the information available, we cannot definitively conclude whether Li Hua agreed to have dinner with Wolfgang after lunch."
Did Li Hua ask Wolfgang Schulz for a recommendation on a gym or fitness center before asking Jennifer Moore for book recommendations on fitness nutrition?,Yes,"No specific mention is made of Li Hua asking Wolfgang Schulz for a recommendation regarding a gym or fitness center. The interaction between Wolfgang Schulz and Li Hua appears to revolve around discussions related to music and jam sessions, rather than fitness facilities. In contrast, Li Hua does inquire about book recommendations on fitness nutrition directly to Jennifer Moore. Therefore, based on the information provided in the tables, we cannot infer that Li Hua asked Wolfgang Schulz for a recommendation before asking Jennifer Moore."
Did Li Hua ask Wolfgang Schulz if he wants to go to the gym together before Jennifer reminded Li Hua to participate in the gym's membership feedback activity?,Yes,"No, Li Hua did not ask Wolfgang Schulz if he wanted to go to the gym together prior to Jennifer reminding Li Hua to participate in the gym's membership feedback activity. The record of the membership feedback activity is recorded under Event 1, where Jennifer Moore reminds Li Hua about the activity and mentions grabbing a water cup at the front desk. This event does not include any mention of Wolfgang Schulz or a plan to go to the gym together. Instead, the initial interaction between Wolfgang Schulz and Li Hua (Event 8) is about planning a workout session together, suggesting that this occurred after the membership feedback activity reminder."
Did Li Hua send a message to Wolfgang Schulz saying that he has prepared all the delicious food for tonight's Chinese Lunar New Year before Wolfgang sent a message to Li Hua wishing him a happy Lunar New Year?,Yes,"Based on the provided conversation snippets, Wolfgang Schulz did not specifically mention preparing all the delicious food for tonight's Chinese Lunar New Year before sending a message to Li Hua wishing him a happy Lunar New Year. Instead, Wolfgang Schulz mentioned he was thinking of checking out Victoria Peak and grabbing some dim sum, indicating that he was still considering his plans for the evening. In the earlier snippet, Wolfgang Schulz expressed his excitement about visiting Hong Kong and mentioned he would be looking forward to tasting everything in Mong Kok, including egg waffles. He did not mention preparing food beforehand but seemed eager to experience the local cuisine. On the other hand, Li Hua invited Wolfgang Schulz to her place on January 18th to celebrate Chinese Lunar New Year and specifically asked if Wolfgang Schulz had any favorite dishes to prepare. Therefore, it appears that Wolfgang Schulz had not yet finalized his plans regarding the food for the Lunar New Year celebration when he wished Li Hua a happy Lunar New Year."
Did Li Hua provide feedback to Jennifer Moore on his new meal plan before he asked her for advice on a healthy meal plan?,No,"No direct feedback from Li Hua regarding his new meal plan was given to Jennifer Moore before she offered to assist him with creating a more specific meal plan. In the conversation, Jennifer Moore shared some meal ideas and suggested that Li Hua might benefit from a more tailored plan based on his preferences. This indicates that Li Hua initiated the conversation by seeking advice on a healthy meal plan, rather than having already implemented and then shared his new meal plan with Jennifer."
Did Li Hua's complaint about the customer who modifies their requirements occur before Wolfgang comforted him?,No,"Based on the information provided in the conversation, there is no mention of Li Hua complaining about a customer modifying their requirements or Wolfgang offering comfort to him. The conversations listed focus primarily on matters related to rental payments, work commitments, social events, and fitness activities. There is no explicit reference to a situation involving a requirement modification or Wolfgang providing support. Therefore, it cannot be determined whether Li Hua's complaint occurred before Wolfgang's comfort based solely on the given data."
Did Adam Smith send Li Hua a reminder about the upcoming rent due date before Li Hua sent a message about having already transferred the rent on 20260301?,Yes,"No reminders about the rent were found in the provided communication between Adam Smith and Li Hua prior to Li Hua sending a message on March 1, 2026, stating that she had already transferred the rent through a bank transfer. This suggests that Li Hua was likely handling her own financial matters independently without any immediate need for a reminder from Adam Smith regarding the rent payment. The only rent-related messages mentioned in the logs were about confirming the payment status and arranging future payments."
Did Li Hua share a blog post about his recent fitness achievements after Jennifer sent him a motivational message?,Yes,"In the records provided, there is no direct mention of Li Hua sharing a blog post about his fitness achievements after receiving a motivational message from Jennifer Moore. However, there is a record indicating that Li Hua shared his own fitness achievement story with the other clients, stating that he had reached a significant milestone under Jennifer’s guidance. This implies that Li Hua did share his success story publicly, likely through social media or within the community he belongs to, rather than through a blog post. There is no additional information suggesting that he posted a separate blog post about his recent fitness achievements."
Did Li Hua send a follow-up message to Jennifer before she asked him about his latest sleeping schedule?,Yes,"Based on the information provided in the dialogue, there is no mention of Li Hua sending a follow-up message to Jennifer regarding his sleeping schedule before she asked him about it. The conversation does not contain any reference to a previous discussion about Li Hua's sleeping habits. Therefore, we cannot determine if he had sent a message beforehand or not."
Did Li Hua ask Adam Smith about placing potted plants in the basement before he asked about decorating the basement?,No,"Yes, Li Hua first asked about adding potted plants to the basement before she mentioned her interest in decorating it. According to the timeline, Li Hua reached out to Adam Smith on December 14, 2026, at 14:00 to inquire if she could purchase and put some potted plants in the basement. She specifically stated, ""Just wanna add a little flair to the space."" This request came before Li Hua raised the topic of potential renovations or additions to the basement, including sound-insulating pads, a curtain, or other decorative elements."
Did Li Hua ask Wolfgang for advice on renovating the basement before he invited Adam Smith to check the progress of the basement renovation?,Yes,"No specific mention exists regarding Wolfgang asking Li Hua for advice on renovating the basement before inviting Adam Smith to check the progress. The invitation to view the basement renovation progress is noted in interaction number 12, which took place on 20260301_13:00. This suggests that Adam Smith was informed about the renovation progress without prior discussion involving Wolfgang. Therefore, we cannot infer that Wolfgang had previously sought advice from Li Hua on basement renovation matters before this meeting."
Did Li Hua tell Wolfgang about making a new friend before Yuriko reminded the group members to meet for the music festival?,Yes,"Based on the information provided, Li Hua did not initially mention making a new friend named Yuriko to the group before discussing the music festival. In the initial conversation, Wolfgang asked Li Hua if he had seen a poster about the local music festival, and Li Hua responded by introducing Yuriko as a new friend he recently made. It was only after mentioning Yuriko that Li Hua brought up the possibility of attending the music festival. Therefore, Wolfgang did not receive any information about Yuriko prior to hearing about the festival plans."
"Did Yuriko tell Li Hua about booking a seat at the ""Central Perk"" cafe before Li Hua sent her a message to confirm the details of their next meeting?",Yes,"According to the conversation records, Yuriko did indeed mention booking a seat at ""Central Perk"" café for a future meeting. Specifically, in the source entry dated 20260225_15:00, Yuriko informed Li Hua, ""Just wanted to let you know I booked a seat at 'Central Perk' café for tomorrow at 3pm. Looking forward to our chat about my studio's homepage!"" This indicates that Yuriko had already made arrangements to meet at Central Perk before Li Hua reached out to confirm the details."
What time does Li Hua check in with Adam about moving in?,5:30 PM,"Li Hua initiates her first communication with Adam regarding the move-in event on January 5th, 2026, at 2:00 PM. This initial interaction takes place when she reaches out to Adam to inquire about the details for the move-in process. The exact time mentioned in the conversation log is ""Time: 20260105_14:00""."
When was the first time Li Hua had dinner with Wolfgang this year?,20260108,"Based on the conversations provided, the first recorded dinner between Li Hua and Wolfgang this year occurred on April 13, 2026. This was documented in conversation number 10, where Li Hua mentions that they planned to celebrate the bakery's anniversary event that was happening from April 15 to 17. Wolfgang expressed interest in joining Li Hua for dinner that evening at the bakery, which suggests this was their initial dinner meeting of the year."
Where was the first time Li Hua had dinner with Wolfgang this year?,the cozy café downtown,"The first recorded dinner between Li Hua and Wolfgang this year was on January 8, 2026, as indicated by the conversation snippet dated Time: 20260108_11:00. In this conversation, Wolfgang reminds Li Hua about their lunch at a cozy café downtown scheduled for 12:00 PM. While this isn't a formal dinner, it marks the earliest mention of them dining together in the provided data."
What time is Li Hua's lunch with Wolfgang Schulz at the cozy café downtown?,20260108,"Based on the information provided in the conversation log, Wolfgang Schulz reminded Li Hua about their lunch at the cozy café downtown at 12:00 PM on a specific date, though the exact date is not specified in the given data. This reminder was part of a series of interactions between Wolfgang and Li Hua discussing various plans and activities."
What is the Wi-Fi password at Li Hua's house?,Family123,"In one of the messages exchanged between Adam Smith and Li Hua on January 6th, 2026 at 09:00, Adam Smith provides the Wi-Fi password for the house. Specifically, he states, ""The Wi-Fi password is 'Family123'."" This password was shared to help Li Hua gain access to the internet within the premises."
What does Adam say about having friends over?,having friends over occasionally is fine,"In the conversation, Adam Smith mentions having friends over occasionally, stating, ""You're welcome! Yes, having friends over occasionally is fine, just try to keep the gatherings reasonable."" This indicates that while he appreciates having friends over, he suggests keeping the gatherings manageable to maintain harmony within the household."
What house rule does Adam mention?,keep noise to a minimum during late hours,"In the conversation recorded on 20260106_09:00, Adam Smith mentions a few house rules to Li Hua. Specifically, Adam advises keeping noise to a minimum during late hours and taking good care of the property. Additionally, he notes that guests are allowed, but the gatherings should be kept reasonable."
What does Li Hua report to Adam on January 6th?,the water tab in the apartment is broken,"On January 6th, Li Hua informed Adam Smith that the plumber would be arriving the following day at 10 AM to fix the water tap. Li Hua expressed her readiness for the repair and appreciated Adam's prompt communication regarding the issue."
When does Adam confirm the plumber will arrive?,tomorrow at 10 AM,"According to the timeline provided, Adam Smith confirms that the plumber will arrive on the following day at 10 AM to fix the water tap. This confirmation is mentioned in a message dated 20260106_15:00, where Adam informs LiHua about the upcoming repair service."
What does Li Hua ask Adam about the door hinge?,a small repair,"In a conversation dated 20260107_15:00, Li Hua reaches out to Adam Smith to inquire about getting a small repair done on the door hinge. Specifically, she mentions that the door has been squeaking quite a bit. Adam Smith agrees to arrange the repair and asks Li Hua if she has a preferred time for the maintenance to be carried out. Li Hua states that she is flexible and suggests letting him know when it works best for the repair service. This indicates that Li Hua is proactive in addressing any maintenance issues in her new residence, which seems to be a newly acquired house or apartment."
What is the name of the gym that Wolfgang recommended LiHua to go to?,FitZone,"Based on the conversation in the provided sources, Wolfgang recommended LiHua to visit FitZone, which is described as a ""nice gym"" located not too far from LiHua's current location. This gym offers a variety of classes and equipment necessary for fitness, and Wolfgang mentioned that it has a ""pretty chill"" vibe."
When does Li Hua ask Jennifer Moore about adjusting the protein in her meal plan?,20260122,"Li Hua reaches out to Jennifer Moore about adjusting the protein in her meal plan during one of their conversations recorded on November 20, 2026, at 8:00 PM. Specifically, Li Hua mentions needing a bit more protein for her workouts and asks for a few more snack options. Jennifer provides additional lean meats and snack ideas, suggesting adjustments to Li Hua's current meal plan to better support her fitness goals."
"What time does Li Hua watch the movie ""Overwatch 3""?",20260122,"Based on the conversations provided, there is no mention of Li Hua watching ""Overwatch 3"". This event is referred to as ""Overwatch 3"" in a discussion about an upcoming video game release or event. However, there are multiple instances of Li Hua and Wolfgang Schüls discussing plans related to movies and events. Specifically, they discuss plans to watch the classic movie ""Star Wars: A New Hope"" at Li Hua's place after work on October 9th, 2026. Therefore, there is no time given for Li Hua to watch ""Overwatch 3"" based on the data available."
"Who does Li Hua go to watch the movie ""Overwatch 3"" with?",Wolfgang,"There is no mention of Li Hua going to watch ""Overwatch 3"" with anyone. The conversation revolves around plans to attend an event titled ""Overwatch 3"" together, but specific details about whom Li Hua goes to watch the movie with are not provided in the given data."
When does Li Hua plan to celebrate Chinese Lunar New Year?,20260118,"Based on the conversations provided, Li Hua plans to celebrate Chinese Lunar New Year at her place on January 18th. This decision was communicated to WolfgangSchulz, who expressed interest in joining and participating in the festivities."
What does Li Hua plan to celebrate Chinese Lunar New Year?,dumplings,"Li Hua plans to celebrate Chinese Lunar New Year at her place on January 18th. She intends to host a festive gathering with family and friends, likely involving a family dinner, exchanging gifts, and enjoying traditional foods. Li Hua also mentions she will probably cook some traditional dishes and may get some decorations set up for a festive atmosphere. The celebration will serve as an opportunity for catching up and enjoying good food together."
Who does Li Hua plan to celebrate Chinese Lunar New Year with?,Wolfgang,"According to the conversations recorded, Li Hua plans to celebrate Chinese Lunar New Year with WolfgangSchulz. This celebration includes gathering with family, enjoying traditional foods, and exchanging gifts. Additionally, WolfgangSchulz expressed his interest in joining Li Hua's celebration, indicating that they intend to spend time together during the Lunar New Year festivities."
Li Hua accidentally broke a light fixture once. What did Adam say about the light fixture?,I'll arrange for a professional to take a look,"In one interaction recorded on January 8th, 2026, Li Hua informed Adam Smith about breaking a light fixture in the apartment. Specifically, Li Hua asked Adam what should be done about the broken light fixture. Adam responded that it was best if Li Hua didn’t attempt to fix it herself and arranged for a professional to examine the issue. He assured Li Hua that he would keep her updated on the situation and offered assistance if needed."
Li Hua has a difficult client. When did he solve that client's project?,20260209,"Based on the conversations provided, there is no specific mention of Li Hua encountering a difficult client or solving a particular client's project. The recorded interactions cover topics such as a start-up company's challenges, encouragement for a client's progress, a reminder about rent, fitness classes, and discussions about football matches. There is no detailed information regarding a problematic client or the resolution of their project."
When did Li Hua express frustration about a client changing requirements?,20260131_14:00,"There does not appear to be any instance where Li Hua expresses frustration about a client changing requirements in the provided data. The conversations seem to revolve around personal achievements, professional support, reminders about rent payments, and discussions about fitness and sports. Specifically, the interactions detailed pertain to motivational support from Jennifer Moore regarding Li Hua's progress, a discussion about the challenges faced by startup companies, reminders about rent payments, and a conversation about incorporating yoga into a fitness routine. No mention of a client changing requirements or Li Hua's frustration in response to such changes is present in the records."
Who suggested Li Hua keep a clear log of all the changes requested by the client?,Wolfgang Schulz,"There is no information provided in the given data regarding who suggested Li Hua keep a clear log of all the changes requested by the clients. The available data focuses on interactions related to house maintenance, rent payments, and design elements for a studio homepage. Specifically, the entries detail conversations between Li Hua and Adam Smith about house repairs, rent reminders, and Yuriko Yamamoto about designing a user feedback section on her studio homepage. Therefore, based on the information available, we cannot determine who proposed keeping a clear log of client requests."
What did Wolfgang Schulz suggest Li Hua to do when Li Hua face a difficult client?,keep a clear log of all the changes requested by the client,"In the conversations involving Wolfgang Schulz, there isn't a direct mention of Li Hua facing a difficult client situation. However, Wolfgang does provide some advice and comfort to Li Hua during challenging times. For instance, Wolfgang encourages Li Hua to stay focused and take it one step at a time when feeling overwhelmed by a software project. He also offers encouragement and reminds Li Hua of his talents, saying ""Just remember, this pressure won’t last forever. You're super talented, and I believe in you! Just take it one step at a time."" Additionally, Wolfgang suggests playing music together as a way to relieve stress, stating ""Jamming out will be a great way to relieve some stress. Plus, it's always fun playing together."" Therefore, while Wolfgang doesn't specifically suggest a solution for dealing with a difficult client, his advice focuses more on managing personal stress and maintaining a positive attitude."
What does Li Hua plan to do to clear their head?,go for a walk and find a new café,"In the conversation recorded on 20260926_10:30, Li Hua suggests trying a warm shower before bedtime as a way to relax. ChaeSong-hwa enthusiastically recommends this method, stating that it can significantly improve sleep quality. Li Hua is intrigued by the idea and expresses her intention to try it that evening, indicating that she plans to use a warm shower as a means to clear her mind and prepare for a good night's rest."
What is the name of the café Wolfgang Schulz recommends to Li Hua?,The Java Spot,"According to the conversations, Wolfgang Schulz recommends a café called ""Cozy Café Downtown"" for Li Hua's lunch meeting. Additionally, Wolfgang mentions this café as a place where he usually works during the day. The description highlights its cozy atmosphere and nice jazz music, suggesting it is a suitable location for work and relaxation."
Can Li Hua hang his artworks on the wall?,Yes,"Based on the conversation between Li Hua and Adam Smith, it is clear that Li Hua can indeed hang his new artwork on the walls. Adam Smith informs Li Hua that he can hang the artwork ""as long as you don't damage the walls. Just use removable hooks."" This indicates that there are no restrictions on hanging the artwork as long as proper precautions are taken to avoid damaging the walls."
What does Adam Smith suggest Li Hua use to hang artwork without damaging the walls?,use removable hooks,"According to the interactions between Li Hua and Adam Smith, Adam Smith suggests using removable hooks to hang the artwork without causing any damage to the walls. This advice indicates that Adam Smith has practical experience with home decor and knows about safe methods to hang items."
How many times does Li Hua train per week now?,2,"Based on the conversation, Li Hua initially expressed interest in changing the training plan to better balance work and fitness. In a subsequent interaction, Jennifer Moore proposed that Li Hua train twice a week, focusing on efficiency and intensity. Li Hua agreed enthusiastically, indicating a commitment to this new schedule. Therefore, currently, Li Hua trains twice a week."
When did Li Hua change the training plan?,20260204,"Li Hua requested a change to the training plan during a conversation with Jennifer Moore on February 4, 2026. Specifically, this interaction took place at 3 PM on February 4, 2026. Prior to this discussion, Jennifer had suggested a training plan where Li Hua would train twice a week, focusing on Tuesdays and Thursdays. Li Hua expressed his willingness to adopt this new schedule, indicating a shift from his previous arrangement."
What days does Li Hua takes for the training sessions?,Tuesdays and Thursdays,"Based on the conversations between Jennifer Moore and Li Hua, we can see that their training sessions have been planned to occur on specific days. Initially, Jennifer mentions that they are planning to reschedule their training sessions, indicating that these were previously scheduled. In one interaction (Source 2), Jennifer suggests a Tuesday-Thursday schedule for their training sessions, stating, ""How about we do Tuesdays and Thursdays? That way, you get a solid rhythm going without it interfering too much with your work."" This schedule was proposed as a compromise to balance Li Hua's fitness goals with his work commitments. Therefore, the training sessions are planned to occur on Tuesdays and Thursdays."
When did Li Hua ask Jennifer Moore for tips on dealing with muscle soreness?,20260206_16:00,"Li Hua reached out to Jennifer Moore for advice on managing muscle soreness after her workout sessions on multiple occasions. Specifically, she asked for tips on relieving soreness following her workouts in entries dated 20260924 and 20261008. Additionally, she sought guidance on dealing with soreness after their bench press session on 20261008, and she inquired about specific mobility routines on 20260206."
What are some of Jennifer Moore's tips for dealing with muscle soreness?,hydration&active recovery&stretching&foam rolling&rest,"Jennifer Moore provides several helpful tips for managing muscle soreness after workouts. She emphasizes the importance of staying well-hydrated, suggesting that adequate water consumption helps with recovery. Additionally, she recommends engaging in light activities like walking or gentle yoga as part of an active recovery routine, which can alleviate soreness. Jennifer also advises spending time stretching post-workout, noting that this can significantly improve flexibility and relieve muscle tension. A particularly useful tip is the incorporation of foam rolling, which involves using a foam roller on sore spots. This technique can really help with muscle tightness. Lastly, Jennifer encourages her participants to ensure they are getting sufficient rest, as recovery days are essential for muscle healing. By following these practices, individuals can manage their muscle soreness more effectively and prepare themselves for their next workout sessions."
Why did Li Hua ask for extra exercises to do at home?,to complement his training schedule,"Li Hua reached out to Jennifer Moore asking for additional exercises she could perform at home to further enhance her training regimen. This request came after Jennifer had previously suggested several exercises that Li Hua could incorporate into her routine, including bodyweight squats, planks, push-ups, lunges, and glute bridges. Li Hua was keen to maximize her progress and asked Jennifer to provide more exercises to diversify her workouts and continue building strength and endurance."
What exercises did Jennifer Moore suggest Li Hua do at home?,bodyweight squats& plank holds&push-ups&lunges&glute bridges,"Jennifer Moore provided several exercises that Li Hua could perform at home to complement his training schedule. Specifically, she recommended:1. **Bodyweight squats** - This exercise targets the leg strength and can help develop overall leg muscles.2. **Plank holds** - Excellent for enhancing core stability and strength.3. **Push-ups** - Beneficial for strengthening the chest, arms, and core.4. **Lunges** - Great for improving balance and leg strength.5. **Glute bridges** - Effective for toning the glutes and lower back muscles.Li Hua was advised to aim for three sets of ten to fifteen repetitions for each of these exercises. Jennifer encouraged him to integrate these into his routine, either on his training days for a boost or on his off days for active recovery. Additionally, she suggested listening to his body and adjusting the intensity based on his energy levels."
What is Adam Smith's condition for Li Hua to add decorations to the basement?,must be reversible and not damage anything,"According to the conversation, Adam Smith is fine with Li Hua adding decorations to the basement, such as sound-insulating pads, as long as the modifications are reversible and do not cause any damage to the existing structure. Li Hua assured Adam that she would ensure the alterations were reversible and kept the area neat, which reassured Adam Smith."
When was the first time Wolfgang went to Li Hua's basement?,20260221,"The first documented instance of Wolfgang visiting Li Hua's basement occurs in the entry dated 20260106_20:00. In this conversation, Li Hua mentions moving to a new city and sharing her excitement about the place. Wolfgang expresses interest in joining Li Hua for a photography walk and suggests meeting around 3 PM to explore the area and capture some great shots. Li Hua agrees enthusiastically, indicating this was the first time Wolfgang visited her new basement."
What ideas did Wolfgang Schulz suggest for Li Hua's basement practice spot?,good lighting&soundproofing&a comfy chair,"In multiple interactions, Wolfgang Schulz suggested various aspects of the basement practice spot for Li Hua. Initially, Wolfgang expressed enthusiasm about the space, noting that it could serve as a perfect environment for jamming and rehearsing. He mentioned that the basement had the potential to become a ""mini club"" where they could host events and performances. Wolfgang also suggested sticking to Sundays for practices, which he believed was the best day since they could maintain a consistent schedule without interfering with work commitments. Additionally, Wolfgang shared his suggestion to introduce some electronic vibes into their sound during the next practice, indicating that they could blend their acoustic styles with electronic elements for a unique and innovative performance. These suggestions highlight Wolfgang's commitment to enhancing their musical experience and ensuring they were always prepared to innovate and improve their craft."
Why did Adam remind Li Hua not to play guitar late at night?,a few neighbors have mentioned they're hearing guitar music late at night,"Adam reminded Li Hua to keep the guitar music down during late-night hours because he had received feedback from neighbors who were disturbed by the noise. Specifically, this information is found in the entry dated 20260216_10:00, where AdamSmith mentions that ""a few neighbors have mentioned they’re hearing guitar music late at night."" He kindly asks Li Hua to be mindful of this and to ensure that the volume is kept low during these hours."
What type of ambiance does YurikoYamamoto want for her studio's homepage?,more welcoming and engaging,"Based on the discussions between YurikoYamamoto and LiHua, the ambiance for YurikoYamamoto's studio's homepage appears to be designed to reflect a gentle and calming vibe. Specifically, YurikoYamamoto expresses a preference for pastel colors, which aligns with the description of the homepage being ""soft and calming."" Additionally, the color scheme of the demo website shown by LiHua is described as perfect for reflecting the gentle vibe of the studio, further supporting the idea of a soothing and welcoming environment."
When did Li Hua invite Adam Smith to check the basement renovation progress?,20260223_19:00,"According to the records, Li Hua invited Adam Smith to check the progress of the basement renovation at 7 PM on February 23rd, 2026. This invitation took place during a scheduled meeting where Li Hua informed Adam Smith about the ongoing renovation work in the basement."
What is the name of the café where Li Hua and YurikoYamamoto first meeting to talk about Yuriko's website?,Central Perk,"The initial meeting between Li Hua and YurikoYamamoto to discuss Yuriko's website improvements took place at Central Perk café, as mentioned in the conversation where Li Hua suggests this location for their meeting."
What is the essence of YurikoYamamoto Li Hua is helping with her homepage?,speech therapy,"YurikoYamamoto and Li Hua are collaborating on improving the homepage of her speech therapy studio. Their primary goal is to enhance the visibility and accessibility of the studio, with a focus on creating a platform where she can share insights about speech therapy, provide tips for parents, share success stories, and perhaps even explore music therapy. Additionally, they aim to include interviews with clients, highlight different speech therapy techniques, and integrate visual elements such as videos or photos of sessions to make the content more engaging. They are also considering SEO strategies to help potential clients easily find her blog section. To achieve these objectives, they are planning to brainstorm and outline several blog post ideas, as well as develop a content calendar. Li Hua will also assist with testing new features, such as the automatic scheduling of available time on the homepage, and help design a user feedback section. Overall, their collaboration is aimed at creating a comprehensive and user-friendly online presence for YurikoYamamoto's speech therapy studio."
What type of instrument does Li Hua play in the basement?,guitar,"In the conversation, Li Hua mentions that she uses the basement for her guitar practice. Specifically, she states, ""I'm really enjoying playing there! The basement has been perfect for my guitar practice."" This indicates that Li Hua plays the guitar in the basement."
When did Adam Smith inform Li Hua about potential issues with the pipes in the basement?,20260301_13:00,"According to the records, Adam Smith informed Li Hua about potential issues with the pipes in the basement on two occasions. Specifically, this communication took place on Time: 20260106_13:00. At this time, Adam Smith mentioned hearing from some neighbors that there might be some issues with the pipes in the basement, and he asked Li Hua to keep an eye on it. He also offered to coordinate with the repair service if needed. This initial notification was followed by another message on Time: 20260812_11:00, where Adam reminded Li Hua about the contractor team coming to install the AC in the basement at 6 PM that day."
When did Li Hua inform Adam Smith that the rent was transferred?,20260301_10:00,"Li Hua informed Adam Smith about the rent transfer multiple times. According to the records, the most recent mention of a rent transfer was on March 31, 2026, at 17:00, where Li Hua stated, ""Hey Adam, just wanted to let you know that I've already transferred this month's rent through the bank. Thanks!"" Prior to this, there were several occasions where Li Hua reminded Adam Smith about the rent, indicating that the payments were generally made on time."
When is the music concert that Wolfgang invites Li Hua to?,20260307_18:00,"Wolfgang invites Li Hua to a concert that is scheduled for March 7th at 6 PM. This information is derived from the conversation snippet dated ""20260302_18:00"". At that time, Wolfgang mentions, ""That sounds amazing! I'm totally in! Can't wait! 🎶"", and later adds, ""Hey! Got an extra ticket for a concert on March 7th at 6 PM. Wanna join me?"" This indicates that Wolfgang is organizing a concert for March 7th, which Li Hua enthusiastically accepts."
What dish does Li Hua agree to bring to the neighborhood potluck dinner?,Homemade pasta salad,"In the conversation regarding the neighborhood potluck dinner, Li Hua expressed enthusiasm about contributing to the event. Specifically, she mentioned that she can ""whip up some homemade pasta salad."" Therefore, Li Hua agrees to bring the homemade pasta salad to the neighborhood potluck dinner."
Who is Li Hua meeting with to discuss homepage design updates?,Yuriko Yamamoto,"Li Hua is meeting with Yuriko Yamamoto to discuss homepage design updates. This discussion took place on multiple occasions, including March 6th at 2:00 PM and April 3rd at 3:00 PM, both at the studio's homepage. Li Hua expressed enthusiasm for the meeting, stating, ""Hey! Just wanted to confirm if we’re still good for our meeting on March 6th at 2:00 PM to discuss the homepage updates. Let me know!"" Yuriko Yamamoto confirmed her availability and was looking forward to the meeting, saying, ""Yes, that works for me. Looking forward to it! 😊"". Li Hua was also eager, replying, ""Awesome! Can’t wait to hear your ideas and get started. See you then!"" Another meeting was scheduled for March 11th at 10:15 AM, where Li Hua would assist Yuriko Yamamoto in testing a new feature for automatically scheduling available time on the studio homepage. Li Hua responded positively, agreeing to help, and stated, ""Sure! I'd be happy to help you with that. Just let me know what you need me to do, and I'll get right on it! 📅"". Yuriko Yamamoto appreciated Li Hua's assistance and suggested visiting the homepage and scheduling a mock appointment to test the new feature, emphasizing the importance of feedback, ""Great! Just visit the homepage and try to schedule a mock appointment using the new feature. Let me know if everything works smoothly or if there are any hiccups. Your input would really mean a lot to me!"". In summary, Li Hua meets with Yuriko Yamamoto regularly to discuss and work on homepage design updates, showcasing their collaborative efforts in improving the studio's website."
What new feature does Yuriko Yamamoto consider adding to her studio's homepage?,A blog section,"Yuriko Yamamoto is considering several new features for her studio's homepage. Based on the conversations shared in the sources, she has expressed interest in adding a ""leave a message"" feature, similar to what she had previously discussed with Li Hua. Specifically, Yuriko mentioned wanting to include a user feedback section on her studio's website. She suggested using a contact form plugin if she is using WordPress, or a simple form with fields for name, email, and message if she prefers to code it herself. Yuriko specifically requested that the feedback section should match the overall look of the studio, perhaps opting for soft and calming pastel colors. This new feature aims to enhance her services by allowing clients to provide direct feedback and comments, which could be beneficial for improving her practice and building trust with potential clients."
What time is the power outage in the neighborhood?,2 PM to 3 PM,"According to the conversations provided, there are multiple mentions of a power outage. In one of the messages dated 20260307_14:45, AdamSmith informs LiHua that there will be a power outage ""tomorrow from 2pm to 3pm"" for maintenance purposes. This indicates that the power outage will occur the following day, scheduled for 2pm to 3pm. There is no mention of another power outage scheduled in the given data."
What suggestions does Li Hua give for promoting the new scheduling feature?,Showcase it on social media platforms and include a short tutorial and send out a newsletter to clients,"In one of the conversations, Li Hua offers several valuable suggestions for promoting the newly implemented automatic scheduling feature on Yuriko Yamamoto's speech therapy studio homepage. Specifically, she recommends leveraging multiple platforms to maximize visibility and engagement. Li Hua suggests:- **Social Media:** Utilizing the studio's social media channels to showcase the new feature and encourage its use. Sharing visually appealing posts about the improved scheduling capabilities can attract more users to engage with the feature.- **Newsletter:** Sending out a newsletter to clients to highlight the new feature. This can serve as an effective communication tool to remind clients about the convenience of the new scheduling tool and encourage them to take advantage of it.- **Visual Content:** Incorporating engaging visual content, such as infographics or tutorials, to demonstrate how the new feature works and why it is beneficial. This can help users understand and adopt the feature more easily.These recommendations are designed to create a cohesive marketing strategy that leverages various channels to increase awareness and adoption of the new feature among the audience."
Who invites Li Hua to join the community bake sale?,Adam Smith,"In the conversation related to the community bake sale, Adam Smith initiates the invitation by informing Li Hua about the event. This is evident from the following excerpt:```Time: 20260312_12:30AdamSmith: Hey Li Hua! There's a community bake sale this Sunday at 3 PM to support a local charity. It would be great if you could join. Let me know if you’re interested!LiHua: That sounds fun! I’d love to help out and enjoy some baked goodies. Count me in! 🍰```Therefore, Adam Smith is the one who invites Li Hua to participate in the community bake sale."
What day and time is the community bake sale taking place?,Sunday at 3 PM,"The community bake sale is scheduled to take place on a Sunday at 3 PM. This information is derived from the exchange between Adam Smith and Li Hua, where Adam informs Li Hua about the bake sale occurring ""this Sunday at 3 PM to support a local charity."""
When does Li Hua request a delivery from Hailey Johnson?,Tuesday,"Li Hua has requested multiple deliveries from Hailey Johnson over the course of the recorded interactions. Specifically, on March 14th, Li Hua expressed interest in the doorstep delivery service, which Hailey Johnson offered. Additionally, on April 15th, May 17th, and June 3rd, Li Hua received deliveries of fresh bread from Hailey Johnson. On July 10th, Li Hua inquired about the recent bread delivery, and Hailey Johnson confirmed its delivery date. Therefore, Li Hua has requested deliveries from Hailey Johnson on various occasions, including initial inquiries, regular deliveries, and follow-up confirmations."
What is the address where Li Hua wants the bread delivery to be made?,123 Sunny Street,"Based on the information provided in the conversation, Li Hua does not explicitly request a specific address for her bread delivery. Instead, she makes requests for certain times and sometimes mentions her willingness to receive deliveries at different times of the week. There is no direct mention of an address where Li Hua prefers the bread to be delivered. Li Hua seems to prefer receiving her bread at her usual location or at the specified delivery times mentioned in the conversations."
What service does Hailey Johnson offer to Li Hua?,Doorstep delivery service for fresh milk and bread,"Hailey Johnson offers several services to Li Hua based on the interactions detailed in the conversations. Firstly, she provides daily bread deliveries, ensuring Li Hua receives fresh bread at her doorstep at specified times. Additionally, Hailey takes note of Li Hua's preferences and any additional requests, such as the desire for bread and milk to be delivered twice a week. Furthermore, Hailey extends her support beyond her primary service, offering to create something special for Li Hua during her visits. This shows a commitment to providing personalized and attentive service to ensure Li Hua's satisfaction."
What time does Hailey Johnson start baking?,4 AM,"Based on the information provided in the data, there isn't a specific time mentioned for when Hailey Johnson begins baking. The records detail interactions between Hailey and Li Hua, including discussions about upcoming events, deliveries, and baking classes, but they do not specify the exact starting time of Hailey's baking schedule. Therefore, no particular time can be determined from the given data."
Where does Li Hua plan to meet Yuriko Yamamoto to show the final website?,Central Perk café,"Based on the conversation recorded in the table, Li Hua mentioned that she would be showing the final website to Yuriko Yamamoto at Central Perk café on Thursday at 3 pm. Specifically, Li Hua states, ""Hey Yuriko! I can show you the final website this Thursday at 3pm if that works for you. How about we meet at Central Perk café?"" This indicates that they plan to meet at Central Perk for the final presentation."
What does Li Hua suggest to Hailey regarding the frequency of bread delivery?,Twice a week on Mondays and Fridays at 8am,"Based on the interactions detailed in the data, Li Hua suggests a regular schedule for bread deliveries. Specifically, during one interaction, Li Hua mentions that Hailey had previously set up Monday and Friday deliveries at 8 am. This indicates that Li Hua prefers a consistent delivery schedule, which Hailey agrees to and implements. However, Li Hua also expresses flexibility, as she mentions being open to additional requests or changes. For instance, during another interaction, Li Hua proposes setting up a delivery for Tuesday, which Hailey agrees to. Therefore, while Li Hua generally prefers a regular schedule, she is also willing to accommodate specific requests and adjustments to the delivery schedule as needed."
What does Li Hua agree to bring to the bonfire singing party hosted by Chae Song-hwa?,Li Hua will bring his guitar,"In the discussions regarding the bonfire singing party planned by Chae Song-hwa, Li Hua expressed her willingness to bring her guitar. Specifically, Li Hua stated, ""I’ll bring my guitar!"" This agreement was part of the preparations for the upcoming gathering, which was scheduled for 9 PM the following day. Li Hua’s contribution of her musical instrument aligns with the musical nature of the event and contributes to the overall enjoyment and ambiance of the gathering."
What is the focus of Li Hua's next month's fitness plan according to Jennifer?,Strengthening lower limbs,"According to the conversation, Li Hua's next month's fitness plan will include a combination of increased strength training and additional flexibility exercises, specifically incorporating yoga and dynamic stretching techniques. Jennifer suggested that they can integrate these elements into their routine starting from their usual strength training days on Tuesdays and Thursdays. This adjustment aims to complement Li Hua's existing workout regimen and provide her with the opportunity to enhance her overall fitness."
What is the building's policy that Adam reminds Li Hua about?,Recycling policy,"In the conversation, Adam reminds Li Hua about the building's recycling policy. This is highlighted in a message dated 20260328_15:00, where Adam states, ""Hey Li Hua, just a quick reminder about the building's recycling policy. It's really important for us to keep the environment in mind. Let’s all do our part by participating!"""
What is the topic of the online tutorial Yuriko shares with the group?,Advanced drum techniques,"The user does not provide the exact topic of the online tutorial that Yuriko shares with the group. However, based on the context given, Yuriko mentions that the tutorial might help improve their music skills, indicating that it likely covers music theory or composition techniques. This aligns with WolfgangSchulz's enthusiasm for learning more about the topic to enhance their musical performances."
What is Wolfgang looking for in his new drums?,Something versatile that sounds good for both rock and softer tunes like The Beatles,"According to the information provided, Wolfgang is specifically seeking new drums that are versatile enough to suit both rock and softer tunes like The Beatles. He wants the drums to sound good for a variety of musical styles, without breaking the bank. In a conversation about buying new drums, Wolfgang expressed interest in brands like Pearl and Yamaha, aiming for affordable yet high-quality options that offer a good range of sounds. Specifically, he was interested in models from the PDP Concept series, which he felt would provide a great sound for various genres."
What song does Li Hua suggest for the jam session on 20260405?,Viva la Vida,"In the conversation regarding the jam session on 20260405_11:00, Li Hua suggested trying the classic song ""Stand By Me."" Li Hua mentioned, ""How about we try something classic like """"Stand By Me""""? It's got that great rhythm and we can all join in. What do you think?"" This song seemed to be chosen for its pleasant melody and easy-to-play rhythm that would allow everyone to participate effectively."
What does Li Hua think about the rosemary focaccia?,Li Hua thinks the rosemary focaccia is amazing,"Li Hua had a positive reaction to the rosemary focaccia, which she described as ""amazing"" and ""a hit."" She appreciated the flavor and texture, indicating that the bread met her expectations and preferences. HaileyJohnson, who made the recommendation, seems pleased to hear that Li Hua enjoyed the bread and may offer more options based on her feedback."
When does Li Hua confirm the rent transfer to Adam?,20260331_17:00,"In multiple messages, Li Hua confirms the rent transfer to Adam. Specifically:- In Message 2 (20260301_10:00), Li Hua states, ""Hey Adam, just wanted to let you know that I've already transferred the rent through bank transfer. Thanks!""  - In Message 3 (20260331_17:00), Li Hua says, ""Hey Adam, just wanted to let you know that I've already transferred this month's rent through the bank. Thanks!""- In Message 4 (20260601_16:00), Li Hua mentions, ""Hi Adam, just wanted to let you know that I've transferred the rent. Sorry for the delay!""- In Message 10 (20260130_10:00), Li Hua updates, ""LiHua: Hey Adam! Just wanted to let you know that I’ve transferred the rent through bank transfer. Please check when you can. Thanks!""From these messages, it appears Li Hua confirms the rent transfer by informing Adam about its completion or noting that it has been processed. There is no specific date mentioned for each confirmation; however, it seems to happen relatively promptly after the payment is made."
What joke does Wolfgang make as an April Fool's joke?,That Wolfgang bought a set of expensive drums,"On April Fool's Day, Wolfgang makes a joke involving a drum purchase. Specifically, he announces that he has just bought a set of expensive drums and is eagerly awaiting to show them off. However, this turns out to be a prank as it is revealed to be an April Fool's joke. LiHua and Yuriko were surprised by the news, which was part of Wolfgang's humorous April Fool's celebration."
Who is delivering the bread to Li Hua on 20260403?,Alice,"Based on the data provided, there is no specific mention of a delivery on 20260403. All records indicate that the deliveries were made by Alice from Hailey's bakery. Therefore, on the dates listed, Alice is responsible for delivering the bread to Li Hua. There is no indication of any other person or entity making these deliveries."
What does Li Hua think about improvisation during the jam session?,Improvisation sounds great,"In the conversation, Li Hua expresses enthusiasm about the idea of improvisation, stating that it ""always hits the right spot"" and that it ""really lifts the spirits."" She mentions that she can't wait to play a song called ""Here Comes the Sun,"" a Beatles classic known for its uplifting and feel-good qualities. Additionally, during the discussion about potential jams, Li Hua suggests that they could mix jazz elements into their rock music, saying that it would be ""perfect for us"" and adding, ""I can already imagine us jamming to those with added jazz elements!"" These comments indicate that Li Hua appreciates the opportunities for improvisation and the creative potential that comes from blending different musical styles."
When is ChaeSong-hwa hosting the community medical knowledge lecture?,7 PM on Saturday,"ChaeSong-hwa is hosting a community medical knowledge lecture, and the specific details for this event are provided in entries 8 and 12 within the source content. In entry 8, it is mentioned that the lecture is scheduled for Saturday, April 11th, at 7 PM. Entry 12 confirms this event and mentions that it will likely be followed by a celebration jam session, indicating that this is the primary event associated with the lecture. Therefore, the community medical knowledge lecture is taking place on April 11th at 7 PM."
What topics will be covered in the community medical knowledge lecture?,Basics of common health issues and how to prevent them,"In the conversation recorded on Time: 20260411_21:00, ChaeSong-hwa mentions hosting a community medical knowledge lecture this Saturday at 7 PM. He indicates that the lecture will focus on ""some basics of common health issues and how to prevent them."" This suggests that the lecture will cover essential health information and practical advice related to common ailments and preventive measures. LiHua expresses enthusiasm for attending the lecture, highlighting its potential to be both informative and helpful."
What new song does the Jolly band decide to work on for the jam session according to their discussion on 20260410?,Stand By Me,"On April 10th, 2026, Wolfgang Schulz suggested trying a new song that had a ""nice groove"" for their jam session. Specifically, they proposed the song ""Stand By Me,"" which Li Hua agreed with enthusiastically. The group decided to explore this classic song, mixing it with their own creative interpretations to make it their unique version for the upcoming jam session."
What is Li Hua's feedback on Chae Song-hwa's medical knowledge lecture?,It is insightful and makes complex topics easy to understand,"Li Hua expressed her interest in attending Chae Song-hwa's community medical knowledge lecture, which is scheduled for tonight at 7 PM. She indicated that she would be present and was excited about the topic, which covers basic health tips and common medical myths. Li Hua also mentioned that she plans to bring her curiosity to the event, as it will likely be a casual discussion. Li Hua seemed enthusiastic about the content, acknowledging the importance of understanding health-related topics, particularly given their relevance to everyday life and potentially helping people with medical conditions."
When is the anniversary event of Hailey Johnson's bakery shop?,April 15 to 17,"The anniversary event for Hailey's Bakery is scheduled from April 15 to April 17. This information is provided in the first entry of the data, which mentions that ""Hailey's Bakery's anniversary event is coming up from April 15 to 17!"" This event includes various promotions and discounts, as well as the opportunity to try new bread products."
What does Li Hua want to have on Hailey's bakery shop anniversary event?,Sourdough and sweet pastries,"Li Hua expressed enthusiasm about attending Hailey's bakery shop's anniversary event, which took place from April 15 to 17. During their conversation, Li Hua mentioned a desire to try the new breads that Hailey's bakery was introducing. Additionally, Li Hua specifically requested sourdough bread and sweet pastries, indicating her interest in sampling these new offerings at the event."
Why does Li Hua ask ChaeSong-hwa about whether neurosurgeons actually use test tubes in their work?,Li Hua is trying to get some insights for a website design,"Li Hua asks ChaeSong-hwa about whether neurosurgeons actually use test tubes in their work because she is designing a website and needs accurate information to provide visitors with reliable details. Test tubes are not typically used in neurosurgical procedures; instead, neurosurgeons primarily rely on surgical tools, imaging techniques, and other specialized equipment during operations. This clarification helps ensure the content on Li Hua's website is precise and valuable to users seeking accurate medical information."
Who proposes that the band takes a break from jamming this week?,Wolfgang Schulz,"There doesn't appear to be any mention of a proposal to take a break from jamming this week in the provided data. All recorded interactions involve plans to continue jamming, with discussions centered around choosing songs, experimenting with new tools, and exploring various musical styles and elements."
What suggestions does Li Hua propose to Adam Smith about the upcoming community garden renovation?,Add more seating areas for people to relax and enjoy the space and some flower beds with native plants,"In the discussions regarding the community garden renovation, Li Hua proposes several thoughtful additions and improvements to the garden. One suggestion she makes is the inclusion of more seating areas, which would make the garden more inviting and comfortable for visitors. Additionally, Li Hua suggests integrating flower beds with native plants, which not only enhances the aesthetic appeal of the garden but also attracts wildlife such as butterflies and bees. This aligns with Adam Smith's earlier proposal of including native plants for their ecological benefits. Furthermore, Li Hua recommends adding a small herb section, which would allow people to easily pick fresh herbs for their culinary uses, making the garden more functional and enjoyable. These suggestions demonstrate Li Hua's keen interest in enhancing the community garden's usability, functionality, and biodiversity."
What kinds of flowers does Li Hua recommend to Adam Smith for the flower beds?,Lavender and coneflowers and fresh herbs,"In one of the conversations recorded, Li Hua suggests lavender and coneflowers for the flower beds. Li Hua specifically mentions that lavender and coneflowers are both beautiful and great for pollinators, and they don't require too much maintenance. Li Hua also emphasizes that these flowers would make a nice addition to attract more butterflies and bees to the garden."
What will be a gift for Li Hua if he chooses to renew the fitness contract with Jennifer Moore?,A cool fitness bag as a gift for all the gym activities,"If Li Hua decides to renew his fitness contract with Jennifer Moore, he will receive a fitness bag as a gift for all the gym activities he participates in. This suggests that Jennifer Moore values her clients' continued engagement and offers incentives to maintain their memberships. The fitness bag likely includes items such as gym essentials like water bottles, towels, or workout gear, providing Li Hua with practical and convenient items to enhance his gym experience."
When is the karaoke activity organized by ChaeSong-hwa?,Saturday at 7 PM,"ChaeSong-hwa organized a karaoke activity for a Saturday at 7 PM. According to the conversation, he reached out to Li Hua to invite her to join in the fun. Li Hua expressed her interest and agreed to participate, suggesting that their karaoke session would be enjoyable. Therefore, the karaoke activity organized by ChaeSong-hwa is scheduled for Saturday, which is indicated to be around the second half of April based on the timestamp ""20260421_16:00""."
Who is Li Hua bringing to the band's jam session according to their discussion on 20260425?,ChaeSong-hwa,"Based on the conversations provided, there is no mention of Li Hua bringing anyone to the band's jam session on 20260425. The discussions focus on various topics such as music composition, potential new songs to include, and the incorporation of Chinese elements into the music. There is no indication of Li Hua inviting additional members to the jam session."
What garden-related activity is Thrall planning to organize?,A community planting day,"Thrall is organizing a resident vote for the specific types of plants that everyone wants in the garden. This involves collecting votes to determine which flowers, such as bluebells, camellias, and tulips, will be included in the community garden renovation project. Thrall emphasizes the importance of everyone's input in making this decision, as it directly impacts the aesthetic and overall enjoyment of the garden."
What is the proposed solution for making the garden more inviting on sunny days?,Adding shade with umbrellas or trees,"In the discussions, several methods were suggested to enhance the garden's appeal on sunny days. Specifically, regarding seating areas, Muradin Bronzebeard proposed adding a shaded area with either a pergola or umbrellas. Additionally, Rexxar Remar suggested adding lights around the seating area to create a cozy and inviting atmosphere, particularly for evening gatherings. The intention was to ensure that the garden remained comfortable and enjoyable throughout the day, especially during hotter periods."
What is the main topic of the conversation on 2026-04-28 at 5 PM?,Breathing techniques and tips for squats during workouts,"There is no conversation recorded specifically for 2026-04-28 at 5 PM. The available data does not contain any mention of a meeting or event scheduled for that exact time. Therefore, we cannot determine the main topic of a conversation for that particular time."
When is Wolfgang Schulz's promotion celebration dinner?,6 PM on the day after tomorrow (implied to be 2026-04-30),"According to the conversation, Wolfgang Schulz's promotion celebration dinner is scheduled for the day after tomorrow, which is mentioned under the timestamp ""20260123_17:00"". Specifically, Wolfgang Schulz invites Li Hua to grab dinner the day after tomorrow (January 23rd) at 6 PM, suggesting that the promotion celebration dinner is planned for January 24th."
What is the name of the Italian restaurant where Wolfgang and Li Hua are having dinner to celebrate Wolfgang's promotion?,Venedia Grancaffe,"Based on the conversation provided, Wolfgang and Li Hua plan to celebrate Wolfgang's promotion at a favorite Italian restaurant that they love. This restaurant is described as having ""the best pasta"" according to Li Hua, indicating it's a place they regularly frequent for Italian cuisine. Specifically, they discuss having dinner at this Italian establishment on the day after Wolfgang's promotion announcement."
What is Li Hua's suggestion for scheduling the water pipe repairs in the garden?,During off-peak hours,"In the conversation recorded on April 26, 2026 at 10:00 AM, Adam Smith suggested to Li Hua that he join their group chat for the garden renovation activities. Li Hua expressed interest in joining, indicating his willingness to collaborate on improving the garden. However, regarding the scheduling of water pipe repairs, there is no explicit mention of a specific time proposed by Li Hua or Adam Smith. Adam Smith merely stated that he would arrange for someone to look into the issue and update Li Hua on the repair schedule. Therefore, the exact scheduling details for the water pipe repairs remain unspecified based on the information provided."
When is the community meeting for the garden project scheduled according to the discussion on 20260507?,Saturday at 10 am,"According to the discussion on 20260507_16:00, a community meeting is planned to brainstorm and finalize plans for the garden. Specifically, Turalyon announced that they would set up some times for community meetings to brainstorm and finalize their plans, emphasizing the importance of getting everyone's input to ensure a successful garden project. Therefore, the community meeting for the garden project is scheduled for a future date as determined by the group, likely to be held on a weekend, specifically mentioned as Saturday, around 10 am."
What percentage discount is Hailey Johnson offering for Mother's Day pastries?,15%,"For Mother's Day, Hailey Johnson is offering a special promotion where customers can receive a 15% discount on all pastries and special cakes. This discount is intended to provide a treat or a surprise for mothers and other special recipients."
Which two specific pastries does Hailey Johnson recommend for Mother's Day?,Raspberry-filled croissants and chocolate eclairs,"Hailey Johnson recommends raspberry-filled croissants and chocolate eclairs for Mother's Day, both of which are known to be popular among customers. These pastries are suggested due to their consistent appeal and delicious flavor combinations."
What type of stretches does JenniferMoore suggest before and after workouts?,Dynamic stretches before and static stretches after,"JenniferMoore emphasizes the importance of both pre- and post-workout stretching to improve flexibility and aid in recovery. Before workouts, she recommends engaging in gentle movements that help to loosen up the muscles and prepare the body for physical activity. This could involve dynamic stretches such as arm circles, leg swings, and torso twists, which are designed to increase range of motion and mobilize the joints. Post-workout, JenniferMoore suggests performing static stretches focusing on the hamstrings, quadriceps, calves, and back. Static stretches hold a position for several seconds, allowing the muscles to relax and lengthen. She also mentions foam rolling as a technique that can be used to release tension in the muscles following a workout, which is particularly beneficial for the glutes and hamstrings. Overall, JenniferMoore advocates for a comprehensive approach to stretching that includes both dynamic and static stretches, as well as foam rolling, to optimize performance and recovery."
When is the web design seminar at Wolfgang's company happening?,Thursday at 3 PM,"The web design seminar is scheduled for Thursday at 3 PM and is hosted by WolfgangSchulz's company. This information can be found directly in the description of the entity ""WEB DESIGN SEMINAR""."
What is Li Hua looking forward to trying from the summer promotion?,Fruity ice cream flavors and a mango-coconut pastry,"In the conversations recorded, Jennifer Moore informed Li Hua about a special summer promotion at their establishment, highlighting various summer dessert flavors. Specifically, she mentioned that the promotion included fruity ice cream flavors and possibly a mango-coconut pastry, alongside chocolate treats. Li Hua expressed enthusiasm about these options, stating, ""Wow, that sounds amazing! I'm definitely looking forward to trying those fruity options you mentioned. Can’t wait to stop by and grab some of those treats! 🍰😋"". Therefore, Li Hua is looking forward to trying the fruity ice cream flavors and perhaps a mango-coconut pastry from the summer promotion."
What did Li Hua enjoy the most about the restaurant that he and Wolfgang visited for dinner on 20260514?,The pasta dish and the dessert,"On May 14, 2026, Li Hua and Wolfgang visited a restaurant together. According to their conversation, Li Hua expressed that he ""couldn't get enough of that pasta dish! It was so rich and flavorful."" Wolfgang, on the other hand, highlighted his enjoyment of the steak he had, saying that it was ""juicy and cooked perfectly."" Therefore, Li Hua appreciated the pasta the most, while Wolfgang enjoyed the steak the most from their dining experience."
Why is Chae Song-hwa unable to join the rehearsal?,She has to attend a medical lecture,"Chae Song-hwa is unable to join the rehearsal because she has to attend a medical lecture on Sunday evening. She informed the group and expressed her hope that everyone will have fun despite her absence. There is no indication that this will affect the rehearsal itself, as the group decided to pause their usual rehearsals for this week due to her absence."
What type of lighting is preferred for the seating area in the community garden?,Soft white lights,"In the discussions about the community garden, there is a preference for soft white lights to create a warm and inviting atmosphere. This suggestion was made by ArthasMenethil during a conversation where he mentioned that soft white lights would give a cozy and inviting glow, perfect for relaxing evenings in the garden. He emphasized that this lighting would enhance the comfort and appeal of the seating area, which is intended to be a relaxing and enjoyable spot for visitors."
When is the construction of the garden supposed to start?,This Wednesday (20260520),"The construction of the garden is scheduled to start on Wednesday. This was mentioned by Turalyon in the conversation where he reminded everyone about the upcoming construction, stating, ""Construction starts this Wednesday, so we should have everything ready before then!"" This indicates that the planned start date for the garden renovation activities is set for the following Wednesday."
Which flowers does RexxarRemar suggest for a vibrant vibe?,Bluebell and Camellia and Tulip,"In one of the discussions, RexxarRemar suggested a combination of flowers that he thought would create a vibrant and appealing vibe for the garden. Specifically, he mentioned the Bluebell, Camellia, and Tulip as being a great combo. These flowers not only bring different colors to the garden but also attract butterflies, enhancing the garden's appeal and vibrancy."
How does RexxarRemar plan to spend time in the garden once it's done?,For family gatherings and relaxing afternoons,"According to the conversations, RexxarRemar expresses enthusiasm for the new garden and envisions several ways he would like to use it. He mentions that the garden will be suitable for family gatherings and relaxing afternoons, highlighting its potential to bring joy and tranquility to residents. Additionally, RexxarRemar highlights the importance of a children's play area, noting that it would be beneficial for the whole community. He looks forward to the garden transforming into a vibrant and welcoming space that can accommodate various activities and spending occasions, including family events and leisurely strolls."
What does LiHua find as a perfect place to work in his conversation with Chae?,The Lighthouse Cafe,"In the conversation between LiHua and ChaeSong-hwa, LiHua expresses frustration with the noise caused by the ongoing garden renovation, stating ""The garden renovation is driving me nuts! It's so noisy, I can't concentrate on my work."" To address this issue, ChaeSong-hwa suggests alternative locations where the noise level might be lower, recommending a café or library. LiHua responds positively to this suggestion, saying ""A café sounds perfect for a change of vibe."" This indicates that LiHua finds a café to be an ideal place to work, as it offers a quieter environment compared to his current workspace, which is being disrupted by the construction noise."
What songs does Chae propose to the Jolly band to try out on Sunday according to the conversation on 20260521?,"The Yellow Wind Rises and ""To the West""","According to the conversation on 20260521, ChaeSong-hwa proposed several songs to the Jolly Band for their Sunday session. He suggested ""Landslide"" and ""Blackbird,"" both of which were mentioned earlier as soothing songs. Additionally, he proposed ""Sparks Fly,"" describing it as having a ""nice feel to it."" These songs were aimed at creating an upbeat and cheerful vibe for their music, aligning with the proposed upbeat theme of the session."
What is IllidanStormrage's suggestion to the ongoing garden construction according to the discussion on 20260522?,plan some quiet hours when the kids are playing,"According to the discussion dated 20260522, IllidanStormrage suggested adding some shade options to the garden. Specifically, he proposed adding a few trees or larger plants to create some cool spots for relaxing during hot days. He reasoned that these shade options would not only provide relief from the heat but also add to the overall aesthetic of the garden. This suggestion aimed to enhance the comfort and enjoyment of the garden, especially during warmer months."
What songs does LiHua suggest adding to the karaoke playlist in his conversation with Chae?,"I Will Survive and ""Sweet Caroline""","In the conversation between LiHua and Chae, LiHua suggests several songs for the karaoke playlist. Initially, LiHua proposes including ""I Will Survive"" or ""Sweet Caroline"" as upbeat choices. Later, he expresses interest in including ""Sweet Home Alabama"" or ""Let It Be"" as classic favorites. Additionally, LiHua suggests adding ""Shallow"" or ""Shake It Off"" as pop hits. In the final segment of the conversation, LiHua proposes ""Dancing Queen,"" ""Hotel California,"" ""Blackbird,"" and ""Sweet Home Alabama"" to create a medley. These suggestions showcase LiHua's enthusiasm for a diverse range of music genres, including classic rock, pop, and ballads, which aligns with his interests and those of his friends WolfgangSchulz and YurikoYamamoto."
What time does Turalyon plan to limit noisy activities?,From 2-3 pm,"According to the discussions, Turalyon plans to limit noisy activities from 2-3 pm. This decision was made to address the concerns about noise levels and to ensure that residents can continue to live comfortably."
Why does WolfgangSchulz inquire of the band members about health products?,Wolfgang is feeling very tired lately with the overtime and wants to boost up his energy,"There is no mention of WolfgangSchulz inquiring about health products or supplements in any of the provided conversations. The interactions between LiHua and WolfgangSchulz focus primarily on discussing music, personal experiences, and future plans related to their band activities. There is no discussion regarding health products or recommendations for health-related items."
What is the name of the song LiHua suggests revisiting for the band's music session according to their conversation on 20260529?,The History of Everything,"Based on the conversation recorded on 20260529, there isn't a specific song mentioned that LiHua suggests revisiting for the band's music session. The details provided focus more on the general discussion about future musical plans and preferences rather than naming a particular song. Therefore, no specific song title can be identified for this date."
Which kind of pastry does Li Hua express his interest in trying in his conversation with Hailey on 20260531?,the new banana durian cheesecake,"In the conversation between Li Hua and Hailey dated 20260531, Li Hua expresses an interest in learning how to make pastries. This is evident from Li Hua's statement, ""I’d love to learn how to make pastries if we can. That would be great!"" This indicates that pastries are the type of pastry that Li Hua is particularly interested in trying to learn how to make."
When did Li Hua inform Adam Smith that the rent for last month (implied to be May) had been transferred?,2026-06-02 at 10:00,"According to the records provided, Li Hua informed Adam Smith that the rent for last month had been transferred on June 1st at 16:00. This message indicates that Li Hua acknowledged she had forgotten about paying the rent earlier and promptly addressed the issue by transferring the amount via bank transfer. Specifically, the relevant excerpt reads:""AdamSmith: Hey Li Hua, just a quick message. I noticed I haven't received last month's rent yet. Could you check on that? Thanks!""""LiHua: Oh no, I completely forgot about that. I'll make sure to get that sorted out ASAP. Thanks for letting me know!""""AdamSmith: No worries! Just wanted to keep everything on track. Let me know if you need any help with the payment.""""LiHua: Sure thing! Will do."" This exchange shows that Li Hua took immediate action to rectify the situation, demonstrating her responsibility and promptness in addressing financial matters."
What is the name of Hailey Johnson's new weekly flavor cheese?,Hazelnut Basque Roasted Cheese,"There isn't a specific mention of a new weekly flavor cheese introduced by Hailey Johnson in the provided data. The conversations revolve around various pastries and desserts such as sprinkled cake donuts, red velvet New York cheesecake, artisanal donuts, and banana durian cheesecake. However, there is a mention of a special summer promotion featuring various fruity ice cream and pastry flavors, which includes mango and coconut. Without additional context, it's not possible to identify a new weekly flavor cheese based on the information given."
Why can't people sit on the benches when Turalyon informs the community that the benches have been installed on 20260604?,the paint isn't dry yet,"The installation of the benches on June 4, 2026, was noted by Turalyon, but there is no mention of people being unable to sit on the benches until much later. The earliest reference to the benches appears to be on June 8, 2026, where Turalyon reminds the community to watch out for the flower bed when walking by. MuradinBronzebeard then expresses excitement about the benches, stating, ""Those benches are gonna be great for chilling out."" It wasn't until June 8, 2026, that people were confirmed to be able to use the newly installed benches. Prior to this, the community had not yet taken advantage of the benches, possibly due to ongoing preparations or waiting for the garden to fully develop."
What is the phone number for the maintenance worker that Adam Smith provided to Li Hua for the broken streetlight?,314159,"According to the conversation records, Adam Smith provided the contact number for the maintenance worker to Li Hua when she mentioned noticing a broken streetlight. Specifically, Adam Smith gave the contact number as 314159. This number was intended for Li Hua to reach out to the maintenance worker to address the issue with the broken streetlight."
What breathing technique does Jennifer Moore suggest for running?,Inhaling for 3 steps and exhaling for 2 steps,"Jennifer Moore suggests a breathing technique specifically designed for running during her workout session. She recommends inhaling for 3 steps and exhaling for 2 steps. This technique aims to help with stamina and overall respiratory function during physical activities, particularly during long runs."
When is the Freelancer Group Meeting scheduled for according to the conversation between LiHua and Yuriko?,This Wednesday at 3 pm,"According to the conversation, the Freelner Group Meeting is scheduled for March 6th at 2:00 PM. This is confirmed in the first message where LiHua confirms the date and time with Yuriko: ""Hey! Just wanted to confirm if we’re still good for our meeting on March 6th at 2:00 PM to discuss the homepage updates. Let me know!"""
What suggestions does Jennifer give to LiHua to help boost his endurance?,try incorporating longer cardio sessions and interval training into your routine,"In one of the conversations, Jennifer provides specific advice to LiHua to enhance his endurance. Specifically, Jennifer suggests that LiHua should incorporate longer cardio sessions and interval training into his routine. She also recommends mixing up his activities, such as cycling, running, or swimming, to keep things varied and engaging. Additionally, Jennifer emphasizes the importance of proper hydration and nutrition, as these factors play a crucial role in overall fitness and endurance improvement."
What new pastry does Hailey think is perfect for a fitness lover like Li Hua?,high-protein breads,"In the conversations shared, there isn't any specific mention of a pastry that Hailey thinks would be ideal for a fitness enthusiast like Li Hua. However, Hailey Johnson does suggest new pastry flavors frequently based on customer preferences and her own experimentation. Given that Li Hua enjoys fruity desserts, it might be reasonable to infer that Hailey might consider a fruit-flavored pastry for a fitness-oriented individual. Nonetheless, without explicit information regarding a pastry tailored specifically for someone interested in fitness, we cannot definitively determine which new pastry Hailey thinks is perfect for Li Hua."
Who proposes adding some outdoor games or a small water feature to the children's play areain the community discussion?,Thrall,"In the community discussion, several proposals were made regarding enhancing the garden and play area for children. Adding some outdoor games was suggested as a way to keep everyone entertained during the community gathering, emphasizing the importance of engaging activities. Additionally, a water feature was proposed as a way to enhance the garden's aesthetics and provide soothing sounds, which aligns with the description of a ""water feature"" as beneficial for enhancing garden aesthetics and providing calming sounds. Thus, both outdoor games and a water feature were proposed as enhancements to the play area for children."
Who proposes adding picnic tables for families to enjoy some snacks after playing?,Li Hua,"Based on the conversations and discussions provided in the sources, there isn't a specific mention of someone proposing picnic tables specifically for families to enjoy snacks after playing. However, the conversation around the picnic includes several suggestions for enhancing the experience, such as adding cushions to the benches and considering tables and shade structures. While the conversation does mention snacks and games being part of the picnic activities, no one explicitly suggests picnic tables as a separate element for families to enjoy their snacks after playing. The most detailed suggestion related to picnic areas comes from Rexxar Remar, who recommends bringing blankets or chairs for seating, suggesting it might get crowded. Malfurion Stormrage also mentions the need for a small table or two near the benches for putting down drinks or snacks while relaxing, but this is in the context of improving the garden rather than specifically for a picnic setting. Therefore, while the environment for picnicking is being discussed, the exact proposal of picnic tables for families to enjoy snacks after playing is not clearly articulated in the given data."
Who proposes creating a little garden area where kids can help plant flowers or vegetables?,GromHellscream,"Based on the information provided, it appears that the topic of a designated area for kids to plant flowers or vegetables was discussed in the context of the community garden project. While the exact speaker is not named, the discussion revolves around enhancing the garden to be more family-friendly and inviting, which often includes spaces designed for children. This aligns with the description of ""KIDS'"" in the entities table, which mentions that kids could participate in games or activities at the garden, adding a family-friendly aspect to the community gathering. Therefore, it can be inferred that someone proposing this idea was likely a participant in the community discussions or one of the organizers of the garden project."
Why does LiHua bring up Adam Smith in the band's conversation on 20260616?,LiHua thinks it is really nice for Mr. Smith to rent this basement to us for practice,"In the conversation recorded on 20260616, LiHua brings up Adam Smith as part of the band context. Specifically, she asks WolfgangSchulz about the possibility of playing a classic rock song like ""Summer of '69"" and inquires if he has any new song ideas. This indicates that LiHua is considering the band's musical repertoire and future performances, and Adam Smith is mentioned as a potential contributor to these musical discussions and activities. The mention of Adam Smith in the band context suggests that he is part of the band's circle and possibly a collaborator or a regular attendee of their jam sessions."
What event does LiHua think is an opportunity for the Jolly band to perform in front of the crowd?,the poster saying that the town is holding a local music festival,"There isn't a specific event mentioned where LiHua thinks the Jolly Band should perform in front of a crowd. However, LiHua and WolfgangSchulz have plans to attend a concert together on March 7th at 6 PM, which WolfgangSchulz mentions would be ""awesome"" and a great opportunity to enjoy live music. Additionally, WolfgangSchulz suggests adding the song ""Viva la Vida"" by Coldplay to their set list, indicating they are considering playing at future gigs. While these events aren't explicitly stated as opportunities for the Jolly Band to perform in front of a crowd, they do present potential platforms for the band to showcase their music."
What dietary restrictions does LiHua have in his conversation with Hailey?,No dietary restrictions,"In the conversations provided, there is no explicit mention of dietary restrictions that LiHua has. However, there is a reference to dietary restrictions in another interaction, which is between LiHua and Wolfgang Schulz regarding their preferences for fast food. Wolfgang mentions that he ""can't beat a classic cheeseburger"" and that he likes chocolate shakes. This suggests that Wolfgang does not have specific dietary restrictions regarding fast food. Therefore, based on the information given, LiHua does not have any dietary restrictions noted in his interactions with Hailey."
What will special guest speaker be talking about as Jennifer mentions to LiHua?,about nutrition for athletes,"JenniferMoore informed LiHua about a special guest speaker who will be discussing nutrition for athletes. The talk is scheduled for next Wednesday at 6 PM, and it will cover valuable tips for improving performance and recovery. LiHua expressed interest in attending and was told that JenniferMoore would reserve a spot for him."
What is the survey that Jennifer wants LiHua to fill out about?,the experience with our training sessions so far,"Jennifer Moore has requested Li Hua to complete a survey about their experience with their training sessions. Jennifer emphasizes the importance of feedback, stating that her improvement depends on receiving valuable insights from participants like Li Hua. She encourages Li Hua to provide honest feedback to help her continuously enhance the training program."
When does the special event at Hailey's bakery start according to Hailey and LiHua's conversation on 20260622?,The event starts at 10 AM this Saturday,"According to the conversation between Hailey Johnson and Li Hua dated 20260622_13:30, a special event at Hailey's bakery is planned to launch a new line of healthy bread options. The event is scheduled to begin at 10 AM on Saturday. Li Hua expresses enthusiasm about attending the event, which is described as a ""fun tasting session"" with ""lovely samples and a little workshop."""
What video does LiHua send to the band group chat on 20260624?,"a video of himself playing the intro to ""Stairway to Heaven""",There are no entries in the provided data that mention a video sent by LiHua to the band group chat on 20260624. The available records do not contain information about any video being shared in the group chat on this specific date.
Waht song does Wolfgang propose adding to the band's practice set on 20260625?,Viva la Vida by Coldplay,"Based on the information provided, Wolfgang proposed a couple of songs for the band's practice set. In the conversation dated 20260623_10:15, Wolfgang mentioned potential new songs for their upcoming practice. He suggested trying out ""Summer of '69"" and proposed ""Come Together"" and ""Here Comes the Sun."" Therefore, the songs Wolfgang proposed adding to the band's practice set include ""Summer of '69,"" ""Come Together,"" and ""Here Comes the Sun."""
What is the main topic of the conversation between LiHua and ChaeSong-hwa on 20260626?,Chae and her team making a breakthrough in the research study and LiHua congratulating her,"On June 26th, 2026, LiHua and ChaeSong-hwa discussed a community medical knowledge lecture that ChaeSong-hwa planned to host the following Saturday at 7 PM. This lecture was intended to provide attendees with an overview of basic health issues and prevention strategies, aiming to be both informative and engaging. LiHua expressed her interest in attending and learning more about health topics, indicating her enthusiasm for the event. Additionally, they discussed the possibility of discussing health-related topics further during their next jam session, suggesting a collaborative effort between their musical performances and health discussions."
Waht songs does Chae recommend in the band's group discussion on 20260629?,"Uptown Funk or ""Happy""","In the group discussion on 20260629, there is no mention of specific songs that Chae recommends. The conversation primarily revolves around the idea of mixing up the setlist and includes discussions about classic rock and upbeat songs, but Chae does not explicitly suggest any particular tracks. The focus seems to be on creating a diverse and engaging setlist rather than recommending specific songs."
What tip does Jennifer give to the gym members on 20260630?,Staying hydrated during workout is very important,"There doesn't appear to be a tip given by Jennifer on 20260630 in the provided data. The timestamps mentioned in the data correspond to various events and conversations related to fitness and gym membership, but there is no specific mention of a tip on 20260630."
Why deoes the construction have to be postponed according to Tirion Fordring?,the storm and the rain have been going on for days,"According to the conversation, the construction has been postponed due to the ongoing storm and rainy weather conditions. Specifically, Tirion Fordring mentions, ""As everyone can see, the storm and the rain have been going on for days! As a result, our construction has to be postponed, and hopefully, it will resume soon once the weather gets better!"" This indicates that the adverse weather conditions are the primary reason for the delay in the construction schedule."
What kinds of Thai food does Wolfgang want to try out at the Thai restaurant on 20260702?,pad thai and maybe some spring rolls,"Based on the conversations provided in the sources, WolfgangSchulz mentioned having a preference for certain dishes at the Thai restaurant they plan to visit on 20260702. Specifically, he expressed interest in trying the pad thai and spring rolls. Therefore, at the Thai restaurant WolfgangSchulz and LiHua plan to dine on 20260702, Wolfgang appears to want to try pad thai along with spring rolls."
What song does Yuriko propose that the band can practice this weekend according to the band's discussion on 20260703?,Take Me Home Country Roads by John Denver,"According to the conversation on 20260703, Yuriko proposed the inclusion of ""Sweet Home Alabama"" in the band's setlist for the upcoming jam session. Additionally, Yuriko was asked to suggest a bass-heavy track to be included as well. However, there is no specific mention of another song that Yuriko proposed practicing or performing this weekend aside from ""Sweet Home Alabama."""
What is the name of the song that Yuriko recommend to the band on 20260706?,Rolling in the Deep by Adele,"There isn't any mention of a song recommendation from Yuriko on July 6, 2026 in the provided data. The data focuses on discussions about potential band names, jam session arrangements, and shared musical preferences, but does not contain a specific song recommendation from Yuriko on that date."
Why are LiHua and Adam concerned about the basement in their conversation on 20260707?,They want to check if there were any issues in the basement after those rainstorms,"In the conversation dated 20260707, LiHua expresses concern about the basement's condition, specifically mentioning that there is ""a bit damp"" after a recent storm. She asks Adam if there were any issues with water leakage, and Adam reassures her that there were no problems with water leakage but notes that the basement is ""just a bit damp."" LiHua seems satisfied with this explanation and mentions that she will ""reach out if [she] needs anything."" This indicates that while there were some dampness concerns following the storm, no significant water leakage issues arose, which alleviates the primary concern for both parties. However, LiHua remains vigilant about the basement's condition and is prepared to address any future issues."
Why is Jennifer checking in in the gym group chat on 20260708?,She wants to hear how the members are all doing and offer some personalized advice.,"There isn't any mention of Jennifer checking in specifically in the gym group chat on 20260708 in the provided data. The events listed pertain to various conversations and interactions between Jennifer Moore and Li Hua regarding their fitness routines, including scheduling, training sessions, and workout plans. No instance of Jennifer checking in on a particular date is noted. Therefore, based on the information available, there is no reason to infer why Jennifer might be checking in on this specific date."
What is the article that Chae shares with LiHua about?,how to fall asleep faster at night,"There is no specific article or document that Chae shares with LiHua based on the information provided in the conversation. The dialogue focuses primarily on discussing various topics including singing at a potluck, opinions on leash laws, travel experiences, movie recommendations, and a community event regarding medical knowledge. No mention is made of any shared articles or documents."
What is LiHua's feeback on Hailey's new artisanal donuts?,The flavors are so unique and delicious,"In the conversation between HaileyJohnson and LiHua, it is clear that LiHua thoroughly enjoyed Hailey's artisanal donuts. Specifically, LiHua commented, ""I really loved the chocolate hazelnut one! It had the perfect balance of sweetness."" This indicates that LiHua particularly appreciated the chocolate hazelnut flavor among the artisanal donuts. Furthermore, LiHua expressed enthusiasm for future offerings, saying, ""Can't wait to see what you come up with next!"" This statement shows that LiHua is eager to try more of Hailey's creations."
What new flavor is LiHua looking for as he mentions to Hailey in their conversation on 20260714?,a matcha flavor,"In their conversation on July 14th, 2026 (recorded as Time: 20260714_12:00), LiHua expresses interest in a matcha flavor. He specifically states, ""Maybe a matcha flavor next time? That could be fun!"" This indicates that LiHua is looking for a matcha-flavored product from Hailey."
Which performance does Chae want the band members to check out in their discussion on 20260715?,"the amazing live performance of ""Bohemian Rhapsody"" by Queen","There isn't any specific mention of a performance that Chae wants the band members to check out in their discussion on 20260715. The provided data focuses mainly on conversations about band practices, potential new musical styles, and ideas for their repertoire. There is no indication of a particular performance being discussed or reviewed."
Why is LiHua praising Chae in their conversation on 20260717?,LiHua was really amazed by Chae's performance in the band last Sunday because Chae's singing has really leveled up,"In the conversation dated 20260717, there is no mention of LiHua praising Chae. Instead, it appears to be a casual discussion involving WolfgangSchulz and LiHua, where they express interest in trying a new hobby. There is no indication of LiHua praising Chae in this particular exchange. Therefore, the praise cannot be found within the provided data."
What cool thing does Wolfgang find that he wants to share with LiHua?,this awesome guitar Wolfgang found online,"In one of the conversations, Wolfgang mentions finding something special while he's in Hong Kong for his trip. Specifically, Wolfgang expresses interest in looking for unique snacks or a local souvenir for LiHua. He asks LiHua what he had in mind, but LiHua suggests that Wolfgang should just look for something that screams Hong Kong, indicating that Wolfgang intends to find something representative of the city for LiHua. This shows that Wolfgang has taken the initiative to seek out a meaningful gift or memento for LiHua during his trip to Hong Kong."
What tips on balancing work and personal hobbies does LiHua give to Chae?,try setting specific hours for work and separate times for your hobbies and don't forget to schedule some fun time for yourself,"LiHua offers several practical tips for balancing work and personal hobbies, which he believes can alleviate stress and help maintain a healthy work-life balance. Firstly, he suggests setting specific hours for work and separate times for personal hobbies. This clear delineation helps in maintaining productivity during work periods and ensures that personal interests are not neglected. Additionally, LiHua recommends taking small breaks throughout the day to avoid burnout and to refresh the mind. He further emphasizes the importance of scheduling fun time for oneself, indicating that taking time to engage in hobbies is crucial for overall well-being. Lastly, he advocates for keeping a little routine in one's weekly schedule, suggesting that regular patterns can significantly improve organization and efficiency. By following these suggestions, LiHua aims to help Chae manage her workload more effectively and ensure that she has ample time for her personal interests."
What is the size of the basement?,The basement is approximately 15 feet by 20 feet,"The size of the basement is not explicitly stated in the provided conversation. The measurements of the window are given as 150 cm wide and 120 cm high, but without specific dimensions for the entire basement, we cannot determine its exact size from the information available."
What is Wolfgang's favorite superhero?,Iron Man,"From the information provided, Wolfgang's preferred superhero is Spider-Man. This preference is evident from the conversation where Wolfgang expresses a soft spot for Iron Man, but his clear favorite is Spider-Man. Specifically, Wolfgang states, ""Spider-Man is awesome! I have a soft spot for Iron Man though. The tech and personality are just cool."" However, when asked about his favorite superhero, Wolfgang clearly identifies Spider-Man as his top choice."
What is LiHua's favorite superhero?,Spider-Man,"Based on the conversation, LiHua expresses a strong preference for Spider-Man. Specifically, WolfgangSchulz mentions, ""I think Spider-Man is my fave! Love his story and all the web-slinging action."" LiHua also replies, ""I think Spider-Man is awesome! I have a soft spot for Iron Man though. The tech and personality are just cool."" However, WolfgangSchulz's comment indicating a ""soft spot"" for Iron Man does not reflect LiHua's expressed preference. Therefore, considering both statements, LiHua's favorite superhero appears to be Spider-Man."
What sports would LiHua like to see on the community sports day?,some team sports like soccer or basketball,"According to the conversation, LiHua expressed interest in seeing team sports like soccer or basketball on the Community Sports Day. Additionally, she suggested including fun games specifically for children, indicating her desire to incorporate a variety of activities that would appeal to different age groups and interests within the community."
What activities are being discussed for the community sports day?,Soccer and basketball and tug-of-war and sack race are mentioned as potential activities for the community sports day,"For the community sports day, the discussion revolves around various fun and engaging activities that aim to bring the community together. According to the conversations, the event is expected to feature team sports like soccer or basketball, which can be particularly exciting and motivating for participants. Additionally, children might enjoy fun games that complement the team sports. There seems to be a focus on ensuring there are activities suitable for both adults and children, suggesting that games designed to engage younger members of the community are also part of the plans. Furthermore, the sports day is expected to have refreshments available to keep everyone energized throughout the day. Overall, the sports day aims to be a comprehensive event that accommodates different age groups and preferences within the community."
What new hobbies does Wolfgang Schulz propose to Li Hua?,Wolfgang Schulz proposes pottery or painting as a hobby to Li Hua,"In the discussion between Wolfgang Schulz and Li Hua, Wolfgang proposes a new hobby for them to explore together to unwind from work stress. Specifically, Wolfgang suggests picking up a new hobby such as pottery or painting. This suggestion aligns with Wolfgang's interest in trying new activities and his desire to engage in enjoyable pastimes outside of their usual musical sessions."
What brands of air-conditioners does LiHua recommend to Wolfgang?,Mitsubishi and Daikin,"In the conversation, LiHua recommends inverter AC units, particularly mentioning brands like Mitsubishi and Daikin. These brands are highlighted for their efficiency and quiet operation, making them suitable for the basement environment. Wolfgang appears to be interested in these recommendations, showing his awareness of the brands that LiHua suggests."
Who is recommended by Jennifer to share some fitness tips in the gym group chat on 20260730?,LiHua,"There is no information provided in the given data about a fitness tips sharing session on 20260730 or who recommended such a session. The available data pertains to various events and interactions related to fitness and wellness, but there is no mention of a fitness tips sharing session on that specific date. Therefore, based on the information available, we cannot determine who was recommended to share fitness tips in the group chat on 20260730."
What does Hailey Johnson want Li Hua to help with at the bakery according to their discussion on 20260731?,Hailey Johnson wants Li Hua to help gather feedback from customers at the bread-tasting event,"According to the conversation on 20260731, Hailey Johnson is planning a bread-tasting event at the bakery and would like Li Hua to help gather feedback from the customers. This request comes in the context of Hailey Johnson seeking feedback on the different breads available at the bakery. Specifically, Hailey Johnson mentions that Li Hua would be assisting with the event by chatting with customers and collecting their thoughts on the various bread varieties. Li Hua agrees to help and looks forward to the event, which is scheduled to take place on Saturday from 10 am to 2 pm."
What day do Li Hua and Wolfgang Schulz plan to visit the photography exhibition?,Li Hua and Wolfgang Schulz plan to visit the photography exhibition on Friday evening,"According to the conversation, Li Hua and Wolfgang Schulz plan to visit the photography exhibition on Friday evening. Specifically, Wolfgang Schulz responded positively to Li Hua's suggestion of Friday evening, stating, ""Friday evening works for me! Looking forward to it!"" Li Hua then confirmed, ""Great! I'll grab the tickets in advance then. Can't wait to see the exhibits! 🎟️"". Therefore, they have agreed to attend the photography exhibition on the Friday evening mentioned."
When is Wolfgang and LiHua going to the photography exhibition on 20260805?,19:00,"On August 5, 2026, at 16:00, Wolfgang and LiHua are planning to attend the photography exhibition. LiHua reminds Wolfgang to grab a bite before the event, suggesting they meet at the new burger place at 6:00 PM. Afterward, they plan to head to the exhibition at 19:00."
What new components are being added to the garden project as Turalyon announces it on 20260806?,incorporating sustainable practices like recycling and composting into our renovation project,"On August 6, 2026, at 10:00 AM, Turalyon provides an update regarding the community garden renovation. He mentions that flowers are already prepared and that bench constructions are underway. However, he highlights the need to finalize votes for the flowers, emphasizing the importance of community input. There isn't any explicit mention of new components being added to the garden at this update. Instead, the primary focus is on encouraging residents to cast their votes for their preferred flower types. In another update from May 27, 2026, Turalyon discusses reducing noise levels during certain times of the day by limiting noisy activities and possibly using quieter tools. Suggestions include putting up temporary barriers, notifying residents in advance, and installing sound-absorbing materials. Additionally, the discussion touches upon adding seating areas and creating a specific area for native plants, which could serve educational purposes. These updates suggest ongoing improvements and enhancements to the garden project. Therefore, based on the August 6 update, no new components were specifically announced; however, the May 27 update indicates plans for various additions and improvements to the garden, including reduced noise levels, additional seating areas, and a designated area for native plants."
Why is Yuriko asking for LiHua's help on 20260807?,She has got ten logo designs for my speech therapy studio and she would love LiHua's opinion on which one stands out the most,"There is no information provided in the given data regarding Yuriko asking for LiHua's help on August 7, 2026. The records only mention interactions between LiHua and Yuriko on various occasions, including discussing homepage updates, planning jam sessions, and arranging meetings at Central Perk. None of these interactions suggest any request for assistance from Yuriko to LiHua on that specific date."
When is the installation of the air-conditioner for the basement?,It's set for Wednesday next week,"The air-conditioner installation for the basement is scheduled for Wednesday, according to the conversation. Specifically, the conversation from ID 16 indicates that Adam Smith reached out to the contractor to confirm the timing for the installation, stating, ""Just wondering when are you free for the air-conditioner installation? I want to make sure it fits your work schedule. Also, I'll check the contractor's availability to align everything. Let me know!"" Additionally, from ID 17, it is noted that Adam Smith informed Li Hua, ""Hey Li Hua! Just checking in to see if you have any concerns or special requests for the air conditioner installation. It’s set for Wednesday next week. Let me know!"" Therefore, the installation date for the air-conditioner in the basement is set for the following Wednesday."
Why does Adam reach out to LiHua on 20260810?,To check if LiHua had a chance to look over the warranty and maintenance plans for the air conditioner,"There appears to be no entry in the provided data for a specific interaction between AdamSmith and LiHua on August 10, 2026. The entries listed pertain to various events and communications taking place on dates including February, March, April, June, September, October, November, and January of 2026. None of these correspond to August 10, 2026. Therefore, based on the information available, it is not possible to determine why AdamSmith reached out to LiHua on August 10, 2026."
What tips does Jennifer give to LiHua about preventing muscle soreness after a tough workout?,make sure to warm up properly before workouts and cool down afterward & Stretching & Stay hydrated and consider foam rolling post-session to help with recovery,"Jennifer provides several practical tips for LiHua to help prevent muscle soreness after a tough workout. First, she emphasizes the importance of warming up properly before the workout to prepare the muscles and joints for exertion. Similarly, cooling down after the workout is crucial, suggesting that LiHua should engage in some light stretching to help relax the muscles and prevent stiffness. Additionally, Jennifer advises her to incorporate stretching into her routine, noting that it is particularly beneficial for easing tension in the muscles. To further aid in recovery, Jennifer recommends foam rolling, which can help release tight spots and promote muscle relaxation. Lastly, she stresses the significance of hydration, advising LiHua to drink plenty of water both before and after the workout. These strategies collectively aim to enhance LiHua's recovery process and minimize the likelihood of experiencing muscle soreness post-exercise."
When is the contractor team going to install the air-conditioner?,20260812 6PM,"According to the information provided, the contractor team is scheduled to install the air-conditioner in the basement at 6 PM today (the date is not specified in the provided data). AdamSmith communicated this to LiHua, informing him that the installation will occur at 6 PM without specifying a particular date. LiHua responded positively, expressing his intention to be present for the installation."
When is the garage sale being discussed?,20260814_15:00,"The garage sale is being discussed in a conversation between TirionFordring and LiHua, who express interest in participating and organizing it. The discussion takes place on 20260814_15:00, where LiHua mentions that he thinks joining the garage sale could be fun and plans to bring some items to sell. This event is highlighted as a potential way to declutter, connect with the community, and build community spirit as they work on garden renovations."
What is the reason Thrall cannot participate in the garage sale?,Thrall has a lot happening with the garden renovations,"According to the content shared in the source, Thrall mentioned that he is currently busy with the garden renovations and therefore decided to sit this garage sale out. He expressed his willingness to join and participate in the future, hoping to check out what others had to offer."
What does RexxarRemar suggest to make the garage sale more enjoyable?,RexxarRemar suggests having snacks or drinks at the garage sale,"Based on the conversation recorded, RexxarRemar did not directly suggest improvements to the garage sale itself. Instead, he focused on addressing noise concerns during the garden renovation project. Specifically, he proposed putting up temporary barriers, using quieter tools during peak noise periods, and informing residents a day in advance about any particularly loud work. These suggestions were aimed at minimizing disruptions to the community during the renovation process rather than enhancing the enjoyment of the garage sale event."
Who offers to help with setting up for the garage sale?,AdamSmith,"During the discussion about the garage sale, it was mentioned that AdamSmith was willing to help with setting up if needed. Specifically, TirionFordring expressed his willingness to assist with the garage sale setup, saying ""if anyone needs help with setting up for the garage sale, just let me know! I’d be happy to lend a hand."""
What type of stretches does Sage prefer before hitting the gym?,Sage prefers dynamic stretches,"Based on the discussion, there isn't a direct mention of Sage's preferred stretches specifically before hitting the gym. However, from the conversations, Sage seems to focus on hydration and mentions enjoying a combination of foam rolling and deep static stretches, especially targeting her calves and back. This indicates that Sage likely engages in a variety of stretching methods, including foam rolling and static stretching, rather than a singular preference."
What does JenniferMoore suggest to improve performance and prevent injuries?,JenniferMoore suggests incorporating stretching techniques,"JenniferMoore emphasizes the importance of proper warm-up and stretching before any game, as these activities are essential for getting the muscles ready and improving flexibility. Additionally, she highlights the significance of staying hydrated and wearing the right footwear to minimize the risk of slips or sprains. These practices are crucial components of maintaining both physical and mental readiness, thereby reducing the likelihood of injuries during games."
What does Viper plan to do to increase their stamina?,Viper plans to focus on cardio,"According to the conversation, Viper plans to incorporate interval training into their cardio routines. Viper mentions that interval training is a great way to build endurance without overstressing the body, and suggests starting with shorter intervals and gradually increasing the intensity and duration as they become more comfortable. This approach is believed to have helped Viper significantly enhance their stamina."
What does Sova plan to do to keep their cardio interesting?,Sova plans to mix it up with different types of cardio exercises,"Sova mentioned that she plans to remind herself of the progress she and her group are making together. This strategy highlights the importance of maintaining motivation and recognizing collective improvement. Additionally, Sova suggested the idea of gradually increasing weights every week, which serves as a concrete goal to track progress and offers a structured challenge for everyone involved. This approach not only provides a measurable objective but also keeps the routine engaging by setting achievable targets."
How much discount is Hailey willing to give to LiHua according to their conversation on 20260816?,15% off,"According to the conversation on 20260816, Hailey Johnson offered Li Hua a special early bird discount of 15% off her order if she placed it by the end of the week. This discount was part of a special holiday sale Hailey was announcing for the upcoming holiday at the bakery."
Who does Li Hua mention as their favorite character from The Witcher 3?,Geralt,"In the conversations provided, Li Hua mentions that she really likes Geralt, describing him as a complex character with a no-nonsense attitude but also having a deep sense of morality. Additionally, Li Hua highlights Yennefer, noting that her backstory and dynamic with Geralt add significant depth to the game. Therefore, based on Li Hua's preferences, Geralt and Yennefer are both mentioned as her favorite characters from The Witcher 3."
Why does LiHua like Geralt from The Witcher 3?,He's such a complex character with that no-nonsense attitude but deep down he has a great sense of morality & his monster-slaying skills are just epic,"LiHua appreciates Geralt from The Witcher 3 due to several compelling aspects highlighted in her conversation with Thane Chambers. Firstly, she praises Geralt's complex personality and no-nonsense attitude, which she finds intriguing. Additionally, she highlights Geralt's profound sense of morality, describing it as ""great."" Furthermore, LiHua emphasizes Geralt's exceptional monster-slaying skills, calling them ""epic."" These qualities make Geralt a character that resonates deeply with LiHua. LiHua's enjoyment of Geralt extends beyond just his abilities, appreciating the character's multifaceted nature and the depth of his interactions and friendships within the game's narrative."
What is Li Hua's opinion about Yennefer's character?,Intense & fiercely independent & her relationship with Geralt evolves,"In the conversation, Li Hua expresses a strong appreciation for Yennefer's character in ""The Witcher 3."" She mentions that Yennefer is an intense and fiercely independent character, adding significant depth to the game through her backstory and her dynamic relationship with Geralt. Li Hua particularly highlights the memorable moments in their relationship, emphasizing how their chemistry makes for some of the most impactful scenes in the game. She also notes that her favorite scene with Yennefer involves Geralt searching for her early in the game, describing how the intertwining of their past and present is ""brilliantly done."" Li Hua's enthusiasm for Yennefer's character underscores her appreciation for the character's complexity and the meaningful interactions she has with Geralt."
Which scene stood out for Li Hua in The Witcher 3?,"The ""Battle of Kaer Morhen""","Based on the discussions provided, Li Hua highlighted several standout scenes from The Witcher 3. In the conversation with Thane Chambers on August 18, 2026, Li Hua mentioned that one of her favorite scenes with Yennefer was when Geralt is searching for her in the early part of the game. This scene is described as particularly well-integrated, intertwining Geralt's past and present, and setting the stage for their complex relationship. Additionally, another memorable scene for Li Hua was the ""Battle of Kaer Morhen,"" where she appreciated how the game showcased the impact of their relationships and teamwork, making it an unforgettable moment. These scenes suggest that Li Hua found the interplay between characters and the broader narrative to be especially compelling aspects of The Witcher 3."
Which scene in The Witcher 3 does ThaneChambers consider as one of his favorites involving Yennefer?,The scene when Geralt is looking for Yennefer in the early part of the game,"Based on the conversation shared, Thane Chambers mentions a specific scene involving Yennefer that he finds particularly memorable. In the exchange, Li Hua asks Thane Chambers about a favorite scene with Yennefer, and Thane replies, ""One of my favorite scenes is when Geralt is looking for Yennefer in the early part of the game. The way the game intertwines their past and present is just brilliantly done. It really sets the stage for their complex relationship!"" This suggests that Thane Chambers considers the scene where Geralt searches for Yennefer early in the game to be one of his favorite scenes involving her character."
What is Li Hua's impression of the Blood and Wine expansion?,Incredible & new area is stunning & story feels like a mini-epic,"Li Hua expressed a positive sentiment towards the Blood and Wine expansion, describing it as ""incredible."" She particularly highlighted the stunning new area and the quality of the storytelling, calling it a ""mini-epic"" in itself. This indicates that Li Hua found the expansion to be a significant and enriching addition to The Witcher 3, appreciating its rich lore and immersive atmosphere."
What is Li Hua's opinion on the characters in Succession?,Intense family dynamics and business war,"Based on the conversations shared, Li Hua appears to have a nuanced view of the characters in the TV series Succession. Initially, she expressed interest in discussing Kendall's motivations, highlighting the complexity of his character and the intense family dynamics surrounding him. Li Hua also engaged in discussions about the relationships between characters, particularly focusing on the strained dynamics between Kendall and his father, Logan. Her comments suggest that she finds the character interactions and the family struggles deeply engaging and intriguing. She seems particularly captivated by the intense power plays and strategic maneuvers depicted in the series, noting that these elements keep the audience ""on the edge of your seat."" Overall, Li Hua appreciates the intricate plotting and character development in Succession, making it a favorite among her viewing preferences."
What TV show does EmilyBurnett recommend to Li Hua after discussing Succession?,The Crown and Ted Lasso,"After discussing the complexities and intense nature of the television series ""Succession,"" Emily Burnett suggests that Li Hua should check out ""The Crown"" for its historical drama and character depth. Additionally, she recommends ""Ted Lasso,"" describing it as a lighter show that provides a good laugh, fitting well with the variety of tastes that viewers often enjoy. Emily believes that ""Ted Lasso"" offers a refreshing change from the heavier dramas they have been discussing, such as ""Succession."""
When does Li Hua plan to meet JakeWatson for soccer practice?,Saturday afternoon at 3 PM,"According to the conversation, Li Hua and JakeWatson have planned multiple sessions for soccer practice. Initially, they agreed to meet at the park on Saturday at 3 PM for a practice session focusing on shooting, as mentioned in entries 5 and 6 of the log. This indicates that their first planned soccer practice session together was scheduled for Saturday at 3 PM. Subsequently, they made another arrangement for Saturday at 2 PM for a practice focused on dribbling, as detailed in entry 8. Therefore, the earliest planned date for Li Hua and JakeWatson to meet for soccer practice is Saturday at 2 PM, with the most recent being Saturday at 3 PM."
What are some of the upcoming PS5 exclusives discussed?,Final Fantasy XVI & Marvel's Spider-Man 2 & Ghostwire: Tokyo,"In the conversations, there are mentions of upcoming PS5 exclusives. Specifically, Thane Chambers discusses a potential group purchase of new games coming out soon on the PS digital store and physical discs. He notes that one of the new releases is likely to be ""Black Myth: Wukong,"" which Li Hua expresses enthusiasm for, describing it as ""such a blast."" Additionally, Thane mentions ""Spider-Man: Miles Morales"" and ""Demon's Souls"" as games they may be interested in purchasing, highlighting their appeal due to their engaging storytelling and challenging gameplay. Therefore, some of the upcoming PS5 exclusives discussed include ""Black Myth: Wukong,"" ""Spider-Man: Miles Morales,"" and ""Demon's Souls."""
Which upcoming PS5 exclusive game does Gavriel express curiosity about?,Ghostwire: Tokyo,"In the conversation, Gavriel expresses curiosity about a particular upcoming PS5 exclusive game. Specifically, Gavriel asks Li Hua whether she has tried the game ""Demon's Souls."" This suggests that Gavriel is interested in playing ""Demon's Souls,"" an action role-playing game that is known for its challenging gameplay but also praised for its rewarding experience. Li Hua mentions that she has heard a lot about ""Demon's Souls"" and might give it a try, indicating that Gavriel's interest in this game is shared by Li Hua and possibly other individuals in the conversation."
Which UCL match does Jasper recommend as a classic must-watch?,The 2005 final between Liverpool and AC Milan,"According to the data, Jasper recommends the 2005 final between Liverpool and AC Milan as a classic must-watch UCL match. He expresses enthusiasm for this match, noting that Liverpool was trailing 3-0 at halftime but managed to pull off a dramatic comeback to win in penalties. This match showcases the dramatic nature of European football and remains a memorable fixture in the history of the UEFA Champions League."
What skill does Li Hua plan to improve with WolfgangSchulz's help?,Data analysis and coding related to AI tools,"In the conversations between Li Hua and WolfgangSchulz, there are multiple topics discussed, including musical collaboration, personal development, and professional skills. However, the primary skill that Li Hua intends to improve with WolfgangSchulz's help appears to be his music-related abilities. Specifically, WolfgangSchulz suggests that Li Hua should consider diving more into data analysis and possibly acquiring coding skills related to AI tools, which could be beneficial for their digital marketing efforts. Additionally, WolfgangSchulz encourages Li Hua to learn about AI frameworks or machine learning, suggesting that these could bring a different angle to their projects and potentially enhance their work. While WolfgangSchulz also mentions the possibility of using AI for music composition or editing, the main focus seems to be on Li Hua's interest in AI and its applications in digital marketing and data analysis."
Who shared a music theory tutorial with the group?,Chae Song-hwa,"A music theory tutorial was shared with the group by ChaeSong-hwa. According to the conversation, he found a tutorial that might help improve their musical skills and foster creativity among the group members. LiHua expressed interest in checking it out, and WolfgangSchulz also showed enthusiasm for learning some new skills through the tutorial, hoping to enhance their game for the upcoming jam session."
Which regions in Witcher 3 did Li Hua and Thane Chambers discuss?,Skellige and Toussaint,"In the discussions shared, Li Hua and Thane Chambers particularly mentioned the landscapes and regions within the game ""The Witcher 3."" Li Hua expressed admiration for the beauty of Skellige and Toussaint, noting that both areas offer stunning scenery. Specifically, Li Hua highlighted the breathtaking cliffs and ocean views in Skellige, as well as the vibrant and colorful landscapes in Toussaint, which includes vineyards and castles. Thane Chambers agreed, emphasizing the picturesque landscapes of Skellige and complimenting the vivid colors in Toussaint. Both players seem to appreciate the immersive and beautiful settings that contribute significantly to the game's appeal."
What is Kendall's relationship with Logan like according to the group's discussion?,Toxic,"In the group's discussion regarding the TV series ""Succession,"" Kendall's relationship with his father, Logan, is described as highly complex and fraught with toxicity. The participants note that Logan exerts significant pressure on Kendall, shaping his childhood and influencing his behavior. This relationship is portrayed as a source of heavy emotional weight for Kendall, as evidenced by his persistent attempts to prove himself and his deep-seated desire to escape the shadow of his father's influence. The group suggests that Kendall's journey is largely about breaking free from this toxic dynamic, yet it is noted that the narrative portrays his efforts to do so as challenging and seemingly ineffective. Overall, the relationship between Kendall and Logan is depicted as one of ongoing struggle and conflict."
What is the topic of discussion between Li Hua and Wolfgang Schulz on burger preferences?,Medium rare vs. well-done meat patty in a classic American,"Li Hua and Wolfgang Schulz discuss their preferences for different burger toppings and ingredients. Wolfgang Schulz expresses his preference for a classic cheeseburger with simple toppings such as lettuce, tomato, and pickles, while also mentioning that he likes a little char on his burger. On the other hand, Wolfgang Schulz notes that he prefers a well-done patty due to its safety and flavor. However, he also acknowledges that he enjoys the juicy texture of a medium-rare patty. Li Hua, on the other hand, prefers a medium-rare patty and enjoys adding jalapeños for a spicy kick. Both individuals appreciate the variety of toppings and flavors that can be added to a burger, highlighting the versatility and personalization of the dish."
What is Li Hua's preference for a burger patty's doneness?,Medium rare,"In one conversation, Li Hua expresses her preference for a medium rare patty, stating, ""I get that! But I just love the juicy texture of a medium rare patty. That's where all the flavor is for me! 🍔"". This indicates that Li Hua appreciates a burger patty cooked to medium rare. In another interaction, Wolfgang Schulz mentions he prefers his burger patty well-done, emphasizing safety and flavor, while Li Hua counters with her enjoyment of the juicy texture of a medium rare patty. Therefore, based on these preferences, it appears that Li Hua leans towards medium rare for her burger patty doneness."
What is Wolfgang's preference for a burger patty's doneness?,well-done,"Based on the conversation between Wolfgang and LiHua, Wolfgang prefers a well-done meat patty. Wolfgang states, ""I get the point of medium rare, but I think well-done is just safer and more flavorful."" This preference is evident in their discussion about the ideal doneness for a classic American cheeseburger."
Why does Wolfgang prefer a well-done meat patty in a burger?,It is safer and more flavorful & he likes a little char on his burger,"Wolfgang prefers a well-done meat patty in a burger due to a combination of safety and personal preference. In the conversation recorded on August 28, 2026, Wolfgang mentions that he thinks well-done is ""just safer and more flavorful."" He also expresses that he likes a ""little char on my burger!"" This indicates that he appreciates the additional flavor and texture that comes with a well-done patty. However, it's important to note that Wolfgang also acknowledges the enjoyment of a medium-rare patty, as he says he loves the ""juicy texture of a medium rare patty."" Therefore, while Wolfgang leans towards a well-done patty for safety and flavor, he also enjoys the taste of a medium-rare patty."
What toppings does Wolfgang Schulz prefer on his burger?,Cheese and bacon,"From the conversation, we can gather Wolfgang Schulz's preferences for burger toppings based on various discussions. In one instance, he mentions, ""I'm all about classic cheeseburger vibes! Just keep it simple with lettuce, tomato, and some pickles."" This indicates that his preferred toppings are simple, including lettuce, tomato, and pickles. However, it's important to note that Wolfgang Schulz is open to new ideas and enjoys exploring different combinations. For example, in another conversation, he states, ""I like trying new things, so let's plan a burger night soon. It'll be great to try some new flavors together!"" This shows that Wolfgang is open to experimenting with different toppings beyond the classic cheeseburger setup. Therefore, while his primary preference leans towards simplicity, he also appreciates trying new and exciting variations."
What books does Jennifer recommend to LiHua for deepening understanding of fitness nutrition?,"The New Rules of Lifting and ""Precision Nutrition""","Jennifer recommends two resources for LiHua to deepen her understanding of fitness nutrition. First, she suggests ""The New Rules of Lifting"" by Lou Schuler and Alwyn Cosgrove, which combines diet with workout strategies. Additionally, Jennifer recommends ""Precision Nutrition,"" which offers excellent online courses on nutrition that LiHua might find beneficial."
Why are Wolfgang and LiHua going to the local music store?,check out some new gear and get inspired for our next jam session,"Wolfgang and LiHua plan to visit the local music store because they intend to engage in a music-related activity together. This plan stems from Wolfgang's suggestion during a conversation, where he proposes, ""Hey! 🎶 How about a trip to that local music store this weekend? We could check out some new gear and get inspired for our next jam session! What do you think?"" LiHua enthusiastically agrees, saying, ""That sounds awesome! I'm all in! 🎸"" This indicates their shared interest in exploring new musical instruments and equipment, as well as being motivated to gather inspiration for their next musical gathering or jam session."
What is the main theme of game group's discussion on 20260901_13:00?,Dutch van der Linde's character and leadership,"There isn't any direct mention of a game-related discussion on 20260901_13:00. The entries provided seem to focus on various topics related to gaming, but the specific timestamp in question does not contain any detailed game-related conversation. Therefore, no main theme can be derived from the provided data for this particular timestamp."
Who is the most hateable character in Game of Thrones in Orion's opinion?,Ramsay Bolton,"According to Orion's opinions expressed in the data, Joffrey and Ramsay Bolton are identified as the most hateable characters in Game of Thrones. Orion's comments indicate that these characters are described as ""cruel and manipulative,"" suggesting a significant amount of animosity towards them among the audience and viewers."
Who is the most hateable character in Game of Thrones in Merrick's opinion?,Cersei Lannister,"Based on the information provided, Merrick expresses his dislike for Cersei Lannister, citing her manipulative and arrogant traits. No other specific character is mentioned as being hateable by Merrick in the provided text. Therefore, based on the details given, Cersei Lannister is the most hateable character in Merrick's opinion according to the data."
What is the common interest between Li Hua and Jake Watson?,Soccer,"Li Hua and Jake Watson share a mutual interest in classic matches between FC Barcelona and Bayern Munich, particularly those involving the UEFA Champions League (UCL). Jake Watson expresses admiration for these matches due to the drama and emotion they generate, stating, ""Those matches are epic! The drama in those UCL games is unreal, especially the comebacks."" Li Hua agrees, noting, ""I just want to say that there are so many classic matches between them in the UCL history! They are really good opponents of each other!"" This indicates that both individuals find value in analyzing and discussing these historic encounters."
What kind of songs are Li Hua and Chae Song-hwa considering adding to their playlist for babies?,Lullabies,"In the conversation regarding music for babies, Li Hua and Chae Song-hwa discuss some classic lullabies and gentle guitar melodies. Specifically, Li Hua suggests classic lullabies, while Chae Song-hwa mentions gentle guitar melodies. They also consider adding their band's mellow tunes to create a calming atmosphere for the babies. These songs are meant to provide soothing background music that may help in the development of babies."
What makes Wolfgang feel under a lot of pressure according to his conversation with LiHua on 20260905?,this new software project,"According to their conversation on 20260905, Wolfgang Schultz expresses feeling under a lot of pressure due to his involvement in a new software project. Wolfgang mentions, ""Just a quick reminder to pick up the key for the basement at 9am today as we agreed yesterday. Looking forward to seeing you then!"" This statement suggests that Wolfgang has a significant workload that is putting him under considerable stress. Wolfgang further elaborates, ""I feel like I’m constantly in a pressure cooker."" LiHua reassures Wolfgang by offering support and encouragement, stating, ""I totally hear you, dude. Just remember, this pressure won’t last forever. You're super talented, and I believe in you! Just take it one step at a time. 💪✨"" These comments highlight Wolfgang's current state of stress and his belief in his abilities despite the challenges he faces."
Why does AdamSmith ask LiHua about the basement on 20260907?,check in and see how the basement held up after the storm,"On 20260907, there is no mention of AdamSmith asking LiHua about the basement. The interaction between AdamSmith and LiHua on that date includes LiHua requesting to switch her class from Thursday to Friday and AdamSmith agreeing to assist with installing a curtain on the basement window. There is no specific reason given for AdamSmith's involvement with the basement on this particular date."
How is the basement after the storm?,The basement is all good no water leakage at all,"According to the records, after the storm, there were no reported water leakage issues in the basement, which is a positive sign. However, the basement did experience some dampness, though it was described as ""just a bit damp"" by Li Hua, Adam Smith. Adam Smith assured Li Hua that if she needs anything or decides to use the basement for storage, she can reach out to him."
What is the latest good news from Wolfgang as of 20260908?,software project finally made some significant progress,"Based on the information provided in the data, there isn't any explicit mention of the latest good news from Wolfgang prior to the events dated on or before 20260908. The available entries do not contain details regarding Wolfgang's recent achievements or positive developments. Therefore, we cannot pinpoint the most recent good news from Wolfgang from the given records."
What new songs are LiHua working on lately on his guitar as of 20260908?,"Blackbird and ""Hotel California""","As per the conversation recorded on 20260908, LiHua has been working on two new songs on his guitar: ""Blackbird"" and ""Hotel California."" LiHua mentioned that he is focusing on improving his strumming techniques with these new riffs."
What mission does Gavriel mention that shows Arthur's growth in the game?,the scene where Arthur tells John to take care of his family,"In the conversation, Gavriel specifically mentions a scene where Arthur tells John to take care of his family, which Gavriel describes as a ""powerful moment that shows how far the character arcs come."" This moment highlights Arthur's growth from a rough outlaw to someone who genuinely cares about his loved ones, showcasing his character development throughout the game."
What does Aisling find emotionally impactful about Red Dead Redemption 2's ending?,Arthur's realization of his fate and the music during the last ride,"Aisling finds the ending of Red Dead Redemption 2 to be emotionally impactful, particularly due to the contrast it brings to Arthur's character arc. Specifically, she notes that the music playing during the final ride is described as ""just perfect,"" and it leaves her with a lasting impression. This emotional resonance stems from the realization that Arthur's journey has defined him, and her feelings are intensified by the musical accompaniment, which serves to heighten the significance of the moment."
What side mission in Red Dead Redemption 2 resonated with Jareth?,the side mission with the widow in the honor system,"In the discussion regarding Red Dead Redemption 2, Jareth shared that he particularly enjoyed helping the townspeople, which added depth to Arthur's character. This side mission involved helping a widow in the honor system, showcasing Arthur's transformation from a rough outlaw to someone who genuinely cares about his loved ones. This interaction made Jareth feel more connected to the world and the people in it, emphasizing the game's ability to foster emotional investment through such minor but impactful moments."
What was ThaneChambers' favorite horse-related side quest in Red Dead Redemption 2?,the “troubled” horse,"Based on the provided dialogue, ThaneChambers did not mention any horse-related side quests in Red Dead Redemption 2. The conversation primarily revolves around ThaneChambers and LiHua discussing various aspects of the game, including the character Micah Bell, the impact of the Van der Linde gang's fall on Arthur, and the immersive nature of the open-world gameplay. They also touched on the intensity of the main storyline and the emotional weight of key moments in the game. There is no mention of ThaneChambers having a favorite horse-related side quest in this particular exchange."
What funny glitch did Fionnuala experience in the game Red Dead Redemption 2?,Arthur ended up floating in mid-air after a cutscene,"In the discussion, Fionnuala shared a humorous glitch she experienced in Red Dead Redemption 2. Specifically, she mentioned that during a mission, Arthur (the player character) ended up floating in mid-air after a cutscene. Instead of dying, Arthur just hung there for a solid minute before dropping down, which completely disrupted the tension of the moment. Fionnuala described this as ""totally breaking the tension of the moment and had me cracking up!"" This kind of unexpected glitch adds a unique and often amusing twist to the gameplay experience."
What was the final showdown that Elara found unforgettable in Red Dead Redemption 2?,with Dutch and Micah,"In the discussion regarding the final moments of Red Dead Redemption 2, Elara expressed a particular fondness for a specific event. She mentioned that her favorite part was the moment when Arthur and the gang were camping under the stars. This scene offered a quieter and more intimate look at the characters, allowing Elara to connect more deeply with their personalities and relationships. These moments, described as bringing a balance of seriousness and humor, were noted for enhancing the emotional impact of the storytelling. However, the exact details of the final showdown that Elara found unforgettable are not elaborated upon in the provided text."
How does Bronwyn describe the epilogue of the game Red Dead Redemption 2?,captivating after seeing John try to make a life for himself,"Based on the conversation, Bronwyn describes the epilogue of Red Dead Redemption 2 as a poignant and emotional chapter. She highlights the quiet moments of the game, particularly the campfire nights, as being impactful because they offer glimpses into the characters' personalities and foster a deep connection with them. Bronwyn notes that these quiet interactions bring a ""wonderful sense of camaraderie"" and emphasize the personal connections the players form with the characters. Furthermore, she mentions the balance of seriousness and humor in the storytelling, which she finds engaging. This description suggests that Bronwyn appreciates the game's ability to blend serious character development with light-hearted moments, creating a rich and immersive experience."
Has LiHua ever met anyone like Shedlon Cooper in his real life?,No,"Based on the conversation provided, LiHua has not met anyone who matches the description of Sheldon Cooper, the quirky and brilliant character from the TV show ""The Big Bang Theory."" Emily Burnett asks LiHua if he has ever encountered someone as unique and extraordinary as Sheldon in real life, to which LiHua responds, ""Not really! I mean, he’s one of a kind, right?"" This indicates that LiHua has not personally met anyone who possesses the same level of uniqueness and brilliance as Sheldon Cooper."
Has EmilyBurnett ever met anyone like Shedlon Cooper in her real life?,No,"In the conversation, Emily Burnett asked Li Hua if she has ever encountered someone as quirky and brilliant as Sheldon Cooper in real life. Li Hua responded by saying, ""Not really! I mean, he’s one of a kind, right? I do meet interesting people, but nobody quite like him!"" From this exchange, it is clear that Emily Burnett has not met anyone like Sheldon Cooper in her real life."
What games are LiHua and ThaneChambers planning to check out during their shopping trip according to their discussion on 20260911?,"Spider-Man: Miles Morales and ""Demon's Souls""","According to the conversation recorded on 20260911, LiHua and ThaneChambers discussed potential games to purchase at the local game store. ThaneChambers mentioned several titles that he believes would be suitable for LiHua based on her preference for games with strong narratives, such as ""The Last of Us"". Additionally, he recommended other games including ""Spider-Man: Miles Morales"", which LiHua expressed interest in trying. Furthermore, ThaneChambers suggested checking out ""Demon's Souls"", a challenging but rewarding game known for its depth and gameplay. These recommendations indicate that LiHua and ThaneChambers are considering purchasing ""The Last of Us"", ""Spider-Man: Miles Morales"", and ""Demon's Souls"" for their shopping trip."
Who is the best midfielder in the past decade in JakeWatson's opinion?,Luka Modrić,"Based on the conversation, JakeWatson expresses admiration for several midfielders but does not explicitly name the best midfielder in the past decade. He mentions Sir Alex Ferguson, Pep Guardiola, and Jurgen Klopp as notable managers. In terms of individual midfielders, JakeWatson praises Kevin De Bruyne and Bruno Fernandes, highlighting their vision, passing ability, and effectiveness in specific formations. However, no single player is singled out as the ""best"" in the past decade according to JakeWatson. Therefore, without a clear designation, it is difficult to pinpoint a single individual as the best based on the provided dialogue."
How many servings of vegetables should LiHua aim for each day to keep body in good shape according to Jennifer?,at least 5 servings of veggies a day,"According to Jennifer Moore's advice, LiHua should aim for at least 5 servings of vegetables each day to keep his body in good shape. Jennifer emphasizes that vegetables are crucial for energy and recovery, and she suggests mixing different types of leafy greens like spinach and kale, as well as bell peppers and broccoli, to achieve the best results."
What does LiHua ask Jake about soccer?,the best strategies for soccer players to avoid injuries during games,"LiHua asks Jake about several aspects of the sport, particularly focusing on rules and tactics related to soccer. In their conversations, LiHua expresses confusion about various soccer rules, such as handballs and the offside rule. Jake, being knowledgeable about these topics, provides clear explanations and examples. Additionally, LiHua seeks Jake's advice on improving specific skills, such as dribbling and shooting. This interaction showcases Jake's role as a mentor or coach, guiding LiHua through the complexities of the game and helping her refine her abilities."
What is Jake's first tip for avoiding soccer injuries?,proper warm-up and stretching,"Jake Watson's first tip for avoiding soccer injuries is to engage in proper warm-up and stretching routines before participating in any games. He emphasizes that these activities are crucial for getting muscles prepared and improving flexibility, both of which can enhance performance and prevent injuries. Additionally, staying hydrated and wearing the correct footwear are also recommended to ensure optimal comfort and safety on the field."
What does Jake suggest to improve flexibility and prevent muscle issues?,staying hydrated,"In the conversation, Jake Watson provides several suggestions for improving flexibility and preventing muscle issues. Initially, he notes that flexibility is an area of focus that Jennifer Moore, Li Hua's trainer, suggests further developing in Li Hua's fitness routine. Jake emphasizes the importance of flexibility for soccer players, stating that it helps in avoiding injuries and enhances overall performance. He recommends incorporating dedicated stretching or yoga sessions into Li Hua's current routine to improve flexibility. Additionally, Jake advises adding more resistance training to strengthen muscles, which in turn reduces the risk of injuries and improves overall stability and endurance on the field. By combining both strength training and flexibility exercises, Li Hua can enhance his overall fitness and skill set."
Why is wearing the right footwear important in soccer?,to avoid slips or sprains,"In soccer, wearing the right footwear is crucial for several reasons. Properly fitted and designed footwear can significantly enhance a player's performance by providing adequate support and comfort, especially during prolonged practices and games. As mentioned in the conversation, Jake Watson emphasized the importance of wearing the right footwear to avoid slips or sprains, highlighting how it can make a substantial difference in preventing injuries. This underscores the critical role that the right equipment plays in maintaining player safety and overall performance. Additionally, comfortable shoes can contribute to better mobility and agility, allowing players to execute techniques and maneuvers more effectively. Therefore, choosing the right footwear is essential for both injury prevention and optimal gameplay in soccer."
How does strength training help prevent soccer injuries?,It builds muscles around joints & reduces injury risk & improves stability and endurance,"Strength training plays a significant role in preventing soccer injuries by enhancing the overall stability and endurance of players. According to the conversation between Jake Watson and Li Hua, strength training builds the muscles around joints, which reduces the risk of injuries. This is particularly important because soccer involves various movements and demands on the body, including sudden stops, starts, and changes in direction, all of which can put stress on the joints. By strengthening the muscles around the joints, strength training helps to stabilize them, making players less prone to strains, sprains, and other injuries. Additionally, the improved muscle strength can provide an extra boost during running and jumping, helping players maintain their performance and agility on the field."
What type of exercises does Jake recommend for strength training?,squats & lunges & planks & balance exercises like single-leg stands,"Jake Watson recommends squats, lunges, and planks as part of a strength training regimen. He suggests starting with bodyweight exercises since they are simple yet effective for building core and leg strength. Additionally, he recommends including balance exercises like single-leg stands, which can help improve overall stability and endurance. These exercises are designed to be incorporated into a workout routine, with gradual increases in the number of reps and sets to build strength effectively."
What is the purpose of starting with bodyweight exercises?,for those who are new to strength training,"The purpose of starting with bodyweight exercises is emphasized as a foundational aspect in strength training, particularly recommended for beginners. These exercises are versatile and can be performed without any equipment, making them accessible and convenient for individuals looking to build a basic fitness routine. They are also beneficial for improving overall body strength and endurance through simple movements that target multiple muscle groups."
Who does EmilyBurnett think is a standout character in the Game of Thrones series?,Tyrion Lannister,"Emily Burnett specifically mentions that Tyrion Lannister stands out as a standout character in the Game of Thrones series. She appreciates his wit and intelligence, noting that ""his journey is just so engaging."" Additionally, Burnett highlights Tyrion's intelligence and strategic acumen, commenting on how his clever remarks and insights make every scene with him memorable. This admiration for Tyrion's character development and intelligence suggests that Tyrion is viewed as a significant and compelling character within the narrative of Game of Thrones."
What does Lachlan appreciate about Arya Stark's character development?,Her transition from an innocent girl to a fierce assassin,"Lachlan appreciates Arya Stark's remarkable character development, particularly her transformation from an innocent girl in Winterfell to a fierce assassin. He finds the storyline involving Arya's growth and her list of names, which symbolizes her journey of vengeance, to be deeply intriguing. Lachlan emphasizes Arya's character's impactful and dynamic progression throughout the series, highlighting her evolution as a formidable figure."
What moment does Rowan find mind-blowing in Arya's storyline?,When Arya confronts and takes down the Night King,"Rowan finds the moment Arya confronts the Night King and defeats him mind-blowing. This moment showcases Arya's character growth and her formidable skills, making it a memorable and impactful part of her storyline."
Which moment involving Tyrion is Merrick's favorite?,When Tyrion blows up the Wildfire to save King's Landing,"According to the data provided, Merrick has mentioned two memorable moments involving Tyrion Lannister. One is the moment where Tyrion blows up the Wildfire to save King's Landing, and another is the scene where Tyrion Lannister says, ""I drink and I know things."" However, the specific moment that Merrick's favorite is not explicitly stated. Given the context, Merrick appears to have a deep appreciation for Tyrion Lannister's wit and intelligence, as evidenced by Merrick expressing his admiration for Tyrion's character and his journey. Merrick also finds Tyrion's interactions with other characters, such as his confrontation with the Night King, to be particularly memorable. Thus, it can be inferred that Merrick likely has multiple favorite moments involving Tyrion, but the exact one is not detailed in the provided information."
What memorable quote is mentioned by Phaedra?,"Jon Snow's ""You know nothing"" scene with Ygritte","Phaedra is described as a character who discusses the intensity of Tyrion's explosive moment and a memorable quote from Jon Snow. This suggests that a quote from Jon Snow is the memorable quote associated with Phaedra. While the exact quote is not specified within the provided data, it clearly indicates that Phaedra is referring to a quote from Jon Snow, emphasizing the vivid discussions and character analyses that Phaedra participates in."
"What does Rowan love about Tyrion's ""I drink and I know things"" line?",It captures his cleverness,"Rowan appreciates the line ""I drink and I know things"" spoken by Tyrion Lannister, finding it a classic and fitting characterization of the character. This quote encapsulates Tyrion's wit, intelligence, and the depth of his experiences, which contribute to his engaging and memorable presence in the narrative. Rowan highlights Tyrion's cleverness and the significance of his observations, making it a standout moment in the character's journey."
What aspect of Jaime Lannister's storyline does Rowan find intriguing?,His transformation after meeting Brienne of Tarth,"Rowan finds the aspect of Jaime Lannister's transformation and his journey from an arrogant knight to someone with depth and complexity particularly intriguing. This transformation, Rowan notes, is driven by his relationship with Brienne of Tarth. Through their bond, Rowan emphasizes, Jaime is able to confront his own flaws and develop a sense of honor and humanity that he previously lacked. Rowan is impressed by how this relationship serves as a catalyst for Jaime's character development, showcasing the pivotal role that friendships and meaningful connections can play in navigating moral complexities."
How does Phaedra view Jaime's character arc?,"Fascinating as he goes from ""Kingslayer"" to someone who values honor","Phaedra views Jaime's character arc with significant interest and enthusiasm. According to the provided data, Phaedra comments on Jaime's transformation, noting his evolution from being described as the ""Kingslayer"" to someone who values honor and integrity. Phaedra specifically mentions his relationship with Brienne of Tarth as a major catalyst for his character development, highlighting how it helped humanize him. Phaedra seems to appreciate Jaime's growth and acknowledges the complexity of his character arc. Despite acknowledging the complexity of his final decision, Phaedra remains engaged with the narrative and finds value in understanding the character's journey."
What does Lachlan think about Jaime's final decision to protect Cersei?,It complicates his redemption and leaves mixed feelings,"Lachlan appears to have a nuanced view of Jaime's final decision to protect Cersei. He acknowledges that Jaime showed growth and made sacrifices during his journey, highlighting the complexity of his character. However, Lachlan also notes that Jaime ultimately returned to Cersei, which he sees as a reversal of his character development. This sentiment reflects the mixed feelings that many fans have about Jaime's ending, as he was initially seen as the ""Kingslayer"" and yet ended up choosing to protect Cersei, a character known for her cruel and manipulative behavior. Lachlan’s perspective underscores the idea that redemption isn't a straightforward process and that Jaime's legacy is likely to be deeply conflicted."
How does Saffron feel about Jaime's choice to protect Cersei?,Conflicted because it seems like he was slipping back into old ways,"Saffron expresses a sense of conflict regarding Jaime Lannister's final decision to protect Cersei. She notes that it demonstrated his loyalty to her, which was a significant part of who he was. However, Saffron also points out that this choice seemed to revert Jaime back into his old ways, leading her to feel that it overshadowed his growth throughout the series. This sentiment reflects Saffron's nuanced view of Jaime's character arc, acknowledging both the positive aspects and the unintended consequences of his actions."
What does Kieran wish Jaime had done differently?,Chosen a different path after his character development,"Based on the discussion provided, Kieran expresses that he wishes Jaime had chosen a different path in the final moments of the series. Specifically, Kieran notes that he wished Jaime had not chosen to protect Cersei in the end, which felt like a betrayal of the character development he had shown throughout the series. Kieran felt that by returning to Cersei, Jaime was sliding back into his old ways and not fully embracing the growth he had demonstrated. This sentiment reflects broader concerns about whether Jaime's final choices aligned with his character arc and overall development throughout the series."
How does Niamh think Jaime could've ended up differently?,By staying true to the lessons he learned from Brienne,"Niamh reflects on Jaime Lannister's character arc, suggesting that if Jaime had stayed true to the lessons he learned from Brienne of Tarth, he could have ended up being a true protector of the realm. Specifically, Niamh posits that Jaime might have chosen a different path by fully embracing his new values and distancing himself from Cersei. This scenario would have allowed Jaime to honor his growth and also ensure a safer future for everyone. Niamh believes that by breaking free from Cersei's toxic influence, Jaime could have avoided the tragic ending he faced in the series."
What could Jaime and Brienne have done to rebuild trust according to Merrick?,Worked on rebuilding trust through actions rather than just words,"According to Merrick's comments, Jaime and Brienne could have worked on rebuilding trust through actions rather than just words. Specifically, Jaime could have shown his dedication to honor and duty, while Brienne's reputation as a noble warrior could have helped in gaining the respect of others. They could have focused on helping the common people, thereby showing their commitment to change and inspiring people to see them as true heroes rather than just characters defined by their dark pasts. This approach would have likely reshaped their legacy and led to a renaissance in Westeros, showcasing their growth and commitment to justice reform."
"What is LiHua curious about regarding the ""Man in Black"" in Westworld?",The motive behind his character,"LiHua is particularly interested in understanding the driving motives behind the character of ""Man in Black"" in the Westworld television series. Specifically, LiHua seeks to comprehend why the character is so deeply invested in seeking deeper meaning and fulfillment within the world of Westworld. LiHua believes that these motivations stem from a quest for truth and experiences that challenge boundaries, which are intricately connected to the character's past experiences and lingering guilt. LiHua finds this complexity to be highly intriguing and wishes to delve further into the reasons behind the character's actions and motivations."
"What does EmilyBurnett think is the main motive for the ""Man in Black""?",To find deeper meaning and fulfillment in Westworld	20260916_16:00,"According to EmilyBurnett, the primary motive driving the character of ""Man in Black"" in Westworld is a quest for deeper meaning and fulfillment. This quest seems intertwined with his past experiences and guilt, reflecting a character who is searching for truth and experiences that push boundaries within the world of Westworld. EmilyBurnett elaborates on the complexity of ""Man in Black"" by highlighting that his actions are shaped by his own past, adding a layer of depth to his character."
"How does LiHua feel about the ""Man in Black's"" search for meaning?",Intrigued as it adds depth to the story,"According to the discussion, LiHua shares a similar sentiment towards the ""Man in Black"" character as Emily Burnett. Both find the character's search for deeper meaning and fulfillment in the world of Westworld to be intriguing. LiHua particularly appreciates how this search pushes boundaries and reflects the character's own past and internal conflicts. This pursuit adds significant depth to the character, making him an intriguing and layered figure within the narrative."
"What is EmilyBurnett's favorite moment of the ""Man in Black""?",When he confronts the truth about himself and his choices,"Based on the conversation provided, Emily Burnett does not mention a specific favorite moment of the ""Man in Black"" character. She describes the ""Man in Black"" as a complex character driven by a search for deeper meaning and fulfillment, influenced by his past, and notes that one of her favorite moments involves his confrontation with the truth about himself and his choices. However, she does not explicitly state that this moment is her favorite. Therefore, without a clear indication of her favorite moment regarding the ""Man in Black,"" we cannot definitively state what her favorite moment is."
"Which moment does LiHua find memorable for the ""Man in Black""?",When he shows vulnerability,"Based on the dialogue provided, LiHua finds several moments memorable for the ""Man in Black"" character. Specifically, he highlights two significant instances. Firstly, LiHua mentions that he liked the moment when the ""Man in Black"" finally confronts the truth about himself and his choices. This moment is described as a ""turning point"" for the character, suggesting a pivotal moment that changes his perspective significantly. Secondly, LiHua also expresses fondness for a moment where the ""Man in Black"" shows vulnerability, adding a new layer of depth to his character. Overall, these moments indicate that LiHua appreciates the character's introspection and transformation throughout the narrative."
What does LiHua think about the themes of Westworld?,They are thought-provoking by diving into consciousness and free will and what it means to be human,"In the discussion with Emily Burnett, LiHua expresses a keen interest in the themes explored in the Westworld series. He mentions finding the show's examination of consciousness, free will, and human identity to be particularly thought-provoking. LiHua highlights how the show delves deeply into these complex subjects, challenging viewers to consider what it means to be human and the ethical implications of creating sentient beings. He notes the relevance of these themes, suggesting they are highly pertinent given the rapid advancements in artificial intelligence and robotics. LiHua believes the show adeptly tackles these issues, making it a fascinating exploration of modern-day concerns."
Which theme of Westworld resonates the most for LiHua?,The exploration of free will and choice,"Based on the conversation between Li Hua and Emily Burnett, Li Hua seems to be particularly drawn to the exploration of free will and choice in the series. This is evident from Li Hua's statement, ""I'm really drawn to the exploration of free will and choice. It's wild to think about how our decisions shape our identities, just like in the show."" Additionally, Li Hua points out the ethical implications of creating sentient beings, which further emphasizes his engagement with the themes of consciousness, identity, and human-machine relations. These themes align closely with the broader exploration of free will and choice, suggesting that Li Hua finds these aspects of the show particularly compelling."
What does EmilyBurnett think about the future relevance of Westworld's themes?,They will become even more crucial as technology advances,"Emily Burnett expresses significant interest in the future relevance of Westworld's themes, particularly regarding the ethical considerations surrounding AI and consciousness. In a discussion with LiHua, Emily highlights the show's exploration of complex characters and themes such as consciousness, free will, and human identity. She notes the show raises important questions about what it means to be human and the potential consequences of creating sentient beings. Emily mentions that as technology continues to advance, the themes of Westworld will likely become even more pertinent and relevant. She believes the show delves deeply into these topics, challenging our perceptions of reality and morality, and suggests that these questions will only become more critical in the future. Therefore, Emily Burnett sees Westworld's themes as highly relevant and potentially even more pressing in the years to come as technological advancements continue."
What does WolfgangSchulz suggest incorporating into practice sessions according to the discussion on 20260916?,Improvisational solos,"Based on the discussion recorded on 20260916, WolfgangSchulz and Li Hua did not explicitly mention incorporating any specific suggestions into their practice sessions. The conversation revolved around past practices, plans for future jam sessions, and personal reflections on the benefits of playing music together. There was no detailed discussion regarding elements to incorporate into the practice sessions themselves."
How does LiHua feel about the idea of improvisation based on the chat on 20260916?,It will make sessions more fun and creative,"Based on the conversation provided, there isn't a specific discussion about the concept of improvisation on 20260916. However, it appears that LiHua and WolfgangSchulz are open to experimenting with different musical ideas and are looking forward to exploring new possibilities. Their enthusiasm suggests a willingness to improvise and create something unique together. On 20260916, WolfgangSchulz suggests mixing electronic vibes into their acoustic styles, which implies an openness to improvisation and experimentation. Therefore, while direct statements about improvisation aren't present, the overall tone indicates that LiHua and WolfgangSchulz are supportive of improvisational elements in their music."
Who does JakeWatson consider the best defender in the history of FC Barcelona?,Carles Puyol,"Based on the conversation, JakeWatson mentions Carles Puyol and Gerard Piqué as two of the best defenders in the history of FC Barcelona. JakeWatson expresses his agreement with LiHua that both players have significant qualities, praising Puyol's leadership and dedication, and noting Piqué's combination of skill and intelligence in defense. Therefore, JakeWatson considers both Carles Puyol and Gerard Piqué as among the best defenders in FC Barcelona's history."
What does LiHua think about Gerard Piqué as a defender?,He deserves a mention for his skill and intelligence,"In the conversation, LiHua expresses her appreciation for Gerard Piqué's contributions to FC Barcelona. She mentions that Piqué had a combination of skill and intelligence in defense, which she considers a unique strength. LiHua clearly holds Gerard Piqué in high regard, noting that he deserves mention alongside Carles Puyol, another notable defender in Barcelona's history. LiHua's sentiment indicates that Piqué's abilities inspired the entire team and made significant impacts on the club."
Who are JakeWatson's and LiHua's favorite defenders?,Carles Puyol and Gerard Piqué,"Based on the conversation, JakeWatson mentions that he believes Carles Puyol and Gerard Piqué are both excellent defenders, particularly praising their leadership and skill. Specifically, Jake states, ""I totally agree, it's hard to pick just one! I'd say Carles Puyol has to be up there. His leadership and dedication were unmatched. What do you think?"" and ""Piqué is definitely one of the best! His ability to read the game was incredible, plus he scored some crucial goals for us too. Both of them really brought something special to the team."" On the other hand, LiHua expresses admiration for both Puyol and Piqué, stating, ""Yeah, Puyol was a beast! His commitment and fighting spirit really stood out. But I also think Gerard Piqué deserves a mention. He had that combination of skill and intelligence in defense. What are your thoughts on him?"" and ""For sure! They both had their unique strengths. I think having someone like them inspires the entire team. Such legends!"" Therefore, JakeWatson and LiHua both consider Carles Puyol and Gerard Piqué to be their favorite defenders."
What is JakeWatson's favorite memory of Puyol and Piqué playing together?,The comeback against PSG in the Champions League,"Based on the conversation between JakeWatson and LiHua, JakeWatson has shared multiple memorable memories involving the duo of Carles Puyol and Gerard Piqué. Specifically, JakeWatson mentions two standout matches:1. An ""epic comeback against PSG in the Champions League"" where Puyol's leadership was highlighted alongside Piqué's defensive prowess.2. Another memorable match, described as ""that famous Champions League comeback against Manchester City in 2022,"" where JakeWatson particularly recalls Rodrygo's stoppage-time goal being ""just epic."" This match showcased Puyol's leadership and Piqué's defensive reliability, contributing to a remarkable turnaround in the game.While JakeWatson does not explicitly name these as his favorite moments, the description of these events suggests they are among his cherished memories of Puyol and Piqué playing together. These instances demonstrate the significant impact both players had individually and collectively for FC Barcelona."
What match does JakeWatson cherish from the Champions League final against Manchester United?,The 2009 final,"In one of the conversations, JakeWatson shared a memorable match from the Champions League final against Manchester United in 2009. Specifically, he highlighted the moment when Lionel Messi scored a goal that was described as ""pure magic,"" which Jake considers one for the history books. This match was particularly significant due to Messi's performance and the overall dramatic nature of the event, showcasing the Argentine's exceptional abilities and the team's resilience."
What is LiHua's favorite match involving Barcelona?,The 2013 Champions League match against AC Milan,"LiHua expressed enthusiasm for various matches involving Barcelona, highlighting the intensity and drama they often bring. Among the specific matches she mentioned, she particularly enjoyed the 2013 UEFA Champions League (UCL) match where Barcelona lost 4-0, followed by the 2015 UCL match where they won 7-0 after being down 4-0. LiHua noted the intense comeback in the 2015 match as a standout moment, describing the teamwork and skills displayed as ""off the charts."" This indicates that while she appreciates the overall competitiveness and excitement of these matches, her favorite match may be the 2015 comeback against Bayern Munich, which showcases Barcelona's resilience and collective prowess."
Which goal does JakeWatson never forget from Messi?,Messi's solo goal against Getafe in 2007,"Based on the conversation, JakeWatson mentions several memorable moments involving Messi. However, he does not explicitly name a single goal that he considers his ""favorite"" or one he never forgets. The standout moments he talks about include Messi's solo goal against Getafe in 2007 and his goal against Juventus in the Champions League, which he describes as ""pure magic."" Additionally, he references Messi's performance in the 2014 World Cup against the Netherlands, describing it as ""unforgettable"" due to his leadership and a ""stunning run leading to the assist for the winning goal."" Therefore, while JakeWatson has several cherished moments, he does not specifically identify a single goal that he has never forgotten."
What is LiHua's favorite player moment from Messi?,When Messi scored a header against Manchester United in 2011,"Based on the conversations provided, LiHua mentions several memorable moments involving Lionel Messi. One of her favorite moments is the goal Messi scored during the 2011 Champions League final against AC Milan. LiHua describes it as a ""beautiful moment"" showcasing Messi's versatility and highlighting his ability to score crucial goals. However, another standout moment she shares is the header Messi scored in the 2011 Champions League match against Manchester United. LiHua describes this as a ""crazy"" and ""unexpected"" goal that is particularly memorable due to its beauty and the fact that it showcased Messi's ability to perform exceptionally well in critical situations."
What does LiHua think makes Messi the best?,His ability to create chances as well as his vision and work ethic and humility,"Based on the conversation, LiHua believes that what makes Lionel Messi the best is his ability to create chances out of nothing and his vision on the field. Additionally, LiHua notes Messi's incredible work ethic and humility, which he finds inspiring to watch. LiHua emphasizes that Messi's influence extends beyond just his individual skills, as he sets a high standard for future generations of players through his dedication and consistent performance."
How does JakeWatson view Messi's impact on future generations of players?,His dedication and consistency set the bar high for young players,"Based on the discussions in the conversations, JakeWatson emphasizes the significant influence that both Lionel Messi and Cristiano Ronaldo have had on the younger generation of soccer players. He highlights how their rivalry pushed players like Kylian Mbappé and Erling Haaland to strive for excellence, citing their own favorite moments from the two stars' careers. Specifically, Jake mentions Messi's solo goal against Getafe in 2007 and Ronaldo's bicycle kick against Juventus in the Champions League as defining moments that inspired a new generation of soccer talents. He believes that the legacy of Messi and Ronaldo has created a high standard for current and future players, noting that ""each era has its legends, but there’s something unparalleled about what Messi and Ronaldo did together."" This suggests that JakeWatson views their impact not just as individual achievements but as pivotal figures who have shaped and elevated the standards of soccer globally."
Who suggests hitting Starbucks after work on 20260918?,WolfgangSchulz,"On the date of 20260918, it is noted that WolfgangSchulz suggests hitting Starbucks after work. Specifically, the conversation states:""**Time: 20260918_18:00**WolfgangSchulz: Hey! Wanna hit Starbucks after work and try that new Frappuccino? ☕️🍹LiHua: Sounds awesome! I could use a sweet treat after a long week. What time are you thinking?"""
What is JenniferMoore's reminder to LiHua about on 20260919?,Getting enough protein after workouts,"There doesn't appear to be any interaction or reminder from Jennifer Moore to Li Hua on September 19, 2026. The provided data only contains entries related to June and November of 2026, and none mention a specific reminder from Jennifer Moore to Li Hua on September 19. Therefore, based on the available information, there is no reminder from Jennifer Moore to Li Hua on that particular date."
Why is protein important according to JenniferMoore?,For keeping the body in shape,"According to Jennifer Moore, protein is crucial for maintaining optimal health and fitness. She emphasizes its importance in keeping the body in shape, highlighting its role in muscle recovery and building lean mass. Specifically, she recommends whey protein as an excellent option for muscle recovery and building lean mass, and suggests plant-based alternatives like pea protein for individuals avoiding dairy. Additionally, she notes that protein intake is a focus of her conversations with Li Hua, indicating the significance she places on ensuring adequate protein consumption for fitness goals."
What is ThaneChambers' question to LiHua on 20260920?,LiHua's favorite first-person shooter game,"There doesn't appear to be any interaction involving ThaneChambers on September 20th, 2026. The available conversations only mention interactions with LiHua on September 22nd, 2026, which involve ThaneChambers discussing PlayStation 5 settings and gaming experiences. Therefore, there is no question asked by ThaneChambers to LiHua on the date mentioned."
Which game does LiHua mention he's been playing on 20260920?,Call of Duty: Warzone,"On the date and time 20260920_16:00, the conversation involved Thane Chambers and Li Hua. In this interaction, Li Hua mentions that they discussed their favorite game, but the specific title of the game isn't provided in the given data. Therefore, based on the information available, we cannot determine which game Li Hua was referring to during this conversation."
"What does ThaneChambers say about ""Warzone""?",It's a blast,"In the conversation recorded on September 20, 2026 at 16:00, Thane Chambers discusses his favorite first-person shooter game, ""Call of Duty: Warzone"". He mentions that he enjoys playing ""Apex Legends"" alongside ""Warzone"", praising both games for their unique aspects. Specifically, Thane highlights the exciting battle royale mode in ""Warzone"" and expresses enthusiasm for the multiplayer experience. Regarding ""Warzone"", Thane points out that the game offers a lot of strategic depth, noting the importance of planning one's approach and working effectively with teammates. He also appreciates the adrenaline rush during final rounds, mentioning a particular instance where their team managed to win at the last second. Thane anticipates updates to ""Warzone"" with new maps and modes, expressing optimism about the potential for fresh content to enhance the gameplay experience. Furthermore, Thane and Li Hua discuss memorable moments in ""Warzone"", with Li Hua recalling an unforgettable match where they managed to overcome an opponent with only two players left. Thane agrees, sharing that clutch moments in the game are indeed exhilarating. Overall, Thane maintains a positive outlook on ""Warzone"" and expresses eagerness to continue playing and participating in its updates."
"What does LiHua like most about ""Warzone""?",The strategy involved and the adrenaline rush,"Based on the conversation, Li Hua enjoys several aspects of ""Call of Duty: Warzone."" He particularly appreciates the strategic elements involved in the game, such as planning approaches and working with teammates. Additionally, Li Hua highlights the adrenaline rush experienced during the final circle, describing it as ""unbeatable."" This indicates that the competitive nature and the thrill of the game, especially towards the end, are significant factors that Li Hua finds enjoyable."
"What is ThaneChambers' memorable ""Warzone"" experience?",Coming back from a tough spot to win at the last second,"In the conversation regarding ThaneChambers and LiHua's discussion about their favorite first-person shooter game, Call of Duty: Warzone, ThaneChambers shared a particularly memorable moment. He mentioned a significant victory they experienced during a tough situation. Specifically, ThaneChambers recalled, ""I remember this one time we came back from a tough spot and snagged the win at the last second."" This indicates that the experience was challenging, yet they managed to secure a victory in a critical moment. This type of experience adds to the excitement and adrenaline rush associated with the game, making it a standout moment for ThaneChambers. LiHua also mentioned enjoying the ""adrenaline rush when you're in the final circle is unbeatable!"" which underscores the intensity and excitement that Warzone provides."
"What was LiHua's unforgettable match in ""Warzone""?",Being down to the last two and outsmarting the last team,"Based on the conversation, LiHua shared an unforgettable match in ""Warzone"" where they managed to outsmart the last team and secure a victory in the final circle. This indicates that the match involved significant strategy and teamwork, culminating in a dramatic and victorious conclusion. No specific details about the opponents or the context of this match were mentioned in the dialogue, but it clearly resonated with LiHua due to the thrilling nature of the outcome."
"How does ThaneChambers feel about upcoming ""Warzone"" updates?",He's looking forward to them,"According to the conversation, ThaneChambers expresses enthusiasm and anticipation towards the upcoming updates in ""Warzone."" He states, ""Sounds epic! I’m looking forward to the updates! Hopefully, they’ll shake things up and bring some fresh maps and modes. It’ll be exciting to see what new features they add."" Additionally, ThaneChambers suggests that the updates may bring back familiar characters and modes, which he believes could be refreshing for long-time fans."
"Does LiHua plan to play ""Warzone"" after the updates?",Yes because he loves exploring fresh content,"According to the conversation recorded, Li Hua expressed enthusiasm for diving back into Call of Duty: Warzone once the updates are released. Specifically, during the discussion regarding the upcoming updates, Li Hua stated, ""Absolutely! I'm always up for something new in the game. I love exploring fresh content and teaming up with friends! Let’s hop on together when the updates roll out!"" This indicates that Li Hua plans to play Warzone post-update."
"What does ThaneChambers propose to do with the ""Warzone"" updates?",Hop on together and tackle the new stuff,"During the conversation regarding Call of Duty: Warzone, ThaneChambers suggests the possibility of organizing a group purchase of new games, which he believes could be exciting. Specifically, he expresses his anticipation for updates that might include fresh maps and modes, indicating that he looks forward to the new content. He also proposes that the group might enjoy diving back into the game when the updates are released, suggesting that they could potentially meet up to play together."
Who initiated the discussion about the community garden renovation and its benefits to local businesses?,Turalyon,"The discussion about the community garden renovation and its benefits to local businesses was not explicitly initiated by a single entity from the provided data. However, it can be inferred that the conversation around the garden renovation and its potential impact on local businesses was a topic brought up by AdamSmith and LiHua during their initial meeting regarding the community garden renovation event. They highlighted the importance of involving local businesses as part of the project, which suggests that they were the ones initiating and promoting this aspect of the garden renovation."
What idea did IllidanStormrage propose to help involve the community in supporting local businesses?,Putting together a flyer with a list of local businesses,IllidanStormrage proposed creating a flyer or similar promotional material that includes a list of local businesses to support as part of the community garden project. This idea aimed to help spread awareness about local vendors and encourage community involvement in supporting them. The flyer would serve as a simple yet effective way to inform and engage the community members in the garden project and its linkage with local businesses.
How does GromHellscream believe the local shops will benefit from the completed garden?,More foot traffic means more customers for them,"While the provided data focuses primarily on the plans and discussions related to the community garden renovation, it does not contain explicit information regarding how the local shops will specifically benefit from the completed garden. The conversations revolve around enhancing the aesthetic appeal, providing a relaxing environment, and potentially hosting community events that could draw visitors. However, without direct statements linking the garden completion to shop benefits, it is not possible to definitively state how GromHellscream believes the local shops will benefit."
What does ArthasMenethil describe the outcome of the garden project and supporting local vendors as?,A win-win,"According to the conversations, ArthasMenethil expresses enthusiasm for the garden project and its alignment with supporting local vendors. He describes the outcomes as ""amazing"" and highlights that the combined efforts of the garden and local businesses will result in ""a win-win for everyone."" Specifically, he says, ""It’s amazing how much energy we’re all bringing to this project! I’m really looking forward to seeing our ideas turn into reality! Let’s keep it going!"" and ""Super pumped about this whole initiative! Everyone’s ideas are incredible. Can't wait to see the garden flourish and support our local businesses at the same time!"" These statements indicate that ArthasMenethil sees the garden project and its support for local vendors as mutually beneficial and promising."
What does Thrall suggest they create to support local businesses?,A list of businesses they love to support,"In the discussions regarding the community garden renovation, Thrall emphasizes the importance of supporting local businesses. Specifically, Thrall mentions the need for a flyer or flyer-like resource that compiles a list of local vendors and businesses. This idea is supported by Illidan Stormrage, who suggests putting together a flyer to help spread awareness and encourage participation in the garden project. Additionally, Muradin Bronzebeard proposes gathering information about these local shops to compile into a flyer, highlighting the benefits of supporting local businesses alongside the garden project. These flyers would serve as a tool to involve the community in the garden project and promote local business engagement."
How does TirionFordring emphasize the importance of balancing the garden renovation with supporting local vendors?,By stating that both aspects are important for the best outcome,"In the discussion regarding the community garden renovation, Tirion Fordring plays a significant role in ensuring the project aligns with the community's needs and interests. One notable emphasis from Tirion Fordring is his encouragement of collaboration and the involvement of local vendors in the garden project. He highlights the importance of including local businesses in the initiative, suggesting that their involvement can contribute positively to the community. Specifically, Tirion Fordring mentions that local businesses are a part of the garden project, which indicates their potential impact and contribution. Additionally, he discusses the idea of integrating local products and services into the garden, thereby reinforcing the value of local vendors in the overall plan. This approach not only supports the economic health of the community but also enhances the authenticity and uniqueness of the garden. Tirion Fordring's commitment to balancing the renovation efforts with the inclusion of local vendors demonstrates a thoughtful and comprehensive strategy aimed at benefiting both the immediate community and its businesses."
What does AdamSmith agree is crucial to align with the garden project schedule?,Support for local businesses,"Based on the conversations provided, Adam Smith emphasizes the importance of maintaining a flexible and adaptable schedule, especially regarding rehearsal times for the Garden Renovation Project. This indicates that he prioritizes scheduling that allows for flexibility to accommodate any changes or adjustments needed due to the ongoing nature of the project. Additionally, Adam Smith suggests limiting noisy activities during specific hours, such as from 2-3 pm, to minimize disruptions to the community. This commitment to adhering to a schedule and ensuring that the project respects its neighbors' needs is crucial to aligning with the broader goals of the garden project."
Who does LiHua ask for help with installing a curtain?,AdamSmith,"In one of the conversations, LiHua reaches out to Adam Smith for help with installing a curtain on the basement window. This interaction is documented in the entry dated 20260921_16:00. Specifically, LiHua mentions, ""Hey Adam, can help me out with installing a curtain on the basement window? I think it would really boost the privacy down there. Thanks!"" Adam Smith agrees to help and suggests setting a date for the installation."
When does AdamSmith say he is available to help with the curtain installation?,Wednesday or Thursday afternoon,"According to the conversation, AdamSmith indicates his availability to help with the curtain installation multiple times. Initially, he mentions being ""most evenings"" free. Later, specifically regarding the Wednesday at 5 pm scheduled for curtain installation, AdamSmith states, ""Sure, I’m free most evenings. Let me know what works for you!"" This suggests that he is generally available most evenings and is flexible enough to accommodate a specific time on Wednesday for the installation."
On which day do LiHua and AdamSmith agree to install the curtain?,Thursday afternoon,"According to the conversation, LiHua and AdamSmith initially discussed scheduling the curtain installation for a time this week. LiHua proposed setting the appointment for Wednesday at 5 pm, which AdamSmith found perfect. Therefore, they agreed to set the curtain installation for Wednesday at 5 pm. This decision came after LiHua expressed her interest in having the installation done together since she had received the curtains and liked the patterns."
Who will bring the tools for the curtain installation?,AdamSmith,"For the curtain installation scheduled for Thursday afternoon, Adam Smith mentioned that he would bring the tools. Li Hua agreed that this would work for her and expressed her appreciation for his assistance. Therefore, Adam Smith will be bringing the necessary tools for the installation."
Who suggests exploring the PS5 settings for accessibility features and Game Help?,ThaneChambers,"Based on the information provided in the data, there isn't any direct mention of someone suggesting to explore the PS5 settings for accessibility features and Game Help. The data primarily focuses on conversations related to gaming communities, specific games, and preferences rather than detailed technical advice on PS5 settings. Therefore, no one explicitly suggests these functionalities in the given context."
What feature on the PS5 does Ileana praise for making switching between games smoother?,Control Center,"According to the conversation, Ileana commends the Control Center for making switching between games and apps smoother. This feature likely allows users to easily access and switch between various applications and games on the PS5, enhancing the overall gaming experience."
How does Fionnuala describe the convenience of the Control Center's audio settings adjustment?,You can adjust audio settings on the fly without having to pause the game,"Fionnuala highlights the convenience of the Control Center's audio settings adjustment, stating, ""The Control Center is awesome! I especially love how you can adjust audio settings on the fly without having to pause the game. Makes it so convenient when you're in the heat of action!"" This indicates that adjusting audio settings is a quick and seamless process, allowing players to fine-tune their sound preferences without interrupting gameplay."
What aspect does ThaneChambers enjoy about sharing clips on the PS5?,It's a great way to relive intense moments with friends,"ThaneChambers highlights sharing clips as a great way to relive those intense moments with friends, noting that it's also fun to show off epic moments to others. He mentions it makes him want to level up his gameplay, suggesting it provides motivation and inspiration. Additionally, he appreciates the opportunity to see what others are doing in their games, which adds to the sense of community and shared gaming experiences."
Which game is LiHua currently obsessed with for its graphics and storytelling?,God of War,"LiHua is currently very interested in the game ""God of War,"" praising its immersive graphics and storytelling. She finds the graphics of ""God of War"" to be exceptionally captivating, highlighting how it immerses players deeply into its world. Additionally, she appreciates how the game tells its story, suggesting that it has left a profound impact on her. This game seems to be a significant source of fascination for LiHua, both for its visual aesthetics and its narrative depth."
What game is Helios currently playing and finds the world and gameplay mechanics stunning?,Horizon Forbidden West,"Helios is currently engrossed in ""Horizon Forbidden West,"" a game known for its stunning world and top-notch gameplay mechanics. He particularly enjoys the narrative and combat systems, finding the storyline engaging and the gameplay mechanics impressive."
"How does Dyllan describe the combat in ""Horizon Forbidden West""?",It can be tricky sometimes,"Based on the conversation, Dyllan describes the combat in ""Horizon Forbidden West"" as being both visually impressive and challenging. He mentions enjoying the diversity of the environments and appreciating the different challenges they bring. However, he also notes that combat can be tricky at times, particularly when dealing with flying machines. To manage these aerial threats, Dyllan recommends using a bow with elemental arrows to stun the enemies, which makes them easier to defeat. Additionally, he suggests utilizing the ""focus"" mechanic to track the movements of the flying machines, aiding in dodging their attacks. This indicates that the combat in ""Horizon Forbidden West"" requires strategic thinking and adaptability to overcome the varied and complex foes encountered within the game's expansive world."
"What strategy does Helios recommend for dealing with flying machines in ""Horizon Forbidden West""?",Using a bow with elemental arrows and focus to track their movements,"In the discussion regarding the game ""Horizon Forbidden West,"" Helios shared insights on how to handle flying machines effectively. According to Helios, one should use a bow with elemental arrows, which can stun the flying machines and make them easier to take down. Additionally, Helios emphasized the importance of utilizing the focus ability to track the movements of the flying machines, which helps in dodging their attacks. This strategy involves strategic use of both weaponry and navigation skills to overcome the challenge posed by these aerial adversaries."
Which game does Helios suggest for tactical fun with a great story and character development?,Fire Emblem,"Based on the information provided, Helios suggests ""Fire Emblem"" as a game that offers both great story and character development, as well as strategic gameplay. Additionally, Helios recommends ""Persona 5 Royal"" for its blend of RPG elements and social simulation, which he finds to be very strategic and enjoyable."
What type of combat does Gavriel prefer in games?,Turn-based combat,"Based on Gavriel's responses, it appears that he prefers combat systems that offer a mix of challenge and strategic depth. Specifically, Gavriel expresses enthusiasm for games that feature a variety of enemy types, each requiring different strategies to defeat. He is particularly interested in encounters that provide challenges and where the player must adapt their tactics on the fly. Additionally, Gavriel looks forward to epic boss battles and enjoys combat scenarios where creative use of abilities can lead to unique and satisfying outcomes. This suggests that Gavriel enjoys games where combat is not just a straightforward challenge but also an opportunity to demonstrate skill and ingenuity."
What game has Gavriel been hooked on recently for its blend of RPG elements and social simulation?,Persona 5 Royal,"Based on the conversation, Gavriel has been particularly interested in the game ""Persona 5 Royal."" He found the blend of RPG elements and social simulation to be really well done, praising the strategic nature of battles and the unique vibe of the game. Additionally, he noted the art style, which he described as ""gorgeous,"" adding to the overall enjoyable experience. Gavriel has found the character relationships to be deeply engaging, which contributes significantly to the depth of the gameplay."
Which game does Dyllan recommend for turn-based combat and art style?,Octopath Traveler,"Dyllan mentioned several games that he enjoys, but specifically highlighted Primrose's storyline in ""Octopath Traveler."" Primrose's narrative is described as emotionally compelling, which suggests a standout aspect of the game. Additionally, Dyllan praised the pixel art style of ""Octopath Traveler,"" noting that it is charming and visually appealing. Given these comments, Dyllan seems to recommend ""Octopath Traveler"" for its engaging storytelling and distinctive visual aesthetic. This game offers a turn-based combat system, which Dyllan appreciates, as it provides strategic depth and thoughtful planning opportunities. Therefore, ""Octopath Traveler"" stands out as a recommendation for players seeking a game with both a captivating story and a visually rich, turn-based combat system."
"Who is ThaneChambers' favorite character in ""Octopath Traveler""?",Primrose,"Based on the conversation between ThaneChambers and Li Hua, there isn't a direct mention of ThaneChambers' favorite character in ""Octopath Traveler"". However, we can infer some preferences from their discussion. ThaneChambers expresses admiration for several characters in the game, such as Dandelion, Ophelia, and Gavriel mentions a fondness for Dandelion, particularly highlighting his humor and the depth of his friendship with Geralt. Additionally, ThaneChambers shares enjoyment of Dandelion's role in certain quests, like the ""A Poet Under Pressure"" and ""Broken Flowers"" quests, indicating a positive appreciation for Dandelion. While no single character emerges as a clear favorite, it seems that Dandelion garners the most praise in this conversation."
"What is Aisling's opinion on using traps in ""Octopath Traveler""?",They are a game changer,"Aisling expressed enthusiasm for using traps in battles, describing them as ""such a game changer!"" She mentioned that she had set up several ambushes that worked well, adding that the strategy they brought to battles was very appealing. This indicates that Aisling believes traps are a valuable element to incorporate into gameplay in ""Octopath Traveler."""
"How does Dyllan describe the importance of a balanced party in ""Octopath Traveler""?",It allows for more flexibility in battles and helps adapt to different challenges,"Dyllan emphasizes the importance of a balanced party in ""Octopath Traveler."" According to Dyllan, a balanced party is key to handling different challenges effectively, highlighting the versatility it provides in battles. Specifically, Dyllan suggests that having a tank, a healer, and two damage dealers in the party allows for more flexibility in combat situations. This composition ensures that there is someone capable of taking hits, another dedicated to healing, and two individuals who can deal significant damage. By maintaining a balanced party, players can better adapt to the varied demands of the game's numerous encounters and bosses, thus increasing their chances of success."
"What is Bronwyn's experience with going full support in tough fights in ""Octopath Traveler""?",It can be risky but totally viable,"Based on the conversations shared, Bronwyn's experiences seem to revolve primarily around stealth mechanics and strategic approaches in various games. Specifically, Bronwyn mentioned finding stealth mechanics to be particularly useful in ""Horizon Zero Dawn,"" where she employed stealth strategies to navigate and defeat tougher robotic foes. However, there is no mention of Bronwyn engaging in a full support role or going full support in tough fights within the context of ""Octopath Traveler."" Therefore, there is insufficient data to provide details on Bronwyn's experience with going full support in ""Octopath Traveler."""
"Which boss did Gavriel struggle with the most in ""Octopath Traveler""?",The final boss,"In the game ""Octopath Traveler,"" Gavriel reported struggling the most with the final boss. Gavriel mentioned that it took multiple attempts to figure out the right strategy, emphasizing the importance of switching characters and adapting to the boss's moves. This suggests that the final boss presented a significant challenge due to its complex mechanics and the need for strategic adjustments."
What does Elara enjoy doing to unwind after intense battles in games?,Wander around and collect items or side quests,"Elara enjoys several activities to unwind after intense battles in games. According to her comments, she likes to wander around the game world, collecting items or completing side quests. This helps her reset and relax before diving back into the action. Additionally, she spends time leveling up her characters or experimenting with different party combinations, further indicating her appreciation for exploration and strategic gameplay beyond just battling."
What type of gameplay does Jareth enjoy after a big challenge?,Relaxing gameplay,"After a significant challenge, Jareth enjoys exploring the depths of creative gameplay. He appreciates systems within games that encourage experimentation and the combination of different abilities to create unique and satisfying combat scenarios. Jareth envisions scenarios where the synergy of various powers can lead to bonus effects or even unlock special attacks, adding another layer of depth and excitement to combat encounters. His ideal gameplay moments involve combining elements in innovative ways, such as using a fire-based power to stun an enemy followed by a wind ability to push them back, creating a combined effect that feels impactful and memorable. This type of gameplay not only entertains but also challenges players to think creatively and adapt their strategies on the fly."
Who asks Emily if she has read The Lord of the Rings novels?,LiHua,"In the conversation recorded, LiHua is the one who asks Emily Burnett if she has read The Lord of the Rings novels. LiHua expresses curiosity about how the lore from the books might be useful for understanding the upcoming series ""The Rings of Power."" Specifically, LiHua states, ""Hey Emily! Just wondering, have you ever read The Lord of the Rings novels? I'm really curious about how they tie into the series The Rings of Power!"" This indicates that LiHua is the person initiating the inquiry regarding Emily's reading of the novel series."
What TV series does LiHua mention that they are curious about in relation to The Lord of the Rings?,The Rings of Power,"LiHua expresses curiosity about two specific TV series related to The Lord of the Rings. First, he mentions ""The Rings of Power,"" which is described as a series exploring the lore and background of The Lord of the Rings. LiHua expresses his enjoyment of the series, praising the stunning visuals and the way it delves into character development and the rich backstory of Middle-earth. Additionally, LiHua shows interest in another series, specifically noting ""TV Series Succession."" He mentions this series as the setting for discussions about Kendall's character and motivations. Therefore, LiHua is curious about ""The Rings of Power"" and ""TV Series Succession"" in relation to The Lord of the Rings."
"What aspect of ""The Rings of Power"" does Emily appreciate in terms of visuals?",How they are bringing Middle-earth to life,"According to the conversation, EmilyBurnett appreciates the stunning visuals of ""The Rings of Power."" Specifically, Emily mentions that the series brings Middle-earth to life, highlighting the attention to detail and the captivating portrayal of the fictional world. This appreciation for the visual aspects of the series indicates that the production values, including cinematography, special effects, and set design, contribute significantly to the immersive experience for viewers."
Which character does LiHua mention as their favorite and describe as inspiring?,Galadriel,"Based on the conversations provided, LiHua expresses admiration for a character named Galadriel in the game ""Read Dead Redemption 2."" LiHua describes Galadriel as a character with ""strength and determination"" who is ""really inspiring."" Additionally, LiHua notes that Galadriel is portrayed as a warrior, contrasting with her typical role as a wise leader. This description highlights the depth of character development in the game and LiHua's appreciation for the nuanced portrayal."
What aspect of Elrond's character does Emily appreciate?,His mix of wisdom and vulnerability,"According to the data, Emily appreciates the depth and complexity of Elrond's character, highlighting his ""mix of wisdom and vulnerability."" This appreciation seems to stem from her enjoyment of seeing how Elrond interacts with other characters, which adds significant depth to the narrative. Additionally, Emily's comments suggest that she finds Elrond's character development fascinating, as she notes his interactions and the resulting insights they provide. This underscores her interest in the multifaceted aspects of Elrond's portrayal within the broader context of ""The Lord of the Rings"" series."
"What does LiHua predict will happen in ""The Rings of Power""?",Epic battles and alliances forming,"In the discussion between LiHua and Emily Burnett regarding the series ""The Rings of Power,"" LiHua expressed several predictions for future developments in the storyline. One notable prediction is the escalation of the story's tension, which LiHua described as making him think things are about to get intense. He also noted that the series is building up the background and lore, which LiHua believes will be particularly useful for understanding the series. Furthermore, LiHua suggested that there will be some epic battles and alliances forming, hinting at significant plot points that will shape the narrative further. These predictions reflect the anticipation and intrigue surrounding the series, as viewers eagerly look forward to the unfolding story."
What does Emily think will happen next in the series in terms of story development?,The stakes will rise and alliances will evolve,"Based on the conversations presented, Emily Burnett expresses excitement about the direction the series could take, particularly regarding the potential for character growth and deeper philosophical discussions. She mentions the possibility of introducing new factions or characters that pose new challenges to the existing ones, which could lead to ""epic"" character decisions and further enrich the story. Emily also anticipates the exploration of the origins of the robots and their creators, as well as the consequences of the humans' actions. These elements suggest that the next season may delve into the backstory and motivations of various characters, including leaders such as Amos, Naomi, or even unexpected figures like Drummer, adding layers of complexity and intrigue to the narrative. Additionally, Emily is eager to see how these developments impact the existing characters and their relationships, potentially leading to more dramatic and thought-provoking moments. Overall, Emily seems excited about the potential for increased character depth and broader thematic exploration in the upcoming season."
What do LiHua and Emily agree on regarding the anticipation for the next episode?,They both can't wait for the next episode,"Based on the conversations provided, LiHua and Emily both express enthusiasm and anticipation for the upcoming episode. In one instance, Emily mentions, ""It’s like every episode leaves us wanting more. The anticipation just makes it all the more exciting as we dive deeper into their complex lives."" This indicates that both LiHua and Emily appreciate the cliffhangers and enjoy the suspense built up throughout the series. Emily further reinforces this by saying, ""I’m thinking that the stakes will definitely rise, especially with the dark forces at play. It’ll be interesting to see how alliances evolve and what challenges the characters will face. It feels like it’s all leading to something big! Can't wait for the next episode!"" This statement clearly shows their excitement and eagerness to see what happens in the next installment. Thus, LiHua and Emily agree on the importance of the anticipation for the next episode, finding it thrilling and looking forward to the unfolding events."
What does LiHua suggest they should do as the series unfolds?,Keep sharing their thoughts,"In the discussions regarding the television series Succession, LiHua suggests focusing on the main character Kendall's motivations and the complexity of his character arc. LiHua points out that Kendall's journey involves proving himself to both his father, Logan, and the world, and the heavy influence of the family legacy. LiHua notes that Kendall's struggles tie back to his childhood, where he was constantly in a rivalry with Logan and needed validation from him. LiHua also mentions that Kendall seems to be in a cycle of seeking power and validation, and this cycle often leads to his sabotage of Logan's efforts. LiHua speculates about Kendall's ultimate goals, questioning whether he aims solely for power or seeks to find his own identity. LiHua suggests that Kendall's character development involves a mix of both, as he craves power and validation but also desires to carve out his own identity separate from his father's shadow. LiHua believes that for Kendall to truly overcome his demons, he must confront his family issues and his fragile sense of self, recognizing his worth beyond his familial responsibilities. LiHua expresses excitement about the future of Kendall's character and predicts that a significant shift or unexpected alliance could dramatically alter the dynamics within the family. LiHua is particularly enthusiastic about the potential for a turning point that could lead to a transformative change in Kendall's character, which LiHua believes would significantly enrich the narrative and the audience's engagement with the show. LiHua underscores the importance of closely following the unfolding of Kendall's story as it will likely involve a mix of intense drama and unpredictable developments."
What does Emily say about the series making her feel like she is really getting to know the characters?,The emphasis on character development and their backstories,"Based on the conversations provided, Emily Burnett expresses a deep appreciation for the series ""Silicon Valley"" and the way it allows viewers to get to know the characters on a more intimate level. In one of the discussions, Emily mentions enjoying the dynamic between the characters and the way they support each other throughout the series, describing it as ""pure gold."" She particularly highlights the character growth and banter, noting that it was ""fun to watch"" and leaves viewers wanting more. This indicates that Emily finds the series effective in allowing her to understand and empathize with the characters, which seems to be a significant factor in her enjoyment of the show."
Who initiates the suggestion to go to the grocery store after work on 20260923?,WolfgangSchulz,"The suggestion to go to the grocery store after work on 20260923 comes from WolfgangSchulz. In the conversation, he initiates the idea saying, ""Hey! Wanna hit the grocery store after work today?"" LiHua responds positively, suggesting they could get some snacks for their next jam session."
What is the purpose of going to the grocery store on 20260923 according to WolfgangSchulz?,To grab some snacks for their next jam,"According to the conversation recorded on 20260923 at 16:00, WolfgangSchulz suggested that LiHua and he should ""grab some snacks for our next jam."" This indicates that they were planning to purchase items like snacks and possibly other supplies related to their musical activities. The purpose was to stock up on items needed for their upcoming jam sessions or rehearsals."
What time does WolfgangSchulz propose for going to the grocery store on 20260923?,Around 5:30,"On September 23, 2026, WolfgangSchulz suggests meeting up after work for the grocery store run. The specific time proposed is around 5:30 PM. LiHua agrees to this time, indicating she is available then."
How does LiHua feel about the bench press challenge proposed by JenniferMoore?,LiHua feels pretty strong and is up for the challenge,"In the conversation regarding the bench press challenge, LiHua expresses enthusiasm and willingness to take on the challenge, stating ""I feel pretty strong lately, so yeah, I'm up for the challenge! Let's do it! 🏋️‍♂️"". This indicates that LiHua is ready to accept the challenge and believes he is capable of increasing the weight. JenniferMoore, recognizing LiHua's recent strength, further encourages him, emphasizing that he has what it takes to succeed. LiHua acknowledges her encouragement and reiterates his commitment to the challenge, mentioning that he will ensure proper warming up to be ready for the session. Overall, LiHua appears eager and confident about taking on the bench press challenge proposed by JenniferMoore."
What exercises does JakeWatson recommend for leg strength?,Squats and lunges,"JakeWatson recommends several exercises to improve leg strength, which he emphasizes are particularly beneficial for soccer players. Specifically, he suggests squats and lunges, both of which are effective for building the muscles around joints and enhancing overall stability and endurance. Additionally, Jake mentions the importance of strength training in reducing the risk of injuries and provides further details on how to implement these exercises safely and effectively. He recommends starting with bodyweight exercises if you're new to strength training and advises gradually increasing the number of reps and sets as you get stronger. Furthermore, Jake encourages the inclusion of balance exercises like single-leg stands, which can help improve your performance on the field."
What additional advice does JakeWatson give for maintaining muscle flexibility?,Stretch after workouts,"JakeWatson provides several pieces of advice for maintaining muscle flexibility. He emphasizes the importance of proper warm-up and stretching activities before any game, as these steps help prepare the muscles and improve flexibility. Additionally, he highlights the significance of staying hydrated, noting that it plays a crucial role in maintaining flexibility and reducing the risk of injuries. Furthermore, Jake recommends wearing appropriate footwear, as this can prevent slips or sprains that might affect muscle flexibility. Lastly, Jake suggests including specific types of exercises in the routine to enhance flexibility, such as balance exercises like single-leg stands, which can further aid in maintaining muscle flexibility."
Which stretches does JakeWatson recommend for soccer-specific areas?,Hamstring stretch and quad stretch,"Based on the conversation, JakeWatson emphasized the importance of proper warm-up and stretching before a soccer game to improve flexibility and prevent injuries. While specific stretches are not detailed in the provided exchanges, he did suggest general exercises that are beneficial for soccer players. These include squats, lunges, and planks, which are designed to build leg and core strength. Additionally, he mentioned the importance of balance exercises like single-leg stands, which help with stability and endurance on the field. It's worth noting that the provided conversations focus more on general tips rather than detailed stretches. However, these types of exercises can be integrated into a pre-game routine to enhance a soccer player's performance and reduce the risk of injury."
How long should each stretch be held according to JakeWatson?,About 30 seconds,"According to JakeWatson, each stretch should be held for approximately 30 seconds. He recommends doing the hamstring stretch and quad stretch, which he says target those key areas for soccer and can help keep muscles flexible."
When and where does JakeWatson propose to meet for the practice session according to the conversation on 20260925?,Saturday at 4 PM at the usual spot,"The conversation snippet provided does not contain any information regarding a proposed meeting time or location for a practice session involving JakeWatson. Therefore, based on the given data, there is insufficient information to determine when and where JakeWatson suggests meeting for a practice session."
What is LiHua's response to the suggestion of taking a warm shower before bed?,LiHua plans to try it tonight,"In the conversation recorded on Time: 20260926_10:30, LiHua responds positively to ChaeSong-hwa's suggestion of taking a warm shower before bed. LiHua expresses enthusiasm, saying, ""I haven’t done it yet, but I’m definitely going to try it tonight! Sounds like a great way to relax before bed. Thanks for the tip! 😌✨"" This indicates that LiHua agrees with ChaeSong-hwa's recommendation and is eager to try it out."
Who asks LiHua to measure the window in the basement?,AdamSmith,"The request to measure the window in the basement for curtains came from AdamSmith. In the entry dated Time: 20260928_10:00, AdamSmith specifically mentions needing the measurements for the window ""for me to get some curtains made."" LiHua then agrees to measure the window and sends the dimensions shortly afterward."
Why does AdamSmith want the window measured?,To get some curtains made,AdamSmith requested that LiHua measure the size of the window in the basement because he intends to get some curtains tailored to fit that specific window. This indicates that AdamSmith is preparing to install new curtains for the basement window and needs accurate measurements to ensure the curtains will properly cover and fit the space.
What are the dimensions of the window that LiHua measures?,150 cm wide and 120 cm high,"In the conversation recorded on January 9th, 2026 at 16:00, LiHua mentions that she measured the window in the basement and provides the dimensions as 150 cm wide and 120 cm high. This information is provided directly in the source content without needing to combine or infer additional details."
Who initiates the discussion about binaural tones?,ChaeSong-hwa,"The discussion about binaural tones is initiated by ChaeSong-hwa, who suggests experimenting with this technique to enhance the band's sound and create a unique listening experience for their audience. This suggestion is met with enthusiasm from the other members, LiHua and YurikoYamamoto, who both express their interest in testing out the binaural tones during their next jam session."
What does ChaeSong-hwa suggest binaural tones could enhance?,The sound and listening experience for their audience,"In the discussion regarding the potential use of binaural tones, ChaeSong-hwa suggests that binaural tones could enhance the sound and create a unique listening experience for their audience. Specifically, he expresses enthusiasm about experimenting with binaural tones during their jam sessions, believing it could offer a ""whole new dimension"" to their music. LiHua agrees and proposes testing it out in their next jam session, while YurikoYamamoto is equally excited about the prospect, anticipating that blending binaural tones with their instruments could result in ""a whole new vibe."""
How does YurikoYamamoto feel about adding a new dimension to their music with binaural tones?,Excited to give it a try,"YurikoYamamoto expresses enthusiasm about experimenting with binaural tones, seeing it as a way to add a new and unique dimension to their music. She believes it could provide a fresh feel to their music and looks forward to testing it out in their next jam session. Her excitement highlights her interest in exploring how binaural tones might enhance the overall listening experience and potentially create a more immersive and captivating musical environment."
Who congratulates LiHua on pushing their limits with the bench press?,JenniferMoore,"In one of the conversations, Jennifer Moore congratulates Li Hua on pushing her limits with the bench press. This is evident from the following dialogue:```JenniferMoore: Hey Li Hua! 🎉 Just wanted to say congrats on pushing your limits with the bench press this week! You've been making awesome progress! Keep it up! 💪✨LiHua: Thanks, Jennifer! I appreciate the encouragement! Feeling strong and motivated! 😄 Any tips for next session?JenniferMoore: For sure! Let’s focus on form and control during the next session. Maybe we can add some progressive overload to gradually increase weight. You've got this! 💥💯```Therefore, Jennifer Moore is the one who congratulated Li Hua on her bench press progress."
What does LiHua express feeling after the encouragement from Jennifer?,Strong and motivated,"After receiving encouragement from Jennifer, LiHua expresses gratitude and appreciation for her support. Specifically, she mentions being ""totally on the right track"" and looking forward to their next session. LiHua also feels inspired and motivated, stating, ""I feel like I'm getting stronger each week."" This indicates a positive emotional response to Jennifer's encouragement."
What is the focus for the next session suggested by JenniferMoore on 20260930?,Form and control,"There is no information provided about a specific session scheduled for September 30th, 2026. The most recent entries in the data table pertain to sessions held on June 10th, 2026, and December 6th, 2026. For the exact details of the next session, including its focus, the latest entry in the data table should be reviewed."
What technique does JenniferMoore suggest to gradually increase weight of the bench press exercise?,Progressive overload,"In the conversation recorded on 20260417_12:00, JenniferMoore reminds LiHua to focus on her form first and suggests doing some mobility exercises before starting the workout. This preparation is aimed at ensuring that LiHua's body is ready to handle the increased weight. Later, on 20260325_19:00, JenniferMoore explicitly states that they can ""gradually increase the reps and sets each week to ensure you're building strength."" This gradual progression in the number of repetitions and sets is a common technique used to safely and effectively increase the weight lifted during exercises such as the bench press. By carefully managing the weight and volume, one can prevent injuries and continue to make steady progress in their strength training regimen."
Who suggests going out for hot pot?,LiHua,"In the conversation, LiHua initiates the suggestion for going out for hot pot. Specifically, LiHua says, ""Hey man! Wanna go have hot pot for dinner tonight? Let me know!"" This indicates that LiHua is the one who proposes the idea of having hot pot as the dinner activity."
What type of hot pot does WolfgangSchulz prefer?,Sichuan,"According to the conversation, WolfgangSchulz expresses a preference for Sichuan cuisine, indicating that he enjoys dishes from this region of China. However, the table specifically mentions ""Hot Pot"" as the planned dinner activity involving LiHua and WolfgangSchulz, without detailing the type of hot pot they intend to have. Given the context, it seems they are likely planning to have a Sichuan-style hot pot, given his fondness for Sichuan food. Without explicit confirmation, we cannot state with certainty that it is a Sichuan hot pot, but based on the available information, it appears to be a Sichuan-inspired hot pot."
What time does LiHua propose for dinner on 20260930?,7 pm,"On the specified date, 20260930, LiHua suggests having dinner at 7 PM. This is indicated in the conversation where LiHua says, ""How about 7 pm? That should give us enough time to get ready!"" and WolfgangSchulz responds with, ""7 pm works for me! Can’t wait for all that spicy goodness!"" 🍲🔥"
Who comes up with the idea of picking up drinks on the way to hot pot?,LiHua,"In the conversation regarding the hot pot dinner, LiHua initiates the idea of picking up drinks on the way. Specifically, LiHua suggests, ""Yeah, me too! Should we pick up some drinks on the way?"" This statement indicates that she came up with the idea to grab drinks along with their trip to the hot pot dinner. WolfgangSchulz then agrees with her, stating, ""Good idea! Let’s grab some drinks."" Therefore, it appears that LiHua came up with the idea to buy drinks for the outing."
What type of drink does LiHua suggest to have with hot pot?,Cold beer,"In the conversation regarding the dinner plans for the hot pot night, LiHua suggests having cold beer to complement the hot pot experience. Specifically, she says, ""Yeah, me too! Should we pick up some drinks on the way? How about some cold beer to go with the hot pot? Sounds like a good combo!"" This indicates that cold beer is the preferred beverage for pairing with the hot pot dinner."
Who reminds everyone to drink water before and during the match?,JakeWatson,"In the conversation, multiple individuals mention the importance of staying hydrated before and during workouts, particularly for optimal performance. Jennifer Moore emphasizes the need to stay hydrated during workout sessions and recommends taking small sips during breaks to aid recovery. She also suggests taking a few sips between exercises during high-intensity workouts to maintain energy levels. Sova uses a water bottle with measurements to stay aware of her water intake throughout the day and sets reminders on her phone to ensure she stays hydrated. While specific reminders to drink water before and during matches are not directly mentioned, the overall theme of hydration underscores the importance of staying hydrated before, during, and after physical activities, including matches. Given the emphasis on hydration by various individuals, it can be inferred that reminders to drink water before and during matches are a part of the broader discussion about maintaining proper hydration levels."
What does Ivor do the day before a game to help with hydration?,Hydrate well,"There isn't any specific mention of what Ivor does the day before a game to help with hydration in the provided data. The conversations mainly revolve around the day of the game and recovery afterward, focusing on topics such as maintaining hydration during workouts, recovery techniques after intense games, and the importance of proper nutrition and sleep. There is no detailed information about pre-game hydration practices for Ivor."
What drink does JakeWatson recommend for hydration after a match?,Coconut water,"Based on the conversation shared, JakeWatson recommends drinking water or an electrolyte drink for hydration after an intense game. This recommendation aligns with the emphasis on hydration provided by the entity ""HYDRATION"" which mentions that staying hydrated, especially after intense physical activity, is crucial."
What does Giselle emphasize about passing drills?,Accuracy is key in games,"In the discussions, Giselle emphasizes the importance of accuracy in passing drills, indicating a focus on refining and improving the precision of passes. She also expresses eagerness to practice and learn together, suggesting a collaborative and supportive attitude towards the practice session. Additionally, Giselle mentions looking forward to improving their passing skills and having fun while doing so, highlighting the enjoyment and mutual improvement aspect of the passing drills."
What practice idea does Dacey suggest to improve passing skills?,Target practice with cones,"In the discussions provided, Dacey suggests setting up cones for target practice during the passing drills. This suggestion aims to make the passing drills more engaging and interactive, thereby helping to improve passing skills in a fun and stimulating environment."
What does Briar remind everyone to bring to practice?,Water bottles,"In the discussions regarding the upcoming soccer practice, Briar mentions several items that should be brought to ensure everyone is prepared and ready to participate. Specifically, Briar brings up the idea of bringing water bottles to stay hydrated during practice. This advice is given in the context of emphasizing the importance of hydration, likely due to the physical nature of soccer practice, which can be demanding on one's body. Additionally, Briar suggests adding quick one-twos to the practice session to keep stamina up, indicating that she is actively involved in planning the practice and ensuring it includes elements that contribute to overall fitness and skill development."
What does Giselle remind everyone to do before practice?,Stretch,"Based on the data provided, Giselle reminds everyone to bring a ball and their water bottles for the practice session. Specifically, Giselle suggests bringing these items to ensure the practice session is more enjoyable and productive. This aligns with the general context of preparing for a practice session, which typically involves having necessary equipment and supplies on hand."
Who is considering buying Sekiro: Shadows Die Twice and asks for ThaneChambers' opinion?,LiHua,"LiHua is the individual considering purchasing Sekiro: Shadows Die Twice and seeks ThaneChambers' opinion on the game. LiHua specifically inquires about whether the game is worth getting and mentions that he loves a good challenge, highlighting his interest in the game's complexity and the intensity of its battles. ThaneChambers enthusiastically recommends the game, describing it as ""amazing"" with a unique combat system that requires timing and strategy, and praises the rich and engaging story. He advises LiHua to pace himself and get ready for an ""epic adventure."""
What does ThaneChambers think about Sekiro: Shadows Die Twice?,It's amazing and worth grabbing,"Based on the conversation recorded, Thane Chambers expresses a very positive opinion about Sekiro: Shadows Die Twice. When Li Hua inquires about the game's worthiness and difficulty, Thane enthusiastically recommends it, describing it as ""amazing"" with a unique combat system that emphasizes timing and strategy. He mentions that the game offers a challenging experience but assures Li Hua that the battles are enjoyable due to the strategic depth and the engaging world design. Thane further highlights the game's captivating story, which he finds both rich and atmospheric, suggesting that players will become deeply invested in the narrative. Overall, Thane recommends Sekiro: Shadows Die Twice as a worthwhile game, particularly for fans of challenging and thought-provoking titles."
What aspects of Sekiro: Shadows Die Twice does ThaneChambers highlight?,Unique combat system & timing & strategy & world design,"In their conversation, ThaneChambers emphasizes several key aspects of Sekiro: Shadows Die Twice. He praises the game's unique combat system, describing it as ""a game that really makes you think"" and noting its focus on timing and strategy. Additionally, ThaneChambers commends the game's world design, which he finds ""super cool."" He also highlights the game's engaging story, calling it ""rich and has a great atmosphere"" that will hook the player quickly. ThaneChambers advises pacing oneself due to the challenging nature of the battles, and he points out the satisfaction of improving and learning as one progresses through the game. These elements contribute to his recommendation that the game is ""worth grabbing!"" and ""definitely worth grabbing!"" for those who enjoy a challenging and immersive gaming experience."
Does ThaneChambers recommend Sekiro: Shadows Die Twice to those who love a challenge?,Yes,"Based on the conversation, ThaneChambers highly recommends Sekiro: Shadows Die Twice to those who enjoy a challenging and rewarding gaming experience. He describes it as having a ""unique combat system that really makes you think"" and emphasizes its focus on ""timing and strategy."" ThaneChambers further states that the game is ""worth grabbing"" and that it would be ""definitely worth grabbing"" for those who love a good challenge. He also notes that the game's story is ""rich and has a great atmosphere,"" and advises players to ""pace themselves"" given the difficulty levels, but assures them that the game will provide ""an epic adventure"" once mastered."
What game is ThaneChambers currently playing?,Black Myth: Wukong,"Based on the conversations provided, ThaneChambers is currently playing ""Black Myth: Wukong."" This is evident from the interaction in the message dated 20261124_14:00, where LiHua mentions that ThaneChambers has been ""hooked on 'Black Myth: Wukong.' The visuals are stunning, and the story is super immersive."" Additionally, in another message from the same date, LiHua expresses her enjoyment of the game, stating, ""Yeah, 'Black Myth: Wukong' is awesome! I love how the gameplay feels so dynamic. I can't wait to unlock more abilities."""
What does LiHua think about the graphics and gameplay of Black Myth: Wukong?,The graphics look insane and the gameplay seems really fluid,"Based on the conversation, LiHua expresses a very positive opinion about the graphics and gameplay of Black Myth: Wukong. When asked about what stands out the most in the game, LiHua emphasizes the visuals, stating that ""the visuals really create a magical atmosphere."" Additionally, she highlights the gameplay mechanics, noting that ""the gameplay mechanics feel really fresh and exciting."" This suggests that LiHua appreciates both the visual appeal and the innovative gameplay aspects of the game. Furthermore, she mentions enjoying the story and character designs, indicating a balanced appreciation for all elements of the game."
What part of Black Myth: Wukong does ThaneChambers like the most?,The fresh take on the classic tale and the unique combat mechanics,"Based on the conversations provided, ThaneChambers expresses a strong appreciation for the visuals and storytelling of Black Myth: Wukong. Specifically, ThaneChambers mentions that the game has ""stunning visuals"" and a ""compelling storytelling."" He also highlights the unique combat mechanics, describing how it feels like a ""fresh take on the classic tale"" and how the combat blends seamlessly with the storyline. While the exact parts of the game that he particularly likes aren't specified, his comments indicate a high level of enjoyment across multiple aspects of the game, particularly its visual appeal and narrative quality."
Which aspect of Black Myth: Wukong does LiHua find immersive?,The combat style and how it blends with the storyline,"Based on the dialogue between LiHua and ThaneChambers, LiHua finds the exploration aspect of Black Myth: Wukong to be particularly immersive. Specifically, LiHua mentions that the exploration ""is also a lot of fun for me, finding new areas and secrets."" This indicates that LiHua appreciates the game's level of exploration and discovery, which contributes to its immersive qualities."
What does ThaneChambers love about the boss battles in Black Myth: Wukong?,The thrill of strategizing how to take them down and the breathtaking scenery,"Based on the conversations provided, Thane Chambers expresses strong enthusiasm for the boss encounters in Black Myth: Wukong. Specifically, he mentions that the boss battles in the game are intense and require a lot of focus, making every victory feel particularly satisfying. Chambers notes that these boss fights can be a ""nail-biter"" but ultimately provide a sense of achievement once overcome. Additionally, Chambers highlights that the boss battles in the game are part of a narrative that feels ""even more epic"" due to the eerie environments and accompanying music. These comments suggest that Thane Chambers appreciates not only the strategic challenges presented by the bosses but also the immersive and emotionally resonant aspects of the game's boss encounters."
Who informs LiHua that the new software is almost done?,WolfgangSchulz,"In the conversation, WolfgangSchulz informs LiHua that the new software he has been working on is almost complete. This communication takes place on October 2nd, 2026, at 1:00 PM. Wolfgang expresses excitement about LiHua getting to try out the software, mentioning that she will be one of the first users. He also highlights the user-friendliness of the software, stating that he has put considerable effort into making it easy to use."
What is LiHua's reaction to the news about the new software?,LiHua is excited to check it out,"In a conversation recorded on December 8th, 2026 at 12:00 PM, LiHua expresses enthusiasm about the news regarding a new feature in the studio's homepage aimed at automatically scheduling available time. Specifically, LiHua comments, ""Sure! I'd be happy to help you with that. Just let me know what you need me to do, and I'll get right on it! 📅"" This indicates that LiHua is eager to assist with testing and providing feedback on the new feature, showcasing his willingness to contribute positively to the project."
Who asks Jake to play as the goalkeeper for soccer training?,LiHua,"In a conversation dated October 3rd, 2026 at 12:00, LiHua asks Jake to play as the goalkeeper for their soccer training this upcoming weekend. LiHua specifically mentions, ""Hey Jake! Any chance you can play as the goalkeeper for our soccer training this weekend? I think it would be fun!"" This indicates that LiHua is the one who requests Jake to participate in the goalkeeper role for the training session."
Does Jake agree to play as the goalkeeper?,Yes,"In the conversation, LiHua suggests Jake to play as the goalkeeper during their soccer training. Specifically, LiHua proposes, ""Hey Jake! Any chance you can play as the goalkeeper for our soccer training this weekend? I think it would be fun!"" Jake immediately responds positively, saying, ""That sounds awesome! I’d love to have you in goal. It'll be a good experience for you!"" Therefore, based on their dialogue, Jake agrees to play as the goalkeeper for the training session."
Who discusses classic matches between Barca and Bayern with Jake?,LiHua,"Jake Watson discusses classic matches between Barcelona and Bayern with LiHua. In one conversation, LiHua mentions several classic matches between Barca and Bayern, noting that these matches are considered among the best in the history of the UEFA Champions League (UCL). Jake Watson expresses agreement with LiHua, stating that the dramatic comebacks in these matches are what make the games so exciting and emotional. LiHua then asks Jake which of these matches he considers the best, and Jake points to a specific match from 2015 where Barcelona came back from a 4-0 deficit to win 4-2, highlighting the intense drama and teamwork on display."
In which year did Barca lose 4-0 against Bayern as mentioned in the conversation?,2013,"According to the conversation, the match where Barcelona lost 4-0 to Bayern Munich occurred in 2013. This match was part of the historic UCL (UEFA Champions League) encounters between the two teams, highlighting the intense and dramatic nature of their head-to-head matchups."
Which goal does Jake consider incredible from the 2015 match?,Neymar's goal,"Jake considers Neymar's goal in the 2015 match incredibly impressive. Specifically, he highlights Neymar's finishing and the celebration following the goal, which Jake sees as showcasing the passion and excitement inherent in soccer. Jake remembers how the entire team celebrated after the goal, emphasizing the emotional and dramatic nature of the match."
Who does Jake believe has the potential to be a game-changer for Barca?,Pedri,"Jake Watson expresses strong belief in Pedri, highlighting his potential to be a game-changer for Barca. He notes that Pedri possesses a spark reminiscent of the greats and emphasizes that with continued development, Pedri can achieve significant feats in big matches. This suggests that Jake believes Pedri has the potential to significantly impact Barca's performance, particularly in high-stakes competitions."
What is LiHua looking forward to in the upcoming matches?,Seeing how Pedri and the team perform and if they can go far in the UCL,"In the upcoming matches, LiHua is particularly enthusiastic about watching Barca play in the UEFA Champions League (UCL). She expresses her anticipation for more matches featuring the team, eager to see how Pedri and the rest of the squad perform. LiHua also highlights the importance of the UEFA Champions League, mentioning her hope that Barca can go far in the competition this season. Additionally, she is looking forward to the specific match scheduled on Wednesday, indicating her keen interest in this particular game. LiHua plans to watch the match with friends, enjoying the camaraderie and shared excitement of the game."
What are Jake's go-to snacks for match days?,Chips and dip & pizza,"Based on the discussions in the conversations, Jake Watson does not explicitly mention his go-to snacks for match days. However, he does express enthusiasm about enjoying a watch party with friends, indicating that he looks forward to engaging in various activities related to soccer, including possibly eating snacks together. In one instance, Jake mentions setting up a practice session focusing on shooting and suggests grabbing some food after, showing his interest in enjoying meals with teammates. While specific snack preferences are not detailed, it's clear that Jake enjoys participating in social gatherings centered around soccer, which often includes eating and drinking."
What are LiHua's favorite snacks for the game?,Nachos with cheese and spicy salsa,"From the conversations documented, there isn't any direct mention of LiHua's favorite snacks for gaming. However, LiHua and Thane Chambers discuss potential games to purchase together, including ""Spider-Man: Miles Morales"" and ""Demon's Souls."" Thane suggests ""Spider-Man: Miles Morales"" due to its popularity and the appeal of the character. There's no specific information provided regarding snacks or meals for gaming sessions."
Who does LiHua pick as the best football manager of all time?,Pep Guardiola,"In the conversation, LiHua asked JakeWatson who they thought was the best football manager in the Premier League history. JakeWatson responded by saying that Sir Alex Ferguson definitely tops the list for him, citing the trophies Ferguson brought to Manchester United as an example. However, JakeWatson also mentioned that he respects other managers, indicating that while Ferguson is highly regarded, he acknowledges that other managers have made significant impacts as well. Therefore, based on the dialogue, LiHua did not specify a single best manager, but rather highlighted Sir Alex Ferguson as his personal choice."
What aspect of Guardiola's career does JakeWatson admire?,The transformation of the teams he's managed,"JakeWatson expressed admiration for Guardiola's ability to get the best out of his players, particularly highlighting how he manages to unlock the potential in young talents. This sentiment was evident in his conversation with LiHua about Barcelona's recent success, noting how Ancelotti knows how to harness the abilities of his players, especially during critical moments. JakeWatson mentioned Ancelotti's effectiveness in getting the best out of the team, which is a key aspect of Guardiola's coaching style that JakeWatson appreciates. Additionally, JakeWatson pointed out the winning culture at Real Madrid, attributing part of the team's success to Guardiola's influence. Therefore, JakeWatson admires Guardiola's ability to develop and inspire his players to reach their full potential, contributing significantly to the club's successes."
"Which team's style of play does Farrah remember as ""Total football""?",Barcelona,"In the provided data, Farrah mentions Pep Guardiola's style of play, specifically referring to Barcelona's tiki-taka style, as being reminiscent of total football. Tiki-taka is a style of play characterized by short, precise passes and an emphasis on maintaining possession, which was famously associated with Barcelona under the guidance of Pep Guardiola. There is no mention of Farrah associating any particular style of play with ""total football."""
What playing style is associated with Guardiola's Barcelona team?,Tiki-taka,"The data provided does not directly mention Guardiola's playing style with Barcelona. However, we can infer some insights from the information available. In the conversation, Jake Watson mentions that Pep Guardiola coached Barcelona and that his teams were known for their ""possession play"" and ""ruthless counters."" Additionally, it is noted that during Guardiola's tenure, Barcelona was characterized by a ""possession play"" approach, which involved controlling the tempo of the game. The team was also known for its ""ruthless counters,"" indicating a strategy of swiftly exploiting the opposition when they were offside or in disarray.While specific details about Guardiola's exact tactical setup are not provided in the given data, the overall narrative suggests that his Barcelona teams emphasized fluid passing and movement combined with aggressive counter-attacking. These elements were part of the club's identity and helped them achieve numerous successes, particularly in the UEFA Champions League."
Which player's development under Guardiola does Jasper mention?,Phil Foden,"According to the provided data, Jasper specifically mentions the development of Phil Foden under Pep Guardiola's player development strategy. Jasper comments on how Phil Foden has grown under Guardiola's guidance. Additionally, Jasper also talks about another player, Rodri, in relation to Guardiola's impact on players, but it doesn't specify which player's development he means by Rodri. Thus, the development of Phil Foden stands out as the player Jasper directly references in connection with Guardiola's player development efforts."
What player's midfield importance does Aurora highlight?,Rodri,"Aurora emphasizes the importance of several players in the midfield, particularly Mason Mount, who she mentions is effective in the 4-2-3-1 formation when he plays for Manchester United. She notes Mount's work rate and ability to link up with the strikers, highlighting his versatility and value to the team. Additionally, Aurora suggests that Mason Mount could potentially thrive in a central role, given his tactical awareness and stamina. Overall, Aurora places significant emphasis on players like Mason Mount for their contributions and potential in the midfield."
Who will bring cones for drills at the match?,Farrah,"Based on the information provided, there is no mention of anyone specifically bringing cones for drills at the match. The entities related to drills include ""PASSING DRILLS,"" ""SHOOTING DRILLS,"" and ""MATCHA."" However, ""MATCHA"" appears to be a suggestion for a new pastry flavor rather than a drill. Therefore, it cannot be determined from the given data who will bring cones for drills at the match."
What type of passes does Briar suggest adding to the practice?,Quick one-twos,"In the context provided, Briar suggests adding ""quick one-twos"" to the practice session to keep stamina up. However, the exact type of pass Briar recommends is not specified. Based on the information given, quick one-twos involve passing the ball directly to a teammate very quickly, aiming to maintain pace and avoid lengthy breaks, thus helping to keep players' stamina levels high during practice."
What will LiHua bring for everyone to enjoy after the match?,Snacks,"Based on the conversation, LiHua will be responsible for ordering the pizza for the watch party following the Liverpool vs. Manchester match. LiHua mentioned, ""I can take care of the pizza order! Just let me know everyone's favorite toppings, and I'll make sure to get a variety."" Therefore, it appears LiHua will be bringing the pizza for the group to enjoy post-match."
Which match does Jasper mention that Manchester City played recently?,Against Chelsea in the Premier League,"Jasper mentions a match involving Manchester City that he watched and provided commentary on. Specifically, he commented on a match between Manchester City and Chelsea, during which he discussed the impact of Pep Guardiola's managerial style on players like Phil Foden and Rodri. No other recent match involving Manchester City is explicitly mentioned by Jasper in the provided data."
Who scored a stunner in the Manchester City vs. Chelsea match as mentioned in the conversation?,Phil Foden,"There is no specific mention of a standout goal scorer in the Manchester City vs. Chelsea match within the provided conversation. The dialogue focuses more on players' opinions on the rivalry between Manchester City and Chelsea, as well as various notable matches and moments involving these teams. No particular goal or performance is singled out for attention in the given text."
What aspect of Rodri's performance does Henley praise?,His interceptions and passing,"Based on the provided information, Henley does not specifically praise an aspect of Rodri's performance. Instead, Henley focuses on the upcoming practice session and mentions that she looks forward to practicing passing drills. There is no mention of Rodri or any of his performances in Henley's comments."
What does Farrah admire about Rodri's play?,His ability to break up opposition plays and transition the ball,"Based on the information provided in the data, Farrah admires Rodri's standout performance in the midfield, highlighting his significant contribution to Manchester City's momentum and strategy. Farrah's admiration for Rodri's skill and effectiveness on the field is evident in his discussions about the Spanish midfielder."
Who checks in with LiHua about their arm muscles after the bench press session?,JenniferMoore,"In the discussions provided, Jennifer Moore is the one who regularly checks in with Li Hua about their arm muscles after the bench press sessions. Specifically, in entries 1, 4, 8, and 12, Jennifer asks about Li Hua's feelings regarding their arm muscles following the workout. For instance, in entry 1, Jennifer asks, ""Are you ready to challenge yourself with even more weight on the bench press next week? I think you’ve got it in you!"" and follows up with, ""That’s the spirit! 😄 I'm feeling great, just pumped to keep working with you."" In entry 8, Jennifer reminds Li Hua, ""Let's do this! 💪"" after confirming the session date for next week. Similarly, in entry 12, she congratulates Li Hua on her progress and encourages her to focus on form during the upcoming session. Jennifer consistently seeks updates on Li Hua's recovery and well-being post-bench press sessions, indicating a supportive relationship built around their shared fitness goals."
How does LiHua feel about the soreness in their arm muscles?,It feels good and they are ready for the next session,"LiHua reports feeling some soreness in their arm muscles after their workout sessions. In a conversation with Jennifer Moore, LiHua mentions that the soreness is a result of their recent intense bench press session. LiHua expresses that the soreness feels good and is part of the experience, describing it as ""the burn."" Despite the soreness, LiHua is still eager to participate in their next workout session, emphasizing the importance of recovery and ensuring they are prepared for future training. Jennifer Moore offers tips for managing the soreness, such as proper hydration, stretching, and using a foam roller, indicating a proactive approach to maintaining LiHua's fitness level despite the discomfort."
What snack does LiHua agree to bring for the movie?,Chips,"In one of the conversations, WolfgangSchulz mentions that he wants to bring soda and juice for the movie, while LiHua offers to bring some chips. This indicates that LiHua agrees to bring the chips as the snack for the movie night."
What drinks does WolfgangSchulz want to have while watching the movie?,Soda and juice,"In one of the conversations recorded, WolfgangSchulz and LiHua discussed what drinks they wanted to have during their movie night. Specifically, WolfgangSchulz expressed his preference for a ""nice cold drink, maybe a soda or even some craft beer if he's in the mood."" LiHua suggested bringing some chips, while WolfgangSchulz indicated he wanted soda and juice. Thus, while WolfgangSchulz mentioned he was open to a variety of beverages, the drinks he specifically wanted were soda and juice."
Who will pick up the snacks and drinks on their way before the movie?,LiHua,"According to the conversation, WolfgangSchulz mentioned picking up the snacks and drinks on their way to the movie night. Specifically, WolfgangSchulz suggested grabbing drinks for the movie night and stated, ""Let’s grab some drinks. What do you feel like having?"" This indicates that he will be responsible for purchasing the drinks. However, WolfgangSchulz also expressed interest in bringing a water bottle with measurements, indicating that he might also purchase a water bottle for Sova to track hydration. Therefore, WolfgangSchulz will likely be the one to pick up both the drinks and possibly the water bottle."
Who initiated the discussion about Cersei's journey in Game of Thrones?,EmilyBurnett,"The discussion about Cersei's journey in Game of Thrones appears to have been initiated by Emily Burnett, as evidenced by the timestamp in the log entry provided. Emily is asking the group for their thoughts on how Cersei's character evolved from the beginning of the series to the end. This indicates that Emily is the one leading the conversation regarding the character's development and the various choices she made throughout the series."
How does Rowan describe Cersei's transformation throughout the series?,From vulnerable to ruthless,"According to Rowan's comments, Cersei's transformation is evident throughout the series. Initially portrayed as a vulnerable and love-struck girl, Cersei evolves into a ruthless and power-hungry queen, driven by fear and ambition. This significant change in her character underscores the complex interplay of power, emotional depth, and the influences of her relationships. Rowan emphasizes how Cersei's loss of her children deeply impacted her, pushing her to embrace cruelty in order to secure her position and power. The narrative highlights how her relationship with power evolves, moving from a state of vulnerability to one of ruthless control. Rowan also notes the dramatic finale that seems to summarize her arc, yet leaves room for questioning whether her final moments allowed her to truly confront her choices. Overall, Rowan views Cersei's journey as a compelling exploration of power, loss, and love, with her character embodying a profound struggle between ambition and the desire for connection."
What significant event in Cersei's life does Saffron highlight as a turning point?,Losing her kids,"Saffron emphasizes the pivotal moment in Cersei's life following the loss of her children. This tragic event pushes Cersei over the edge, causing her to embrace cruelty and ruthlessness to secure her power. Saffron notes that it is this loss that drives Cersei's character to become more ruthless and sets the stage for her complex and tumultuous journey throughout the series."
Which character's dynamic with Cersei is mentioned as complicated?,Jaime,"The dynamic between Cersei and Jaime Lannister is described as particularly complicated. Throughout the series, Jaime's character undergoes a significant transformation, evolving from a villainous figure, known as the ""Kingslayer,"" to someone with a more complex and emotionally vulnerable nature. This transformation is portrayed as a result of his interactions with Brienne of Tarth, which brings out a deeper sense of honor and morality within him. Cersei's relationship with Jaime is marked by both loyalty and conflict. At the end of the series, Jaime chooses to protect Cersei, a decision that leaves many viewers questioning his character development and the extent of his redemption. This choice is seen as a betrayal by some, particularly due to the fact that Jaime had previously shown signs of growth and a desire to move beyond his past actions. The complexities of this dynamic are further explored in the discussions where characters reflect on what might have been if Jaime had chosen different paths. These reflections highlight the multifaceted nature of Cersei's character and the profound impact her choices can have on the lives of those around her."
What does Lachlan find haunting about Cersei's end?,How much she fought to hold onto her power,"Lachlan finds Cersei's end particularly haunting, especially considering how much she fought to hold onto her power throughout the series. Despite achieving her goals, Cersei's journey is marked by a tragic cycle where her relentless pursuit of power led to her isolation and ultimately her downfall. Lachlan notes that Cersei's end felt poetic in a tragic way, reflecting how her quest for power ultimately caused her to lose the very things that could have made her happy. This sentiment underscores the complex narrative of power and loss that runs through Cersei's character arc, highlighting the theme of ambition coming at a high cost."
What idea does Rowan say Cersei represents?,Power comes at a cost,"According to Rowan's comments, Cersei represents the complex interplay of power, ambition, and emotional depth in Game of Thrones. Rowan highlights how Cersei's character evolves from a vulnerable position to one who becomes ruthless, especially after losing her children. This transformation underscores the idea that power often comes with a significant cost, as Cersei achieves her goals but loses so much along the way. Rowan notes that Cersei's journey and the themes of power, loss, and love are deeply intertwined, making her a compelling and multifaceted character in the series."
What aspect of Cersei's character does Quillan say often shadows her vulnerability?,Her desperation for control,"Based on the information provided, Quillan mentions Cersei's fierce protectiveness over her children as a driving force in her character. This protectiveness is described as a ""classic tragic flaw,"" indicating that it can become an obsession that leads to harsher, sometimes ruthless choices. Quillan suggests that this fierce love for her children is one of the redeeming qualities that makes Cersei more human, despite her darker actions. Therefore, the aspect of Cersei's character that Quillan says often shadows her vulnerability is her fierce protectiveness over her children."
What relationship could have potentially changed Cersei's path according to Phaedra?,Her relationship with Tyrion,"According to Phaedra, a pivotal moment for Cersei's journey could have been when she recognized her vulnerabilities and accepted help from others, rather than continuing to treat relationships as threats. This could have allowed her to forge new alliances and perhaps achieve a more balanced life, where she could have both wielded power and maintained meaningful connections. Specifically, Phaedra suggests that if Cersei had accepted Tyrion's advice and worked more closely with her family, especially her father Tywin, she might have avoided isolating herself and instead built a more supportive environment. This would have likely impacted her choices and behaviors, leading to a different trajectory throughout the series."
How does Kieran describe Tywin's influence on Cersei?,He taught her ruthless methods,"According to the data provided, Kieran suggests that Tywin Lannister had a significant influence on Cersei Lannister's character and choices. Specifically, Kieran notes, ""Tywin is a character who has a significant influence on Cersei's character and choices."" This indicates that Tywin played a crucial role in shaping Cersei's development throughout the series, likely through his interactions and guidance."
What does Orion say about Cersei's mix of loyalty and fear towards Tywin?,It was a mix of both,"Orion discusses Cersei's complex relationship with her father, Tywin, noting a mix of loyalty and fear. Orion points out that Tywin instilled in Cersei a survival mentality, teaching her that power must be fought for at all costs. This upbringing certainly set up a pattern where Cersei viewed her power as something she had to defend aggressively. However, Orion also observes that Cersei developed her own independent ambition, which diverged from her father's methods. This independence brought her strength but also led to her becoming more isolated and fiercely independent. As a result, Orion sees a tension between the independence that gave Cersei power and the emotional isolation that came with it. Overall, Orion highlights how Cersei's independence was both a source of strength and a vulnerability, reflecting the intricate interplay of loyalty and fear that characterized her relationship with Tywin."
What does Rowan say about Cersei's independence?,It made her stronger but also more isolated,"According to the discussion, Rowan found Cersei's independence intriguing and intriguingly complex. Rowan points out that while Cersei's independence gave her strength and a sense of control, it also left her isolated. She seems to have pushed away those who cared about her in favor of her ambition. This isolation, Rowan argues, left her power feeling empty, highlighting how her choices led to her downfall. Rowan's observation underscores the theme of the cost of power and how it can isolate individuals, even those who wield immense influence."
What does LiHua say Cersei's power came at the price of?,Meaningful connections,"LiHua mentions in the discussion that Cersei's power came at the price of meaningful connections. This sentiment aligns with the broader understanding that Cersei's pursuit of power often resulted in her pushing away those who cared about her, leading to a sense of isolation despite her rise to prominence. LiHua seems to suggest that Cersei's desire for control and ambition sometimes came at the cost of maintaining genuine, meaningful relationships with others."
What relationship could have shown Cersei a different perspective on power according to Lachlan?,Her relationship with Tyrion,"According to Lachlan, one potential relationship that could have shown Cersei a different perspective on power was her relationship with Tyrion Lannister. Lachlan suggests that Tyrion's understanding of family dynamics and his ability to provide a different viewpoint on power could have influenced Cersei's choices. Specifically, Lachlan notes that Tyrion ""always seemed to understand the family dynamics better"" and that if Cersei had listened to him, her character arc might have played out differently. This relationship could have helped Cersei see the importance of balance and the value of genuine connections over the pursuit of power alone."
What does Tamara say Cersei's love led to?,Her downfall,"Based on the discussions provided, Tamara presents a nuanced view of Cersei's character and its evolution. Tamara suggests that Cersei's love, particularly for her children, drove her actions and emotions but also led to her downfall. This intense protective nature, which often turned into an obsession, caused her to make ruthless choices. Tamara elaborates that Cersei's love for her children ""became a weapon that destroyed her."" In essence, Tamara believes that while Cersei's love for her family was a driving force in her character, it also exacerbated her flaws and ultimately contributed to her demise. This perspective highlights the complex interplay between love and ambition in shaping Cersei's character."
What could have changed everything for Cersei if she had embraced it according to Tamara?,Her family ties,"According to Tamara, Cersei's journey in Game of Thrones could have taken a very different direction if she had embraced her family ties without letting ambition overshadow them. Specifically, Tamara suggests that Cersei had chances to be a powerful figure in different ways, but she tended to see allies as threats instead of assets. Tamara believes that if Cersei had embraced those relationships, it might have given her the support she needed without compromising her ambition. This could have potentially prevented her from making the ruthless choices that led to her downfall and isolation. Tamara points out that Cersei's fierce protectiveness over her children is a driving force in her character, and it's this classic tragic flaw that makes her more human. If she had nurtured her relationships rather than treating them as obstacles, Tamara speculates that Cersei might have created a more stable rule, and her story could have taken a different and perhaps more balanced path. This suggests that embracing genuine connections could have mitigated the isolation and loss of meaningful relationships that characterized Cersei's character arc."
What does EmilyBurnett say Cersei's choices led to?,Her isolation,"EmilyBurnett discusses Cersei's journey in Game of Thrones, emphasizing the profound impact of her choices. According to her, Cersei's relentless pursuit of power often came at the cost of meaningful connections and personal fulfillment. She notes that Cersei's choices led her to isolate herself, pushing away those who cared about her in favor of her ambition. As a result, her power felt empty and hollow, leading to a tragic and isolated end. EmilyBurnett highlights how Cersei's story serves as a cautionary tale about the severe consequences of prioritizing ambition over relationships. Despite her complex and multifaceted character, EmilyBurnett believes that Cersei's legacy will likely be remembered as one of a fierce, cunning leader who ultimately destroyed her relationships and herself."
What does Quillan suggest could have been a game-changer for Cersei?,Accepting Tyrion's advice,"According to Quillan, the pivotal moment that could have altered Cersei's path was if she had accepted Tyrion Lannister's advice over her internal pride. Quillan believes that their potential collaboration could have significantly shifted her perspective on power dynamics, potentially leading to a different trajectory for her character. This suggestion highlights the importance of external influences in shaping a character's decisions and actions within the narrative."
What does Saffron say Cersei was blinded by?,Her need for control,"According to the discussions provided, Saffron mentions that Cersei was ""blinded by her need for control."" This indicates that Saffron perceives Cersei as having an overwhelming desire for power and authority that led her to overlook or disregard other important aspects of her life, including her relationships and moral integrity. This sentiment aligns with other comments suggesting that Cersei's relentless pursuit of power and control overshadowed her vulnerability and the love she felt for her family."
Who initiates the discussion about game storytelling?,ThaneChambers,"The discussion about game storytelling begins with a statement expressing surprise at the power of storytelling within games, suggesting that the characters' interactions reveal emotional layers as one progresses deeper into the story. This observation is made by Gavriel, who notes that games can add emotional depth through art and music without relying heavily on text. Following this, several individuals share examples of games that successfully convey emotional layers and themes, indicating that the topic of game storytelling is initiated and then expanded upon by community members like Gavriel, Li Hua, and others who provide insights into various games that effectively use storytelling to evoke strong emotions."
What game does ThaneChambers consider their top choice for storytelling?,The Last of Us,"Based on the conversation, Thane Chambers considers ""The Last of Us"" to be one of the top choices for storytelling. He praises the game's strong narrative, compelling character development, and the way it explores themes of love, loss, and sacrifice in an intense survival scenario. Specifically, he notes how the game does an exceptional job of showcasing how relationships evolve under stress, making it a standout in terms of emotional storytelling within a video game. Additionally, Thane mentions that games like ""The Last of Us"" push boundaries by presenting complex character arcs and challenging players to grapple with moral dilemmas, which aligns with his appreciation for games that offer rich and multifaceted narratives."
Which game's narrative does Bronwyn appreciate for its father-son dynamic?,God of War,"Based on the discussion, Bronwyn appreciates the narrative of ""Detroit: Become Human"" for its father-son dynamic. Specifically, Bronwyn mentions enjoying Dandelion's role in the game, noting how his presence balances out serious moments and how his wit and charm contribute to the game's humor. However, the primary focus of Bronwyn's appreciation appears to be on the relationship between Dandelion and Geralt, highlighting how their bond is depicted as a source of loyalty and support throughout the game. Bronwyn describes Dandelion as a delightful character whose wit and loyalty highlight the depth of their friendship, adding a humorous yet meaningful touch to Geralt's story."
What game does Gavriel mention for its characters and plot twists?,Final Fantasy VII Remake,"In the discussion, Gavriel mentioned that ""Gris"" is a game that catches one off guard with its themes and emotional layers. Despite appearing to be a simple platformer, ""Gris"" actually delves deeply into themes of grief and emotional growth. The game enhances these themes with its art and music, creating an impactful emotional journey that might surprise players. No other specific game was highlighted in this particular conversation for its characters and plot twists, but ""Gris"" stands out for its unexpected depth and emotional resonance."
Which game does ThaneChambers recommend for its choice-based storytelling?,Life is Strange,"Based on the conversation, ThaneChambers recommends ""The Last of Us"" for its strong narrative and choice-based storytelling. Specifically, ThaneChambers states, ""It's definitely one of the best out there! The storytelling sets it apart from a lot of other games. It's got this mix of action and stealth that keeps you on your toes. If you enjoyed games with strong narratives like Witcher 3, you'll love this one too!"" However, ThaneChambers also mentions that he thinks ""The Last of Us"" is a ""masterpiece"" due to its gripping and emotional story, well-developed characters, and intense gameplay. This recommendation aligns with his appreciation for games that offer rich and complex narratives with compelling choices that influence the story."
What game does Elara mention for making her emotional?,Bioshock Infinite,"Elara mentions ""Journey"" as a game that she finds particularly effective at evoking strong emotions through its gameplay without relying heavily on dialogue. She elaborates that the simplicity of the gameplay combined with the emotional journey it takes the player on is profound, noting that the lack of spoken dialogue makes every interaction feel intimate and meaningful. This allows for a deep emotional connection without the need for words, highlighting how a game can convey powerful feelings through its artistry and music."
Which game does Jareth praise for its storytelling in side quests?,The Witcher 3,"Based on the discussion, it appears that Jareth praises the side quests in ""The Witcher 3"" for their storytelling richness. Jareth mentions spending hours just wandering around and engaging with the side quests, indicating that he finds these quests engaging and impactful. He also notes that the side quests in ""The Witcher 3"" are rich and engaging, adding to the overall narrative and character development. This suggests that Jareth appreciates how the game uses side quests to deepen the story and create a more immersive experience."
What game does Dyllan describe as epic for its samurai culture?,Ghost of Tsushima,"Based on the conversation, Dyllan did not specifically mention a game that he describes as epic for its samurai culture. He mentioned games like ""God of War,"" ""Horizon Forbidden West,"" and ""Octopath Traveler,"" but none of these were explicitly described as having an epic representation of samurai culture. If you have more context or details about the game Dyllan was referring to, please provide them, and I can offer a more precise answer."
Which game does Helios call a masterpiece for making players feel connected to the characters?,Red Dead Redemption 2,"Based on the information provided in the entities table, Helios refers to multiple games positively. One notable game that Helios praises is ""Returnal."" Helios commends ""Returnal"" for its visual storytelling, atmosphere shifts, and constant tension. This indicates that Helios considers ""Returnal"" a masterpiece for effectively making players feel connected to the characters through its storytelling and atmosphere. However, it's important to note that Helios also speaks highly of several other games, such as ""Horizon Forbidden West,"" which he calls a ""masterpiece"" due to its stunning world, engaging gameplay mechanics, and compelling story."
"What scene from ""Red Dead Redemption 2"" does Bronwyn mention as emotional?",The scene with Arthur and John on the mountain,"Bronwyn mentions the attention to detail in Red Dead Redemption 2 as a standout feature of the game. Specifically, she highlights the realism and the ability to immerse oneself in the environment, noting that one can ride through snowy mountains and feel like they are truly living in that world. While Bronwyn does not mention any particular scene as being particularly emotional, the overall immersive quality of the game, combined with the detailed environments and character interactions, contributes to the emotional depth of the player's experience. This immersion likely includes various emotional scenes, such as witnessing the harsh realities of life during the American Old West, bonding with the characters in the camp, or experiencing the dramatic consequences of the game's compelling story."
What game does Ileana say made her question the morality of her actions?,Red Dead Redemption 2,"Based on the information provided in the given data, there is no mention of a game that Ileana played or a specific game that made her question the morality of her actions. The discussion revolves around characters from ""Game of Thrones"" and gameplay mechanics from ""Dishonored,"" but does not include details about a particular game that influenced Ileana's reflections."
Which game does Caelum mention for encouraging emotional engagement with the narrative?,Red Dead Redemption 2,"Caelum mentions several games that encourage emotional engagement with the narrative, highlighting how storytelling can profoundly affect the player's experience. He specifically points to games like ""Firewatch,"" which he describes as having an ""intimate feel"" and drawing him in through the dialogue between the main characters. This game taps into the emotional experience by focusing on themes of isolation and connection, handling these themes beautifully. Additionally, Caelum praises ""The Beginner's Guide,"" noting that it makes the player reflect on creativity and self-discovery, adding another layer of emotional resonance to the experience. These games demonstrate how gaming can be a medium that deeply impacts players on an emotional level."
What game does Bronwyn say mixes daily life with deep story arcs?,Persona 5,"Based on the discussion, Bronwyn mentions Red Dead Redemption 2 as a game that offers an immersive experience with both realistic daily life elements and rich, engaging story arcs. Specifically, Bronwyn highlights the attention to detail in the game, mentioning that riding through snowy mountains and experiencing the weather changes and wildlife interactions makes the player feel like they are truly living in the world. Additionally, Bronwyn notes that the story is super engaging and the characters feel very real. Therefore, Red Dead Redemption 2 appears to be the game that mixes daily life with deep story arcs as described by Bronwyn."
Which game does Ileana mention for its unique world and storytelling?,Horizon Zero Dawn,"Ileana mentions ""Horizon Forbidden West"" as a game with a unique world and powerful storytelling. She describes how the game's stunning visuals and engaging narrative create an immersive experience, making players feel deeply connected to both the characters and the world they inhabit."
What game does LiHua mention for exploring themes of choice & consciousness & humanity?,Detroit: Become Human,"LiHua mentions ""Detroit: Become Human"" as an example of a game that explores themes of choice, consciousness, and humanity. This game is noted for its thought-provoking exploration of these themes, particularly through its branching narrative structure and the way it allows players to experience different perspectives within the game."
Which game does Dyllan say raised interesting questions and moral dilemmas?,Detroit: Become Human,"The passage does not specifically mention which game Dyllan is referring to when he says it raises interesting questions and moral dilemmas. However, the context suggests that the conversation is centered around the Witcher 3 video game, as it mentions quests, characters, and the impact of player choices on the story. Without explicit mention of a specific game, it's reasonable to infer that the game in question is Witcher 3, given the extensive details provided about quests, characters, and moral choices within the game."
What game does Dyllan recall for its intimate feel and dialogue?,Firewatch,"Dyllan mentions that the game ""Firewatch"" had a particularly intimate feel and drew him in with its dialogue between the main characters. This intimate narrative experience kept him engaged throughout the game, and he found the mystery element of the story compelling. Firewatch is known for its strong storytelling and the immersive nature of its dialogue, which contributes significantly to the emotional and psychological depth of the game."
Which game does LiHua mention for playing with various storytelling tropes?,The Stanley Parable,"LiHua mentions ""The Stanley Parable"" as a game that uses storytelling in unconventional ways, raising interesting questions and moral dilemmas through its narrative structure. Specifically, she notes that the game ""raises some interesting questions and moral dilemmas [and] the way it lets you experience different perspectives is so intriguing."" LiHua and Dyllan both highlight how the game allows for multiple outcomes based on player choices, keeping the narrative fresh and unpredictable with each playthrough."
When did Li Hua receive the curtains?,Yesterday (implied to be 20261011),"According to the conversations, Li Hua received the curtains ""yesterday"" after Adam Smith mentioned, ""I really like the patterns! And by the way, I have received it yesterday!"" This indicates that the delivery took place the day prior to the conversation."
What does Li Hua like about the curtains?,the patterns,"In the conversation, Li Hua expresses satisfaction with the curtains, stating, ""They are perfect! I'm more than satisfied!"" Additionally, she mentions that the curtains ""totally meets my expectations."" There is no further specific feedback provided regarding the design, texture, or functionality of the curtains."
Who offers to help with the installation of the curtains?,AdamSmith,"In the conversation, Adam Smith offers to help with the installation of the curtains. Specifically, he mentions, ""Just let me know when you're free to get it done."" Later in the conversation, Li Hua asks Adam if there's a specific time for the maintenance to be done, and Adam responds, ""Sure, I can arrange for that repair. Would you prefer a specific time for the maintenance to be done?"" This indicates that Adam Smith is willing to assist with the installation of the curtains."
What does Turalyon want to hear everyone's thoughts on?,the new benches,"Turalyon, in the discussion about choosing plants for the garden, wants to hear everyone's thoughts on the specific types of plants they prefer. He encourages participants to share their preferences, stating, ""Hey everyone! I want to put together a resident vote for the specific types of plants that you want in the garden. Your input is super important, so let's get those votes in! 🌼🌷💙"" This indicates that Turalyon is keen on gathering varied opinions to make an informed decision about which plants should be included in the garden."
What does MuradinBronzebeard think about the cushions idea?,It sounds like a nice idea,"In the discussions regarding the new benches installed, MuradinBronzebeard expressed support for the idea of adding cushions for extra comfort. He suggested that the cushions could be colorful to match the flowers they planned to plant, enhancing the aesthetic appeal of the garden. MuradinBronzebeard thought that the addition of cushions would make hanging out at the garden even more cozy and enjoyable."
What does MalfurionStormrage suggest for sunny days?,umbrellas for shade,"Based on the information provided in the table, Malfurion Stormrage does not specifically mention anything about what to do on sunny days. The text discusses his suggestions for community emergency response training and covers topics such as covering basic first aid, emergency response protocols, and communication strategies. There is no reference to activities or preparations for sunny days."
Who proposes the idea of adding tables near the benches?,RexxarRemar,"In the discussion regarding the community garden renovation, Thrall suggests adding benches along with tables, which he describes as ""picnic tables."" This suggestion is made to create a more community-oriented space, encouraging gatherings and events. Rexxar Remar adds that having picnic tables would make the space more suitable for hosting outdoor activities and family events. Therefore, Thrall is the one who initially proposes the idea of adding tables near the benches."
What does GromHellscream suggest to brighten the area in the evening?,lanterns or string lights,"GromHellscream suggests adding lanterns or string lights to brighten the area in the evening, describing it as a ""magical"" addition that could make the garden feel cozy and inviting during the evenings. GromHellscream specifically recommends solar-powered lanterns due to their eco-friendliness and ease of maintenance, noting that they can charge during the day when the garden is being worked on."
What type of lanterns does MalfurionStormrage recommend?,solar-powered lanterns,"In one of the discussions, MalfurionStormrage suggested using string lights or lanterns to create a cozy and inviting atmosphere for evening gatherings. He did not specify the exact type of lanterns; however, he indicated that soft white lights would give a warm ambiance. There was no recommendation for colored lanterns specifically."
Who is excited to see how the garden evolves?,Thrall,"Several individuals express excitement about the evolving garden, including Turalyon, who mentions the enthusiasm of the community. He states, ""Loving all the enthusiasm! These suggestions are going to make our garden a fantastic community spot."" Additionally, MuradinBronzebeard expresses his excitement, saying, ""Let’s make it a vibrant community space! I'm all in!"" Furthermore, MalfurionStormrage shows his enthusiasm, stating, ""I love how everyone is contributing to make the garden a better place. Let’s continue to gather more suggestions and refine what we have."" Overall, the collective sentiment indicates a high level of excitement among the participants regarding the garden's evolution."
What does Turalyon think about the suggestions?,They are going to make the garden a fantastic community spot,"In the discussion, Turalyon expresses enthusiasm and support for various suggestions. When Tirion Fordring proposes putting together a resident vote for specific types of plants to be included in the garden, Turalyon immediately responds with excitement, saying ""Sounds like a fun decision to make! Can't wait to see what everyone picks for the garden! 🌸🌺✨."" This indicates his positive reception to the idea. Later, when Arthas Menethil suggests choosing the Bluebell, Turalyon adds his agreement, stating, ""Bluebells are a great option! They're beautiful and can really add charm to the space. Excited to see how it all turns out! 🌼✨,"" showing his approval. Additionally, when Rexxar Remar suggests getting a variety of colors including Camellias, Turalyon supports the idea, emphasizing the beauty and appeal of adding a mix of colors, saying, ""Absolutely! Camellias would be a fantastic addition. It's great to have a mix of colors in the garden! 🌺🙌."" Throughout the conversation, Turalyon maintains a supportive and enthusiastic attitude toward the garden improvements proposed by the others."
What does ChaeSong-hwa suggest for the garden once everything is set up?,a little gathering,"ChaeSong-hwa suggests organizing a little gathering in the community garden once everything is set up. This gathering would serve as a celebration of the community's efforts and a chance for everyone to enjoy the garden together. ChaeSong-hwa proposes several activities for this gathering, including fun games for children, flower planting workshops for adults, and a potluck where everyone can share their favorite dishes. Additionally, ChaeSong-hwa considers incorporating live music or entertainment to enhance the atmosphere. Overall, ChaeSong-hwa aims to create an inclusive and enjoyable space for the community to gather and appreciate the garden's development."
What kind of activities does MalfurionStormrage suggest for the gathering?,games for kids & flower planting workshops & good food,"In the discussions regarding the upcoming gathering in the garden, MalfurionStormrage expresses enthusiasm for the idea. He suggests including various activities to make the gathering more engaging and enjoyable. Specifically, he proposes having some games for children, which he believes would be particularly popular. Additionally, he mentions the possibility of a potluck, where everyone could share their favorite dishes, and perhaps some live music to enhance the overall atmosphere. Malfurion's suggestion is aimed at ensuring that the gathering is inclusive and offers something for everyone to enjoy."
Who offers to check with friends for live music performance?,ArthasMenethil,"In the discussions provided, WolfgangSchulz is the one who suggests checking out a live music performance. This suggestion is made in a conversation where he invites LiHua to attend a concert on March 7th at 6 PM. Specifically, WolfgangSchulz mentions, ""Hey! Got an extra ticket for a concert on March 7th at 6 PM. Wanna join me? Would be awesome to catch up and enjoy some live music!"" Thus, it is WolfgangSchulz who offers to check with friends for a live music performance."
What does MuradinBronzebeard think about live music?,It would really enhance the experience,"There doesn't appear to be any specific information regarding Muradin Bronzebeard's opinions or thoughts on live music within the provided conversation snippets. The discussions revolve around various topics including personal experiences with music, its impact on mental health, the benefits of playing instruments, and plans for future jam sessions. There is no mention of Muradin Bronzebeard or his views on live music."
Who suggests doing a group purchase of the new games?,ThaneChambers,"Thane Chambers suggests doing a group purchase of the new games, specifically mentioning that he saw news about a bunch of new games dropping soon on both the PS digital store and physical disc. He proposes the idea to Li Hua, who expresses enthusiasm for the group purchase, stating that it would be ""nice to save a bit while getting a new game."" This initiative aligns with Thane's suggestion, indicating a positive reception among the group members."
What does ThaneChambers think about the new games?,excited and interested,"Based on the conversation, Thane Chambers expresses interest in and appreciation for new games that delve into complex character arcs and narratives. Specifically, he asks about games that explore moral ambiguity and the development of characters through challenging situations. He mentions his excitement for games that feature characters with strong moral struggles, such as Dutch from ""The Last of Us."" Thane suggests that players who enjoyed games with robust narratives, such as ""Witcher 3,"" might appreciate games that offer similar depth and character growth. His comments indicate a preference for storytelling that involves deep character relationships and moral dilemmas, suggesting an anticipation for new titles that align with these themes."
What feature are they hoping for in the new game?,co-op missions and shared loot system,"In the conversation, there is a suggestion for a new faction in a hypothetical show or narrative, which indicates a desire for a fresh dynamic and added complexity. This is mentioned in a response where Phaedra expresses interest in seeing how the show develops in the next season, particularly mentioning the possibility of introducing new characters or factions that could create tension and conflict. This reflects a hope for a new element that can add intrigue and depth to the storyline. However, there isn't a specific feature mentioned for a new game in the provided data, focusing more on the potential for a new faction to influence the narrative and introduce new conflicts and dynamics."
What does Helios want to know about the game?,whether it will feature crossplay,"Based on the information provided in the text, Helios is a character who seems to be interested in multiple games and enjoys discussing them. In the discussion about Horizon Forbidden West, Helios expresses enthusiasm about the game, describing the stunning world, top-notch gameplay mechanics, and engaging story. He particularly mentions getting excited about the intense moments in the game and the focus on action-oriented gameplay. Additionally, Helios is keen on the potential for intense moments in Final Fantasy XVI, indicating a desire to learn more about the narrative and character depth in that game. From the context, it appears that Helios is actively seeking information about the games he is interested in, hoping to understand more about the potential for intense moments and the focus on action in these titles. His eagerness to engage with the games suggests that he wants to delve deeper into their storytelling and gameplay aspects."
What does Dyllan think about crossplay?,it was awesome and makes playing together much easier,"Based on the conversation provided, Dyllan does not express any specific thoughts or opinions regarding crossplay. There is no mention of crossplay or any related topics in the dialogue between the participants. Therefore, no conclusion can be drawn about Dyllan's stance on crossplay based on the given information."
What does Ileana think is essential for the new game?,a robust matchmaking system,"In the discussion regarding the upcoming game, Ileana emphasizes the importance of the Game Help feature and the Control Center. She appreciates the Game Help feature as a lifesaver and finds the Control Center very useful, especially for adjusting audio settings on the fly without pausing the game. Additionally, she highlights the convenience of sharing clips and highlights directly from the Control Center, which allows users to relive those intense moments with friends and shows off their achievements. This feedback suggests that Ileana values features that enhance user experience and accessibility, making the gaming process smoother and more enjoyable."
What does Fionnuala think about matchmaking systems?,they can make or break the experience,"Fionuala expresses strong support for matchmaking systems in games, emphasizing their importance in ensuring that players are matched with others who have similar skill levels and goals. She believes that a robust matchmaking system can significantly enhance the gaming experience by avoiding frustrating encounters with less skilled or mismatched players. Fionuala argues that such systems help in creating smoother gameplay sessions and ensures that players are aligned towards common objectives, thereby improving overall enjoyment."
What does Helios think would be awesome for character development?,a deep skill tree or upgrade system,"Helios, who is engaged in various discussions about games and their themes, expresses enthusiasm for character development and evolution. In one discussion, Helios suggests that introducing new characters or factions that challenge the main characters could be an exciting direction for the storyline. Helios believes that such developments would add layers of tension and complexity, leading to meaningful character interactions and discussions. Additionally, Helios praises ""Returnal"" for its strong visual storytelling, atmospheric shifts, and constant tension, indicating a keen interest in character-driven narratives that provoke emotional and intellectual engagement. Through these comments, it is clear that Helios sees character development and evolution as key elements that can elevate the quality and depth of gaming experiences."
What does Gavriel think about crafting systems?,they offer a chance to create unique weapons and gear,"Based on the discussion provided, Gavriel did not specifically address crafting systems. His comments focused primarily on the types of resources and consumables that would be available in the game, mentioning things like health potions, buffs, and crafting ingredients. He also discussed the strategic aspects of using these items effectively. There is no information given regarding his thoughts on crafting systems or the overall crafting mechanic in the context of the game."
What does Elara think about resource management?,it always makes it feel more immersive,"In the discussion regarding strategies for playing ""Octopath Traveler,"" Elara expressed an opinion on balancing the composition of a party. Specifically, Elara emphasized the importance of having a balanced party, stating, ""I definitely think having a balanced party is key! It allows for more flexibility in battles and helps adapt to different challenges you face. A strong defense is just as important as dealing damage!"" This indicates that Elara believes in maintaining a mix of tanks (characters who can absorb damage), healers (who can restore health), and damage dealers (who focus on causing harm). Elara's perspective underscores the necessity of a well-rounded team to handle various challenges effectively in the game."
What does Fionnuala think about potions and temporary boosts?,they are always helpful,"Based on the conversations shared, there isn't specific mention of Fionnuala discussing potions or temporary boosts in relation to the games being discussed. However, Fionnuala does mention her love for the ""Gwent"" side quests and how they add humor and a lighter tone to the game. In ""The Witcher 3: Wild Hunt,"" Gwent is a mini-game where players can engage in strategic card-based battles, often featuring temporary boosts and effects that can give players an advantage temporarily. Given Fionnuala's enthusiasm for the Gwent side quests, it's possible she finds the temporary boosts and potions in the game intriguing, although this wasn't explicitly addressed in her comments."
What does ThaneChambers think about stealth boosts?,they add a whole new layer to gameplay,"Based on the discussion, ThaneChambers expresses enthusiasm for stealth boosts, particularly mentioning speed boosts. He believes that speed boosts would provide an adrenaline rush and add a strategic element since players would have to consider when and how to use them effectively. ThaneChambers also anticipates that stealth boosts would contribute to the overall excitement of the game, allowing players to approach situations in different ways, which he finds refreshing. He further suggests that stealth mechanics could significantly impact co-op play by facilitating the coordination of sneaky maneuvers, making it an enjoyable experience for team members."
What does Bronwyn think about the idea of stealth missions?,it will be all about timing and communication,"Bronwyn expresses enthusiasm for the concept of stealth missions. She notes that having a mix of offensive and defensive boosts would be great, suggesting that speed boosts, for instance, would be particularly appealing due to the adrenaline rush they offer. Bronwyn also highlights the importance of clear roles within a team tasked with stealth missions, emphasizing that planning and communication will be key factors. She believes that leveraging the environment to one's advantage, such as hiding behind obstacles or using shadows, could significantly enhance their teamwork and make stealth missions thrilling. Overall, Bronwyn seems very excited about the possibility of incorporating stealth elements into the game, appreciating how they could introduce varied gameplay experiences and unique strategies."
What does LiHua think about the potential for stealth in the game?,it could lead to some really engaging and strategic gameplay,"In discussions about the game's features, LiHua expressed enthusiasm for including stealth elements. LiHua shared, ""I'm hoping for a mix of resources! Like materials for crafting weapons and armor, maybe some rare items for upgrades, and even in-game currency for trading. It would be exciting to explore and find hidden treasures that surprise us."" This statement indicates that LiHua is open to incorporating various resources, suggesting that stealth might involve hidden treasures or other valuable in-game assets. Additionally, LiHua commented, ""It would be cool too! Things like health potions, buffs, or crafting ingredients can really enrich the gameplay. It adds another layer of strategy since you have to think about when and how to use them effectively."" This feedback shows that LiHua appreciates the strategic aspects that stealth elements could bring to the game. LiHua also expressed excitement about the inclusion of stealth mechanics, saying, ""I'm a fan of speed boosts for sure! They can really help in dodging attacks or quickly repositioning during combat. Plus, who doesn't love that adrenaline rush?"" This further highlights LiHua's positive outlook on stealth features, emphasizing the enjoyment of both offensive and defensive boosts. Overall, LiHua seems supportive of stealth elements and believes they can add significant value and engagement to the game."
What team does JakeWatson admire for their comebacks?,Real Madrid,"In the conversation, JakeWatson expresses admiration for the comebacks between FC Barcelona and Bayern Munich in UEFA Champions League (UCL) history. Specifically, he mentions a match where Barcelona lost 4-0 in 2013, only to come back and win 7-0 in 2015. JakeWatson finds these dramatic turnarounds in matches particularly thrilling and emotional, which is why he loves soccer. He believes that these kinds of performances showcase the best qualities of the teams involved, including teamwork and individual skills."
What is one characteristic of Real Madrid that JakeWatson mentions?,they thrive under pressure,"JakeWatson emphasizes the ""never-say-die"" attitude of Real Madrid, highlighting their ability to turn things around and overcome adversity. Specifically, he mentions a game where Real Madrid was down by two goals but managed to score two goals in quick succession to come back and win. This showcases their resilience and determination, which are key characteristics that make El Clásico matches so thrilling and exciting."
Which match does JakeWatson remember for Real Madrid's comeback?,Champions League against Manchester City in 2022,"JakeWatson remembers the famous Champions League comeback against Manchester City in 2022 as one of the most memorable matches for Real Madrid. In this match, Real Madrid was down by two goals but managed to score two goals in quick succession in stoppage time, leading to an epic comeback victory. This match exemplifies Real Madrid's ability to turn things around under pressure, showcasing their ""never-say-die"" attitude and the influence of players like Rodrygo."
What was special about the match against Manchester City in 2022 according to the group discussion?,Rodrygo's stoppage-time goal,"In the group discussion, the match between Real Madrid and Manchester City in 2022 was highlighted as particularly notable due to its dramatic nature and the decisive moment that turned the tide of the game. Specifically, the conversation mentions a stoppage-time goal scored by Rodrygo, which turned the game in favor of Real Madrid. This goal, coming in stoppage time, was described as ""epic"" and exemplified the resilience and determination of the Real Madrid players, especially in the face of adversity. The group emphasized the significance of the match not just for Real Madrid but also for Manchester City, showing how crucial it was in the context of the competition. The atmosphere during the match, with the fans being described as ""wild,"" added to the excitement and drama of the encounter."
What does Aurora say about the atmosphere at the Bernabéu during tough games?,It was electric,"Aurora expresses a significant appreciation for the atmosphere at the Bernabéu during challenging matches. She highlights the strong connection between the fans and players, noting how the fans contribute greatly to the team's performance, especially during critical moments. Aurora describes the Bernabéu as having an ""electric"" atmosphere, emphasizing the pivotal role of the Bernabéu in boosting the team's morale and success. She shares that the fans at the Bernabéu provide an extraordinary amount of support, which can significantly influence the team's performance and outcome. Aurora further elaborates on the legendary history of Real Madrid in the Champions League, stating that their winning culture is deeply ingrained within the club. This collective spirit and the passionate backing of the Bernabéu crowd serve as an inspiration for the team to overcome adversity and perform exceptionally well, making every game an exhilarating experience."
What does Evangeline say about Real Madrid's history in the Champions League?,They have a legendary history and a winning culture,"According to the data provided, Evangeline expresses enthusiasm for Real Madrid's history in the Champions League, specifically mentioning the 2011 Champions League final. She highlights that Barcelona defeated Real Madrid 3-1 in that match, which was a significant moment in the history of El Clasico. Evangeline emphasizes the dominance and tactical prowess shown by Barcelona in that match, noting that it marked a ""significant moment"" in the Champions League. Her comments reflect a deep appreciation for the club's achievements in this prestigious competition."
What does Briar think about Real Madrid's chances for the rest of the season?,They have a solid chance to challenge for every title,"In the conversation, Briar expresses optimism about Real Madrid's prospects for the remainder of the season. Briar believes that with the club's depth in the squad and the integration of new talent, they have a solid chance to compete for every title. Briar also mentions Ancelotti's ability to motivate and utilize his players effectively, even in critical moments. Overall, Briar is confident that Real Madrid can maintain their current level of performance and possibly surpass expectations, given their rich history and passionate fanbase."
Who is Real Madrid's coach according to Ivor?,Ancelotti,"According to the information provided, Ivor does not specify the current coach of Real Madrid. The text mentions discussions about Real Madrid's comeback capabilities and the team's mindset under pressure, but it does not provide details about their current coach."
What does Dacey propose to practice on Saturday?,soccer shooting skills,"On Saturday, Dacey proposes to practice dribbling skills. She mentions that she is available to participate in a soccer practice session scheduled for 3 PM on that day. Additionally, Dacey offers to bring a ball and water bottles for the practice, indicating that she is prepared to contribute to the session."
Where do they plan to meet for soccer practice?,the local park,"Based on the conversations provided, the location for the soccer practice sessions seems to be a place agreed upon by Li Hua and Jasper. Specifically, in the dialogue:- Li Hua mentions, ""I was thinking Saturday afternoon to work on some passing drills. Let me know if you're in!""- Jasper replies, ""I can join as well! What time did you have in mind for Saturday? I'm keen to practice some passing drills and maybe even some shooting drills too!""Additionally, Farrah suggests, ""How about we meet around 3 PM? We can focus on passing drills for the first hour and then mix in shooting practice after that."" So, it appears that they plan to meet at a predetermined location, presumably the same place where Li Hua and Jasper met earlier for the photography walk and exploring the place before sunset. This location seems to be a common spot for them to convene for their soccer practice sessions."
What time do they plan to meet for soccer practice?,3 PM,"In multiple instances, there is mention of planned soccer practices. Specifically, JakeWatson and LiHua have arranged meetings to practice soccer skills. One such instance occurs in the conversation dated `20261103_13:00`, where LiHua asks JakeWatson about the time they plan to meet for practice, and JakeWatson suggests a Saturday afternoon session starting at 3 PM. Another example is found in a conversation dated `20261109_09:00`, where JakeWatson mentions planning to meet for practice on the same day at 3 PM. Therefore, based on these conversations, they plan to meet for soccer practice at 3 PM on Saturdays."
Who offers to bring cones for the soccer practice?,Aurora,"In the given data, there is no mention of anyone offering to bring cones for the soccer practice. The conversations revolve around practice sessions, passing drills, shooting drills, and the logistics of arranging these sessions. While specific items like cones are not mentioned, the emphasis is on planning and executing the practice sessions rather than detailing individual contributions. Therefore, based on the information provided, we cannot identify who offers to bring cones for the soccer practice."
What else does Henley plan to work on during the practice?,dribbling skills,"During the practice session, Henley plans to look forward to the practice day and emphasizes the importance of bringing enthusiasm and water bottles for hydration. She also looks forward to playing with friends and shares the goal of improving skills together. However, the details of what specifically Henley plans to work on during the practice session are not explicitly mentioned in the provided data. The text indicates that Henley looks forward to the practice session and hopes to improve her skills by practicing with friends, but no specific activities or drills are outlined."
Who suggests getting pizza for dinner?,WolfgangSchulz,"In the conversation recorded under ID 15, WolfgangSchulz suggests getting pizza for dinner. Specifically, he initiates the discussion by saying, ""Hey! Wanna grab dinner tonight?"" and then asks, ""What kind of pizza is your favorite?"" indicating that he is considering getting pizza as an option for their dinner."
What does LiHua want to know about WolfgangSchulz's pizza preference?,his favorite place for pizza,"Based on the conversation, LiHua is curious about WolfgangSchulz's favorite type of pizza. In their previous exchange, WolfgangSchulz mentioned his affinity for classic margherita pizza, describing it as ""simple but so good."" LiHua, on the other hand, expresses her fondness for pepperoni pizza, indicating a preference for the spiciness it offers. During their discussion, WolfgangSchulz also asked LiHua what she likes to pair with her pizza, showing interest in understanding her preferences beyond the pizza itself. This indicates that WolfgangSchulz's pizza preference is the central point of inquiry for LiHua in their conversation."
What new pizza place does WolfgangSchulz suggest?,a new pizza place downtown,"In one of the conversations recorded, WolfgangSchulz suggests a new pizza place downtown for a potential dinner outing. This suggestion comes during a discussion about possible dining locations, where LiHua expresses interest in trying the new pizza place downtown that WolfgangSchulz mentioned he has heard good things about. Specifically, this interaction took place on October 15, 2026, at 15:00."
What time do they agree to meet for pizza?,around 7,"According to the conversation, WolfgangSchulz and LiHua agree to meet for dinner at a pizza place around 7 PM. WolfgangSchulz suggests 7 PM as a convenient time to unwind after work, and LiHua confirms this time. This agreement is made in the context of WolfgangSchulz inviting LiHua for dinner after work, specifically mentioning a pizza place downtown that he believes has ""some amazing toppings."""
Who invites LiHua to taste a new bread recipe?,HaileyJohnson,"In the conversation documented in the source content ID 5, HaileyJohnson invites LiHua to taste a new bread recipe. Specifically, HaileyJohnson reaches out to LiHua saying, ""Hey! I’ve been trying out a new bread recipe and would love for you to taste it. Are you free to come by the bakery?"" This invitation takes place at 3 PM."
What does HaileyJohnson want LiHua to taste?,a new bread recipe,"In the conversation recorded on August 29th, 2026 (ID 2), HaileyJohnson asks LiHua to try her new donuts and shares that she is looking for feedback to improve the flavors. Specifically, HaileyJohnson states, ""Hey Li Hua! Just wanted to hear your thoughts on the new artisanal donuts I’ve been working on. Have you had a chance to try them?"" This indicates that HaileyJohnson wants LiHua to taste her new donuts and provide her with feedback on the flavors."
What type of pizza does WolfgangSchulz prefer?,margherita,"Based on the conversation, WolfgangSchulz prefers a classic margherita pizza. This preference is evident from his statement, ""Bro, I’m all about that classic margherita. Simple but so good!"" Additionally, during a previous discussion, he mentioned that he usually goes for a nice cold drink with his pizza, indicating a preference for a classic, straightforward pizza option."
What pizza does LiHua like?,pepperoni with extra cheese,"Based on the conversation, LiHua expresses a preference for pepperoni pizza, describing it as ""can't resist that spiciness!"" However, the specific type of pizza LiHua prefers isn't explicitly stated. The dialogue indicates that LiHua enjoys pepperoni pizza, which often includes a combination of pepperoni and cheese. There is no mention of LiHua having a particular favorite among different types of pizzas, only noting a preference for pepperoni specifically."
What drink does WolfgangSchulz usually have with his pizza?,soda or craft beer,"From the conversations provided, WolfgangSchulz typically enjoys a cold drink with his pizza. He mentioned that he usually goes for a nice cold drink, possibly a soda or craft beer, depending on his mood. This preference for a cold beverage aligns with his enjoyment of the savory and sometimes spicy flavors of pepperoni pizza."
What is LiHua's suggestion regarding pizza places?,to check out the new downtown place,"In the conversation, WolfgangSchulz inquires about LiHua's favorite pizza place. LiHua responds positively, stating, ""I'm a big fan of pepperoni, can't resist that spiciness! Plus, a little extra cheese always hits the spot."" WolfgangSchulz then asks what LiHua likes to pair with his pizza, and LiHua replies, ""I love having a refreshing lemonade with pizza. It complements the flavors so well!"" While WolfgangSchulz expresses interest in checking out a new pizza place downtown that he has been hearing good things about, LiHua does not provide a specific suggestion for a favorite pizza place. Therefore, based on the information provided, LiHua's preferences are mainly centered around pepperoni pizza and pairing it with a refreshing lemonade."
What do LiHua and Wolfgang plan to do together according to their conversation on 20261017?,plan a pizza night,"According to the conversation recorded on 20261017 at 17:00, LiHua and Wolfgang discussed their plans for the upcoming week. Wolfgang expressed interest in picking up a new hobby together to unwind from work stress, suggesting pottery or painting. LiHua agreed and suggested starting with painting, which Wolfgang also thought was a good idea. Wolfgang proposed that they could gather supplies and spend the day painting together, planning to meet at LiHua's place on the following weekend. LiHua welcomed this idea, expressing excitement about spending quality time together engaging in a creative activity."
What songs does ChaeSong-hwa suggest starting with according to the discussion on 20261019?,"Sweet Home Alabama or ""Let It Be""","Based on the conversation held on 20261019, ChaeSong-hwa suggested starting with two songs: ""Landslide"" and ""Blackbird"". These were chosen because they are known for their soothing qualities and had been previously performed. The group agreed that maintaining the relaxed vibe was important for the session. ChaeSong-hwa also proposed adding ""Sparks Fly"" to the setlist, describing it as having a ""nice feel to it"", further emphasizing the gentle and enjoyable nature of the planned playlist."
What type of songs does YurikoYamamoto want to try according to the discussion on 2026101?,upbeat pop songs,"According to the discussion on 2026101, YurikoYamamoto suggested trying out ""All You Need Is Love"" and ""Let It Be."" She expressed her excitement about these songs and the upcoming jam session, indicating that she was looking forward to playing with her band members. These choices suggest that YurikoYamamoto prefers classic and upbeat songs that are popular and widely known, which aligns with the musical tastes of her bandmates."
What songs does ChaeSong-hwa suggest adding to the mix according to the discussion on 2026101?,"Shallow or ""Shake It Off""","There appears to be no discussion on October 1st in the provided data. The available discussions pertain to dates including 20260425, 20260505, 20260509, 20260703, and 20260725. No mention of October 1st is found within the given content. Therefore, based on the information available, there is no specific song suggestion from ChaeSong-hwa on October 1st."
What does ChaeSong-hwa plan to bring to karaoke night?,snacks,"In one of the discussions, ChaeSong-hwa mentions planning to bring snacks to the karaoke night. Specifically, he states, ""I’ll bring my A-game! Excited for another great session! 🎶💪"" and later, ""I’m sure it’ll be a fantastic time! See you all tomorrow! 🎤✨"". However, regarding the items he plans to bring specifically, the table only indicates that he intends to contribute by participating and having fun, rather than bringing snacks or any other physical items."
What does WolfgangSchulz suggest the group do before the upcoming karaoke night?,pick their songs,"In the context of the provided conversation, there is no specific mention of WolfgangSchulz suggesting any particular activity for the group to do before the karaoke night. The dialogue focuses on other social engagements and personal matters rather than planning activities leading up to the karaoke event. Therefore, based on the available information, there is no concrete suggestion from WolfgangSchulz regarding what the group should do prior to the karaoke night."
How does LiHua feel about the upcoming karaoke night?,excited and can't wait,"Based on the conversations provided, LiHua expresses enthusiasm and excitement about the upcoming karaoke night. In one conversation, LiHua states, ""Next weekend sounds great! Can't wait to sing our hearts out! 🎤✨,"" indicating their positive anticipation for the event. Additionally, in another exchange, LiHua suggests potential songs to sing, showing their interest and involvement in planning the karaoke night. Overall, LiHua appears very excited and supportive of the karaoke activity."
What does ChaeSong-hwa say about the karaoke night?,it's going to be a blast,"In multiple conversations, ChaeSong-hwa expresses enthusiasm and interest in organizing karaoke activities. Specifically, in one instance, he suggests having a karaoke night this week, stating, ""Hey everyone! 🎤 How about a karaoke night this week? It’d be fun to mix things up! What do you think? 🎶"" He further plans a specific date for the event, aiming for a Friday evening, saying, ""Let's aim for this Friday evening then? Should be a good way to end the week! What do you guys think? 🎤✨"". Additionally, ChaeSong-hwa mentions his desire to bring snacks, indicating his active involvement in planning these gatherings. His positive attitude and eagerness to organize such events show his commitment to social interactions through karaoke sessions."
What is the current status of the curtains according to LiHua?,They are perfect and more than satisfies him,"According to the conversations documented, the curtains have been successfully installed and LiHua is very satisfied with them. She mentioned that she is ""more than satisfied"" with the curtains and expressed her appreciation for Adam Smith's help in arranging and installing them. LiHua also confirmed that the curtains are ""excellent"" and ""totally meets my expectations."" Additionally, she noted that she had no issues with the basement window's privacy after the installation, as evidenced by her statement, ""I think it would really boost the privacy down there."" Overall, based on the interactions shared, the curtains are functioning well and meeting LiHua's needs satisfactorily."
What offer does AdamSmith extend to LiHua regarding the basement?,It can be used for extra storage whenever LiHua is ready,"In one of the messages, AdamSmith extends a friendly reminder to LiHua regarding the rent being due soon. He mentions that if LiHua needs to discuss any payment options or has any questions, she can reach out to him. This shows that AdamSmith offers assistance in handling the rent payments, particularly emphasizing that LiHua should feel free to reach out if she requires any support."
What game does ThaneChambers remember as LiHua's favorite?,Black Myth: Wukong,"From the conversations recorded, we can gather that LiHua's favorite game is ""Black Myth: Wukong."" This is evident from a previous interaction where ThaneChambers asks LiHua what she thinks stands out the most in ""Black Myth: Wukong,"" to which LiHua replies that the visuals are stunning and the gameplay is fresh and exciting. Additionally, ThaneChambers expresses interest in the game after hearing LiHua's positive comments about it, further confirming that LiHua considers ""Black Myth: Wukong"" as her favorite game."
"What aspect of ""Black Myth: Wukong"" does LiHua find the most impressive?",the visuals,"Based on the discussions provided, LiHua expresses admiration for several aspects of ""Black Myth: Wukong."" Initially, she mentions that the game's visuals are ""stunning"" and that the ""storytelling is top-notch."" Later, she highlights her enjoyment of the game's ""immersive story"" and praises the ""unique combat style"" and ""fluid gameplay."" Additionally, LiHua appreciates the ""compelling storytelling"" and the ""unique mechanics"" in the game. Therefore, it seems that LiHua finds the overall immersive and visually impressive storytelling, combined with innovative gameplay mechanics, to be the most impressive aspects of ""Black Myth: Wukong."""
"What does ThaneChambers like about the game ""Black Myth: Wukong""?",the storytelling,"Based on the conversation, ThaneChambers has expressed several positive aspects of the game ""Black Myth: Wukong."" He has described it as having stunning visuals and a compelling storytelling, which he finds both engaging and enjoyable. Specifically, he noted that the game's visuals are impressive, highlighting its stunning graphics and world design. Additionally, ThaneChambers commended the storytelling, mentioning that it feels like a fresh take on the classic tale, which he appreciates. His enthusiasm for the game is evident, as he described his enjoyment of the combat system, which he found to be unique and fun, requiring strategic thinking and making each victory particularly satisfying. Overall, ThaneChambers seems to be impressed by ""Black Myth: Wukong"" and recommends it to LiHua, who has also expressed interest in playing the game based on the positive feedback she received."
"Who is LiHua's favorite character in the game ""Black Myth: Wukong""?",Wukong,"In the provided data, there isn't a direct mention of LiHua's favorite character within the game ""Black Myth: Wukong"". However, we can gather some insights from the conversations. In one of the interactions, WolfgangSchulz asks LiHua about his favorite moments in the game, to which LiHua replies, ""I really liked the boss battles; they're intense and require a lot of focus. The first time I faced a tricky one, I was on the edge of my seat! It makes every victory feel so rewarding."" Although this does not explicitly state a favorite character, it indicates that LiHua enjoys the boss battles, suggesting that these encounters may be particularly memorable. Given the context, it appears that LiHua might appreciate the diverse and challenging boss battles rather than a single favorite character in ""Black Myth: Wukong""."
"What memorable moment does LiHua share from the game ""Black Myth: Wukong""?",an amazing battle scene where he had to outsmart a giant enemy,"LiHua mentions having an ""amazing battle scene"" where she had to outsmart a giant enemy. The satisfaction of successfully strategizing and the visual grandeur of the scene made it particularly memorable for her. This highlights one of the standout moments in the game that LiHua enjoys, emphasizing the game's immersive and engaging combat elements."
"What memorable moment does ThaneChambers share from the game ""Black Myth: Wukong""?",a moment where he faced a tricky puzzle,"In the conversations shared, ThaneChambers provides insights into his experience with ""Black Myth: Wukong."" Specifically, he shares that he particularly enjoys the part where he first encounters the giant enemies, noting that the thrill of strategizing how to take them down is impressive. Additionally, he mentions that the scenery during that fight is breathtaking, highlighting the impressive visuals of the game. While not explicitly mentioning a standout moment, ThaneChambers emphasizes the unique combat mechanics and the immersive storytelling that make ""Black Myth: Wukong"" enjoyable."
"How does LiHua describe the balance of combat and puzzles in the game ""Black Myth: Wukong""?",It's refreshing to switch between action and thinking,"Based on the discussions between LiHua and ThaneChambers, LiHua describes ""Black Myth: Wukong"" as a game that offers both impressive visuals and a compelling storyline. While the conversation doesn't specifically mention the balance between combat and puzzles, LiHua emphasizes that the game is enjoyable and worth playing. ThaneChambers further elaborates that the game's combat has unique mechanics that are fun to explore, suggesting that the game likely integrates both puzzle-solving elements and engaging combat in a cohesive manner. However, no explicit details about the balance between combat and puzzles are provided in the given data."
Does LiHua play the game solo or with friends?,Both,"Based on the conversations provided, LiHua tends to play games solo. In one interaction, LiHua mentions diving into video games like ""Black Myth: Wukong"" and states, ""I've been really into some video games lately! Just got a PS5, and I can't get enough of 'Black Myth: Wukong.' It's such a blast!"" This indicates that LiHua enjoys playing games independently. However, LiHua also expresses interest in playing with friends, saying, ""I mostly play solo to soak in the story, but I love teaming up with friends too! It’s super fun sharing those moments and strategies together."" In another conversation, LiHua discusses her enjoyment of joining the ""PS5 Game Enthusiasts"" group, stating, ""It's great to chat with fellow gamers and share experiences. Plus, discussing all those epic storylines makes it even more enjoyable."" This further emphasizes her preference for social interactions within gaming communities. Therefore, while LiHua generally prefers to play games solo, she does enjoy playing with friends and participating in gaming communities."
Would LiHua be interested in playing co-op with the group?,Yes,"Based on the conversations recorded, there is a clear interest in co-op play among the members of ""The Jolly Band."" In one interaction, Wolfgang Schulz mentions his enthusiasm for co-op missions, saying, ""I'm hoping for some cool co-op missions where we can team up and take on challenges together. Those always create the best moments!"" Additionally, Yuriko Yamamoto expresses her excitement for co-op features, stating, ""Yeah, and blending it with our current style could make our songs really special. How about we try a fusion piece for our next jam session? Something like a pop tune with a Chinese twist!"" This indicates that co-op is not only desired but also actively planned for future musical collaborations. Furthermore, during a discussion about games, Thane Chambers suggests, ""A group purchase sounds like a great idea, especially if we can get some discounts. Can't wait to dive into the game together!"" This shows that LiHua and the others are considering co-op gaming options for group purchases, further emphasizing their interest in co-op play. Overall, LiHua seems very open to the idea of playing co-op with the group, based on the collaborative spirit and mutual enjoyment expressed throughout their conversations."
What TV series does EmilyBurnett remember LiHua likes?,Chernobyl,"From the conversations provided, it is evident that EmilyBurnett remembers LiHua likes ""Chernobyl."" This is highlighted in a conversation where EmilyBurnett asks LiHua about his favorite TV series and LiHua responds, ""I really love how it captures such a huge historical event with powerful storytelling. The way it portrays the confusion and bravery of the people involved is just gripping. It feels so real! Plus, the cinematography is amazing. What about you? Do you have a favorite show?"" EmilyBurnett then asks LiHua what draws him to ""Chernobyl,"" indicating that this series is something LiHua appreciates and finds compelling."
"What does LiHua appreciate about the series ""Chernobyl""?",the powerful storytelling and the cinematography,"LiHua appreciates the series ""Chernobyl"" for its powerful storytelling and ability to capture a significant historical event with vivid detail. He finds the series particularly gripping due to its exploration of the aftermath of the Chernobyl disaster and the psychological impact it had on the individuals involved. LiHua emphasizes the authenticity of the series, noting how it portrays the confusion and bravery of the people affected during such a catastrophic event. Additionally, he commends the exceptional acting performances, particularly highlighting Jared Harris's portrayal of Valery Legasov, who brings depth and realism to the role. Overall, LiHua values the series for its compelling narrative and its ability to evoke strong emotions in viewers."
What is EmilyBurnett's favorite TV show?,Game of Thrones,"Based on the conversation provided, EmilyBurnett has mentioned several TV shows that she enjoys, including ""The Office,"" ""Brooklyn Nine-Nine,"" ""Chernobyl,"" ""Game of Thrones,"" and ""Silicon Valley."" However, she hasn't explicitly stated her favorite show. EmilyBurnett frequently recommends shows to her friend LiHua, suggesting she might have a favorite based on the recommendations she gives. In one instance, she recommended ""The Bear"" to LiHua, indicating that she has watched and enjoyed it. Additionally, when discussing her all-time favorite comedy TV series, LiHua suggested ""Brooklyn Nine-Nine,"" to which EmilyBurnett replied, ""Brooklyn Nine-Nine is hilarious!"" This implies that ""Brooklyn Nine-Nine"" holds a significant place in her preferences. Given her engagement with recommending and discussing various shows, it seems likely that ""Brooklyn Nine-Nine"" might be her favorite, although a direct statement from her about her favorite show is not present in the given data."
"What memorable scene from ""Chernobyl"" does LiHua mention?",the scene where they're trying to contain the radiation,"LiHua mentions several impactful scenes from the series ""Chernobyl."" One scene that particularly resonates with him is the one where the workers are trying to contain the radiation. This scene showcases the human spirit and the bravery of the people involved during the aftermath of the Chernobyl disaster. LiHua finds this scene especially gripping due to its portrayal of the challenging circumstances and the efforts made by the workers to manage the situation effectively."
"Who is LiHua's favorite actor in ""Chernobyl""?",Stellan Skarsgård as Boris Shcherbina,"Based on the conversation, Li Hua's favorite actor in ""Chernobyl"" is Stellan Skarsgård, who played the role of Boris Shcherbina. Li Hua appreciated how Skarsgård's character's journey throughout the series was fascinating and added a lot of emotional weight to the scenes."
What TV series is EmilyBurnett currently watching?,The Last of Us,"Based on the conversation, Emily Burnett is currently watching ""The Mandalorian."" This information is derived from a previous exchange where Emily Burnett mentioned her plans to finish ""The Mandalorian"" during a TV marathon. Prior to this, she had also expressed interest in diving into ""The Expanse,"" suggesting she might be transitioning through several shows before settling down with ""The Mandalorian."""
What TV show does EmilyBurnett recommend LiHua to watch?,The Last of Us,"In the conversation, EmilyBurnett recommends LiHua to watch ""The Bear."" EmilyBurnett expresses her enjoyment of the show, particularly praising its character-driven storytelling and the intensity of the cooking scenes. She further recommends it to LiHua, stating that it has a balance of drama and comedy that would be enjoyable."
"What does LiHua's plan about wathcing ""The Last of Us""?",binge it that weekend,"Based on the conversation, LiHua showed interest in the game ""The Last of Us"" when Emily Burnett recommended it to her. In their discussion, LiHua expressed enthusiasm about the game, saying, ""Awesome! Sounds like a must-play for sure. How does it compare to other games you've played?"" This indicates that LiHua plans to watch ""The Last of Us"" after receiving the recommendation from Emily. However, no specific date or details about how she intends to watch it were mentioned in the conversation. LiHua seemed eager to experience the game and learn more about Emily's thoughts on it."
What does JenniferMoore congratulate LiHua for pn 20261022?,for pushing his limits with the planks this week,"On October 22nd, 2026, JenniferMoore congratulates LiHua for smashing his pull-up personal record. Jennifer emphasizes the significance of consistent effort and hard work, encouraging LiHua to continue pushing himself and maintaining his dedication. She expresses her belief that every little step counts and that LiHua has what it takes to continue achieving remarkable results."
What does JakeWatson suggest for refueling after a soccer game?,a snack with carbs and protein and staying hydrated,"Based on the conversation, JakeWatson suggests that quickly refueling is the key after an intense soccer game. He recommends grabbing a snack with a combination of carbohydrates and protein, such as a banana with peanut butter. Additionally, he emphasizes the importance of hydration, suggesting water or an electrolyte drink to help replenish fluids lost during the game."
What are LiHua's usual recovery snacks after a game?,a protein shake and a fruit smoothie,"Based on the conversation between Jake Watson and Li Hua, Li Hua usually opts for a protein shake and a fruit smoothie after a game. However, Li Hua expressed interest in trying Jake Watson's suggestion of a banana and peanut butter combo as a recovery snack. Li Hua also mentioned that hydration is a critical aspect of recovery, emphasizing the importance of water or an electrolyte drink alongside any snack."
What event is the community organizing?,a weekend picnic,"The community is organizing several events, but the primary event they are focusing on seems to be the Community Garden Renovation, which involves AdamSmith and LiHua discussing improvements to a community garden. Additionally, they have plans for a Community Sports Day, community meetings to brainstorm and finalize plans for the garden, and various other community outreach programs and performances. These events collectively aim to enhance the community garden and promote community engagement."
What is the purpose of the community picnic?,to bring the community together and get to know each other better,"The purpose of the community picnic is to serve as the catalyst for an event that encourages the gathering and celebration of community members. This event is mentioned as an announcement to start a picnic, indicating that it aims to foster social interaction and bring the community together. While the specific details of the picnic itself are not provided, the broader goal is to create an enjoyable communal experience that helps to strengthen bonds within the community."
What type of food event did Turalyon suggest?,a potluck,"Turalyon suggested a weekend picnic as a community gathering. He proposed it as a fun way to relax and get to know each other better, and he envisioned it as a great opportunity to bring the community together. Turalyon suggested that the picnic could include various activities such as games and a potluck, where attendees could bring dishes to share. He emphasized the importance of bringing food to make the event more special and enjoyable."
What does RexxarRemar suggest for the community picnic atmosphere?,organizing some music,"In one of the discussions, RexxarRemar suggested adding some lanterns or string lights to brighten the area in the evening. He also mentioned that these could make the garden feel magical at night and noted that it would be great for community gatherings. Additionally, RexxarRemar proposed having a potluck, which he thought would be a fun and inclusive way to share dishes and create a relaxed environment. He also suggested adding some live music or entertainment to enhance the overall experience, which would contribute to a lively and enjoyable atmosphere for the community picnic."
What does TirionFordring suggest bringing for seating?,blankets or chairs,"According to the discussions, Tirion Fordring emphasizes the importance of collaboration and encourages everyone to participate in the emergency response team. However, in the context of the garden renovations, he specifically mentions keeping the team on track by emphasizing the importance of prioritizing noise considerations in community planning. There is no explicit mention of Tirion Fordring suggesting what should be brought for seating. Instead, his focus seems to be on ensuring that the community emergency response team functions efficiently and effectively."
What day did the community members decide on for the picnic?,next Saturday,"In the initial announcement regarding the picnic, Turalyon proposed the idea of organizing a weekend picnic to bring the community together. He mentioned that the exact date was yet to be decided. However, later on, Adam Smith reminded the community about the community garden cleanup event scheduled for the following Saturday, which was June 8th, 2026. Therefore, the community members decided on June 8th, 2026, for the picnic."
What does RexxarRemar suggest for keeping everyone energized during the picnic?,a mix of snacks and drinks,"During the picnic planning session, RexxarRemar suggested bringing blankets or chairs for seating, particularly noting that it might get crowded. Additionally, he recommended having a mix of snacks and drinks to keep everyone energized, which aligns with MuradinBronzebeard's suggestion of having a mix of snacks and drinks to keep everyone energized. RexxarRemar also emphasized the importance of having water and drinks available to ensure everyone stays hydrated, especially since the picnic would likely take place outdoors."
What does RexxarRemar suggest to have available to keep everyone hydrated during the picnic?,water and drinks,"During the discussion regarding the picnic preparations, RexxarRemar suggested the inclusion of water and refreshments at a small drink station to ensure everyone stays hydrated, especially considering the potential warmth of the weather. This suggestion highlights RexxarRemar's attention to detail and care for the comfort and enjoyment of all attendees at the event."
What does IllidanStormrage say he will bring to keep everyone entertained during the picnic?,some epic games,"According to the provided data, IllidanStormrage expressed his enthusiasm for participating in the picnic and stated, ""I'm totally on board with the potluck idea! It'll be a nice way to try everyone's cooking. Just make sure to bring your best dish! 🍽️😋"". However, the specific item he mentioned he would bring to entertain everyone during the picnic was not detailed. Instead, he focused on the idea of sharing dishes, suggesting that the variety of culinary offerings would be the source of entertainment and enjoyment for all attendees."
What places in Europe does WolfgangSchulz remember as stunning in Europe?,the fjords in Norway and the lavender fields in Provence,"According to the interactions detailed, WolfgangSchulz mentions several places in Europe that he finds particularly stunning. These include:- The fjords in Norway, described as ""breathtaking.""- The lavender fields in Provence, which are referred to as ""like a sea of purple!""- The streets of Prague, where he notes the architecture is ""magical, especially at night,"" and the ""vibe of the old town is something else.""- The beaches in Amalfi Coast, which are described as having ""unreal"" colors of water against cliffs.- The old town square in Prague, which he describes as ""charming.""- The Venice area, specifically mentioning the best risotto he had there as being ""creamy and had seafood in it, just perfection!""These locations highlight WolfgangSchulz's diverse interests and fond memories of various European destinations."
What does WolfgangSchulz like about Prague?,its architecture and the vibe of the old town,"According to the conversation, WolfgangSchulz holds Prague in high regard due to its magical architectural features and enchanting old town atmosphere. Specifically, he expresses appreciation for the city's enchanting nighttime ambiance and the lively old town, which he finds particularly captivating. These descriptions suggest that WolfgangSchulz enjoys the historical and cultural significance of Prague alongside its visually appealing urban landscapes."
What local dish did WolfgangSchulz try in Prague?,goulash,"In the conversation, WolfgangSchulz mentions that he didn't get a chance to try much when he was in Prague, but he remembers the goulash being ""really hearty and tasty."" He also notes that the pastries with powdered sugar were ""yum."" So, based on WolfgangSchulz's description, the dish he tried in Prague was goulash."
What is WolfgangSchulz's favorite risotto memory?,having seafood risotto in Venice,"Based on the conversations shared, WolfgangSchulz mentions having a particularly memorable risotto experience during his travels. In a conversation dated 20260430_17:00, WolfgangSchulz recalls having ""the best risotto when I was in Venice. It was creamy and had seafood in it, just perfection!"" This indicates that the risotto he enjoyed in Venice holds a special place in his culinary memories, likely due to its combination of creaminess and the addition of seafood, which he found to be ""just perfection."""
What is on WolfgangSchulz's list for a future trip?,Italy,"Based on the conversations in the provided data, WolfgangSchulz has expressed interest in revisiting certain locations in Europe, particularly the fjords in Norway and the lavender fields in Provence. Additionally, he has mentioned a desire to visit Prague due to its charming old town square and the magical architecture. WolfgangSchulz also specifically mentioned that he would like to check out Cinque Terre, a colorful network of five seaside villages along the Ligurian Sea in northern Italy. From the details shared, it appears WolfgangSchulz has a keen interest in revisiting beautiful European destinations and exploring new culinary experiences. He also plans to enjoy game soundtracks and music, indicating a passion for cultural and artistic experiences."
What does WolfgangSchulz want to check out in Italy?,Cinque Terre,"In WolfgangSchulz's discussions, there are several mentions of potential trips to Italy. One notable mention is regarding a possible return trip to Italy. WolfgangSchulz expressed interest in revisiting some of the beautiful coastal towns, particularly those in Cinque Terre, due to their picturesque views and charming old towns. Additionally, WolfgangSchulz mentioned the fjords in Norway as breathtaking and the lavender fields in Provence as having a unique and appealing vibe. While these locations may not be specific to Italy, they highlight the diverse and beautiful landscapes that WolfgangSchulz finds intriguing. Specifically, the Cinque Terre in Italy is noted as a place WolfgangSchulz would like to visit again, showcasing his enthusiasm for Italian destinations."
What does LiHua say about the seafood in Cinque Terre?,it's supposed to be fresh and delicious,"Based on the conversation snippet provided, there is no explicit mention of LiHua discussing the seafood in Cinque Terre. However, WolfgangSchulz expresses his admiration for the coastal areas, mentioning Cinque Terre as one of the beautiful towns he has explored. While WolfgangSchulz highlights the scenic coastal views and hiking trails, he does not specifically comment on the seafood. Given this information, we cannot directly quote what LiHua says about the seafood in Cinque Terre, as it is not included in the given dialogue."
What time will Li Hua and Wolfgang meet for breakfast on the morning of the 9th?,Insufficient information,"Based on the information provided in the data, Li Hua and Wolfgang are scheduled to meet for breakfast on the 9th of January at 12:00 PM at a cozy café downtown. This is detailed in Source 3, where Li Hua reminds Wolfgang about their lunch meeting at the café."
What type of equipment does Wolfgang Schulz use when he works out at the gym?,Insufficient information,"There is no specific mention of the type of equipment Wolfgang Schulz uses when he works out at the gym within the provided data. The text primarily discusses his preferences and opinions on various musicians and activities, particularly his admiration for Jimi Hendrix, Queen, and Michael Jackson. Additionally, it mentions that he enjoys playing the drums and keeping the beat. However, the data does not provide information about the gym equipment he utilizes."
"What type of exercise does Li Hua prefer to do at the gym, and what time does Wolfgang usually go to the gym?",Insufficient information,"Based on the information provided in the data, Li Hua prefers to engage in various forms of physical activities at the gym, including strength training, flexibility exercises, and possibly cardio. However, there is no specific mention of the type of exercise Li Hua prefers at the gym.Regarding Wolfgang, the data indicates that he is a participant in virtual conversations and shares his musical interests. He is also mentioned as someone who might attend an event along with Li Hua, and someone whose ear for rhythm can suggest cool tracks for jamming sessions. There is no explicit mention of Wolfgang's preferred type of exercise or the time he typically visits the gym. Therefore, we cannot determine Wolfgang's preferred exercise at the gym or his usual gym visitation time based solely on the given information."
What type of traditional games did Wolfgang Schulz play with Li Hua during the Lunar New Year celebration?,Insufficient information,"There is no information provided about traditional games Wolfgang Schulz played with Li Hua during the Lunar New Year celebration. The conversation focuses more on the festive plans and preparations, including exchanging gifts, enjoying traditional foods, and taking part in local festivals. While there are mentions of various activities related to the Lunar New Year, such as dumplings, which are a traditional dish enjoyed during this celebration, no specific games were discussed between Wolfgang Schulz and Li Hua."
"What did Li Hua eat for dinner on January 20, 2026?",Insufficient information,"There is no specific mention of what Li Hua ate for dinner on January 20, 2026, in the given data. The conversations primarily revolve around plans and preferences for various occasions and dinners, but do not detail the exact meals for any particular date. Therefore, based on the information provided, we cannot determine what Li Hua ate for dinner specifically on January 20, 2026."
What specific suggestions did Li Hua have regarding the construction schedule during the last community meeting?,Insufficient information,"During the community meeting scheduled on the 21st of January 2026 at 10:00 AM, Li Hua expressed her preference for avoiding mornings for maintenance work. She specifically mentioned that mornings were usually best for her, and she requested that the maintenance schedule should ideally avoid these times. There is no additional information provided about the specific construction schedule or Li Hua's other suggestions during this particular meeting."
What movie did Li Hua and Wolfgang decide to watch together on New Year's Eve 2026?,Insufficient information,"Based on the information provided in the data, Li Hua and Wolfgang decided to watch ""Star Wars: A New Hope"" together on New Year's Eve 2026. This decision is noted in the table entry labeled ""Time: 20261009_17:00,"" where Li Hua invites Wolfgang to a movie night at her place after work, mentioning that they were planning to watch ""Star Wars: A New Hope."""
What dish did Li Hua order for dessert after having Sichuan hot pot with Wolfgang Schulz?,Insufficient information,"In the conversation regarding Wolfgang Schulz's preference for Sichuan cuisine, it is mentioned that Wolfgang Schulz suggests playing ""Hey Jude"" at the jam session. However, there is no explicit mention of a dessert order after the Sichuan hot pot meal between Wolfgang Schulz and Li Hua. Therefore, based on the information provided in the given data, there is insufficient information to determine what Li Hua ordered for dessert after having Sichuan hot pot with Wolfgang Schulz."
What were the specific requirements that the customers modified and how did Li Hua respond to each change?,Insufficient information,"In the interactions documented, there were several modifications and adjustments made by customers to various services and arrangements. Firstly, in the interaction between Adam Smith and Li Hua regarding the rent, Li Hua initially mentioned a late payment issue. Adam Smith offered to extend the deadline for payment and provided an alternative option for discussing payment terms. This indicates that Adam Smith was proactive in addressing Li Hua's financial concerns, showing a commitment to maintaining a positive relationship and ensuring that Li Hua has enough time to resolve her financial obligations.Another notable interaction was between Wolfgang Schulz and Li Hua regarding their jam session. Initially, Wolfgang Schulz had to cancel the jam session he had planned for the following day, and Li Hua was accommodating by offering to reschedule it for the following Sunday. Wolfgang Schulz appreciated this flexibility and expressed his eagerness to continue playing music together, indicating a strong bond and mutual respect in their relationship.Additionally, in the interaction involving Wolfgang Schulz and Li Hua, Wolfgang requested to move the jam session from the afternoon to the evening. Li Hua agreed to this change, demonstrating adaptability and willingness to adjust schedules based on the preferences of the individuals involved. Wolfgang Schulz's enthusiasm and excitement about the jam session further underscored the importance of these social gatherings for their personal and musical enjoyment.In another instance, Wolfgang Schulz and Li Hua discussed revisiting classics and adding twists to their repertoire. Wolfgang Schulz's interest in exploring new material showed a dedication to their musical growth and innovation, which Li Hua supported enthusiastically. Wolfgang Schulz also inquired about Li Hua's new riffs, suggesting that he was open to trying out new music and looking forward to hearing Li Hua's contributions.In terms of customer service interactions, Wolfgang Schulz also mentioned that he couldn't make a jam session due to work commitments. This situation required a re-scheduling, and Li Hua was accommodating by offering to hold the jam session on Sunday night instead. Wolfgang Schulz was grateful for the flexibility, emphasizing the importance of jam sessions in their musical lives.Overall, Li Hua demonstrated a high level of responsiveness and flexibility in these interactions. She was able to accommodate various requests and changes, showing empathy and consideration for the needs of her friends and clients. Her responses reflected a collaborative and supportive attitude, which likely strengthened her relationships and built trust among her peers."
"What payment method did Li Hua use to purchase groceries from the store on April 15, 2026?",Insufficient information,"There is no information provided in the given data regarding Li Hua purchasing groceries from a store on April 15, 2026. The data focuses on interactions between Li Hua and Adam Smith, Wolfgang Schulz, Hailey Johnson, and Alice concerning rent payments, deliveries, and other matters. Therefore, based on the provided data, it is impossible to determine the payment method Li Hua used to purchase groceries on that date."
What specific diet did Li Hua follow to achieve his fitness results that Jennifer Moore recommended?,Insufficient information,"Based on the conversations between Jennifer Moore and Li Hua, Jennifer Moore suggested a balanced meal plan that focuses on whole foods, including lean proteins, whole grains, lots of vegetables, and healthy fats. For instance, Jennifer provided a few easy meal ideas for Li Hua:1. **Breakfast:** Scrambled eggs with spinach and tomatoes on whole-grain toast.2. **Lunch:** Grilled chicken salad with mixed greens, cucumbers, and a vinaigrette.3. **Snack:** Greek yogurt with a handful of nuts and some berries.4. **Dinner:** Baked salmon with quinoa and steamed broccoli.Additionally, Jennifer emphasized the importance of eating every 3-4 hours to keep energy levels up and staying hydrated. While Jennifer did not specify a particular diet plan, she highlighted the significance of incorporating various nutrients and ensuring a diverse intake of foods to support Li Hua's fitness goals."
What alternative training sports does Li Hua consider besides the current routine mentioned in his conversation with Jennifer?,Insufficient information,"In the conversations recorded, Li Hua primarily discusses training for soccer, including strategies to prevent injuries, incorporating strength training, and flexibility exercises. However, there is no explicit mention of Li Hua considering alternative sports or training beyond what he discussed regarding soccer. The primary focus appears to be on enhancing his current soccer training regimen with additional strength and flexibility exercises, as well as maintaining proper form and nutrition. Therefore, based on the information provided, it seems Li Hua does not explicitly consider alternative training sports apart from the ones mentioned in his interactions with Jennifer."
What type of diet is Li Hua following to support his training regimen and sleep schedule?,Insufficient information,"Based on the discussions provided in the conversations, there isn't a specific detailed dietary plan mentioned for Li Hua. However, several aspects of his diet can be inferred from the conversations. Li Hua has expressed interest in maintaining a balanced diet, suggesting he likely consumes a variety of foods including lean meats, fruits, vegetables, and nuts. He also mentions sharing healthy recipes and snack ideas, indicating an awareness of nutritional value and a desire to promote healthy eating habits among his peers. Additionally, Li Hua has discussed incorporating fruits and nuts into his diet to provide a boost of energy, suggesting he is mindful of nutrient intake to support his physical activity and recovery. Overall, while a precise dietary plan is not detailed, it appears Li Hua follows a generally healthy and balanced diet that aligns with the principles of fitness and wellness promoted in these conversations."
What type of protein shake does Li Hua prefer to drink before his workout sessions?,Insufficient information,"Based on the conversation, there is no specific mention of Li Hua preferring a particular type of protein shake before his workout sessions. The main discussions revolve around balancing protein intake, particularly focusing on the recommended range of 1.6 to 2.2 grams of protein per kg of body weight, and the importance of including protein powder as a recovery snack post-workout. Li Hua does suggest trying a banana and peanut butter combo as a recovery snack, but this was in reference to a post-workout situation rather than a pre-workout shake. Therefore, without additional information, we cannot determine a preferred type of protein shake for pre-workout sessions from the given data."
What specific brand of protein supplement does Jennifer recommend for Li Hua's weight loss journey?,Insufficient information,"Based on the conversations recorded, Jennifer does not specifically recommend a brand of protein supplement for Li Hua's weight loss journey. The advice given focuses more on the type of protein supplement that would be beneficial for Li Hua's fitness goals, which include muscle recovery and building lean mass. Jennifer recommends whey protein, pea or rice protein, depending on whether Li Hua prefers a plant-based option. There is no mention of particular brands being preferred or recommended for weight loss. Therefore, no specific brand of protein supplement is identified for Li Hua's weight loss needs in the provided data."
What specific colors of paint does Li Hua plan to use for the basement walls after decorating with potted plants?,Insufficient information,"There is no information provided about Li Hua planning to use specific colors of paint for the basement walls after decorating with potted plants. The conversation primarily discusses decorative elements such as potted plants, sound-insulating pads, and other home improvement items. There is no mention of paint colors or plans for repainting the basement walls."
What color did Li Hua decide to paint the walls of the basement after completing the renovation?,Insufficient information,"There is no information provided in the given conversation regarding which color Li Hua decided to paint the walls of the basement. The dialogue focuses on various matters such as rent payments, maintenance requests, and discussions about decorations and activities, but does not mention any specific decisions made about the interior finishes, including wall colors."
"What specific design features did Li Hua suggest for Yuriko's studio homepage during their meeting at ""Central Perk""?",Insufficient information,"During their meeting at ""Central Perk,"" Li Hua proposed several design elements for Yuriko's studio homepage. Initially, Li Hua suggested that the homepage should be more welcoming and engaging, possibly incorporating visual elements that reflect the essence of speech therapy. Additionally, Li Hua proposed including sections for resources and success stories to provide valuable information and positive testimonials that could build trust with potential clients. Li Hua also mentioned finding nice images and layout ideas to enhance the visual appeal of the homepage. These suggestions indicate a focus on creating a visually appealing and informative online presence for Yuriko's speech therapy studio."
What is the name of the concert that Wolfgang and Li Hua will attend on March 7th?,Insufficient information,"Based on the conversation recorded in the data, Wolfgang and Li Hua will attend a concert on March 7th at 6 PM. The specific name of the concert is not provided in the details given, only that it involves Wolfgang offering a ticket to Li Hua."
What type of cake does Li Hua plan to bring to the meeting with Yuriko to celebrate her studio's homepage redesign?,Insufficient information,"There is no mention of Li Hua planning to bring a cake to the meeting with Yuriko to celebrate her studio's homepage redesign. The conversation only discusses the plan to meet at Central Perk for the meeting to discuss homepage updates and includes plans for a photography walk and exploring the place before sunset. Li Hua mentions that they will gather supplies and spend the day painting together, but there is no indication of bringing a cake."
What color did Li Hua paint his house before the community garden renovation began?,Insufficient information,"There is no information provided about Li Hua painting his house or the color he chose before the community garden renovation began. The data focuses on the ongoing community garden renovation project and discussions related to it, including seating arrangements, flower beds, and maintenance issues. No details about Li Hua's house or its previous state are included in the given information."
What specific dietary changes did Li Hua implement in his training regimen as a result of Jennifer's advice on endurance and flexibility?,Insufficient information,"In one of the conversations recorded, Jennifer advised Li Hua to incorporate longer cardio sessions and interval training into his routine to improve his endurance. Additionally, she suggested mixing up his activities, including cycling, running, and swimming. This advice was given following a conversation where Li Hua expressed interest in adding flexibility and balance work to his routine. Jennifer suggested incorporating yoga and dynamic stretching techniques, which she believed would enhance flexibility and balance. However, the specific dietary changes that Li Hua implemented as a direct result of these pieces of advice are not mentioned in the provided data. Dietary modifications would typically involve adjusting macronutrient ratios, consuming more fruits and vegetables, reducing sugar intake, and ensuring adequate protein consumption to support muscle repair and growth. Without additional context from the recorded conversations, it is not possible to detail the exact dietary changes Li Hua made based on Jennifer's recommendations."
"What specific feedback did Yuriko give to Li Hua about the demo website during their meeting at the cafe ""Central Perk"" on Thursday morning, and how did Li Hua respond to her comments?",Insufficient information,"During their meeting at ""Central Perk"" café on Thursday morning, Yuriko expressed her excitement about the demo website Li Hua had prepared for her studio. Specifically, Yuriko highlighted two areas that she thought were particularly important for the studio's homepage: information about the therapy techniques she was developing and a section for community outreach programs. Yuriko suggested these additions because she believed they would enhance the informational value and inclusivity of the website, reflecting her desire to make the site both educational and welcoming to potential clients.Li Hua responded positively to Yuriko's feedback, indicating that he was open to incorporating these suggestions. He agreed that these additions would indeed help to make the studio's homepage more informative and welcoming. Li Hua assured Yuriko that they could work on these sections together during their meeting, and he expressed enthusiasm about the opportunity to further refine the website based on Yuriko's input. Li Hua also mentioned his willingness to consider any additional ideas or changes that Yuriko might have, showing his commitment to tailoring the website to Yuriko's vision and ensuring its effectiveness as a tool for promoting the studio's services."
What is the exact reason for Li Hua's unexpected work meeting on Thursday?,Insufficient information,"There isn't a specific mention of why Li Hua has an unexpected work meeting on Thursday in the provided data. The data only mentions that Li Hua agreed to meet with Yuriko Yamamoto on a Thursday afternoon to discuss homepage updates, but it does not specify the reason for the meeting. Therefore, based on the given information, it is not possible to determine the exact reason for the unexpected work meeting."
"What toppings did Hailey put on the bread for Li Hua's next delivery, and what is the name of the bakery she gets her bread from?",Insufficient information,"Based on the conversation, Hailey Johnson provides various types of bread to Li Hua, and she also offers specific recommendations for topping the bread. For Li Hua's next delivery, Hailey suggests trying the rosemary focaccia, which is recommended to be topped with a drizzle of olive oil and a sprinkle of sea salt. Additionally, cherry tomatoes or olives could be added for extra flavor. As for the bakery, it is evident that Alice, who is responsible for doorstep deliveries, works for Hailey's bakery. Therefore, the bakery in question is Hailey's bakery."
What is the favorite type of music that Li Hua and Yuriko plan to play together?,Insufficient information,"Based on the information provided, there isn't a direct mention of Li Hua and Yuriko's favorite type of music. However, from the context, it seems that they often collaborate on various genres including pop, rock, and even incorporate gentle tunes as per their discussion. In one instance, they decide on a ""gentle setlist"" featuring songs like ""Landslide"" and ""Blackbird,"" suggesting a preference for softer, more soothing music. On another occasion, they discuss playing ""classic rock"" for their next jam session, indicating that they are open to a variety of musical styles. Therefore, while their favorite type of music is not explicitly stated, it appears that they enjoy a broad range of genres and are open to experimenting with different styles in their collaborations."
What are the specific reasons why Li Hua prefers classical music over pop music in their discussions?,Insufficient information,"In the conversation provided, there is no direct discussion about Li Hua preferring classical music over pop music. Li Hua expresses enjoyment of various genres including classic rock and folk, but does not specifically mention a preference for classical music over pop music. Therefore, based solely on the information given, it is not possible to determine the specific reasons why Li Hua prefers classical music."
What song did Yuriko and Wolfgang decide to perform together after watching the drum tutorial?,Insufficient information,"After watching the drum tutorial, Wolfgang and Yuriko decided to explore some Beatles songs during their upcoming jam session. Specifically, Wolfgang mentioned, ""I'm really excited about playing those songs! It's going to be a great night!"" and Yuriko responded, ""Absolutely! The Beatles will be so much fun to play! Let's make it special!"" This indicates that they were considering performing a Beatles song together. However, the exact song they chose to perform was not explicitly stated in the provided data."
"What type of feedback did Li Hua provide to Chae regarding the community medical knowledge lecture, and what is Wolfgang's role in the band rehearsal?",Insufficient information,"Li Hua provided feedback to Chae regarding the community medical knowledge lecture, expressing that she found the lecture insightful and appreciating the presentation style that made complex topics easy to understand. In terms of Wolfgang's role in the band rehearsals, he participates actively, suggesting new songs and sharing his ideas during the jams. Wolfgang's ear for rhythm also contributes to enhancing the jam sessions. He often suggests cool tracks for the jam sessions and looks forward to bringing his unique perspective to the group. Additionally, Wolfgang mentions that he might bring someone named Chae to the band rehearsals, which could be a neurosurgeon, indicating that he sees her as adding a unique and valuable contribution to the band."
What is the name of the last song Wolfgang played using the new drum practice app?,Insufficient information,"Based on the information provided in the data, there is no specific mention of a song Wolfgang played using the new drum practice app. The discussion revolves around exploring new tools and experimenting with arrangements for existing songs, but does not detail a particular song played using the new app. Therefore, we cannot determine the name of the last song Wolfgang used the new drum practice app for."
What flavor of new bread products did Li Hua really enjoy at the bakery's anniversary event?,Insufficient information,"At the bakery's anniversary event, Li Hua expressed enthusiasm about the new bread products. She specifically mentioned enjoying ""the new pastries, especially that raspberry tart."" This indicates that she particularly appreciated the raspberry tart among the new bread items introduced at the event. No other specific flavors are highlighted as being particularly enjoyable by Li Hua during this particular occasion."
What is the name of the song that Li Hua will sing at the karaoke on 20260425?,Insufficient information,"There isn't a specific mention of a song that Li Hua will sing at the karaoke activity scheduled for April 25th, 2026 (20260425). The details provided mainly focus on discussions about upcoming karaoke activities and plans to organize events, but no particular song is assigned to this specific date. Therefore, based on the information available, we cannot determine which song Li Hua will perform at the karaoke event on 20260425."
What flavor of cake did Hailey plan to bake for the bakery's anniversary celebration in February?,Insufficient information,"There is no specific mention of a cake flavor being planned for the bakery's anniversary celebration in February in the provided data. The data does indicate that there will be an ""anniversary event"" from April 15 to 17, which includes various promotions and discounts, but it does not specify a cake flavor for the celebration. Therefore, based on the information available, we cannot determine the cake flavor Hailey planned for the February anniversary celebration."
What type of dessert did Wolfgang plan to order for Li Hua during their dinner celebration?,Insufficient information,"Based on the conversation between WolfgangSchulz and LiHua, Wolfgang expressed interest in trying the risotto at Venedia Grancaffe for their dinner celebration. However, the specific dessert Wolfgang planned to order for LiHua during their dinner celebration is not mentioned in the given data. The focus was primarily on the main course, the risotto."
What were Raze's personal reasons for becoming a fitness coach before discussing pull-up techniques?,Insufficient information,"The provided data tables do not contain any information regarding Raze's personal reasons for becoming a fitness coach or discussions about pull-up techniques. Therefore, there isn't enough information to generate a response based on those specifics."
"What new species of flowers will be featured in the community garden renovation, according to the feedback provided by Li Hua during the progress reports?",Insufficient information,"During the progress tracking sessions, Li Hua suggested adding some lavender and coneflowers to the garden. Specifically, she mentioned that these flowers would be ""beautiful and great for pollinators."" Additionally, she proposed including native plants that are beneficial for wildlife. While the exact species of flowers were not specified, the inclusion of lavender and coneflowers suggests that native species might be incorporated to promote biodiversity and attract pollinators, which aligns with the goal of enhancing the community garden's ecological value. No other new species of flowers were mentioned specifically in the feedback provided."
What specific construction projects were discussed at the meeting between Turalyon and the residents regarding noise control?,Insufficient information,"During the meeting on May 27th, Turalyon addressed the issue of noise pollution and proposed several strategies to mitigate its effects. He mentioned sticking to the scheduled work and limiting noisy activities from 2-3 pm. Additionally, he suggested putting up temporary barriers or using quieter tools during that timeframe. To further assist residents, Turalyon proposed notifying them a day in advance about any particularly loud work. He also suggested posting updates in the chat or placing notices at the garden's entrance. Another idea he brought up was installing sound-absorbing materials on benches or play areas. Turalyon suggested incorporating tall shrubs or trees around the perimeter to act as a natural barrier. Residents responded positively to these suggestions, with Malfurion Stormrage proposing a heads-up notification via chat or a notice board. Muradin Bronzebeard added the idea of including information on the types of flowers being planted and rest area updates on the notice board. Grom Hellscream suggested incorporating hardy native plant species to reduce noise and support local wildlife. Overall, the discussion focused on minimizing noise during construction hours, keeping residents informed, and implementing measures to absorb sound, thereby ensuring a pleasant environment for all participants."
What is the amount of rent Li Hua owes to Adam Smith for the months of April and May?,Insufficient information,"Based on the records provided, there is no explicit mention of the amount owed for the rent for April or May. The conversations focus primarily on reminders and updates regarding the rent, indicating that the amounts owed are typically settled through transfers or direct communication between Li Hua and Adam Smith. Given the limited data available, it is not possible to determine the exact amounts owed specifically for April and May. However, it is clear that Adam Smith has been proactively reminding Li Hua about the rent due dates, ensuring that the payments are made in a timely manner."
What song did Li Hua perform at the local music festival in 2026?,Insufficient information,"Based on the information provided in the conversations, there isn't a specific song mentioned that Li Hua performed at the Local Music Festival. The Local Music Festival is described as a planned event for Li Hua to soak up the atmosphere and take photos, likely celebrating Lunar New Year. There is no mention of any musical performance or song Li Hua performed at this festival."
"What is the name of the restaurant where Li Hua and Wolfgang had dinner on the night of June 9, 2026?",Insufficient information,"Based on the information provided in the conversation logs, there is no specific mention of a restaurant where Li Hua and Wolfgang had dinner on June 9, 2026. The logs detail various dinner plans and discussions about potential restaurants, but the exact date and location for that specific dinner are not recorded. Therefore, without additional context or information from other sources, it's not possible to determine the name of the restaurant where they dined on June 9, 2026."
What is the nutritional value of the new line of high-protein breads compared to traditional white bread?,Insufficient information,"The new line of high-protein breads introduced by HaileyJohnson appears to be designed specifically for fitness enthusiasts, likely offering higher protein content compared to traditional white bread. However, specific nutritional details such as protein content, fiber, and carbohydrate levels are not provided in the given data. Traditional white bread typically contains around 1g of protein per slice, whereas whole grain or multigrain bread might contain slightly more, often around 2-3g of protein per slice. High-protein breads, on the other hand, could contain significantly more protein, potentially ranging from 3-6g or even more per slice, depending on their formulation. Without explicit nutritional information about the new high-protein breads, it's difficult to provide a direct comparison. However, consumers looking for high-protein options would benefit from checking the nutritional labels of these new breads for exact protein content and other macronutrients."
What specific sleep techniques did Li Hua use to improve her study habits after reading the neuroscience article and discussing the warm shower with Chae?,Insufficient information,"Based on the discussions between Li Hua and ChaeSong-hwa, there is no explicit mention of sleep techniques that Li Hua used to improve her study habits specifically after reading the neuroscience article or after the warm shower tip. However, the warm shower tip discussed could potentially be a relaxation technique that aids in better sleep, which might indirectly help in improving her study habits. Additionally, the advice about falling asleep faster mentioned in another discussion could also contribute to better sleep quality, which might indirectly aid in studying more effectively. Without direct information on specific sleep techniques used, it is difficult to pinpoint exactly how these interactions impacted Li Hua's study habits."
What type of special dietary restrictions does Li Hua follow when preparing meals for his family?,Insufficient information,"Based on the information provided in the dialogue, there is no explicit mention of any special dietary restrictions that Li Hua follows when preparing meals for his family. The conversation focuses on various topics such as health tips, nutrition, and dining experiences rather than discussing specific dietary requirements. Therefore, without additional details, it cannot be determined which, if any, special dietary restrictions Li Hua observes when preparing meals for his family."
"What is the total cost of the air conditioner installation, including labor and materials, if Li Hua had previously discussed a budget of $2,000 with a different contractor?",Insufficient information,"There is no specific information provided regarding the cost of the air conditioner installation or the budget that Li Hua had discussed with another contractor. The conversations shared in the table pertain to scheduling, questions about the suitability of the air conditioning unit, and general interactions rather than detailed discussions about pricing or budgets. Therefore, based solely on the information available, we cannot determine the total cost of the air conditioner installation."
What type of fusion music does Wolfgang Schulz plan to create with Li Hua during their weekend trip to the music store?,Insufficient information,"Based on the conversations shared, Wolfgang Schulz and Li Hua plan to explore a fusion of jazz and rock music during their weekend trip to the music store. Specifically, Wolfgang suggested trying to mix jazz elements with rock music, which he believed could create a unique and fresh sound for their band. During one of their discussions, Wolfgang mentioned starting with a classic rock song like ""Smoke on the Water"" or ""Back in Black"" and adding jazz chords or improvisation to it. This indicates that they aim to fuse rock classics with jazz influences to produce a distinct and innovative musical experience. Their plans include experimenting with different styles and genres to see what works best together, aiming to create something new and exciting for their band."
What type of flowers were planted in the garden based on the residents' suggestions discussed by Turalyon?,Insufficient information,"Based on the discussions between Turalyon and the other residents, several types of flowers were suggested for the community garden. Turalyon proposed bluebells, camellias, and tulips. Additionally, Muradin Bronzebeard mentioned the importance of grouping flowers by color or height to create a visually appealing layout. Other residents also expressed interest in adding seating areas for relaxation and maintaining the garden throughout the season. While specific types of flowers were not unanimously decided upon, the consensus was clear that the garden would feature a variety of colorful blooms to enhance the community space."
"What type of air-conditioner did Li Hua select for Adam's living room, and how does its temperature regulation compare to the one in the basement?",Insufficient information,"Based on the conversations detailed in the records, Li Hua decided to install a split-type air-conditioner in the basement. This type of air-conditioner is efficient and quieter, designed specifically for spaces with adequate room dimensions, such as the basement. The selection of a split-type unit was recommended because it provides both indoor and outdoor components, ensuring effective cooling and energy efficiency. In contrast, there is no mention of a specific type of air-conditioner being chosen for the living room. However, the discussions indicate that the air-conditioning needs for the basement were prioritized due to the high temperatures experienced during the summer months, necessitating a solution that could keep the space comfortable. Given the absence of further information regarding the selection for the living room, it's safe to infer that the air-conditioner for the basement is likely the same model as the one installed, assuming similar requirements for temperature regulation and space management. Therefore, the air-conditioner for the living room, if present, would also be a split-type unit designed to match the specifications and performance standards of the basement unit."
What were Li Hua's specific fitness goals and how did Jennifer's advice on nutrition influence them during his training for a marathon?,Insufficient information,"In the context provided, Li Hua's primary fitness goal appears to be enhancing his endurance for upcoming marathons. Jennifer's advice on nutrition and the importance of proper hydration and meal planning highlights the significance of dietary considerations in achieving this goal. Specifically, Jennifer recommended focusing on longer cardio sessions, interval training, and emphasizing proper hydration and nutrition. This advice underscores the importance of balanced eating habits and adequate fluid intake to support endurance training. Her recommendation to incorporate nutritious and easy-to-make meals aligns with the broader context of Li Hua's fitness journey, which involves improving his endurance through varied training methods and maintaining a healthy diet. Through these interactions, Jennifer serves as a supportive figure helping Li Hua refine his approach to training and nutrition, which are crucial aspects of preparing for a marathon."
What are the sales figures for the PS5 exclusive games released in 2026 that Thane discussed with group members?,Insufficient information,"There are no direct sales figures for the PS5 exclusive games released in 2026 mentioned in the provided data. The discussions Thane Chambers had with the group members revolve around their expectations, preferences, and opinions about upcoming games rather than actual sales data. Thane talked about his interest in ""Final Fantasy XVI,"" ""Marvel's Spider-Man 2,"" and ""Ghostwire: Tokyo."" However, without specific information about sales, it's impossible to provide sales figures for these titles."
"What specific techniques did Li Hua use to prepare for a marathon race that took place on September 1, 2026?",Insufficient information,"There is no direct information provided in the given data about Li Hua preparing specifically for a marathon race that took place on September 1, 2026. The data primarily discusses Jennifer Moore's conversations with Li Hua, focusing on fitness goals related to endurance and weight training, but does not mention any marathon preparations. Therefore, based on the available information, there are no specific techniques used by Li Hua for marathon preparation."
What food did Emily order for the group's discussion about Game of Thrones characters?,Insufficient information,"There is no specific mention of Emily ordering food for the group's discussion about Game of Thrones characters. The conversation focuses more on discussing Emily's thoughts on the character of Cersei Lannister and opinions on the most hateable characters in the series rather than any culinary preferences or orders. Therefore, based on the information provided, it is not possible to determine what food Emily ordered for the group."
"What type of protein supplements did Li Hua use after the workout on September 19, 2026?",Insufficient information,"On September 19, 2026, Jennifer Moore recommended whey protein as a great option for muscle recovery and building lean mass for Li Hua. She also suggested pea or rice protein as good plant-based alternatives. Jennifer emphasized that regardless of the type chosen, it is essential to check the ingredients for added sugars or fillers. No specific brand or type of protein supplement was mentioned for that particular workout session."
What color was the curtain that Li Hua chose for his living room?,Insufficient information,"Based on the information provided in the conversations, there is no specific mention of the color of the curtain Li Hua ordered. The interactions focus primarily on the delivery status, installation, and maintenance of the curtains. There is no detail about the color of the curtains in the given records. Therefore, without additional information, it is impossible to determine the color of the curtain Li Hua chose."
What specific measurements did Li Hua take for the window size before the installation of the curtain?,Insufficient information,"Li Hua took the measurements of the window size herself before the installation of the curtains. According to the conversation, she informed Adam Smith that she had measured the window and sent him the dimensions shortly after. Specifically, Li Hua stated, ""Just measured it! The window is 150 cm wide and 120 cm high. Let me know if you need anything else!"" Therefore, the exact measurements taken by Li Hua for the window were 150 cm in width and 120 cm in height."
What is Thane's favorite type of food that he enjoys while playing video games?,Insufficient information,"There is no direct mention of Thane Chambers' favorite type of food while playing video games in the provided data. The conversations revolving around Thane Chambers typically focus on gaming activities, preferences, and discussions about various video games. No explicit reference to food preferences related to gaming is included in the text. Therefore, based on the information available, we cannot determine Thane's favorite type of food associated with video games."
What were the specific details of the negotiation between Jake Watson and Li Hua regarding player transfers from FC Barcelona to FC Bayern Munich?,Insufficient information,"The conversations provided do not contain any details related to negotiations for player transfers between FC Barcelona and FC Bayern Munich. The interactions focus primarily on discussions about classic matches between Barcelona and Bayern Munich, expressing admiration for the dramatic nature of these matches. There is no mention of any player transfers or negotiations taking place."
What was the final match score of the 2025 UEFA Champions League final?,Insufficient information,"There is no information provided in the given data tables about the 2025 UEFA Champions League final or any match score for that matter. The data primarily focuses on discussions related to various football matches, including notable games between Barcelona and Real Madrid, and some conversations about upcoming matches, training sessions, and food preferences. There is no specific mention of the 2025 UEFA Champions League final."
What was the exact date and time when Cersei Lannister first met Jaime Lannister in the Game of Thrones series?,Insufficient information,There is no specific date and time mentioned in the data for when Cersei Lannister first met Jaime Lannister in the Game of Thrones series. The information provided does not contain details about the initial meeting between these two characters.
What type of dessert did Wolfgang plan to have with Li Hua after their hot pot dinner on a different day?,Insufficient information,"On September 30th, Li Hua suggested having hot pot for dinner, and Wolfgang expressed enthusiasm for the idea. However, the document does not specify which dessert Wolfgang planned to have with Li Hua following their hot pot dinner. The available records do not contain any information related to desserts Wolfgang and Li Hua discussed or planned for a subsequent meal. Therefore, no dessert preference or plan for a dessert can be inferred from the provided data."
What did Jennifer say to Li Hua about their plan for a team swimming competition in December?,Insufficient information,"There are no records mentioning a team swimming competition in December or any related plans between Jennifer Moore and Li Hua. The conversations provided focus on various aspects of their fitness journey, including pushups, bench presses, planks, yoga classes, and nutrition, but do not include any details about a team swimming competition. Therefore, based on the information available, there is no content regarding Jennifer's comments to Li Hua about a December team swimming competition."
What strategy did Li Hua use to score a goal in the championship match against their rival team?,Insufficient information,"The passage does not provide specific details about a particular goal Li Hua scored in a championship match against their rival team. Instead, it focuses on conversations about historical matches between Barcelona and Real Madrid, as well as discussions about the best defenders in the history of FC Barcelona and the intricacies of the rules of offsides in soccer. To address Li Hua's question about a specific strategy for scoring a goal, more context regarding a specific match would be necessary. Without additional information, it is not possible to provide details about a strategy used by Li Hua in a particular championship match."
What is Li Hua's favorite type of exercise outside of pull-ups?,Insufficient information,"Based on the conversations provided, Li Hua's favorite type of exercise outside of pull-ups seems to be bodyweight squats, planks, and push-ups. These exercises are mentioned frequently in the context of her workout routine and she often recommends them to others as part of their training regimen. Specifically, Li Hua notes that she enjoys squats, plank holds, and push-ups, indicating these as her preferred types of exercises beyond pull-ups. Additionally, she suggests lunges and glute bridges as complementary exercises to her training, suggesting a balanced approach to her workout routine."
What time did Chae first suggest they visit the music festival in the morning?,Insufficient information,"Chae first suggested visiting the music festival in the morning on the day of the event, which was Saturday. This suggestion came during a conversation where the possibility of attending a local music festival was discussed. No specific time was given for this morning visit; only that they were planning to check out the lineup and make a plan for the day."
What are the reasons behind Jennifer and Li Hua's decision to change their training routine for the following month?,Insufficient information,"In the conversations shared, Jennifer and Li Hua decided to adjust their training plan to better balance work and fitness. In one conversation, Jennifer suggests to Li Hua that she can adjust the schedule for him to train twice a week instead of the originally planned three times per week. She proposes training on Tuesdays and Thursdays, ensuring that the frequency does not interfere significantly with Li Hua's work schedule. This adjustment aims to maintain a balanced approach to fitness and work, aligning with Li Hua's request for more flexibility in his training regimen. Jennifer emphasizes the importance of efficiency and intensity in these sessions, suggesting that the two days chosen provide enough time to achieve these goals without disrupting his work commitments. Li Hua agrees to the new schedule, expressing enthusiasm for the upcoming sessions and looking forward to ""crushing those goals!"" together. This decision underscores their commitment to maintaining a well-rounded approach to fitness and professional life."
What specific gifts did Wolfgang buy for Li Hua during his trip to Hong Kong?,Insufficient information,"During Wolfgang's trip to Hong Kong, he took the initiative to look for unique snacks and souvenirs to bring back for Li Hua. However, the table does not provide specific details about the gifts Wolfgang bought for Li Hua during this trip. The entries focus more on Wolfgang's activities and interactions in Hong Kong rather than the items he purchased for Li Hua. Therefore, based on the information given, we cannot specify the exact gifts Wolfgang brought back for Li Hua."
