Question,Gold Answer,minirag
Did Adam Smith send a message to Li Hua about the upcoming building maintenance schedule before the administrators announced a temporary change in the construction schedule due to weather conditions?,Yes,"Based on the information provided, there is no mention of Adam Smith sending a message regarding the upcoming building maintenance schedule to Li Hua before the administrators announced a temporary change in the construction schedule due to weather conditions. The messages between Adam Smith and Li Hua focus primarily on routine matters such as moving in, addressing broken streetlights, checking the basement after storms, and ensuring the building remains habitable. There is no reference to any maintenance schedule or a change in the original construction schedule. Therefore, we cannot conclude that Adam Smith sent a message about the maintenance schedule prior to the announced change."
"Did Wolfgang ask Li Hua about watching ""Star Wars: A New Hope"" after he asked Li Hua about going to see ""Overwatch 3""?",Yes,"No, Wolfgang did not ask Li Hua about watching ""Star Wars: A New Hope"" after Li Hua asked about seeing ""Overwatch 3"". The interaction involving Wolfgang and Li Hua regarding ""Star Wars: A New Hope"" occurred at a different time and context. Specifically, Wolfgang expressed interest in watching the movie with Li Hua after work, suggesting they grab some snacks, which happened on October 9th, 2026. This conversation does not relate to Wolfgang asking about ""Overwatch 3"" or any other video game. Therefore, there is no information provided in the given data to infer that Wolfgang asked Li Hua about ""Star Wars: A New Hope"" after Li Hua inquired about ""Overwatch 3""."
Did Li Hua agree to go out for dinner after Wolfgang first asked him if he wanted to go out for dinner?,Yes,"Based on the information provided in the conversation, Wolfgang first invited Li Hua to grab dinner at a Thai spot at 7 PM. However, Li Hua initially responded that he was not available at that time. Instead, Wolfgang suggested a stand-up comedy night at 8 PM, which Li Hua accepted. This shows that Wolfgang did not immediately succeed in getting Li Hua to agree to go out for dinner but eventually arranged for a different plan that Li Hua found suitable. There is no direct mention of a dinner invitation after the initial suggestion, indicating that Wolfgang may have tried again at a different time or for a different activity."
Did Li Hua send a message to Jennifer thanking her for the new training schedule before he requested a change in his training schedule for Thursday?,Yes,"No, based on the information provided in the messages, there is no mention of Li Hua sending a message expressing gratitude for the new training schedule before requesting a change. Instead, the timeline shows that Jennifer initially suggested adjusting the training schedule for Li Hua to twice a week, training on Tuesdays and Thursdays. This adjustment was accepted by Li Hua, who responded positively by saying, ""That sounds great! I'm all in for twice a week. Just let me know what days work best for you, and I’ll lock it in my calendar."" Following this, Li Hua did request a change in his training schedule, specifically stating, ""Hey Jennifer! Thanks for understanding my situation. So do you think we can change a training plan? That would really help me balance work and fitness better. Let me know what you think!"" Therefore, there is no indication that Li Hua thanked Jennifer for the new training schedule before making his request."
Did Li Hua ask Jennifer for advice on how to prevent muscle soreness after an intense workout session before he told her that he feels soreness in his arm muscles after the workout this week?,Yes,"No, there is no mention of Li Hua asking Jennifer for advice on preventing muscle soreness prior to her comment about feeling soreness in her arm muscles following their workout session. Instead, Jennifer encouraged Li Hua to focus on recovery and suggested keeping up with workouts at home to maintain momentum during breaks. This interaction took place in the context of a holiday message, where Jennifer wished Li Hua a Merry Christmas and reminded her to continue her fitness regimen. Li Hua responded positively, looking forward to their return to the gym next year."
Did Li Hua send a message to Jennifer asking for her opinion on protein supplements before he consulted her about his daily protein powder consumption?,Yes,"No, Li Hua did not ask Jennifer for her opinion on protein supplements before discussing his daily protein powder intake. In the conversations provided, Jennifer Moore does mention recommending whey protein and other types of protein supplements (such as pea or rice protein) to Li Hua for his fitness goals, but she does not provide detailed advice on which supplement is best for him. Instead, Li Hua asks for Jennifer's perspective specifically on protein powder and its role in his fitness regimen, focusing on adjusting his protein powder servings based on his daily protein needs. This indicates that the protein supplement discussion came after Li Hua had already asked about his protein powder intake."
"Did Yuriko ask Li Hua for help with her studio's homepage before she booked a seat at the ""Central Perk"" cafe?",Yes,"Based on the dialogue provided, there is no explicit mention of Yuriko asking Li Hua for help with her studio's homepage prior to booking a seat at ""Central Perk"". However, it does seem clear from their subsequent conversation that Yuriko and Li Hua were planning to meet at ""Central Perk"" to discuss further improvements to Yuriko's studio homepage. The initial booking of a seat at ""Central Perk"" appears to have been a casual arrangement for a meeting rather than a pre-arranged meeting solely for the purpose of requesting help with the homepage. Therefore, while Yuriko did seek Li Hua's assistance regarding her studio's homepage, the timing of the booking at ""Central Perk"" seems to be separate from that request."
Did Li Hua discuss his progress with the fitness plan before he shared a blog post about his recent fitness achievements?,Yes,"Based on the information provided, there is no direct mention of Li Hua discussing his progress with the fitness plan before sharing a blog post about his recent fitness achievements. The interactions detailed in the messages focus primarily on the ongoing fitness progress and plans, including updates on his current workout regimen and upcoming sessions. Jennifer Moore, who appears to be Li Hua's trainer, frequently encourages him to document his progress and shares updates on the fitness plan. However, there is no explicit statement indicating that Li Hua had previously discussed his fitness plan with her before writing a blog post about his achievements. Therefore, we cannot definitively state that this occurred based solely on the data available."
Did Li Hua send a message to Jennifer asking if he can turn the Thursday class to Friday after he requested a change in his training schedule for Thursday?,Yes,"No, Li Hua did not request to change his Thursday class to Friday. According to the conversation, Li Hua initially asked Jennifer if he could switch his class from Thursday to Friday this week, but this was in response to Jennifer having a different suggestion, which was to move Li Hua's class to Friday. Thereafter, Li Hua mentioned that he had an unexpected work meeting on Thursday, and he subsequently asked if it would be possible to reschedule their training session to Friday. This indicates that the initial suggestion to move Li Hua's class to Friday came from Jennifer, while the request to change the training session from Thursday to Friday came from Li Hua himself."
Did Li Hua ask Yuriko to play music together before Wolfgang proposed to pause playing musical instruments?,Yes,"Based on the information provided in the data, there is no explicit mention of Li Hua inviting Yuriko to play music together before Wolfgang suggested pausing their musical activities. In the earliest interactions recorded, Wolfgang and Li Hua introduced Yuriko to each other, expressing interest in potentially having a jam session together. However, there is no indication of a previous invitation from Li Hua specifically to Yuriko to engage in musical activities. The suggestion to pause playing instruments appears to have been initiated by Wolfgang in a later conversation, without reference to prior invitations from Li Hua to Yuriko."
"Did Wolfgang Schulz recommend the band learns ""Viva la Vida"" by Coldplay after he and Li Hua discussed what song to play this Sunday?",Yes,"Yes, based on the conversations recorded, Wolfgang Schulz expressed interest in learning and playing ""Viva la Vida"" by Coldplay at the upcoming jam session on Sunday. This suggestion was made during a discussion between Wolfgang and Li Hua about what song they might play together. Additionally, Wolfgang highlighted the song's popularity among crowds and its potential to enhance their performance, noting that it would be a fun song to play on the drums."
Did Wolfgang's promotion announcement occur before he invited Li Hua for dinner on 20260430?,Yes,"Based on the timeline provided in the conversations, Wolfgang's promotion announcement took place on Time: 20260430_17:00, which directly precedes his invitation for dinner on the same date. Therefore, Wolfgang's promotion announcement did indeed occur before he invited Li Hua for dinner on 20260430."
Did Turalyon announce the construction updates and feedback from residents after Illidan Stormrage complained about the construction noise?,Yes,"In the discussion recorded on 20260121_10:00, Adam Smith informs Li Hua about upcoming building maintenance work and asks if there are specific times she prefers to avoid. This indicates that the initial discussion did not revolve around complaints or feedback regarding construction noise; instead, it focused on scheduling the maintenance work to minimize disruption. There is no mention of Illidan Stormrage complaining about construction noise or Turalyon responding to any complaints in the provided data. Therefore, based on the information available, it appears that the conversation did not involve Turalyon announcing construction updates or feedback from residents following Illidan Stormrage's complaint about the noise."
Did Hailey announce the new line of high-protein breads before inviting Li Hua to the special bakery event?,Yes,"No, there is no mention of Hailey announcing the new line of high-protein breads prior to inviting Li Hua to the special bakery event. Instead, Hailey invited Li Hua to a special event where they were launching a new line of healthy bread options. This event includes a tasting session with various samples and a little workshop. The announcement of the new high-protein bread line comes later, specifically in another interaction where Hailey invites Li Hua to a healthy bread tasting session."
Did Chae tell Li Hua that taking a warm shower before sleeping can improve the sleep quality before sharing the neuroscience article with her?,No,"Based on the conversation provided, there is no mention of Chae Song-hwa sharing the neuroscience article about memory formation and processing with Li Hua prior to discussing the benefits of taking a warm shower before bedtime. The first interaction regarding the warm shower happens in the third message, dated 20260926_10:30, where Chae informs Li Hua about the benefits of a warm shower before sleep. This implies that the discussion about the neuroscience article and the benefits of a warm shower happened sequentially without any intermediate communication. Therefore, it cannot be concluded that Chae shared the neuroscience article with Li Hua before mentioning the benefits of a warm shower."
Did Li Hua ask Jennifer Moore for book recommendations on fitness nutrition before she announced the special guest speaker at the gym?,No,"No, there is no mention of Li Hua asking Jennifer Moore for book recommendations on fitness nutrition prior to announcing the special guest speaker at the gym. The interactions described in the text primarily revolve around discussions about fitness routines, personal achievements, and motivational tips rather than seeking recommendations on books related to fitness nutrition."
Did Jennifer remind Li Hua about proper nutrition and hydration before Jake shared his tips for staying hydrated during the match?,Yes,"In the recorded messages, Jennifer Moore does indeed mention the importance of hydration and proper nutrition before discussing Jake Watson's tips. Specifically, in the message dated ""20260403_15:00,"" Jennifer reminds Li Hua about her progress and offers to share her story with other clients. She then mentions tips for boosting endurance, which include incorporating longer cardio sessions and interval training into one's routine, along with the emphasis on proper hydration and nutrition. This indicates that Jennifer did discuss hydration and nutrition before moving on to Jake's tips for recovery after a game. However, it seems that Jake's tips for staying hydrated during the match came later in the conversation, specifically in the message dated ""20260513_09:00."" In this message, Jake provides practical tips for quick refueling after an intense game, emphasizing the importance of hydration and stretching. Therefore, Jennifer did mention hydration and nutrition before Jake shared his tips on recovery."
Did the group members talk about their favorite characters in the TV series Game of Thrones after Emily started a vote on the most hateable character?,Yes,"The conversation did not explicitly revolve around discussing the favorite or most hateable characters in Game of Thrones. Instead, the participants engaged in a detailed discussion about the character development of Jaime Lannister, focusing particularly on his transformation from an initially arrogant knight to a more complex and morally ambiguous figure. This included exploring pivotal moments in his journey, such as his confrontation with Cersei, his bond with Brienne of Tarth, and his loss of his hand. Additionally, they touched upon how Jaime's character arc influenced their views on his legacy and the portrayal of morally gray characters in television series. While the topic of hateable characters was not discussed, the overall tone and content of the conversation centered around analyzing and appreciating the nuanced character of Jaime Lannister."
Question: Did Jennifer remind Li Hua to consume enough protein after the workout before she shared tips with the group members on common mistakes to avoid after an intense workout?,Answer: Yes,"In the conversation, Jennifer Moore frequently mentions the importance of protein intake after workouts, particularly in her interactions with Li Hua. On February 14th, 2026, Jennifer reminded Li Hua about the necessity of getting enough protein after their workouts, stating, ""Hey Li Hua! Just a quick reminder to make sure you're getting enough protein after our workouts. It's super important for keeping that body in shape! 💪🏽🥗"". This indicates that Jennifer indeed advised Li Hua to consume adequate protein post-workout, suggesting that she was actively providing dietary advice to her group members. However, there is no mention of Jennifer reminding Li Hua specifically about protein consumption before the workout in the given data. Instead, Jennifer provides advice about the best type of protein supplement (whey protein) for muscle recovery and building lean mass, recommending it as a great option for muscle recovery and building lean mass. She further advises Li Hua on the optimal time to consume protein, noting that it's generally better to take it after workouts rather than before. Therefore, while Jennifer does remind Li Hua to consume enough protein after the workout, she does not explicitly remind Li Hua to consume enough protein before the workout in the context of this particular exchange."
Did Li Hua ask Thane about his opinion on The Last of Us before he asked about Sekiro: Shadows Die Twice?,No,"Based on the conversation provided, Li Hua did not specifically ask Thane Chambers about his opinion on The Last of Us prior to asking about Sekiro: Shadows Die Twice. In the recorded interaction, Li Hua first asks Thane for his thoughts on The Last of Us, stating, ""Hey Thane! What do you think about The Last of Us? I'm thinking of picking it up. Would love to hear your thoughts!"" This indicates that Thane's comments on The Last of Us were not prompted by Li Hua's interest in the game beforehand. Instead, Li Hua appears to have decided to ask Thane about The Last of Us after expressing his desire to pick up the game himself."
Did Jake Watson and Li Hua discuss the classic matches between FC Barcelona and FC Bayern Munich before the group members discussed the classic matches between FC Barcelona and Real Madrid?,Yes,"Jake Watson and Li Hua did not directly discuss the classic matches between FC Barcelona and FC Bayern Munich. Instead, they focused on discussing the classic matches between FC Barcelona and Real Madrid, with Li Hua asking Jake Watson who he believes is the best defender in FC Barcelona's history. The group then moved on to discuss various aspects of FC Barcelona's recent history and performance, including the impact of certain players and managers. There is no information provided regarding discussions about the matches between FC Barcelona and FC Bayern Munich."
Did the group members debate about the best football manager in the Premier League history after they debated if Pep Guardiola is the greatest soccer manager in football history?,Yes,"No, there is no information provided in the given data that indicates a debate about the best football manager in the Premier League history immediately followed a discussion on whether Pep Guardiola is the greatest soccer manager in the world. The first excerpt discusses a debate among friends about who they consider the best football manager in Premier League history, with JakeWatson mentioning names such as Sir Alex Ferguson, Pep Guardiola, Jurgen Klopp, and others. However, there is no reference to a similar discussion about the best Premier League manager following the debate about the greatest manager globally. The second excerpt focuses on the best defender in Barcelona's history, with JakeWatson and LiHua discussing Carles Puyol and Gerard Piqué. There is no overlap in the content or timing of these discussions within the provided data."
Did the discussion about Jaime Lannister's character occur after the discussion about Cersei Lannister's character?,Yes,"The discussions provided do not explicitly state the chronological order in which they occurred. However, based on the content, it appears that the episode discussions about Jaime Lannister's character (discussed in the second and third sources) took place after the episode discussions about Cersei Lannister's character (presented in the first source). This is indicated by the focus on specific moments and scenes from later seasons of Game of Thrones, particularly focusing on Jaime Lannister's transformation and his relationship with Brienne of Tarth, which happened later in the series."
Did Wolfgang ask Li Hua if she wants to have pizza for dinner after work today before he wondered if she wanted to have Sichuan hot pot for dinner tonight?,No,"Based on the information provided in the dialogue, Wolfgang did not inquire about Li Hua's preference regarding pizza or Sichuan hot pot for dinner. Specifically, Wolfgang expressed interest in having hot pot for dinner tonight, mentioning Sichuan as his favorite cuisine. He did not mention considering pizza as a possible option. However, Wolfgang did suggest that they grab some pizza for dinner after work, which occurred in a different conversation (Dialogue 1). This indicates that Wolfgang considered pizza as a possibility for a future dinner outing with Li Hua, but not for tonight's meal."
Did Jennifer challenge Li Hua to do 60 pull-ups in a training session after she challenged him to do 100 pushups?,Yes,"No, there is no mention of Jennifer challenging Li Hua to perform pull-ups after he had previously attempted 100 push-ups. The only push-up-related challenge mentioned in the data is the one described in the entry dated 20260924_20:00, where Jennifer encouraged Li Hua to increase the weight on the bench press, stating, ""Hey Li Hua! Are you ready to challenge yourself with even more weight on the bench press next week? I think you’ve got it in you! 💪🎉"". Thereafter, the data indicates that Jennifer suggested aiming for 100 push-ups as part of the upcoming training session on Tuesday, but there is no subsequent challenge to perform pull-ups."
Did Jake share common knowledge about offside in soccer with Li Hua before he passed practical techniques to Li Hua on how to avoid offside for a forward?,Yes,"Based on the conversations shared, there is no explicit mention of Jake teaching Li Hua common knowledge about offside rules in soccer or any practical techniques to avoid being offside as a forward. The interactions primarily revolve around discussions about historical matches, notable players, and recent developments within the club. There is no indication that Jake provided theoretical knowledge about offside prior to sharing any practical techniques. Therefore, based on the information available, we cannot infer that Jake shared common knowledge about offside before teaching Li Hua practical techniques."
Did Wolfgang arrive in Hong Kong after he informed Li Hua about his upcoming trip?,Yes,"According to the information provided, Wolfgang informed Li Hua about his business trip to Hong Kong on December 19, 2026, at 19:00. On December 23, 2026, at 23:00, Wolfgang shared that he had just touched down in Hong Kong, indicating that he indeed arrived in the city after informing Li Hua about his trip. This timeline supports the conclusion that Wolfgang did arrive in Hong Kong after his notification to Li Hua."
"What time does Li Hua watch the movie ""Overwatch 3""?",20260122,"Based on the conversations provided, there is no mention of Li Hua watching the movie ""Overwatch 3"". The topic of ""Overwatch 3"" appears to be related to an upcoming event or release, possibly a video game, according to the entity description provided. The conversations instead discuss various interests and plans including a potential movie screening or event involving superheroes and another movie series. Therefore, there isn't enough information to determine the exact time Li Hua watches ""Overwatch 3""."
"Who does Li Hua go to watch the movie ""Overwatch 3"" with?",Wolfgang,"In the provided conversation, WolfgangSchulz suggests that LiHua and he will watch ""Overwatch 3"" together. Specifically, WolfgangSchulz proposes catching the 7 PM show, stating, ""Great! How about we catch the 7 PM show? Gives us time to grab some food before."" LiHua agrees enthusiastically, replying, ""7 PM works for me! Food first sounds like a plan! Let’s pick a place we both like. Any thoughts?"" Therefore, based on the conversation, LiHua goes to watch ""Overwatch 3"" with WolfgangSchulz."
Has Wolfgang ever been to Hong Kong?,Yes,"No, according to the information provided, Wolfgang has not previously visited Hong Kong. This is indicated by the entry stating, ""HONG KONG"", which assigns a score of 0.85663605, suggesting that this is a new travel destination for Wolfgang. Specifically, it mentions, ""Wolfgang is the participant in the music jam sessions organized by LiHua."" Additionally, Wolfgang is noted to be on a business trip to Hong Kong, as evidenced by the following exchange: ""WolfgangSchulz: Hey! I just touched down in Hong Kong! 😍 The city is incredible, so vibrant and full of life. Can’t wait to explore!"" This indicates that Wolfgang is visiting Hong Kong for the first time in this context."
Who knows about Wolfgang going to Hong Kong?,LiHua & Chae & Yuriko,"According to the information provided, Wolfgang is informed about his upcoming business trip to Hong Kong. This detail is conveyed in the log entry dated 20261221_12:00, where Wolfgang informs the group that he won't be able to make it to practice that week due to his trip to Hong Kong. Additionally, Wolfgang shares that he has gathered some local souvenirs and snacks for Li Hua while he's away. Therefore, Wolfgang is aware of his travel plans and has communicated them to the group."
Who wished Li Hua a happy Lunar New Year?,Adam Smith & Jennifer Moore & Wolfgang Schulz,"In the data provided, two individuals wished Li Hua a happy Lunar New Year. First, Adam Smith sent a message wishing Li Hua a ""very happy Lunar New Year"" along with a cheerful emoji. Additionally, Wolfgang Schulz also wished Li Hua a ""happy Lunar New Year"" expressing his anticipation for their celebrations together."
Who introduced the bread delivery service and recommend Alice for the delivery?,HaileyJohnson,"The bread delivery service was introduced by HaileyJohnson. Specifically, HaileyJohnson highlighted the importance of doorstep delivery, stating, ""I offer a doorstep delivery service for fresh milk and bread. It’s super convenient, especially for busy days!"" Furthermore, HaileyJohnson expressed enthusiasm about having Alice handle the delivery service, saying, ""I've hired a new clerk, Alice, to help with our doorstep delivery service for milk and bread. She's super friendly and will be taking care of your orders every Monday and Friday at 8am."" This indicates that HaileyJohnson recommended Alice for the delivery role."
What is the opportunity that makes Wolfgang and Yuriko acquaitances?,LiHua introduce them to each other by saying that they can play music together every Sunday,"The opportunity that makes Wolfgang and Yuriko acquaintances stems from their active participation in virtual conversations and jam sessions organized by LiHua. From the data, it is clear that Wolfgang and Yuriko have been introduced by LiHua, with Wolfgang being described as ""LiHua's best buddy"" and Yuriko as ""an amazing speech therapist with her own studio."" Their interactions involve sharing musical interests, collaborating on jam sessions, and planning musical events together. Specifically, Wolfgang and Yuriko were introduced during a conversation where LiHua suggested that Wolfgang might bring Yuriko to an event, and Yuriko reciprocated by suggesting she could contribute a track to the band's performance lineup for the Local Music Festival. This interaction highlights their mutual interest in music and their frequent engagement in collaborative musical activities facilitated by LiHua."
What was the content of the first-ever delivery from Hailey to LiHua and what was LiHua's opinion about it?,a fresh sourdough loaf and a bottle of milk and LiHua praises Hailey's bread and milk,"In the initial interaction between Hailey and LiHua regarding doorstep deliveries, Hailey offered a fresh milk and bread delivery service. This service allows customers to receive their orders conveniently at their doorstep. Specifically, Hailey informed LiHua that she could provide artisanal sourdough and a chocolate chip brioche, both of which are popular among her customers. Hailey expressed interest in setting up a trial delivery for LiHua to ensure satisfaction. LiHua agreed and requested a delivery of the sourdough on Tuesday, providing her address as 123 Sunny Street. LiHua expressed her enthusiasm for the sourdough, indicating she was looking forward to receiving the delivery. Hailey confirmed that she would prepare a fresh sourdough loaf for delivery on Tuesday. Overall, the first delivery was received positively by LiHua, showcasing the convenience and quality of Hailey's doorstep delivery service."
What opportunity did LiHua create for Chae to meet Wolfgang and Yuriko?,LiHua introduced Chae to Wolfgang and Yuriko during the band's gathering on Sunday evening,"LiHua created an opportunity for Chae to meet Wolfgang and Yuriko by introducing them to each other. This introduction happened during a conversation where Wolfgang mentioned he was meeting Yuriko, who is a speech therapist with her own studio, as LiHua’s best friend. Wolfgang expressed excitement about getting to know Yuriko, and LiHua noted that Yuriko seemed pleased to meet Wolfgang. This interaction led to a mutual agreement among the participants to plan a jam session together, indicating that LiHua successfully facilitated a social encounter between Chae, Wolfgang, and Yuriko."
What special offerings did Hailey have for her backery shop in the month of May?,a special Mother's Day bakery promotion & a special summer promotion on ice cream & a free baking class at the end of May & banana durian cheesecake,"In the month of May, Hailey Johnson offered several special offerings at her bakery, Hailey's Bakery. One notable event was a free baking class which was held this weekend. Additionally, there was a 20% off bread promotion ongoing on the 30th of the same month, encouraging customers to visit to take advantage of the discounted prices. Another significant event was a bread-tasting event where a new line of healthy bread options was launched. This event was specifically aimed at introducing the new products to potential customers and providing a tasting experience. These special events and promotions likely contributed to engaging customers and increasing awareness of the bakery's new product lines."
What feedbacks does Hailey ask from LiHua in July?,feedback on the bread delivery service & customer feedback on a new line of artisanal donuts,"In July, Hailey Johnson reached out to Li Hua for feedback regarding a new bread recipe she had developed. Specifically, Hailey invited Li Hua to taste her new bread recipe and gather feedback from the customers. Li Hua agreed to assist Hailey in this endeavor, and they discussed the timing of the bread-tasting event. The event was scheduled to occur on a Saturday from 10 AM to 2 PM, and Li Hua confirmed her availability to participate during that time. During the event, Li Hua was tasked with chatting with customers and collecting their thoughts on various bread varieties. Additionally, Li Hua was instructed to note down any customer favorites. This feedback was crucial for Hailey as she continued to refine and improve her recipes."
How long does it take in total from LiHua planning on getting the air-conditioner to the air-conditioner been installed?,about 27 days,"Based on the information provided in the conversation, the timeline from LiHua planning to get the air-conditioner to its installation is quite short. Initially, LiHua expressed interest in the air-conditioner and asked for recommendations (as seen in the conversation dated 20260723_14:00). AdamSmith suggested a split-type air-conditioner for the basement due to its efficiency and quiet operation (conversation dated 20260723_14:00). Then, LiHua mentioned they were set to receive the installation team at 6 PM on the same day (conversation dated 20260729_14:00). Therefore, it appears that from the initial request for a recommendation to the scheduled installation, the process took only one day. However, it is important to note that this timeline assumes that the installation can happen immediately after receiving the service team, which might not always be the case due to scheduling conflicts or other factors."
Did it take more than 3 weeks from LiHua planning on getting the air-conditioner to the air-conditioner been actually installed?,Yes,"Based on the conversations recorded, it appears that the timeline from LiHua expressing interest in the air-conditioner to its actual installation was less than three weeks. Here is the sequence of events:1. **July 23rd, 2026 at 14:00**: AdamSmith mentioned that he wants to follow up on the air-conditioner they discussed previously. He suggested that the basement has enough space for an air-conditioner and asked for the preferred size. This indicates that LiHua was already considering the installation of an air-conditioner in the basement.   2. **August 10th, 2026 at 18:00**: AdamSmith reminded LiHua about the warranty and maintenance plans for the air-conditioner they discussed earlier. This shows that discussions regarding the installation were ongoing and had progressed further.3. **August 12th, 2026 at 11:00**: The contractor team arrived to install the air-conditioner in the basement at 6 PM. This marks the completion of the installation.Given the dates provided, the timeline from AdamSmith suggesting the installation on July 23rd to the installation on August 12th is approximately 29 days. This period is well under three weeks, suggesting that the process moved relatively quickly from initial discussion to the actual installation."
Did it take more than a week from Adam asking LiHua about the ideal installation date to Adam reminding LiHua about the contractor team installing air-conditioner at 18:00?,Yes,"No, it did not take more than a week for Adam to remind LiHua about the installation date. The interactions show that Adam reminded LiHua about the installation of the air conditioner on two separate occasions, with the first reminder occurring on August 10 at 11:00 AM (Event 1) and the second reminder on August 12 at 6:00 PM (Event 2). The timeframe between these reminders was approximately three days, which is well under a week. Therefore, the installation of the air conditioner was scheduled for August 12 at 6:00 PM, following Adam's initial inquiry and subsequent reminders."
Who does LiHua want to invite to the photo exhibition and who goes with him (during August)?,Wolfgang,"Based on the information provided, LiHua is planning a photography exhibition that he wants to attend together with WolfgangSchulz. The conversation about the exhibition specifically mentions their plans to attend it together:- WolfgangSchulz responded positively to LiHua's invitation, saying ""How about we go on Friday evening? It should be less crowded then! What do you think?""- LiHua agreed, stating ""Great! I'll grab the tickets in advance then. Can't wait to see the exhibits! 🎟️""- WolfgangSchulz confirmed, saying ""Friday evening works for me! Looking forward to it!""Therefore, it is clear that WolfgangSchulz is the person LiHua intends to invite to the photography exhibition. Since WolfgangSchulz is enthusiastic about attending, it is likely that he will accompany LiHua to the event. The exhibition is scheduled for August, as mentioned in the context of WolfgangSchulz's invitation to a photography exhibition in town."
Is the time interval between LiHua asking JakeWatson to help him with dribbling skills and Li Hua asking the group about classic must-watch UCL matches more than 2 days (restrict your search within August)?,Yes,"To determine whether the time interval between LiHua asking JakeWatson about dribbling skills and LiHua asking the group about classic must-watch UCL matches is more than 2 days, we need to examine the timestamps for these interactions. From the given data:1. **Dribbling Skills Practice:** The interaction mentioning dribbling skills takes place on August 21, 2026 at 15:00 (as indicated by the timestamp ""Time: 20260821_15:00"").2. **Classic Must-Watch Matches:** The interaction about classic matches occurs on October 5, 2026 at 10:05 (as indicated by the timestamp ""Time: 20261005_10:05"").By comparing these timestamps:- August 21, 2026 (dribbling skills) is more than 2 days before October 5, 2026 (classic matches).Therefore, the time interval between LiHua's request for JakeWatson to help with dribbling skills and her asking the group about classic must-watch UCL matches is indeed more than 2 days."
Is the time interval more than 3 days between LiHua asking Adam to help him install a curtain on the basement window and Adam asking LiHua to measure the size of the window?,Yes,"The two interactions involving LiHua and Adam are described in two separate events in the given timeline:1. In the event dated ""20261012_10:00"", LiHua asks Adam to help him install the curtains he received. This interaction occurs at 10:00 AM on October 12, 2026.   2. In the event dated ""20261009_17:00"", Adam asks LiHua to measure the size of the window for the curtains. This interaction occurs at 5:00 PM on October 9, 2026.Given these dates, the time interval between Adam asking LiHua to measure the size of the window and LiHua asking Adam to help him install the curtains is approximately 3 days. Therefore, the time interval is exactly 3 days, not more than 3 days."
Is the time interval more than 7 days between Adam asking LiHua to measure the size of the window and Adam informing Li Hua that he has booked the curtain of the right size?,Yes,"To determine if the time interval between Adam asking Li Hua to measure the size of the window and Adam informing Li Hua that he has booked the curtain of the right size is more than 7 days, we would need to find the corresponding entries in the table. However, the provided conversation does not contain an entry related to curtain measurement and booking, so we cannot draw a conclusion based on the information given. Let's examine the conversation for other instances to ensure we cover all possibilities:- **20261012**: Adam Smith asks Li Hua if she has received the curtains, and Li Hua confirms receipt. Adam then mentions helping with installation and setting a time together for the installation.- **20260219**: Adam Smith reminds Li Hua to pick up a key for the basement at 9 AM.- **20261009**: Li Hua invites Wolfgang Schulz over to watch a classic movie.- **20260309**: Li Hua inquires about switching her class from Thursday to Friday.- **20260627**: Wolfgang Schulz invites Li Hua to hang out after work.- **20260801**: Li Hua suggests a photography exhibition and invites Wolfgang Schulz to attend.- **20260106**: Li Hua reports a broken water tap and asks Adam Smith to help fix it.- **20261103**: Wolfgang Schulz suggests a stand-up comedy show.- **20261126**: Emily Burnett asks Li Hua about her favorite comedy TV series.- **20261110**: Li Hua inquires about the best football manager in Premier League history and organizes a watch party for a Liverpool vs. Manchester match.Since none of these conversations involve the specific actions of measuring the window size and booking the curtains, we cannot conclude whether the time interval between these two events exceeds 7 days. Thus, based on the available information, there isn't enough context to answer the question definitively."
Is the time interval more than 3 days between LiHua confirming that he has received the curtain and Adam asking LiHua if the curtain is all good?,Yes,"Based on the information provided in the conversation, there is a time interval of exactly 3 days between LiHua confirming receipt of the curtains and Adam asking if the curtains are all good. The first event occurred on March 9th at 12:00, and the second event took place on March 12th at 10:00. Therefore, the time interval between these two events is precisely 3 days."
Is the time interval more than 3 days between LiHua first asking Adam if he can buy a small fridge for the basement and Adam asking LiHua about the size of the fridge?,Yes,"Based on the information provided in the conversation, there is no mention of LiHua first asking Adam Smith if he could purchase a small fridge for the basement. The initial interaction appears to be Adam asking LiHua about the possibility of getting a small fridge for the basement, stating ""Hey Adam! Just wanted to ask if it would be okay for me to get a small fridge for the basement."" This occurs at a timestamp of 20261110_11:00. Following this, at 20261123_23:00, Adam informs LiHua that the fridge will be delivered the next day at 4 pm. Thus, the interval between LiHua's request and Adam's confirmation about the delivery date is less than three days, specifically one day. Therefore, the time interval between LiHua first asking Adam about the small fridge and Adam inquiring about its size is not more than three days."
Is the time interval more than 7 days between Adam asking LiHua about the size of the fridge and Adam informing LiHua that the fridge will be delivered at 4pm next day?,Yes,"To determine whether the time interval between Adam asking LiHua about the size of the fridge and Adam informing LiHua that the fridge will be delivered at 4pm next day exceeds seven days, we need to review the timestamps provided in the sources.From the data:1. In Source 4, LiHua asks Adam about the size of the fridge and Adam mentions it will be delivered tomorrow at 4pm.2. The timestamp for this interaction is ""20261123_23:00"".Comparing the timestamps:- Source 4 ends at ""20261123_23:00"".- The fridge delivery information is provided in Source 5, which has the timestamp ""20261123_23:00"".Since both interactions take place on the same day (20261123), the time interval between Adam asking LiHua about the size of the fridge and Adam informing LiHua that the fridge will be delivered at 4pm the next day does not exceed 7 days. Therefore, the time interval is exactly one day, not more than 7 days."
Wolfgang suddenly becomes very concerned about good body shape and healthy food choices in December. What are the two conversations he had with LiHua in December that reflect this?,20261202_14:00 & 20261209_19:00,"In December, Wolfgang began expressing concern about maintaining a good body shape and adopting healthier dietary habits. Two specific conversations between Wolfgang and LiHua highlight this shift in their discussions:1. **December 23rd Conversation**:   - **Context**: Wolfgang is excited to explore Hong Kong and mentions being eager to sample various local delicacies.   - **Discussion Focus**: Wolfgang expresses his interest in trying different foods, including dim sum, street food, and egg waffles. LiHua suggests a visit to Mong Kok for street food and recommends trying the egg waffles, which are described as ""amazing."" This conversation reflects Wolfgang's newfound interest in trying diverse cuisines and possibly includes discussions about healthier options within these dishes.2. **December 23rd Conversation (Additional Insights)**:   - **Details**: Wolfgang is particularly excited about visiting Victoria Peak and enjoying the city's vibrant nightlife. LiHua encourages him to try the egg waffles, emphasizing that they are ""amazing."" This indicates that Wolfgang might be interested in exploring new food experiences that align with his growing focus on health and nutrition.   Both conversations indicate that Wolfgang is starting to pay more attention to his diet and physical appearance, which is evident from his inquiries about specific foods and his enthusiasm for trying new culinary experiences. These exchanges suggest that Wolfgang is beginning to prioritize healthier food choices alongside his exploration of the city's gastronomic offerings."
Did Li Hua agree to have dinner with Wolfgang after he told Wolfgang about the lunch arrangement?,Yes,"Based on the conversation recorded in source 1, Wolfgang informed Li Hua about a lunch arrangement at a cozy café downtown scheduled for 12:00 PM. In response, Li Hua expressed enthusiasm for the lunch meeting, saying, ""I'm really looking forward to it too!"" This indicates that Li Hua agreed to have lunch with Wolfgang at the specified time and place. However, there is no mention of a subsequent dinner arrangement being discussed or agreed upon. Therefore, we cannot conclude that Li Hua agreed to have dinner with Wolfgang based solely on the information provided in this conversation."
Did Li Hua ask Wolfgang Schulz for a recommendation on a gym or fitness center before asking Jennifer Moore for book recommendations on fitness nutrition?,Yes,"There is no information provided about Li Hua asking Wolfgang Schulz for a recommendation regarding a gym or fitness center. The conversations described primarily involve Li Hua seeking book recommendations from Jennifer Moore for fitness nutrition and Wolfgang Schulz engaging in discussions with Jennifer Moore about various topics related to music and fitness, including suggesting songs to play at a jam session and offering advice on arranging future musical events. Therefore, based on the details given, it does not appear that Li Hua asked Wolfgang Schulz for a recommendation on a gym or fitness center."
Did Li Hua ask Wolfgang Schulz if he wants to go to the gym together before Jennifer reminded Li Hua to participate in the gym's membership feedback activity?,Yes,"There is no mention of Li Hua asking Wolfgang Schulz to go to the gym together in any of the provided messages. Additionally, there is no reference to Li Hua participating in the gym's membership feedback activity. The conversations primarily revolve around fitness goals, workout schedules, and general interactions among members of the gym community. Therefore, based on the information available, it cannot be determined whether Li Hua asked Wolfgang Schulz to join him at the gym before Jennifer reminded him about the membership feedback activity."
Did Li Hua send a message to Wolfgang Schulz saying that he has prepared all the delicious food for tonight's Chinese Lunar New Year before Wolfgang sent a message to Li Hua wishing him a happy Lunar New Year?,Yes,"No, according to the provided messages, Wolfgang Schulz initially wished Li Hua a happy Lunar New Year, expressing his excitement about enjoying good food and relaxing. Li Hua responded positively, indicating plans to prepare some traditional dishes and possibly decorating for the occasion. Wolfgang then asked about Li Hua's favorite dishes, suggesting that Li Hua had not yet finalized the menu but was considering dumplings and other traditional foods. There is no mention of Wolfgang Schulz sending a message to Li Hua beforehand confirming all the preparations were done. Therefore, based on the conversations shared, it appears that Wolfgang Schulz's message came after Li Hua expressed her plans rather than Wolfgang Schulz sending a confirmation message beforehand."
Did Li Hua provide feedback to Jennifer Moore on his new meal plan before he asked her for advice on a healthy meal plan?,No,"Based on the conversation, there is no explicit mention of Li Hua providing feedback to Jennifer Moore on his previous meal plan before she offered him advice on a healthy meal plan. The initial interaction appears to be Li Hua seeking advice due to his recent start to a new workout routine and needing a healthy meal plan, rather than Li Hua presenting a meal plan that needed Jennifer Moore's approval or feedback. This indicates that Jennifer Moore's advice came directly from her experience and expertise in creating balanced meal plans, without any prior feedback from Li Hua's existing meal plan."
Did Li Hua's complaint about the customer who modifies their requirements occur before Wolfgang comforted him?,No,"Based on the information provided in the data tables, there is no mention of a complaint about modifying requirements or Wolfgang comforting Li Hua. The only interactions detailed are related to Wolfgang's participation in music jam sessions and social engagements, such as plans to watch stand-up comedy and yoga classes. There is no reference to a situation involving Li Hua complaining about a customer or Wolfgang offering comfort. Therefore, it cannot be determined whether this scenario occurred before or after any of Wolfgang's activities based solely on the given data."
Did Adam Smith send Li Hua a reminder about the upcoming rent due date before Li Hua sent a message about having already transferred the rent on 20260301?,Yes,"No reminders were found in the records for the rent due date. However, there were several messages discussing the rent and related matters between Adam Smith and Li Hua. On 20260301_10:00, Li Hua informed Adam that she had already transferred the rent via bank transfer. This was followed by Adam's acknowledgment and thankfulness, and he asked if Li Hua needed any assistance. There were no explicit reminders sent by Adam Smith to Li Hua regarding the rent due date. Instead, communication focused on updates and confirmations about the rent payments and any ongoing issues with the basement pipes mentioned by Adam."
Did Li Hua share a blog post about his recent fitness achievements after Jennifer sent him a motivational message?,Yes,"Based on the information provided in the records, there is no mention of Li Hua sharing a blog post about his fitness achievements following Jennifer Moore's motivational message. The interactions documented are primarily between Jennifer and Li Hua discussing their fitness progress, upcoming sessions, and challenges they face. No reference is made to a blog post or any written record of Li Hua's achievements."
Did Li Hua send a follow-up message to Jennifer before she asked him about his latest sleeping schedule?,Yes,"No specific follow-up message from Li Hua regarding his sleeping schedule was provided in the given data. The conversations focused primarily on Jennifer's support for Li Hua's progress and her desire to share his success story with other clients. Additionally, there were discussions about Wolfgang Schulz inviting Li Hua for a casual hangout, Chae Song-hwa giving advice on the benefits of taking a warm shower before sleeping, Wolfgang Schulz suggesting a stand-up comedy night, and Jennifer Moore announcing the addition of a new yoga class to the gym schedule. There is no mention of a follow-up regarding Li Hua's sleeping habits or a request from Jennifer for more details."
Did Li Hua ask Adam Smith about placing potted plants in the basement before he asked about decorating the basement?,No,"Based on the information provided in the conversation logs, there is no mention of Li Hua asking Adam Smith about placing potted plants in the basement prior to him asking about decorating the basement. The initial query regarding the basement decorations appears in the log entry dated 20260227_18:30, where Li Hua asks Adam Smith if she could add some sound-insulating pads and asks for his opinion on the matter. This indicates that Li Hua did not first inquire about potted plants before requesting to decorate the basement."
Did Li Hua ask Wolfgang for advice on renovating the basement before he invited Adam Smith to check the progress of the basement renovation?,Yes,"No specific mention exists regarding Li Hua asking Wolfgang for advice on renovating the basement before inviting Adam Smith to check its progress. From the provided data, we only have interactions between Li Hua and Wolfgang, primarily revolving around plans to watch a movie at the basement and Adam Smith handling maintenance tasks like arranging for the repair service. There is no indication of Wolfgang seeking advice from Li Hua on the renovation process before Adam Smith's involvement. Therefore, based on the given information, it cannot be concluded that Li Hua asked Wolfgang for advice on renovating the basement prior to inviting Adam Smith to check the progress."
Did Li Hua tell Wolfgang about making a new friend before Yuriko reminded the group members to meet for the music festival?,Yes,"Based on the conversation, Li Hua did not initially mention making a new friend named Yuriko to Wolfgang prior to the group discussing the local music festival. In the provided messages, Wolfgang's initial engagement with the group was about attending the music festival, which was mentioned without reference to Yuriko being introduced first. Specifically, Wolfgang expressed interest in keeping the practice sessions on Sundays, stating, ""Just a reminder though, I'd prefer we keep it to Sundays for practice since my week is pretty packed. Let’s make the most of our Sunday jam sessions! What do you think?"" This discussion took place after Li Hua had already informed the group about Yuriko, whom she had met and invited to join their Sunday jam sessions. Therefore, the information suggests that Wolfgang was not aware of Li Hua's introduction of Yuriko before the group discussed the upcoming music festival."
"Did Yuriko tell Li Hua about booking a seat at the ""Central Perk"" cafe before Li Hua sent her a message to confirm the details of their next meeting?",Yes,"Based on the information provided in the conversation logs, Yuriko did indeed mention booking a seat at ""Central Perk"" cafe for their meeting. Specifically, in the log entry dated 20260303_09:30, YurikoYamamoto informs LiHua, ""Hey Li Hua! 😊 Just wanted to let you know I booked a seat at 'Central Perk' café for tomorrow at 3pm. Looking forward to our chat about my studio's homepage! See you then! !"" This indicates that Yuriko had already made arrangements to meet at ""Central Perk"" prior to LiHua sending the confirmation message."
What time does Li Hua check in with Adam about moving in?,5:30 PM,"Li Hua checks in with Adam about the details for the move-in at a time that is convenient for her. From the conversations provided, there is no specific time mentioned for the initial discussion regarding the move-in preparations. However, Li Hua does confirm a specific time for her arrival, stating she will be there around 5:30 PM. This indicates that the initial communication about the move-in likely occurred earlier in the day, perhaps around 5 PM, as she is already planning to arrive by 5:30 PM."
When was the first time Li Hua had dinner with Wolfgang this year?,20260108,"The first instance of Li Hua and Wolfgang Schüls having dinner this year is documented in the conversation from January 19th, 2026. Specifically, it is noted that Adam Smith wishes Li Hua a ""fantastic Lunar New Year"" and mentions that they usually have a family dinner. Wolfgang Schüls suggests grabbing dinner, and Li Hua replies, ""We usually have a family dinner and exchange some gifts. Just keeping it cozy and meaningful."" This indicates that this was the first time Wolfgang and Li Hua had dinner together this year."
Where was the first time Li Hua had dinner with Wolfgang this year?,the cozy café downtown,"The first recorded dinner between Li Hua and Wolfgang this year was on January 23rd, as evidenced by Source 1. In this conversation, Wolfgang suggests meeting for dinner at a location, but Li Hua declines, citing her recent busy schedule. This suggests that this was likely the initial dinner invitation of the year. No other dinners were mentioned in the provided data prior to this date."
What time is Li Hua's lunch with Wolfgang Schulz at the cozy café downtown?,20260108,"Li Hua and Wolfgang Schulz arranged a lunch at the cozy café downtown for 12:00 PM. Wolfgang Schulz reminded Li Hua about the lunch, indicating that they had agreed upon a convenient time to catch up and perhaps explore the area together."
What is the Wi-Fi password at Li Hua's house?,Family123,"There is no information provided in the given conversations about the Wi-Fi password at Li Hua's house. The interactions focus on daily living arrangements, maintenance requests, and social gatherings rather than discussing technical details such as Wi-Fi passwords."
What does Adam say about having friends over?,having friends over occasionally is fine,"According to the conversation with LiHua, Adam Smith expresses that it is acceptable to have friends over occasionally, although he suggests that the gatherings should be kept reasonable. This indicates that Adam is supportive of having social interactions within the community, while also emphasizing the need for balance and consideration for others' living conditions."
What house rule does Adam mention?,keep noise to a minimum during late hours,"In the conversation recorded on Time: 20260307_14:45, Adam Smith mentions a house rule related to the upcoming power outage. Specifically, he informs Li Hua that there will be a power outage scheduled from 2 PM to 3 PM the following day for maintenance purposes. He advises Li Hua to be prepared by charging her devices and planning accordingly, emphasizing the importance of staying prepared for such events. This indicates that Adam has established a house rule to ensure that household electronics are powered up in case of unexpected disruptions."
What does Li Hua report to Adam on January 6th?,the water tab in the apartment is broken,"There is no interaction recorded between Li Hua and Adam Smith on January 6th within the provided data. The records only contain conversations happening on January 9th, 19th, 15th, and 26th, among others. Therefore, no information regarding what Li Hua reports to Adam on January 6th can be derived from the given data."
When does Adam confirm the plumber will arrive?,tomorrow at 10 AM,"According to the conversation, Adam Smith confirms that the plumber will be arriving at the scheduled time of 10 AM the following day (January 6th, 2026) to fix the water tap. This confirmation is mentioned in the message sent to LiHua at 15:00 on January 6th, 2026."
What does Li Hua ask Adam about the door hinge?,a small repair,"In the conversation, Li Hua reaches out to AdamSmith regarding a specific issue with the door hinge. On January 7th, Li Hua expresses that the door hinge has been squeaking quite a bit and inquires if it's possible to get a small repair done on it. Specifically, she asks if it's feasible to schedule a repair and asks for a preferred time for the maintenance to be completed. AdamSmith agrees to arrange for the repair and ensures that he will keep Li Hua updated on its completion. This indicates that Li Hua seeks AdamSmith's assistance in getting a minor repair carried out on her door hinge."
What is the name of the gym that Wolfgang recommended LiHua to go to?,FitZone,"Based on the conversation between Wolfgang and LiHua, Wolfgang suggested a ""little burger joint downtown"" as his favorite fast food spot. However, Wolfgang also mentioned that this place serves ""amazing shakes."" Given the context, it appears Wolfgang recommended a restaurant rather than a gym to LiHua. There is no explicit mention of a gym in Wolfgang's recommendation to LiHua."
When does Li Hua ask Jennifer Moore about adjusting the protein in her meal plan?,20260122,"Li Hua asks Jennifer Moore about adjusting the protein in her meal plan during one of their conversations, which takes place on November 13, 2026, at 13:00. This interaction is documented in the fourth message, where Li Hua expresses concern about needing more protein for his workouts and asks if they can adjust the meal plan accordingly."
"What time does Li Hua watch the movie ""Overwatch 3""?",20260122,"There is no mention of a movie titled ""Overwatch 3"" in the provided data. The discussion revolves around a video game called Overwatch, but there is no specific reference to a movie release with this title. Therefore, based on the information available, we cannot determine the time Li Hua watches this hypothetical movie."
"Who does Li Hua go to watch the movie ""Overwatch 3"" with?",Wolfgang,"In the conversation, WolfgangSchulz mentions that they plan to meet up around 6:30 PM to grab a bite before the movie. WolfgangSchulz suggests meeting at the new burger place near the cinema, which LiHua expresses interest in trying. Therefore, it can be inferred that Li Hua will go to watch ""Overwatch 3"" with WolfgangSchulz at the new burger place near the cinema."
When does Li Hua plan to celebrate Chinese Lunar New Year?,20260118,"Based on the conversations between Li Hua and Adam Smith, there is no explicit mention of a specific date for Li Hua to celebrate Chinese Lunar New Year. However, Li Hua and Adam Smith discuss their plans for the upcoming Lunar New Year celebrations, which are set to occur in 2026. Adam mentions, ""Time: 20260119_11:30"" indicating that the Lunar New Year festivities are scheduled for January 19, 2026. Therefore, it can be inferred that Li Hua will be celebrating Chinese Lunar New Year around this time in 2026."
What does Li Hua plan to celebrate Chinese Lunar New Year?,dumplings,"According to the conversation, Li Hua plans to celebrate Chinese Lunar New Year at her place on January 18th. She intends to invite Wolfgang Schulz to join the celebration and enjoys preparing traditional dishes and decorations for the occasion. Li Hua also mentions she might get some local festival experiences to immerse herself in the festive atmosphere."
Who does Li Hua plan to celebrate Chinese Lunar New Year with?,Wolfgang,"According to the conversation, Li Hua is planning to celebrate Chinese Lunar New Year at her place on January 18th. Wolfgang Schulz expressed his interest in joining Li Hua for this celebration, indicating that he would be coming over to enjoy some good food together. Li Hua mentioned she might cook some traditional dishes and decorate for the occasion, suggesting that she intends to host the Lunar New Year celebration with Wolfgang Schulz. There is no indication of anyone else being invited to join them for this festive event."
Li Hua accidentally broke a light fixture once. What did Adam say about the light fixture?,I'll arrange for a professional to take a look,"In the conversations recorded, there is no mention of Li Hua breaking a light fixture. The only interaction involving a light fixture occurred when Li Hua asked Adam Smith if he knew whom to contact to fix a broken streetlight. Adam responded by suggesting calling the maintenance workers, indicating that he does know who to reach out to for the repair. Therefore, based on the information provided, Adam Smith did not provide details about a light fixture that Li Hua had previously broken."
Li Hua has a difficult client. When did he solve that client's project?,20260209,"There is no information provided in the given data about a difficult client that Li Hua has worked with or the resolution of their project. The conversations and interactions mentioned in the text primarily revolve around various topics such as fitness classes, sports analysis, and personal development, but do not specify a particular challenging project that Li Hua has solved. Therefore, based on the available data, we cannot determine when Li Hua solved the difficult client's project."
When did Li Hua express frustration about a client changing requirements?,20260131_14:00,"There is no mention of Li Hua expressing frustration about a client changing requirements in any of the provided conversations. The interactions described focus on various topics including personal achievements, opinions on television shows, fitness advice, and recommendations for entertainment. Li Hua appears to be supportive and encouraging in his communications, particularly when sharing success stories or offering advice to other individuals."
Who suggested Li Hua keep a clear log of all the changes requested by the client?,Wolfgang Schulz,"There is no information provided in the given data tables regarding who suggested Li Hua keep a clear log of all the changes requested by the clients. The conversations detailed in the sources pertain to various tasks and requests from different individuals, but there is no mention of a log for keeping track of these changes."
What did Wolfgang Schulz suggest Li Hua to do when Li Hua face a difficult client?,keep a clear log of all the changes requested by the client,"Based on the information provided in the data, Wolfgang Schulz did not directly address a situation where Li Hua faced a difficult client. Instead, the snippets of conversation focus on various activities and discussions related to Wolfgang and Li Hua's personal and professional lives. Wolfgang appears to be involved in a music festival, jam sessions, and even a discussion about a soccer match. There is no specific mention of Wolfgang advising Li Hua on how to handle a challenging client. Therefore, based on the given information, Wolfgang Schulz did not suggest anything specific to Li Hua regarding dealing with a difficult client."
What does Li Hua plan to do to clear their head?,go for a walk and find a new café,"Based on the conversations provided, there isn't any specific mention of Li Hua planning to clear their head through a particular activity or method. However, we can infer some insights from the context. Li Hua frequently discusses various activities and interests, including sports like football (soccer), fitness routines, and entertainment like watching TV shows. Given Li Hua's engagement with these topics, it suggests that they might use these activities to clear their mind or take a break from their daily responsibilities. For example, watching classic football matches against Barcelona and Real Madrid, engaging in yoga classes, or discussing recent episodes of shows like ""Chernobyl"" and ""The Last of Us"" could be methods Li Hua uses to unwind and rejuvenate. Without explicit mention of a specific plan to clear their head, it appears that engaging in diverse hobbies and interests serves this purpose for Li Hua."
What is the name of the café Wolfgang Schulz recommends to Li Hua?,The Java Spot,"Wolfgang Schulz recommends the cozy café downtown for Li Hua's lunch meeting. Additionally, Wolfgang Schulz suggests a nice Thai spot for dinner, indicating that he enjoys dining out and exploring various cuisines. However, the specific café he recommends for Li Hua's lunch meeting is the cozy café downtown."
Can Li Hua hang his artworks on the wall?,Yes,"According to the conversation, Li Hua was initially unsure about whether he could hang his new artwork on the walls without damaging them. However, Wolfgang Schulz reassured him that he could hang the artwork as long as he used removable hooks, ensuring that the walls would remain undamaged. Therefore, it appears that Li Hua should be able to hang his artworks on the wall with proper precautions."
What does Adam Smith suggest Li Hua use to hang artwork without damaging the walls?,use removable hooks,"Based on the conversation between Li Hua and Adam Smith, Adam Smith suggests using removable hooks to hang the artwork. This implies that Adam Smith advises Li Hua to ensure she uses materials that won't cause damage to the walls, thus allowing her to safely display her artwork."
How many times does Li Hua train per week now?,2,"Based on the conversations recorded, Jennifer Moore and Li Hua have discussed adjusting their training plans to better balance work and fitness. In one conversation dated 20260204_15:00, Jennifer suggests Li Hua consider training twice a week, suggesting a more efficient and intense approach. Li Hua agrees and confirms this plan, stating they would ""do Tuesdays and Thursdays."" Therefore, it appears that Li Hua has committed to training two days per week under this new plan."
When did Li Hua change the training plan?,20260204,"Li Hua discussed the possibility of changing the training plan with Jennifer Moore on February 4th, 2026. Initially, Li Hua expressed that he thought it would be beneficial to adjust the training plan to better balance his work and fitness. Jennifer Moore agreed to modify the schedule, suggesting that they train twice a week instead of their previous plan. Li Hua agreed to this proposal, choosing Tuesday and Thursday as the training days. This indicates that the change in the training plan occurred on February 4th, 2026."
What days does Li Hua takes for the training sessions?,Tuesdays and Thursdays,"Based on the interactions between Jennifer Moore and Li Hua, it appears that they are planning to reschedule their training sessions. From the conversations, Jennifer suggests that they could have sessions on Tuesdays and Thursdays. Specifically, Jennifer states, ""How about we do Tuesdays and Thursdays? That way, you get a solid rhythm going without it interfering too much with your work."" Li Hua agrees, saying, ""Tuesdays and Thursdays work perfectly for me!"" Therefore, it seems that Li Hua will attend training sessions on Tuesdays and Thursdays."
When did Li Hua ask Jennifer Moore for tips on dealing with muscle soreness?,20260206_16:00,"There isn't any direct mention of Li Hua specifically asking Jennifer Moore about dealing with muscle soreness in the provided data. However, there is a discussion regarding strategies to prevent and manage muscle soreness, which appears to be part of a broader conversation about recovery techniques. This discussion takes place in the context of a conversation where Li Hua mentions that they like the show ""Chernobyl,"" and Emily Burnett asks about what draws Li Hua to the show. The main points discussed around muscle soreness revolve around various methods of preventing and managing it, including mobility routines, stretching, foam rolling, hydration, and possibly incorporating yoga into one's workout regimen. Therefore, while there is no explicit mention of Li Hua asking for advice on muscle soreness from Jennifer Moore, the topic does come up within the context of their conversations."
What are some of Jennifer Moore's tips for dealing with muscle soreness?,hydration&active recovery&stretching&foam rolling&rest,"Jennifer Moore emphasizes the importance of proper hydration and recommends focusing on post-workout recovery techniques to alleviate muscle soreness. She suggests consuming a protein supplement immediately after workouts, which helps in muscle recovery and building lean mass. Additionally, she notes that taking a warm Epsom salt bath can be very soothing for sore muscles and provides a sense of relaxation after a tough workout. Jennifer encourages her listeners to prioritize hydration and recovery, as these factors significantly influence muscle recovery and overall fitness outcomes."
Why did Li Hua ask for extra exercises to do at home?,to complement his training schedule,"Li Hua reached out to Jennifer Moore asking for additional exercises she could incorporate into her home routine to further enhance her fitness regimen and maximize her progress. This request demonstrates Li Hua's commitment to maintaining a well-rounded and challenging workout schedule both in the gym and at home. Jennifer responded positively, providing several effective bodyweight exercises that Li Hua can integrate into her routine, including squats, plank holds, push-ups, lunges, and glute bridges."
What exercises did Jennifer Moore suggest Li Hua do at home?,bodyweight squats& plank holds&push-ups&lunges&glute bridges,"In one of the conversations, Jennifer Moore suggested that Li Hua incorporate more resistance training into his current workout plan. She also recommended adding dedicated stretching or yoga sessions to improve flexibility. These modifications were intended to help Li Hua focus on increasing his strength and exploring flexibility exercises alongside his existing routine. No specific exercises were listed; however, these types of activities typically include weightlifting, bodyweight exercises, and various stretching techniques aimed at enhancing both strength and flexibility."
What is Adam Smith's condition for Li Hua to add decorations to the basement?,must be reversible and not damage anything,"According to the conversations, Adam Smith is open to Li Hua adding sound-insulating pads to the basement, provided that the modifications are reversible and do not cause any damage to the existing structure. This condition ensures that any changes made can easily be undone if necessary. Li Hua assured Adam that she would keep the modifications reversible and asked for permission to proceed with her plans."
When was the first time Wolfgang went to Li Hua's basement?,20260221,"The conversation does not provide any information regarding Wolfgang visiting Li Hua's basement. There is no mention of Li Hua's basement or any events taking place there. The only interactions between Wolfgang and Li Hua involve plans for various activities such as photography walks, a trip to Hong Kong, stand-up comedy shows, and a weekend event. Therefore, based on the given data, we cannot determine when Wolfgang went to Li Hua's basement."
What ideas did Wolfgang Schulz suggest for Li Hua's basement practice spot?,good lighting&soundproofing&a comfy chair,"In one of the conversations, Wolfgang Schulz proposed adding some original songs to the setlist for their upcoming practice. He suggested brainstorming some cool ideas during the practice sessions. Additionally, Wolfgang mentioned the possibility of exploring themes that resonate with them, such as emotions or experiences they can all connect to. This indicates that Wolfgang suggested incorporating personal stories and unique songwriting themes into their repertoire. During another conversation, Wolfgang also suggested playing a classic rock song like ""Summer of '69"" for their next jam session. These suggestions demonstrate Wolfgang's enthusiasm for enhancing their musical experience through diverse song choices and creative exploration."
Why did Adam remind Li Hua not to play guitar late at night?,a few neighbors have mentioned they're hearing guitar music late at night,"In the conversation, there isn't a specific mention of Adam reminding Li Hua not to play guitar late at night. However, Adam does mention that he needs to make some necessary repairs in the basement soon, which could potentially disrupt Li Hua's plans to play guitar. This disruption is noted in the context of Adam informing Li Hua that they will be doing some necessary repairs in the basement soon, expressing hope that it won't cause too much inconvenience to Li Hua. Li Hua responds positively, expressing her hope that the repairs won't interfere with their jam sessions. Therefore, while there is a suggestion that Li Hua might face disruptions from the upcoming repairs, there is no direct mention of Adam specifically reminding Li Hua not to play guitar late at night."
What type of ambiance does YurikoYamamoto want for her studio's homepage?,more welcoming and engaging,"Based on the discussions mentioned in the conversation, YurikoYamamoto wants her studio's homepage to have a soft and calming ambiance, particularly expressed through the use of pastel colors. This preference aligns with her desire for a welcoming and visually appealing interface. Additionally, she envisions the homepage as a platform to share insights about speech therapy and connect with potential clients, suggesting a professional yet approachable tone."
When did Li Hua invite Adam Smith to check the basement renovation progress?,20260223_19:00,"Based on the information provided in the data, there is no mention of Li Hua inviting Adam Smith to check the basement renovation progress. The interactions between Adam Smith and Li Hua primarily revolve around reminders about tasks such as picking up keys, paying rent, discussing decorations for the basement, and scheduling movie nights. There is no indication that Li Hua scheduled a meeting or invited Adam Smith to inspect the basement renovations."
What is the name of the café where Li Hua and YurikoYamamoto first meeting to talk about Yuriko's website?,Central Perk,"Based on the information provided, there is no explicit mention of a café where Li Hua and YurikoYamamoto first met to discuss Yuriko's website. However, in another interaction, it is mentioned that Li Hua suggested Central Perk café as a potential meeting place for YurikoYamamoto regarding the final website presentation. Given this context, Central Perk café appears to be the likely location for their initial meeting to discuss Yuriko's website."
What is the essence of YurikoYamamoto Li Hua is helping with her homepage?,speech therapy,"The essence of Yuriko Yamamoto and Li Hua's collaboration revolves around enhancing the functionality and user experience of Yuriko Yamamoto's studio homepage. Specifically, they are discussing and implementing several key features:1. **Blog Section**: Yuriko Yamamoto suggests adding a blog section to her studio's homepage to share insights about speech therapy, connect with potential clients, and share tips for parents, success stories, and even music therapy. Li Hua offers valuable input on structuring the blog posts, including visual elements like videos and photos, and recommends SEO strategies for better search engine optimization. They also agree on the importance of including a call-to-action at the end of each post to encourage reader engagement and interaction.2. **New Feature for Automatic Time Scheduling**: Yuriko Yamamoto is testing a new feature on her studio's homepage that automatically schedules available time for clients. She reaches out to Li Hua for feedback on its implementation. Li Hua provides guidance on ensuring smooth operation and offers suggestions for promotion, such as posting about it on social media and sending out newsletters to her clients.These discussions highlight Yuriko Yamamoto's efforts to improve her online presence and engage more effectively with her audience, while Li Hua's contributions focus on practical implementation and enhancement of these features to meet her goals."
What type of instrument does Li Hua play in the basement?,guitar,"Based on the conversation, Li Hua uses the basement primarily for playing his guitar. This is evident from a previous exchange where Li Hua mentions, ""The basement has been perfect for my guitar practice. I really enjoy playing there!"" Therefore, Li Hua plays the guitar in the basement."
When did Adam Smith inform Li Hua about potential issues with the pipes in the basement?,20260301_13:00,"According to the records, Adam Smith informed Li Hua about potential issues with the pipes in the basement on March 1st, 2026, at 13:00. In the message, Adam Smith mentioned hearing from some neighbors that there might be some problems with the pipes in the basement and advised Li Hua to keep an eye on it. He also emphasized the importance of keeping everything in good shape and suggested reaching out if anything unusual was noticed."
When did Li Hua inform Adam Smith that the rent was transferred?,20260301_10:00,"Li Hua informed Adam Smith about the rent transfer multiple times through various messages. Specifically, she mentioned transferring the rent via bank transfer on three occasions:- On January 27th at 20:30.- On February 19th at 20:00.- And again on June 2nd at 10:00.In each case, Li Hua thanked Adam Smith for the reminder and assured him that she would handle the payment on time. Therefore, the precise dates were January 27, 2026, February 19, 2026, and June 2, 2026."
When is the music concert that Wolfgang invites Li Hua to?,20260307_18:00,"Wolfgang invites Li Hua to a concert on March 7th at 6 PM. This information is derived from a conversation snippet dated Time: 20260302_18:00, where Wolfgang mentions, ""That sounds amazing! I'm totally in! Can't wait! 🎶"" and proceeds to ask, ""Wanna join me? Would be awesome to catch up and enjoy some live music!"" Li Hua responds positively, confirming their interest in attending the concert together."
What dish does Li Hua agree to bring to the neighborhood potluck dinner?,Homemade pasta salad,"In the conversation regarding the neighborhood potluck dinner scheduled for Wednesday at 6 PM, Li Hua agrees to bring homemade pasta salad. This is evident from the following excerpt:```plaintextAdamSmith: Hey Li Hua! There’s a neighborhood potluck dinner on Wednesday at 6 PM. Would you like to bring a dish to share? It’ll be a great way to meet some neighbors!LiHua: Hey Adam! That sounds awesome! I'd love to contribute. I can whip up some homemade pasta salad. Does that work for you?AdamSmith: That sounds delicious! I’m sure everyone will enjoy it. Do you need any kitchen supplies or anything from my side?LiHua: Thanks, Adam! I think I have everything I need. Just need to pick up some fresh ingredients tomorrow. Really looking forward to the potluck!```Therefore, Li Hua decides to bring homemade pasta salad to the neighborhood potluck dinner."
Who is Li Hua meeting with to discuss homepage design updates?,Yuriko Yamamoto,"In the conversation recorded on 20260726_14:00, Li Hua mentions that she has been brainstorming some concepts for a user feedback section on Yuriko Yamamoto's studio homepage. Li Hua expresses willingness to help design the feedback section and asks about specific features Yuriko would like to include, such as a simple form for users to leave comments or suggestions, along with a star rating system. Li Hua also proposes adding space for testimonials if desired. Yuriko agrees to these suggestions and provides a deadline of the end of the week. This indicates that Li Hua is meeting with Yuriko Yamamoto to discuss and design the user feedback section for Yuriko's studio homepage."
What new feature does Yuriko Yamamoto consider adding to her studio's homepage?,A blog section,"Yuriko Yamamoto considers adding a ""leave a message"" feature to her studio's homepage. This feature aims to allow users to provide feedback, comments, or suggestions directly to her, which she believes would be beneficial for improving her services. She specifically mentions wanting to implement a user feedback section and hopes to have it ready by the end of the week. Additionally, she discusses the possibility of adding a contact form plugin using tools like Contact Form 7 or WPForms, which she prefers due to her familiarity with these platforms and their ease of use."
What time is the power outage in the neighborhood?,2 PM to 3 PM,"According to the conversations, there are two scheduled power outages mentioned. The first one is described as an event that will occur from 2pm to 3pm on the same day (""Power Outage is an event scheduled for the afternoon of the next day.""). This outage is mentioned in the context of AdamSmith reminding LiHua about a power outage that is planned for the following day. The second outage is explicitly stated to be from 2pm to 3pm on a different day (""Just a quick reminder that there will be a power outage today from 2pm to 3pm.""). This outage is mentioned in a conversation between AdamSmith and LiHua from March 8th. Therefore, depending on whether it is the same day or the next day, the power outage will occur at 2pm to 3pm."
What suggestions does Li Hua give for promoting the new scheduling feature?,Showcase it on social media platforms and include a short tutorial and send out a newsletter to clients,"In the conversations provided, there isn't any explicit suggestion given by Li Hua regarding promoting a new scheduling feature. The interactions mentioned involve discussions about various topics such as a new yoga class addition, feedback on a recent El Clasico match, and a potential practice session for soccer drills. There are no details about Li Hua offering advice on marketing or promoting a new scheduling tool or feature. Therefore, based on the data available, no specific suggestions can be attributed to Li Hua in this context."
Who invites Li Hua to join the community bake sale?,Adam Smith,"In the provided data, it is explicitly stated that Adam Smith invites Li Hua to participate in the community bake sale. This invitation takes place in a conversation dated 20260312_12:30, where Adam Smith mentions, ""That sounds fun! I'd love to help out and enjoy some baked goodies. Count me in!"" Li Hua responds positively, indicating her interest in joining the event. Therefore, Adam Smith is the one who invites Li Hua to attend the community bake sale."
What day and time is the community bake sale taking place?,Sunday at 3 PM,"According to the communication between Adam Smith and Li Hua, the community bake sale is scheduled for this Sunday at 3 PM. Li Hua expressed her interest in participating and helping out at the event, which will be held to support a local charity."
When does Li Hua request a delivery from Hailey Johnson?,Tuesday,"According to the provided data, Li Hua has requested multiple deliveries from Hailey Johnson. Initially, on 20260314_17:00, Li Hua expressed interest in a doorstep delivery service for fresh milk and bread. Subsequently, on 20260329_13:00, Hailey informed Li Hua that she had hired a new clerk, Alice, to assist with doorstep deliveries, specifically mentioning that Alice would be handling Monday and Friday deliveries at 8 am. Li Hua confirmed her interest in this service and even set up a trial run for a Tuesday delivery. Additionally, on 20260603_09:45, Hailey announced a new flavor, Hazelnut Basque Roasted Cheese, available at a 20% discount, and Li Hua expressed enthusiasm about trying it. While there is no explicit mention of a specific date for these deliveries, it is clear that Li Hua is actively requesting doorstep deliveries from Hailey Johnson for her bread and milk."
What is the address where Li Hua wants the bread delivery to be made?,123 Sunny Street,"There is no explicit mention of an address where Li Hua wants the bread delivery to be made in the given data. The conversations primarily revolve around the timing and quality of the bread delivery, as well as occasional requests for specific bread flavors or items. While Li Hua does indicate a preference for receiving bread on Mondays and Fridays at 8 am, there is no specific location provided. Therefore, based on the information available, we cannot determine the exact address where Li Hua wants the bread delivery to be made."
What service does Hailey Johnson offer to Li Hua?,Doorstep delivery service for fresh milk and bread,"In the conversation, Hailey Johnson mentions a special summer promotion on ice cream and pastries. She specifically asks Li Hua what his favorite summer dessert flavors are, suggesting that she might have options available for him to try. Li Hua shares his preferences for fruity desserts, including mango and coconut, indicating that Hailey Johnson likely has these flavors on offer during her upcoming promotion. Therefore, Hailey Johnson offers ice cream and pastries flavored with mango and coconut as part of her special summer promotion."
What time does Hailey Johnson start baking?,4 AM,"There isn't specific information about when Hailey Johnson starts baking in the provided conversations. The recorded interactions revolve around events, deliveries, and occasional baking-related discussions. While Hailey Johnson often invites Li Hua to baking classes, these invitations do not specify the start time of the baking process. Therefore, based on the available data, we cannot determine when Hailey Johnson begins her baking routine."
Where does Li Hua plan to meet Yuriko Yamamoto to show the final website?,Central Perk café,"Based on the information provided in the sources, there isn't a specific mention of a meeting location between Li Hua and Yuriko Yamamoto to show the final website. The interactions discussed primarily revolve around the progress and feedback on various aspects of Yuriko Yamamoto's studio, such as the homepage features, user feedback section, and music-related activities. Therefore, no clear meeting location is identified for the final website presentation."
What does Li Hua suggest to Hailey regarding the frequency of bread delivery?,Twice a week on Mondays and Fridays at 8am,"Based on the conversations between Hailey and Li Hua, Li Hua expressed interest in a regular bread delivery service from Hailey's bakery. Specifically, Li Hua suggested setting up a trial run for a fresh sourdough loaf delivery on a Tuesday. Hailey agreed to prepare a fresh sourdough loaf for Li Hua on that day, indicating a willingness to establish a regular delivery schedule. This shows that Li Hua prefers a more frequent delivery option, likely to ensure that she always has fresh bread available."
What does Li Hua agree to bring to the bonfire singing party hosted by Chae Song-hwa?,Li Hua will bring his guitar,"Based on the information provided in the first source, Li Hua agrees to bring her guitar to the planned bonfire singing party hosted by Chae Song-hwa. There is no mention of Li Hua agreeing to bring any other items or equipment to this particular event."
What is the focus of Li Hua's next month's fitness plan according to Jennifer?,Strengthening lower limbs,"Based on the conversation between Li Hua and Jennifer from the provided data, Li Hua expressed interest in adding flexibility and balance to her routine to complement her existing workouts. Jennifer proposed incorporating yoga and dynamic stretching techniques, which she believes would improve flexibility and balance. Jennifer suggested starting these sessions with a few sessions next week after her current strength training days on Tuesdays and Thursdays. This indicates that the focus of Li Hua's upcoming fitness plan will likely include yoga and dynamic stretching to enhance her overall routine."
What is the building's policy that Adam reminds Li Hua about?,Recycling policy,"In one of the messages shared, Adam Smith reminds Li Hua about the building's recycling policy. This is evident from the conversation dated 20260328_15:00, where Adam states, ""Hey Li Hua, just a quick reminder about the building's recycling policy. It's really important for us to keep the environment in mind. Let's all do our part by participating! Thanks!"" Li Hua responds positively, expressing appreciation for the reminder and affirming her intention to follow the recycling rules. Therefore, the building's recycling policy is the subject of Adam's reminder to Li Hua."
What is the topic of the online tutorial Yuriko shares with the group?,Advanced drum techniques,"In one of the conversations, Yuriko shared an online tutorial on advanced drum techniques. She specifically mentioned this to Wolfgang Schulz, stating, ""Hey Wolfgang! I found this online tutorial on advanced drum techniques that I thought might help out with practice. Check it out!"" [Link provided] Yuriko expressed her interest in hearing his thoughts on the tutorial and also invited him to share any cool drumming tips he might have."
What is Wolfgang looking for in his new drums?,Something versatile that sounds good for both rock and softer tunes like The Beatles,"Based on the information provided in the data, Wolfgang is looking for a set of drums that he can afford to buy. Specifically, the data indicates that Wolfgang purchased a set of expensive drums as part of an April Fool's joke. He jokingly mentions that he wishes he could actually purchase them, indicating that he is interested in acquiring a drum kit, but his interest is primarily driven by the novelty and cost rather than the intrinsic value or quality of the drums."
What song does Li Hua suggest for the jam session on 20260405?,Viva la Vida,"In the conversation regarding the jam session scheduled for 20260410_11:00, Li Hua proposed the idea of trying the song ""Stand By Me."" She mentioned that it has a great rhythm and suggested that they could all join in, indicating her intention to include it in their practice session. The song was seen as a classic option that could introduce a new and engaging element to their repertoire."
What does Li Hua think about the rosemary focaccia?,Li Hua thinks the rosemary focaccia is amazing,"In the conversation regarding the recommendation of the rosemary focaccia, it is clear that Li Hua is receptive to the suggestion. Initially, she expresses gratitude for the reminder and mentions that the bread is always a highlight of her week. When asked about what kind of bread she would like for the following week, she specifically asks HaileyJohnson if they could try the rosemary focaccia. This indicates that Li Hua is indeed interested in the rosemary focaccia and considers it worth trying. HaileyJohnson then provides some additional details about the rosemary focaccia, suggesting that it pairs well with olive oil, sea salt, cherry tomatoes, or olives. Li Hua seems excited about the idea of adding cherry tomatoes to the bread, showing her interest in exploring this option. Overall, Li Hua appears enthusiastic about the possibility of trying the rosemary focaccia, although she has not yet made a decision."
When does Li Hua confirm the rent transfer to Adam?,20260331_17:00,"Based on the conversation, Li Hua confirms the rent transfer to Adam Smith multiple times throughout the recorded interactions. However, the specific time when Li Hua confirms the transfer is noted in two instances:1. In the interaction dated 20260127_20:30, Li Hua says, ""Hey Adam, just a friendly reminder that the rent is due soon. If you need to discuss any payment options or have any questions, feel free to reach out!"" Adam responds positively, indicating he appreciates the reminder.2. In another interaction dated 20260301_10:00, Li Hua explicitly states, ""Hey Adam, just wanted to let you know that I've already transferred the rent through bank transfer. Thanks!""The second instance provides a clearer and more direct confirmation of the rent transfer. Therefore, we can conclude that Li Hua confirms the rent transfer to Adam Smith on the 1st of March, 2026, at approximately 10:00 AM."
What joke does Wolfgang make as an April Fool's joke?,That Wolfgang bought a set of expensive drums,"On April Fool's Day, WolfgangSchulz played a prank by announcing that he had purchased a set of expensive drums, jokingly suggesting that he was about to start a band. However, this was revealed to be an April Fool's joke, as Wolfgang was merely teasing his friends with the surprise purchase. This playful prank demonstrates Wolfgang's ability to entertain and engage his friends through humor."
Who is delivering the bread to Li Hua on 20260403?,Alice,"There is no information provided regarding a bread delivery on April 3rd, 2026. The data table contains records of multiple bread deliveries from Hailey's bakery to Li Hua, but there is no record of a delivery on the specified date. Therefore, based on the given information, we cannot determine who is delivering the bread to Li Hua on April 3rd, 2026."
What does Li Hua think about improvisation during the jam session?,Improvisation sounds great,"In the discussions surrounding the upcoming jam session, there isn't a specific mention of Li Hua expressing her thoughts directly on improvisation. However, based on the context of their previous conversations, it seems that the group generally values spontaneity and creativity during their sessions. For instance, in a conversation recorded on 20260324_12:00, Li Hua mentions bringing snacks to the jam, noting that ""Music and food always make a perfect combo!"" This suggests a relaxed and enjoyable atmosphere where participants are encouraged to express themselves freely. Additionally, Wolfgang Schülz expresses his enthusiasm for ""surprises"" during the jam, indicating that he enjoys the element of unexpectedness and creativity. Given these points, it can be inferred that Li Hua likely shares this appreciation for improvisation and spontaneity, contributing to the creative and engaging nature of their jam sessions."
When is ChaeSong-hwa hosting the community medical knowledge lecture?,7 PM on Saturday,"ChaeSong-hwa has reminded LiHua about the upcoming community medical knowledge lecture, which is scheduled for tonight at 7 PM. This lecture aims to provide basic health tips and address common medical myths within the community."
What topics will be covered in the community medical knowledge lecture?,Basics of common health issues and how to prevent them,"The community medical knowledge lecture, as described, will cover basic health tips and common medical myths. This event aims to provide valuable information and dispel misunderstandings related to health and medical practices. ChaeSong-hwa, who is attending the lecture, anticipates it to be a beneficial and engaging session. LiHua, who is also invited to attend, expresses enthusiasm for the topic and looks forward to learning more during the lecture."
What new song does the Jolly band decide to work on for the jam session according to their discussion on 20260410?,Stand By Me,"On April 10th, 2026, WolfgangSchulz suggested trying a new tool called an app for getting his drumming back on track. LiHua and YurikoYamamoto were both open to giving it a try during their upcoming jam session on Sunday. During their conversation, LiHua proposed working on a classic song that had a nice groove, and YurikoYamamoto suggested ""Stand By Me."" WolfgangSchulz agreed that this would be a good choice and thought it would be fun to explore the arrangement and possibly add their own twist to the song. Thus, the new song they decided to work on for their jam session was ""Stand By Me."""
What is Li Hua's feedback on Chae Song-hwa's medical knowledge lecture?,It is insightful and makes complex topics easy to understand,"In the data provided, there is no direct mention of Li Hua's feedback on Chae Song-hwa's medical knowledge lecture. However, it does indicate that Li Hua participated in the lecture and found it to be informative. The lecture covered topics related to basic health tips and common medical myths, which suggests that Li Hua likely benefited from the session. Li Hua showed interest in the content, asking about the main topics covered, and Chae Song-hwa confirmed that the discussion revolved around these health-related themes. Given their participation, it can be inferred that Li Hua found the lecture valuable and educational."
When is the anniversary event of Hailey Johnson's bakery shop?,April 15 to 17,"The anniversary event of Hailey Johnson's bakery shop is scheduled from April 15 to 17. This is mentioned in a conversation where Hailey Johnson announces, ""Hey Li Hua! Just wanted to let you know that our bakery's anniversary event is coming up from April 15 to 17! 🎉 We're having lots of discounts and new bread products."""
What does Li Hua want to have on Hailey's bakery shop anniversary event?,Sourdough and sweet pastries,"In the conversation regarding Hailey's bakery shop's anniversary event, Li Hua expressed interest in trying sourdough bread and mentioned she would also like to have some sweet pastries, specifically rice cakes. Sourdough bread is a favorite of Li Hua's, as it reminds her of family gatherings and brings good luck. Additionally, Li Hua highlighted her enjoyment of rice cakes, which symbolize prosperity and are described as ""super tasty"" by her. Thus, based on Li Hua's preferences, it appears she would like to try sourdough bread and rice cakes on the anniversary event."
Why does Li Hua ask ChaeSong-hwa about whether neurosurgeons actually use test tubes in their work?,Li Hua is trying to get some insights for a website design,"The passage does not provide information about Li Hua asking ChaeSong-hwa about neurosurgeons using test tubes in their work. Instead, it appears that Li Hua introduces ChaeSong-hwa as a neurosurgeon and discusses interesting articles about human memory with her. There is no mention of test tubes or any related questions in the given text."
Who proposes that the band takes a break from jamming this week?,Wolfgang Schulz,"Based on the provided conversation, there is no mention of the band taking a break from jamming this week. The discussions revolve around planning future jam sessions, practicing new songs, and trying out various musical styles and arrangements. There is no indication of any proposal to stop jamming."
What suggestions does Li Hua propose to Adam Smith about the upcoming community garden renovation?,Add more seating areas for people to relax and enjoy the space and some flower beds with native plants,"During the community garden renovation discussions, Li Hua suggests several additions and improvements to enhance the garden. Specifically, Li Hua proposes the addition of more seating areas for people to relax and enjoy the space, as well as flower beds with native plants to attract more butterflies and bees. Additionally, Li Hua suggests including a small herb section where people can pick fresh herbs for their cooking, which would make the garden more functional and enjoyable. These suggestions reflect Li Hua's desire to create a welcoming and multifunctional space that caters to the needs and interests of the community members."
What kinds of flowers does Li Hua recommend to Adam Smith for the flower beds?,Lavender and coneflowers and fresh herbs,"According to the conversation, Li Hua recommends lavender and coneflowers for the flower beds. These flowers not only add a beautiful aesthetic but also serve a practical purpose by attracting more butterflies and bees to the community garden."
What will be a gift for Li Hua if he chooses to renew the fitness contract with Jennifer Moore?,A cool fitness bag as a gift for all the gym activities,"Based on the conversations in the provided data, there isn't any explicit mention of a gift being offered to Li Hua if he renews his fitness contract with Jennifer Moore. However, Jennifer Moore has shown her appreciation and support for Li Hua's progress, both in terms of fitness achievements and motivational messages. Given her supportive nature and the positive tone of their interactions, it's likely that Jennifer Moore would continue to offer encouragement and support regardless of whether Li Hua decides to renew his contract. If we were to extrapolate based on past interactions, she might continue to provide tailored advice, adjustments to her meal plan, and possibly personalized workout plans to help Li Hua reach his fitness goals. Without specific details about a gift being part of a renewal package, we cannot definitively state what would be offered, but Jennifer Moore's ongoing support and care for Li Hua's fitness journey would certainly be valuable to him."
When is the karaoke activity organized by ChaeSong-hwa?,Saturday at 7 PM,ChaeSong-hwa has organized a karaoke activity scheduled for this Saturday at 7 PM. LiHua expressed her interest in joining and looking forward to the event.
Who is Li Hua bringing to the band's jam session according to their discussion on 20260425?,ChaeSong-hwa,"In the discussions provided, there is no mention of Li Hua bringing someone to the band's jam session on 20260425. The conversations focus primarily on the band's upcoming jam sessions and potential song choices, but there is no indication of an external guest joining their sessions."
What garden-related activity is Thrall planning to organize?,A community planting day,"In one of the discussions, Thrall mentioned planning a resident vote for the specific types of plants that everyone wants in the garden. He emphasized the importance of the residents' input and encouraged everyone to participate by casting their votes. This activity aims to gather community preferences for the garden's flora, ensuring that the final garden design aligns with the desires and needs of the residents."
What is the proposed solution for making the garden more inviting on sunny days?,Adding shade with umbrellas or trees,"To make the garden more inviting on sunny days, several solutions are suggested. Initially, MuradinBronzebeard proposes adding some shade, such as a pergola or umbrellas, to the seating area. Additionally, RexxarRemar suggests adding lights around the seating area, including string lights or lanterns, to create a cozy atmosphere for evening gatherings. Furthermore, ArthasMenethil emphasizes the importance of a small water feature, noting its ability to add soothing sounds and attract wildlife, which could also serve as a natural shade source. These suggestions collectively aim to enhance the comfort and appeal of the garden during the warmer months."
What is the main topic of the conversation on 2026-04-28 at 5 PM?,Breathing techniques and tips for squats during workouts,"There is no specific conversation recorded for the date and time mentioned (2026-04-28 at 5 PM). The data provided includes conversations for various dates and times, but there is no entry for April 28th. Therefore, we cannot determine the main topic of a conversation on that specific date and time based on the given information."
When is Wolfgang Schulz's promotion celebration dinner?,6 PM on the day after tomorrow (implied to be 2026-04-30),"According to the information provided in the conversation logs, Wolfgang Schulz's promotion celebration dinner is scheduled for January 23rd at 6 PM. Wolfgang mentions this in a message where he says, ""Hey! How about grabbing some dinner tonight? I know a nice place we could check out!"" Li Hua responds positively, indicating that they plan to celebrate Wolfgang's promotion with dinner. The exact location and venue are not specified in the conversation logs, but it is clear that this dinner is meant to mark Wolfgang's promotion."
What is the name of the Italian restaurant where Wolfgang and Li Hua are having dinner to celebrate Wolfgang's promotion?,Venedia Grancaffe,"Based on the conversation, Wolfgang and Li Hua are planning to meet up at their ""favorite Italian place"" to celebrate Wolfgang's promotion. However, no specific name of the Italian restaurant is mentioned in the given data. It appears they are using a familiar location that they both enjoy."
What is Li Hua's suggestion for scheduling the water pipe repairs in the garden?,During off-peak hours,"In the conversation recorded on 20260301_13:00, Li Hua mentioned that there were some issues with the pipes in the basement, and Adam Smith advised her to keep an eye on it. Li Hua expressed gratitude for the advice and promised to monitor the situation. However, she did not specify a particular schedule or time frame for addressing the issue. There was no further discussion regarding the timing of the repairs in the provided records."
When is the community meeting for the garden project scheduled according to the discussion on 20260507?,Saturday at 10 am,"According to the discussion on 20260507, a community meeting was scheduled to brainstorm and finalize the plans for the garden. The exact timing for this meeting is not explicitly stated in the provided text, but the context suggests that this was a planned event where community members would gather to discuss and finalize their ideas. No specific date or time for the meeting is mentioned, hence no exact timestamp is available from the given data."
What percentage discount is Hailey Johnson offering for Mother's Day pastries?,15%,"There is no specific mention of a Mother's Day promotion or a discount for Mother's Day pastries in the provided conversation. The interactions discussed are centered around regular offerings and occasional promotions, such as the one for ice cream and pastries in May. Without explicit details regarding a Mother's Day promotion, it's impossible to determine the discount offered for Mother's Day pastries."
Which two specific pastries does Hailey Johnson recommend for Mother's Day?,Raspberry-filled croissants and chocolate eclairs,"There is no specific mention of Mother's Day or any particular pastries recommended by Hailey Johnson in the provided conversation. The interactions focus on regular deliveries, new product introductions, and general communication about various bakery offerings. Therefore, there are no two specific pastries Hailey Johnson recommends for Mother's Day based on the information given."
What type of stretches does JenniferMoore suggest before and after workouts?,Dynamic stretches before and static stretches after,"In one of the discussions, JenniferMoore suggests incorporating yoga and dynamic stretching techniques into the workout routine. She recommends these activities to improve flexibility and balance, stating that they will complement her current workouts. However, the exact stretches she suggests are not detailed in the provided conversation. For flexibility and balance, yoga poses and dynamic stretching could include various movements such as downward dog, warrior poses, pigeon pose, and dynamic stretches like leg swings, walking lunges, and arm circles. Additionally, dynamic stretches can be incorporated before the workout to increase blood flow and prepare the muscles for activity. Post-workout, static stretches can be used to aid in recovery and reduce muscle soreness.It's important to note that while JenniferMoore advocates for these types of activities, the specific stretches mentioned were not elaborated upon in the given text. Therefore, it is recommended to consult a professional trainer or a comprehensive stretching guide for precise details."
When is the web design seminar at Wolfgang's company happening?,Thursday at 3 PM,"The Web Design Seminar is scheduled to take place on Thursday at 3 PM. This information was shared by WolfgangSchulz to LiHua, who expressed interest in attending."
What is Li Hua looking forward to trying from the summer promotion?,Fruity ice cream flavors and a mango-coconut pastry,"In the interaction related to the summer promotion, Li Hua expressed enthusiasm about trying various flavors that HaileyJohnson had mentioned. Specifically, Li Hua stated, ""I'm definitely looking forward to trying those fruity options you mentioned. Can't wait to stop by and grab some of those treats!"" Therefore, Li Hua is looking forward to trying the fruity ice cream flavors and possibly a mango-coconut pastry that HaileyJohnson had planned for the promotion."
What did Li Hua enjoy the most about the restaurant that he and Wolfgang visited for dinner on 20260514?,The pasta dish and the dessert,"On May 14, 2026, Li Hua and Wolfgang visited a restaurant for dinner. In the conversation, Li Hua expressed that he particularly enjoyed the pasta dish they had, describing it as ""rich and flavorful."" Wolfgang also mentioned that he liked the steak he had, noting that it was ""juicy and cooked perfectly."" Therefore, based on their descriptions, the dish that Li Hua enjoyed the most was the pasta, while Wolfgang appreciated the steak."
Why is Chae Song-hwa unable to join the rehearsal?,She has to attend a medical lecture,"There is no information provided indicating that Chae Song-hwa is unable to join the rehearsal. In fact, the conversations suggest that Chae Song-hwa is actively participating in rehearsals and jam sessions. He is seen warming up his voice before practice and expressing excitement for future jam sessions. Additionally, he is eager to contribute new songs and ideas to the rehearsals, which indicates that he is present and engaged. There is no mention of any impediments preventing him from attending the rehearsals."
What type of lighting is preferred for the seating area in the community garden?,Soft white lights,"In the community garden renovation discussions, there are preferences for soft white lights to create a warm and inviting atmosphere for the seating area. This aligns with comments made by several participants, including Turalyon, Muradin Bronzebeard, and Arthas Menethil, who suggested soft white lights for the seating area to enhance the comfort and appeal. Additionally, Arthas Menethil expressed that soft white lights will definitely create a warm ambiance and noted that they should be planned for in the renovation. Thus, soft white lights are the preferred type of lighting for the seating area in the community garden."
When is the construction of the garden supposed to start?,This Wednesday (20260520),"Based on the information provided, the first community meeting to discuss and finalize plans for the garden was set for a specific date and time, which is Saturday at 10 am. However, the exact starting date and timeline for the actual construction of the garden were not specified in the given data. The discussions revolve around planning and arranging seating areas, water features, and other amenities, but the commencement of the physical work remains unspecified."
Which flowers does RexxarRemar suggest for a vibrant vibe?,Bluebell and Camellia and Tulip,"Based on the discussion, RexxarRemar expressed a preference for sticking to flowers for the garden renovation, as stated in the content: ""I think we should stick to the flowers for now since that's what we're voting on."" RexxarRemar did mention the possibility of adding some herbs for a future project. However, there are no specific flowers suggested by him. Instead, his focus was on maintaining the floral theme for the garden renovation."
How does RexxarRemar plan to spend time in the garden once it's done?,For family gatherings and relaxing afternoons,"Based on the conversations, RexxarRemar expresses enthusiasm for the garden renovation and looks forward to spending time in it once it's complete. He suggests that he would enjoy relaxing and taking a break after playing games, referring to the newly installed benches as ""great for everyone to chill after a game!"" This indicates that RexxarRemar envisions spending leisure time in the garden, likely enjoying its aesthetic and tranquility after engaging in various activities during the sports day."
What does LiHua find as a perfect place to work in his conversation with Chae?,The Lighthouse Cafe,"In the conversation between LiHua and Chae, LiHua expresses his preference for the city as a place to settle down and explore. He specifically mentions that he has been enjoying the experience of exploring new places in the city. However, LiHua doesn't explicitly state a particular location within the city as a perfect place to work. Instead, he highlights the overall vibe and opportunities available in the city. LiHua appreciates the variety of experiences and activities that the city offers, noting that he has discovered a café with amazing coffee and a local art gallery that he thinks is worth visiting. These points indicate that LiHua values the city’s diverse offerings rather than a single perfect location for work."
What songs does Chae propose to the Jolly band to try out on Sunday according to the conversation on 20260521?,"The Yellow Wind Rises and ""To the West""","In the conversation dated 20260521_15:00, ChaeSong-hwa proposes a few songs for the Jolly Band to try out on Sunday. He suggests starting with classic songs like ""I Will Survive"" and ""Sweet Caroline."" Additionally, he recommends ""Dancing Queen,"" which he describes as a fun song to belt out. No other specific songs are mentioned in this conversation regarding the Jolly Band's proposed Sunday repertoire."
What is IllidanStormrage's suggestion to the ongoing garden construction according to the discussion on 20260522?,plan some quiet hours when the kids are playing,"According to the discussion on 20260522, IllidanStormrage mentioned that they had checked in regarding how to prioritize noise control during the construction process. He noted that the group had already discussed several effective strategies, including limiting noisy activities during key hours and informing residents in advance about any particularly loud work. These measures seemed to be on the right track."
What songs does LiHua suggest adding to the karaoke playlist in his conversation with Chae?,"I Will Survive and ""Sweet Caroline""","In the conversation between LiHua and Chae regarding the upcoming karaoke session, LiHua suggests a few songs for the playlist. Specifically, he recommends including ""Sweet Home Alabama"" and ""Blackbird"" as part of the medley they are planning to create. LiHua mentions that ""Sweet Home Alabama"" would add a fun vibe to their medley and that ""Blackbird"" would provide a nice contrast. Both of these suggestions align with their shared interest in classic rock and acoustic songs, indicating a desire to blend familiar favorites with new selections to make the karaoke night enjoyable and memorable."
What time does Turalyon plan to limit noisy activities?,From 2-3 pm,"Based on the conversations provided in the data, there isn't a specific mention of Turalyon limiting noisy activities at a particular time. However, several instances indicate that the group is mindful of noise levels, especially given the context of the garden renovation and upcoming events. For example, in one message, Rexxar Remar suggests considering the volume of music for a picnic, saying, ""Music sounds like a great touch! It will really enhance the atmosphere and create a joyful vibe. Just make sure it's not too loud, so we don’t disturb anyone nearby."" This shows that there is a concern for maintaining a pleasant environment, but no specific time frame is mentioned for limiting noisy activities. In another instance, Turalion Fordring adds, ""Also, please consider bringing some blankets or chairs for seating, since it might get a bit crowded! 🧺🪑"" This suggests that the group is aware of potential crowd sizes and is preparing accordingly. However, it does not specify a time limit for activities. Therefore, based on the information provided, there is no definitive time limit set by Turalyon for limiting noisy activities."
Why does WolfgangSchulz inquire of the band members about health products?,Wolfgang is feeling very tired lately with the overtime and wants to boost up his energy,"In the conversations provided, WolfgangSchulz does not inquire about health products specifically. Instead, he discusses his recent progress with a software project and expresses gratitude for the support he received from the band members, including LiHua. WolfgangSchulz also mentions a concert he plans to attend and invites the band members to join him, discussing potential venues and meals before the event. There is no mention of any inquiries regarding health products in these interactions."
What is the name of the song LiHua suggests revisiting for the band's music session according to their conversation on 20260529?,The History of Everything,"Based on the conversations recorded, there is no mention of a specific song suggestion made by LiHua regarding revisiting a particular song for the band's music session on 20260529. The provided data does not contain any information related to a song that LiHua proposes to revisit on that specific date. Therefore, there isn't enough information to determine the name of the song LiHua suggests revisiting for the band's music session on 20260529."
Which kind of pastry does Li Hua express his interest in trying in his conversation with Hailey on 20260531?,the new banana durian cheesecake,"In the conversation dated 20260514 between Hailey Johnson and Li Hua, Li Hua expresses interest in trying the new pastry Hailey has introduced. Specifically, Li Hua states, ""I tried that new pastry you have! It was delicious. I'll definitely be coming back for more."" This indicates that the pastry Li Hua expresses interest in is the newly introduced pastry by Hailey Johnson."
When did Li Hua inform Adam Smith that the rent for last month (implied to be May) had been transferred?,2026-06-02 at 10:00,"According to the records, Li Hua informed Adam Smith that the rent for last month had been transferred on January 5, 2026, at 14:00. This communication took place when Li Hua reached out to Adam Smith to check in about the details for the move-in date. It is implied that the rent for May had not been paid by this point, as Li Hua mentioned she hadn't received the rent yet, prompting Adam Smith to inquire about the matter. Li Hua assured Adam Smith that she had already transferred the rent through bank transfer and apologized for the delay, stating that she had ""been seeing some people walking their dogs without a leash lately in the neighborhood, and I totally oppose this behavior."" However, the primary context for the rent transfer notification was to address the issue regarding the overdue payment."
What is the name of Hailey Johnson's new weekly flavor cheese?,Hazelnut Basque Roasted Cheese,"Based on the conversation between Li Hua and Hailey Johnson, there isn't a specific mention of a new weekly flavor cheese being introduced. The main topics discussed include feedback on various baked goods, preferences for fast food, and plans for future creations. There is no indication of a new cheese flavor being rolled out as a weekly offering."
Why can't people sit on the benches when Turalyon informs the community that the benches have been installed on 20260604?,the paint isn't dry yet,"Based on the information provided in the conversations, it seems that the benches were recently installed and the community is still getting used to them. Specifically, on June 4, 2026 (as indicated by the timestamp), Turalyon informed the community about the installation of the new benches but did not immediately discuss whether people could use them yet. In subsequent discussions, the community members expressed various opinions and ideas on how to improve the benches and the overall garden setup. For instance, MuradinBronzebeard suggested adding cushions for comfort, LiHua proposed colorful cushions that match the flowers, RexxarRemar suggested adding a small table or two for drinks and snacks, MalfurionStormrage proposed having tables for gatherings and picnics, and IllidanStormrage mentioned adding umbrellas for shade on hot days. It appears that the benches themselves have been installed, but there may be some ongoing discussions about how to enhance their functionality and usability for the community. No definitive statement was made regarding immediate use of the benches until more detailed feedback and improvements were discussed."
What is the phone number for the maintenance worker that Adam Smith provided to Li Hua for the broken streetlight?,314159,"In one of the conversations recorded, Adam Smith mentioned providing the contact information for the maintenance worker to Li Hua regarding the broken streetlight. Specifically, Adam Smith provided the number 314159 to Li Hua. This number was given to Li Hua in order to facilitate contacting the maintenance worker for the repair of the broken streetlight."
What breathing technique does Jennifer Moore suggest for running?,Inhaling for 3 steps and exhaling for 2 steps,"Based on the conversations provided in the table, Jennifer Moore did not specifically mention a breathing technique for running. The discussions revolve around yoga, strength training, and overall fitness, but there is no information provided regarding a particular breathing technique she recommends for running."
When is the Freelancer Group Meeting scheduled for according to the conversation between LiHua and Yuriko?,This Wednesday at 3 pm,"According to the conversation, the Freelancer Group Meeting is scheduled for a Wednesday at 3 pm, specifically noted as ""Time: 20260608_14:30"". LiHua initiates the discussion by asking Yuriko if she plans to attend this meeting, which takes place three days later on June 8th. This meeting is planned for a gathering where both participants aim to share topics and discuss various aspects related to freelancing and personal interests."
What suggestions does Jennifer give to LiHua to help boost his endurance?,try incorporating longer cardio sessions and interval training into your routine,"In her interactions with LiHua, Jennifer emphasizes the importance of boosting his endurance through various activities. Specifically, she recommends incorporating longer cardio sessions and interval training into LiHua's routine. Jennifer suggests mixing up the types of cardio activities, such as cycling, running, or swimming, to keep the workouts engaging and varied. Additionally, Jennifer stresses the significance of proper hydration and nutrition, which are crucial components of any fitness regimen. This advice aligns with the earlier conversation where Jennifer mentions to LiHua, ""To boost your endurance, try incorporating longer cardio sessions and interval training into your routine. Mix up your activities, like cycling, running, or even swimming. Also, don’t forget to focus on proper hydration and nutrition!"" Therefore, Jennifer provides a balanced approach to enhancing endurance by combining physical activity variety, structured training, and nutritional considerations."
What new pastry does Hailey think is perfect for a fitness lover like Li Hua?,high-protein breads,"Based on the conversation, there isn't a specific pastry mentioned as being perfect for a fitness lover. However, Hailey Johnson has experimented with new flavors and has offered various options like mango and coconut, which could appeal to someone who enjoys healthy and refreshing desserts. Since Li Hua is a fan of fruity flavors and the conversation indicates that mango and coconut are refreshing for summer, it seems likely that Hailey might suggest a fruity pastry that aligns with a fitness-oriented palate. Without a direct mention of a pastry designed specifically for a fitness lover, we can infer that a fruit-based pastry might be a good choice."
Who proposes adding some outdoor games or a small water feature to the children's play areain the community discussion?,Thrall,"In the community discussion, ArthasMenethil suggests adding a small water feature to the garden, describing it as a ""nice focal point and bring[s] some tranquility to the space."" Additionally, ChaeSong-hwa mentions the possibility of adding a water feature, saying ""A water feature sounds lovely! It could be a nice spot to enjoy the flowers and herbs, and it'd look beautiful in the garden!"" Therefore, both ArthasMenethil and ChaeSong-hwa propose adding a water feature to the community garden. Regarding outdoor games, the suggestion appears to come from multiple parties in different contexts. In the conversation about the community sports day, LiHua proposes, ""I’d love to see some team sports like soccer or basketball! They always get everyone pumped up. Plus, we could throw in some fun games for the kids too!"" This indicates that LiHua suggests adding games for the children as part of the community sports day activities. However, it's not explicitly stated that this suggestion originates from ArthasMenethil or ChaeSong-hwa. Thus, based on the information provided, the proposal for adding a water feature seems to stem from ArthasMenethil and ChaeSong-hwa, while the suggestion for outdoor games is attributed to LiHua."
Who proposes adding picnic tables for families to enjoy some snacks after playing?,Li Hua,"The conversation regarding adding picnic tables and related amenities for the community garden does not explicitly mention a proposal to add tables specifically for families to enjoy snacks after playing. However, it is noted that there will be a ""potluck"" at the garden, which typically involves communal sharing of dishes and snacks. Discussions revolve around enhancing the garden with features like cushions, tables, and shade structures to improve comfort and functionality. Given this context, it seems likely that the idea of picnic tables would naturally arise as part of efforts to make the garden more inviting and functional for community gatherings, including potlucks and family events. Without a direct statement from a specific individual proposing picnic tables for this particular purpose, it is inferred based on the broader context of improving the garden environment."
Who proposes creating a little garden area where kids can help plant flowers or vegetables?,GromHellscream,"Based on the information provided in the discussion, there isn't a clear proposal or suggestion made regarding creating a specific area within the garden where kids can help plant flowers or vegetables. However, there is a mention of ""FLOWER CHOICES"" which discusses discussions around choosing flowers for the garden. While flowers are a significant focus, there is no indication that this specifically involves children in planting. Additionally, the discussion around ""THE GARDEN"" highlights the central setting for planning and discussing improvements such as seating areas, water features, and other amenities. There is no explicit proposal for a dedicated area for kids to engage in gardening activities. Therefore, while the garden is intended to benefit children as users and beneficiaries, there is no proposal to create a specific area for them to participate in planting activities."
Why does LiHua bring up Adam Smith in the band's conversation on 20260616?,LiHua thinks it is really nice for Mr. Smith to rent this basement to us for practice,"In the conversation dated 20260616, LiHua brings up Adam Smith because he wants to inform Adam about a message he received regarding rent payment. This indicates that LiHua is managing financial matters for the band, specifically related to rent payments, and needs to communicate this information to Adam. Adam Smith is part of the band and thus receives this notification from LiHua. No additional context about LiHua and Adam Smith's interaction within the band is provided in the given data."
What event does LiHua think is an opportunity for the Jolly band to perform in front of the crowd?,the poster saying that the town is holding a local music festival,"There isn't a specific event mentioned where LiHua suggests the Jolly Band performs in front of a crowd. The events described involve the band rehearsing, jamming, collaborating on song ideas, and attending concerts. In the conversations provided, WolfgangSchulz proposes a concert on March 7th, but LiHua agrees to join him without mentioning the band performing. Therefore, no particular event is highlighted as an opportunity for the Jolly Band to perform in front of a crowd based on the information given."
What dietary restrictions does LiHua have in his conversation with Hailey?,No dietary restrictions,"In the conversations between Hailey and LiHua, dietary preferences and restrictions are not explicitly discussed. However, LiHua expresses an interest in trying gluten-free bread, which indicates that he may have a gluten intolerance or sensitivity. This aligns with a common dietary restriction, particularly among individuals with celiac disease or non-celiac gluten sensitivity. Beyond this, no specific dietary restrictions or preferences related to allergies, veganism, vegetarianism, or other dietary needs are mentioned in their interactions. Therefore, based on the available data, LiHua seems to be looking for gluten-free options."
What will special guest speaker be talking about as Jennifer mentions to LiHua?,about nutrition for athletes,"In the conversation provided, Jennifer Moore expresses her intention to share Li Hua's amazing success story with other clients. Jennifer states, ""Can I share your amazing success story with the other clients? I think it would inspire them!"" This indicates that Li Hua will be the special guest speaker, sharing their success story to inspire other individuals. However, since the conversation does not provide further details about the content of Li Hua's story, we cannot determine exactly what aspects of their journey will be highlighted."
What is the survey that Jennifer wants LiHua to fill out about?,the experience with our training sessions so far,"In one of the conversations between Jennifer Moore and Li Hua, Jennifer mentions that she would like Li Hua to fill out a quick survey about their experience with the training sessions. Specifically, Jennifer states, ""Could you please fill out a quick survey about your experience with our training sessions so far? Your feedback really helps me improve!"" This survey seems to be aimed at gathering Li Hua's opinions and experiences to assist Jennifer in enhancing their training sessions."
When does the special event at Hailey's bakery start according to Hailey and LiHua's conversation on 20260622?,The event starts at 10 AM this Saturday,"According to the conversation between HaileyJohnson and LiHua dated 20260622_13:30, the special event at Hailey's bakery is set to start at 10 AM on Saturday. This event involves a tasting session for their new line of healthy bread options, which LiHua expresses enthusiasm for."
What video does LiHua send to the band group chat on 20260624?,"a video of himself playing the intro to ""Stairway to Heaven""","Based on the provided data, there is no mention of a video that LiHua sends to the band group chat on 20260624. The available records only detail conversations and events related to meetings, jam sessions, and other activities involving WolfgangSchulz, LiHua, and potentially other members of the band. There is no specific reference to a video being shared on that particular date."
Waht song does Wolfgang propose adding to the band's practice set on 20260625?,Viva la Vida by Coldplay,"On the event scheduled for 20260625 at 10:00 AM, WolfgangSchulz suggests adding a classic rock song to the practice set. Specifically, he mentions a song titled ""Summer of '69"" as a potential addition. This is inferred from the conversation where Wolfgang expresses interest in experimenting with electronic vibes and suggests trying a classic rock song, and LiHua agrees to consider using a classic rock song like ""Summer of '69"" for their upcoming practice session."
What is the main topic of the conversation between LiHua and ChaeSong-hwa on 20260626?,Chae and her team making a breakthrough in the research study and LiHua congratulating her,"The conversation between LiHua and ChaeSong-hwa primarily revolves around a suggestion made by LiHua regarding the benefits of taking a warm shower before sleeping. LiHua expresses her intention to try this method and shares her enthusiasm for the potential relaxation it provides. ChaeSong-hwa enthusiastically supports the idea, emphasizing its effectiveness in reducing stress and improving sleep quality. The dialogue also includes suggestions for good nights' sleep, with LiHua promising to share her experience and possibly offering more relaxation tips."
Waht songs does Chae recommend in the band's group discussion on 20260629?,"Uptown Funk or ""Happy""","In the group discussion on 20260629, ChaeSong-hwa does not explicitly mention any specific songs to be played. The conversation focuses more on the general theme of the jam session and the potential for creativity in selecting songs. Therefore, there isn't any information provided about the songs Chae recommends for this particular session."
What tip does Jennifer give to the gym members on 20260630?,Staying hydrated during workout is very important,"There doesn't appear to be any entry labeled ""20260630"" in the provided data. The closest related entries are dated 20260615 and 20260623, both of which contain messages from Jennifer Moore encouraging Li Hua to focus on his fitness and endurance. There is no specific tip given on 20260630."
Why deoes the construction have to be postponed according to Tirion Fordring?,the storm and the rain have been going on for days,"According to the conversation, the construction has been postponed due to an extended period of stormy weather and rain. Specifically, Tirion Fordring mentions, ""As everyone can see, the storm and the rain have been going on for days! As a result, our construction has to be postponed, and hopefully, it will resume soon once the weather gets better!"" This indicates that the continuous adverse weather conditions have necessitated the suspension of the ongoing construction project."
What kinds of Thai food does Wolfgang want to try out at the Thai restaurant on 20260702?,pad thai and maybe some spring rolls,"On July 2, 2026, WolfgangSchulz mentioned that he had discovered a ""super good and budget-friendly"" Thai restaurant and invited LiHua to grab dinner there. During their conversation, Wolfgang expressed his preferences for the dishes he would like to try. Specifically, Wolfgang said, ""Thinking of trying their pad thai and maybe some spring rolls."" Therefore, according to their discussion, Wolfgang wants to try pad thai and spring rolls at the Thai restaurant."
What song does Yuriko propose that the band can practice this weekend according to the band's discussion on 20260703?,Take Me Home Country Roads by John Denver,"According to the discussion on 20260703, no specific song was proposed by Yuriko for the band to practice. The conversation focused on planning for a Sunday jam session, with Yuriko suggesting gentle tunes to maintain a relaxed vibe. The band members were discussing various songs like ""Landslide,"" ""Blackbird,"" and ""Sparks Fly"" as potential options for their gentle setlist. However, no particular song was singled out as the one Yuriko wanted to practice."
What is the name of the song that Yuriko recommend to the band on 20260706?,Rolling in the Deep by Adele,"Based on the information provided, there is no specific song mentioned that Yuriko recommended to the band on July 6, 2026 (20260706). The data available does not detail any song recommendations made by Yuriko on that particular date. It appears that Yuriko's contributions were primarily related to band name brainstorming, jam session planning, and possibly musical experimentation. There is no indication of a song recommendation from Yuriko on July 6, 2026."
Why are LiHua and Adam concerned about the basement in their conversation on 20260707?,They want to check if there were any issues in the basement after those rainstorms,"In the conversations recorded on 20260707, LiHua and Adam seem to be discussing concerns regarding the basement of their apartment. Specifically, on July 7th, 2026, at 20:30, Adam Smith reminds Li Hua that the rent is due soon. This reminder serves as a backdrop for their subsequent discussion about the condition of the basement. Adam asks Li Hua to keep an eye on it, indicating that there might be issues with the pipes in the basement. Li Hua assures Adam that she will monitor the situation and report any problems. Given Adam's concern over the pipes, it is likely that the basement has experienced some sort of issue, perhaps a leak or a plumbing problem, prompting Adam to notify Li Hua to keep an eye on the area. This concern underscores the necessity of maintaining the apartment's structural integrity, especially since the basement is likely used for various purposes such as storage or recreational activities."
Why is Jennifer checking in in the gym group chat on 20260708?,She wants to hear how the members are all doing and offer some personalized advice.,"There is no mention of Jennifer checking in in the gym group chat on 20260708 in the provided data. The data only includes entries for July 8th under the context of a maintenance day announcement, where Jennifer reminds the group to plan their workouts around the upcoming maintenance at the gym. No individual check-ins by Jennifer are noted for that date."
What is the article that Chae shares with LiHua about?,how to fall asleep faster at night,"Based on the conversation shared in the provided data, there is no specific article mentioned that Chae Song-hwa shares with Li Hua. The dialogue focuses on discussing various aspects related to music in video games, including different game soundtracks and their impact. No reference is made to an article being discussed."
What is LiHua's feeback on Hailey's new artisanal donuts?,The flavors are so unique and delicious,"In a recent interaction, LiHua expressed her positive feedback on Hailey's new artisanal donuts. Specifically, she stated that the donuts were ""amazing"" and that the flavors were ""so unique and delicious."" LiHua went on to clarify that her favorite among the new donuts was the chocolate hazelnut variety, which she described as having the ""perfect balance of sweetness."" This indicates that LiHua appreciated the sweetness level of the chocolate hazelnut donut and found its combination of flavors particularly appealing. LiHua also expressed enthusiasm for trying more of Hailey's creations, suggesting that she was satisfied with the new offerings."
What new flavor is LiHua looking for as he mentions to Hailey in their conversation on 20260714?,a matcha flavor,"In the conversation dated 20260714, LiHua expresses interest in trying new flavors, specifically mentioning a seasonal fruit flavor such as raspberry or lemon. LiHua suggests these flavors as refreshing options for summer. Hailey Johnson agrees with LiHua's suggestion, planning to experiment with some seasonal fruit flavors including raspberry and lemon for the upcoming summer promotion."
Which performance does Chae want the band members to check out in their discussion on 20260715?,"the amazing live performance of ""Bohemian Rhapsody"" by Queen","Based on the provided data, there is no specific mention of a performance that Chae wants the band members to check out on July 15, 2026. The data focuses on discussions and activities related to the band's rehearsals, practices, and jam sessions rather than individual performances. Therefore, no particular performance can be identified from the given information."
Why is LiHua praising Chae in their conversation on 20260717?,LiHua was really amazed by Chae's performance in the band last Sunday because Chae's singing has really leveled up,"There isn't any mention of a conversation involving LiHua and Chae on the provided data. The entities listed pertain to various conversations and events involving different individuals including WolfgangSchulz, LiHua, AdamSmith, ChaeSong-hwa, Thane Chambers, Jennifer Moore, and others. Without specific data related to the conversation on 20260717, it is impossible to determine why LiHua would be praising Chae."
What cool thing does Wolfgang find that he wants to share with LiHua?,this awesome guitar Wolfgang found online,"WolfgangSchulz expresses an interest in sharing something that he finds particularly exciting with LiHua. In one conversation, Wolfgang mentions game soundtracks and asks if anyone has a favorite that has really stuck with them. He specifically inquires about LiHua's preferences, asking what his drink of choice is and whether he has any favorite places for pizza. This indicates that Wolfgang finds something interesting in LiHua's preferences related to food and drinks, as well as his enthusiasm for pizza, and wants to share these points with LiHua."
What tips on balancing work and personal hobbies does LiHua give to Chae?,try setting specific hours for work and separate times for your hobbies and don't forget to schedule some fun time for yourself,"In conversations between LiHua and Chae, LiHua provides some advice on balancing work and personal hobbies. Specifically, LiHua suggests that it is important to have a clear vision and a solid team to tackle the challenges that arise in a startup. He believes that good communication and trust within a team can drive success, and he mentions that teamwork is key, especially in a startup. LiHua further elaborates on the importance of having a balanced approach, noting that it involves balancing creativity with practicality, and the necessity of building a strong support system. LiHua encourages Chae to lean on each other's strengths within the team to foster creativity and success. While LiHua does not explicitly mention balancing work and personal hobbies, his advice on teamwork and clear vision aligns with maintaining a healthy balance in personal and professional life. LiHua emphasizes the value of a supportive team and clear goals, which can help ensure that personal interests and professional responsibilities are both nurtured and prioritized."
What is the size of the basement?,The basement is approximately 15 feet by 20 feet,"There is no specific mention of the size of the basement in the provided conversations. The interactions focus mainly on Adam Smith and Li Hua discussing various issues and arrangements within the apartment, particularly involving the basement for activities like guitar practice and hosting social gatherings. No details about the physical dimensions of the basement are included in the given text."
What is Wolfgang's favorite superhero?,Iron Man,"Based on the interactions provided, Wolfgang appears to have a preference for Spider-Man, as mentioned multiple times. Specifically, Wolfgang and Li Hua discuss Wolfgang's favorite superhero, with Wolfgang stating, ""I think Spider-Man is awesome! I have a soft spot for Iron Man though. The tech and personality are just cool."" While Wolfgang mentions liking Iron Man as well, the explicit mention of Spider-Man being his favorite superhero is clear from their conversation."
What is LiHua's favorite superhero?,Spider-Man,"Based on the conversation provided, LiHua's favorite superhero is Spider-Man. This can be inferred from a previous exchange where LiHua states, ""I think Spider-Man is my fave! Love his story and all the web-slinging action."" LiHua expresses a strong preference for Spider-Man over other heroes, indicating it as their favorite."
What sports would LiHua like to see on the community sports day?,some team sports like soccer or basketball,"In one of the messages, LiHua expressed her enthusiasm for the community sports day, mentioning her preference for team sports such as soccer or basketball, as well as fun games for children. She also suggested incorporating some refreshing activities like a tug-of-war or sack race. Based on these comments, it appears that LiHua would like to see team sports, fun games for children, and possibly other engaging activities like tug-of-war or sack races at the community sports day."
What activities are being discussed for the community sports day?,Soccer and basketball and tug-of-war and sack race are mentioned as potential activities for the community sports day,"The community sports day is an upcoming event that is expected to be a significant gathering where the community can participate in various sports activities. The event is anticipated to enhance the community bonding and provide opportunities for residents to engage in physical activities together. Participants might look forward to team sports such as soccer or basketball, which are popular among adults, alongside games designed for children. The discussion mentions the possibility of including fun activities for families, such as a tug-of-war or sack races, to cater to different age groups and interests within the community. Additionally, refreshments and snacks are suggested to keep everyone energized throughout the day. The enthusiasm expressed by the participants indicates a commitment to making the event enjoyable and memorable for all attendees."
What new hobbies does Wolfgang Schulz propose to Li Hua?,Wolfgang Schulz proposes pottery or painting as a hobby to Li Hua,"In the conversations provided, Wolfgang Schulz does not propose any new hobbies specifically to Li Hua. However, Wolfgang does express enthusiasm for various activities and interests, including discussing game soundtracks and classic rock music. Wolfgang and Li Hua also mention planning a jam session, indicating a shared interest in musical activities. Wolfgang has suggested playing ""Hey Jude"" at a jam session and has expressed his excitement about playing music and the therapeutic aspects of it. These activities suggest a growing musical interest and passion between Wolfgang and Li Hua, but no new hobby proposals are made to Li Hua directly."
What brands of air-conditioners does LiHua recommend to Wolfgang?,Mitsubishi and Daikin,"In the conversation, LiHua recommends inverter AC units as a good choice for energy efficiency and low noise levels. Two brands that LiHua mentions are Mitsubishi and Daikin. While these brands are known for their quiet and efficient performance, no specific model or brand recommendation is given to Wolfgang."
Who is recommended by Jennifer to share some fitness tips in the gym group chat on 20260730?,LiHua,"There doesn't appear to be any recommendation in the provided data for someone to share fitness tips in the gym group chat on 20260730. The data focuses on individual conversations and events related to fitness and hobbies, but does not mention a specific recommendation for sharing tips on a particular date."
What does Hailey Johnson want Li Hua to help with at the bakery according to their discussion on 20260731?,Hailey Johnson wants Li Hua to help gather feedback from customers at the bread-tasting event,"According to the conversation recorded on July 31, 2026, Hailey Johnson is planning a bread-tasting event at the bakery and would like Li Hua's assistance in gathering feedback from their customers. Specifically, Hailey mentions, ""I'm planning a bread-tasting event at the bakery and would love your help gathering feedback from our customers. Do you think you could assist with that?"" This indicates that Li Hua is expected to participate in collecting customer opinions and insights regarding the various bread varieties offered at the bakery."
What day do Li Hua and Wolfgang Schulz plan to visit the photography exhibition?,Li Hua and Wolfgang Schulz plan to visit the photography exhibition on Friday evening,"Li Hua and Wolfgang Schulz plan to visit the photography exhibition on Friday evening. This is evident from a conversation where Li Hua suggests Friday evening as a good time to go, noting that it will likely be less crowded than other days. Specifically, the interaction reads:```LiHua: How about we go on Friday evening? It should be less crowded then! What do you think?WolfgangSchulz: Friday evening works for me! Looking forward to it!```This indicates their mutual agreement on choosing Friday evening for the visit to the photography exhibition."
When is Wolfgang and LiHua going to the photography exhibition on 20260805?,19:00,"Based on the provided information, there is no mention of Wolfgang Schulz and LiHua attending a photography exhibition on August 5, 2026. The only reference to a photography exhibition involves a discussion about a photography exhibition that will occur ""next week"" (which likely means within the upcoming week). The conversation regarding this exhibition took place on August 1, 2026 at 19:00, where LiHua suggested it would be a great time for Wolfgang to check it out. There is no further information about future events related to this exhibition. Therefore, the exact date of their attendance at the photography exhibition on August 5, 2026 cannot be determined from the given data."
What new components are being added to the garden project as Turalyon announces it on 20260806?,incorporating sustainable practices like recycling and composting into our renovation project,"On August 6, 2026, Turalyon announced several new components for the community garden project. Initially, he highlighted the need to limit noisy activities from 2-3 PM and suggested putting up temporary barriers or using quieter tools during that timeframe. Additionally, he proposed notifying residents a day in advance about any particularly loud work, which could help them plan around it. Later, Muradin Bronzebeard suggested posting updates in the chat or setting up a notice board at the entrance of the garden to keep everyone informed. Turalyon appreciated Muradin’s idea and agreed that sound-absorbing materials for the benches or play area could also be considered. Grom Hellscream suggested incorporating tall shrubs or trees along the perimeter to act as a natural barrier and noted the potential to include little signs explaining each plant’s benefits and how it supports the local ecosystem. Furthermore, the group discussed the types of plants to be included in the garden. On July 2, 2026, Tirion Fordring initiated a resident vote for specific types of plants, including bluebells, camellias, and herbs. Adam Smith recommended focusing on flowers for the current project while considering herbs for a future addition. The community expressed enthusiasm for colorful flowers and herbs, hoping to mix in a variety of colors and scents. Additionally, the group planned a community sports day, which was announced on July 27, 2026. The sports day was intended to bring the community together, offer fun activities, and enjoy the newly renovated garden. Ideas for the sports day included team sports like soccer or basketball, fun games for children, and refreshments. Thrall mentioned the possibility of adding family-friendly activities such as a tug-of-war or sack race. In summary, on August 6, 2026, the garden project saw enhancements in noise management, communication strategies, and plant selection, with a focus on attracting wildlife and enhancing usability. The sports day was also planned as a significant social and recreational event for the community."
Why is Yuriko asking for LiHua's help on 20260807?,She has got ten logo designs for my speech therapy studio and she would love LiHua's opinion on which one stands out the most,"There isn't any mention of Yuriko asking for LiHua's help on 20260807 in the provided data. The table contains details about various interactions and activities involving Yuriko, including her participation in virtual conversations and her suggestion to contribute a track to the band's performance lineup for the Local Music Festival. However, the specific interaction you're asking about does not appear in the given information."
When is the installation of the air-conditioner for the basement?,It's set for Wednesday next week,"The installation of the air-conditioner for the basement is scheduled for 6 PM today, as mentioned in the interaction on February 19th at 8 AM. Specifically, Adam Smith reminded Li Hua of this at 11 AM on August 12th. Prior to this, on July 29th at 2 PM, Adam Smith expressed interest in energy-efficient and quiet air-conditioners and suggested consulting brands like Mitsubishi and Daikin. Li Hua recommended inverter AC units with a SEER rating of 16 or higher, and preferred wall-mounted units over portable ones for their space-saving and quieter operation."
Why does Adam reach out to LiHua on 20260810?,To check if LiHua had a chance to look over the warranty and maintenance plans for the air conditioner,"There is no mention of a communication or event scheduled for 20260810 in the provided data. The records only contain interactions related to specific times and dates, including 20260218_18:00, 20260429_18:00, 20260924_20:00, and several others. Therefore, based on the given information, it is not possible to determine why Adam reaches out to LiHua on 20260810."
What tips does Jennifer give to LiHua about preventing muscle soreness after a tough workout?,make sure to warm up properly before workouts and cool down afterward & Stretching & Stay hydrated and consider foam rolling post-session to help with recovery,"In the conversation, Jennifer offers advice to LiHua regarding measures to prevent muscle soreness after a tough workout. Jennifer suggests the importance of proper hydration, which she emphasizes as a significant factor in reducing soreness and aiding recovery. She recommends drinking enough water both throughout the day and particularly after workouts. Additionally, Jennifer encourages the use of recovery techniques such as foam rolling and deep static stretching, particularly for areas that felt tight during the workout. By focusing on these preventive measures, LiHua can aim to minimize muscle soreness and ensure a smoother recovery process following her workouts."
When is the contractor team going to install the air-conditioner?,20260812 6PM,"According to the conversation, the contractor team is scheduled to install the air-conditioner in the basement at 6 PM today, which is on August 12th, 2026. Adam Smith reminded Li Hua about this installation, stating, ""I should be free then. Just let me know what works for you!"" Li Hua confirmed her availability, saying, ""Sure, I'll be there at 6 PM."""
When is the garage sale being discussed?,20260814_15:00,"The discussion about the garage sale is happening concurrently with the community garden renovation event. Specifically, the conversation takes place on September 22nd at 12:00 PM. This event seems to be part of a broader series of community activities aimed at raising funds or supporting local causes, alongside other events such as a bake sale and a photo exhibition."
What is the reason Thrall cannot participate in the garage sale?,Thrall has a lot happening with the garden renovations,"The document does not provide explicit reasons why Thrall cannot participate in the garage sale. However, based on the context, it appears Thrall is participating and actively contributing to the garage sale preparations. There is no indication of any impediment preventing Thrall's participation in the garage sale."
What does RexxarRemar suggest to make the garage sale more enjoyable?,RexxarRemar suggests having snacks or drinks at the garage sale,"There is no information provided in the given data about a garage sale or any event involving RexxarRemar. The conversations detailed in the text primarily revolve around community activities such as a photography exhibition, a community garden renovation, and discussions about various television shows and their characters. Therefore, based on the available information, it is not possible to determine what RexxarRemar suggests to make the garage sale more enjoyable."
Who offers to help with setting up for the garage sale?,AdamSmith,"In the discussion about the upcoming garage sale, multiple individuals expressed their enthusiasm and willingness to contribute. Specifically, GromHellscream suggests, ""Let’s keep brainstorming all our ideas for the garage sale! It’s a perfect opportunity to showcase our community vibe."" This indicates that there are ongoing efforts to brainstorm ideas and prepare for the event. Additionally, RexxarRemar contributes, ""We can also think about decorations for the garage sale. A little effort could really brighten up the atmosphere and make it more inviting!"" and ""I think adding some decorations could really spruce things up and make it feel festive! Let’s brainstorm some ideas for that too!"" This shows that RexxarRemar is also offering his assistance in helping to set up and decorate for the garage sale. While the exact person who offers to help with setting up for the garage sale is not specified in the given data, it is clear that several members of the community are eager to participate and contribute to the event."
What type of stretches does Sage prefer before hitting the gym?,Sage prefers dynamic stretches,"The user's query pertains specifically to the stretches Sage prefers to do before hitting the gym, but within the provided data, there isn't any direct mention of Sage's preferred stretches. The conversation focuses primarily on various fitness topics such as workout routines, hydration, and stretching techniques. While Sage does mention focusing on breathing and posture before jumping into exercises, there is no explicit reference to Sage’s preferred stretches. Therefore, based on the information available, we cannot determine what types of stretches Sage prefers before exercising."
What does JenniferMoore suggest to improve performance and prevent injuries?,JenniferMoore suggests incorporating stretching techniques,"Based on the conversations recorded, JenniferMoore emphasizes the importance of proper form and warm-up exercises. Specifically, she encourages her clients to warm up properly before workouts, as this can help prevent injuries and ensure they perform at their best. Additionally, she suggests incorporating resistance training and dedicated stretching or yoga sessions into the workout routine to improve both strength and flexibility. These elements are particularly emphasized as part of a comprehensive fitness regimen designed to maximize performance and minimize the risk of injury. Moreover, JenniferMoore stresses the significance of hydration during workouts, advising her clients to monitor their water intake and stay hydrated. This is crucial for maintaining energy levels, reducing fatigue, and enhancing overall performance. By ensuring that her clients are well-prepared both physically and mentally, JenniferMoore is contributing to a safe and effective fitness program."
What does Viper plan to do to increase their stamina?,Viper plans to focus on cardio,"Based on the conversation, Viper has reported noticing an increase in their stamina during workouts. Viper suggested incorporating interval training into their cardio routines as a strategy to build endurance without overtaxing the body. Viper noted that this method works well for them, and it keeps workouts interesting by alternating periods of high-intensity activity with rest or lower-intensity intervals. Viper also mentioned that after their workout, they enjoy drinking water infused with lemon and ginger, which they believe provides a refreshing and energizing effect."
What does Sova plan to do to keep their cardio interesting?,Sova plans to mix it up with different types of cardio exercises,"From the conversation, it appears that Sova plans to keep their cardio routine interesting by trying out different types of classes. Specifically, Sova mentions using herbal teas as a way to stay hydrated and experiment with various flavors. Additionally, Sova expresses interest in trying new classes, such as dance cardio, suggesting that they enjoy mixing things up to prevent boredom and challenge themselves in different ways."
How much discount is Hailey willing to give to LiHua according to their conversation on 20260816?,15% off,"There is no mention of any discount or special offer being discussed between Hailey's Bakery and LiHua in the provided conversations. The last interaction listed in the data source is dated 20261009, and it involves a casual invitation to watch a movie together. Therefore, based on the available information, there is no discount or special offer related to LiHua's orders or transactions at Hailey's Bakery."
Who does Li Hua mention as their favorite character from The Witcher 3?,Geralt,"In the conversation, Li Hua expresses a preference for Geralt, stating that he ""really likes Geralt! He's such a complex character with that no-nonsense attitude, but deep down he has a great sense of morality. Plus, his monster-slaying skills are just epic!"" Li Hua also compliments Yennefer's character, describing her backstory and dynamic with Geralt as adding ""so much depth to the game."" However, when asked about their favorite character, Li Hua explicitly mentions Geralt as the one they like the most."
Why does LiHua like Geralt from The Witcher 3?,He's such a complex character with that no-nonsense attitude but deep down he has a great sense of morality & his monster-slaying skills are just epic,"LiHua expresses admiration for Geralt from The Witcher 3, highlighting his complex personality and moral integrity, which she finds appealing. She also praises Geralt's combat skills, describing them as ""epic."" Furthermore, LiHua appreciates the depth of Geralt's character development and the significant choices he makes throughout the game. These factors contribute to her fondness for Geralt and his role as the main protagonist in The Witcher 3. LiHua also mentions the memorable moments involving Geralt and Yennefer, further emphasizing her appreciation for the character."
What is Li Hua's opinion about Yennefer's character?,Intense & fiercely independent & her relationship with Geralt evolves,"Based on the conversation, Li Hua expresses a positive view of Yennefer's character in ""The Witcher 3."" She describes Yennefer as an intense and fiercely independent character, highlighting the depth and dynamism of her relationship with Geralt. Li Hua particularly appreciates how Yennefer's backstory and interaction with Geralt contribute to the richness of the game's narrative, noting that these elements create memorable moments. This aligns with Thane Chambers' opinion, who also mentioned that Yennefer's backstory and dynamic with Geralt add so much depth to the game. Li Hua's enthusiasm for these aspects of Yennefer's character underscores her appreciation for the character's complexity and her role in the story."
Which scene stood out for Li Hua in The Witcher 3?,"The ""Battle of Kaer Morhen""","In the conversation provided, Li Hua expressed particular appreciation for a scene in ""The Witcher 3."" Specifically, she mentioned that one of her favorite scenes in the game was when Geralt is searching for Yennefer in the early parts of the game. Li Hua noted that the way the game intertwines their past and present experiences is done exceptionally well, setting the stage for their complex relationship. This scene highlights the intricate character development and the dynamic between Geralt and Yennefer, which are central to the narrative of the game."
Which scene in The Witcher 3 does ThaneChambers consider as one of his favorites involving Yennefer?,The scene when Geralt is looking for Yennefer in the early part of the game,"Based on the conversation shared, Thane Chambers identifies one of his favorite scenes involving Yennefer in The Witcher 3 as the one where Geralt is looking for Yennefer in the early part of the game. Thane Chambers highlights this scene as particularly noteworthy because he appreciates how the game intertwines Geralt's past and present with Yennefer, setting the stage for their complex relationship. This scene demonstrates the intricate character development and the significant choices Geralt must make, which contribute to the rich narrative of The Witcher 3."
What is Li Hua's impression of the Blood and Wine expansion?,Incredible & new area is stunning & story feels like a mini-epic,"Li Hua expresses a positive sentiment towards the Blood and Wine expansion, indicating that she finds it ""incredible."" She notes that the new area of Toussaint is described as ""stunning,"" and the storytelling is referred to as ""top-notch."" Additionally, she praises the characters she meets in Toussaint, calling them ""memorable."" Overall, Li Hua seems to enjoy the immersive nature of the expansion and appreciates its blend of vibrant settings and compelling narratives."
What is Li Hua's opinion on the characters in Succession?,Intense family dynamics and business war,"In the discussion about the TV series Succession, Li Hua expressed interest in the show and acknowledged its intense and complex family dynamics. When Emily Burnett asked Li Hua about his favorite part of the show, Li Hua mentioned the boardroom battles and the power moves and strategies, noting that they ""really keep [him] on the edge of [his] seat."" However, Li Hua also recognized the show's ability to captivate viewers with its intense plots and strategic twists, indicating that he appreciates the dramatic elements that draw him in. Overall, Li Hua seems to be impressed by the show's ability to keep viewers engaged with its complex family drama and high-stakes conflicts."
What TV show does EmilyBurnett recommend to Li Hua after discussing Succession?,The Crown and Ted Lasso,"After discussing the intense and intriguing nature of the Netflix original series ""Succession,"" Emily Burnett recommends several other shows to Li Hua. Specifically, she suggests checking out ""The Crown,"" which offers a historical drama with rich character depth, and ""Ted Lasso,"" which provides a lighter and more comedic experience. Emily expresses her enthusiasm for both shows, recommending that Li Hua gives them a try."
When does Li Hua plan to meet JakeWatson for soccer practice?,Saturday afternoon at 3 PM,"Based on the conversations shared, Li Hua and JakeWatson discussed organizing a practice session together. Initially, Li Hua suggested meeting at the park on Saturday at 10 AM, and JakeWatson responded positively, agreeing to the same time. Therefore, Li Hua plans to meet JakeWatson for soccer practice on Saturday at 10 AM."
What are some of the upcoming PS5 exclusives discussed?,Final Fantasy XVI & Marvel's Spider-Man 2 & Ghostwire: Tokyo,"In the conversation between Adam Smith and Li Hua, it is mentioned that Li Hua recently acquired a PS5 gaming console, indicating her excitement for the platform's exclusives. Adam Smith, who shares a similar interest in gaming, brings up the topic of PS5 exclusives, suggesting that Li Hua might join a PS5 Game Enthusiasts group. This group suggests that they can discuss ""epic storylines"" on the PS5, implying that there are compelling games exclusive to the PS5 platform. While the specific titles discussed are not mentioned, it can be inferred that Li Hua may be interested in exploring upcoming PS5 exclusives, which could include games like ""Horizon Forbidden West,"" ""Returnal,"" ""Demon's Souls,"" or ""Resident Evil Village."" These exclusives are known for their unique features and storylines, making them popular among gamers."
Which upcoming PS5 exclusive game does Gavriel express curiosity about?,Ghostwire: Tokyo,"There isn't any information provided regarding an upcoming PS5 exclusive game that Gavriel expresses curiosity about. The conversation focuses mainly on discussing games, their characters, and soundtracks, but it does not mention any specific games or exclusives that are being discussed."
Which UCL match does Jasper recommend as a classic must-watch?,The 2005 final between Liverpool and AC Milan,"Jasper recommends the 2005 final between Liverpool and AC Milan as a classic UCL match that he finds particularly compelling. In this match, Liverpool found themselves down 3-0 at halftime, yet managed a miraculous comeback to secure a victory in penalties. This dramatic turn of events showcases the excitement and unpredictability that can characterize such matches, making it a must-watch for football enthusiasts."
What skill does Li Hua plan to improve with WolfgangSchulz's help?,Data analysis and coding related to AI tools,"In the conversations between Li Hua and WolfgangSchulz, it is mentioned that Li Hua plans to dive deeper into gaming, specifically to work on his guitar skills and potentially even start working on new music with the band. WolfgangSchulz expresses interest in helping Li Hua improve his drumming skills. However, WolfgangSchulz also mentions that he is considering looking into AI frameworks or machine learning to enhance his work, suggesting that Li Hua may also benefit from WolfgangSchulz's expertise in technology and possibly data analysis, coding, and other skills related to AI tools. Therefore, while WolfgangSchulz's primary intention is to assist Li Hua with his drumming skills, Li Hua is looking to improve his guitar skills and possibly other areas through WolfgangSchulz's guidance and potential expertise in technology-related fields."
Who shared a music theory tutorial with the group?,Chae Song-hwa,"In the conversation, ChaeSong-hwa shared a music theory tutorial that he found, encouraging the group to check it out. He specifically mentioned sending the link to the others later, indicating that WolfgangSchulz and LiHua were also interested in viewing it."
Which regions in Witcher 3 did Li Hua and Thane Chambers discuss?,Skellige and Toussaint,"In the conversations provided, Li Hua and Thane Chambers primarily discussed the regions of Skellige and Toussaint within the Witcher 3 game world. Specifically, Li Hua expressed admiration for the beauty of Skellige, noting its cliffs and ocean views, and praised the vibrant landscapes of Toussaint, particularly highlighting the vineyards and castles. Additionally, they discussed the Blood and Wine expansion, which takes place in the region of Toussaint, and noted the richness of the lore and the twist ending in this quest."
What is Kendall's relationship with Logan like according to the group's discussion?,Toxic,"In the group discussion regarding the TV series ""Succession,"" Kendall's relationship with his father, Logan Roy, is described as deeply troubled and marked by significant conflict. Participants noted that Kendall's struggle for power and validation is closely tied to his childhood experiences and the constant rivalry and need for approval from Logan. They pointed out that Kendall's relationship with Logan is described as toxic, and he frequently returns to the cycle of needing validation, which contributes to his relentless pursuit of power. The group expressed uncertainty about whether Kendall might ever break free from this toxic dynamic, highlighting the complexity and intensity of his journey. Despite the challenging nature of their relationship, the group acknowledged that Kendall's character development remains intriguing and compelling."
What is the topic of discussion between Li Hua and Wolfgang Schulz on burger preferences?,Medium rare vs. well-done meat patty in a classic American,"In the conversations provided, there are several instances where Li Hua and Wolfgang Schulz discuss various aspects related to burgers. However, the primary focus appears to be on their opinions regarding the ideal level of doneness for a classic American cheeseburger patty and their preferred toppings. In one conversation, Wolfgang expresses a preference for a well-done patty, citing safety and flavor as reasons, and suggests keeping toppings simple with cheese and perhaps some bacon. On the other hand, Li Hua prefers a medium-rare patty due to its juicy texture and flavor, and she suggests adventurous toppings such as jalapeño or BBQ sauce. These discussions highlight their differing tastes in burger preparation and toppings, showcasing their individual culinary preferences."
What is Li Hua's preference for a burger patty's doneness?,Medium rare,"Based on the conversations shared, Li Hua expresses a preference for a medium-rare burger patty. In one interaction, Li Hua states, ""But I just love the juicy texture of a medium rare patty. That's where all the flavor is for me! 🍔"" This indicates that while she respects Wolfgang's preference for a well-done patty, she enjoys the juiciness and flavor that comes with a medium-rare patty."
What is Wolfgang's preference for a burger patty's doneness?,well-done,"From the conversation, we can infer Wolfgang's preference for a meat patty's doneness based on his interactions with LiHua. Specifically, in the discussion about burgers, Wolfgang mentions, ""I get the point of medium rare, but I think well-done is just safer and more flavorful."" This indicates that while he appreciates the juiciness of a medium-rare patty, he leans towards a well-done patty for safety and flavor. Therefore, Wolfgang's preference appears to be for a well-done burger patty."
Why does Wolfgang prefer a well-done meat patty in a burger?,It is safer and more flavorful & he likes a little char on his burger,"According to the conversation, Wolfgang prefers a well-done meat patty in a classic American cheeseburger because he believes it is ""just safer and more flavorful."" He also enjoys a ""little char"" on his burger, indicating that he values the texture and taste of a well-done patty. In contrast, he prefers a medium-rare patty due to his appreciation for the juicy texture and flavor associated with a slightly undercooked patty. This preference for a well-done patty stems from his desire for a more robust and satisfying taste experience."
What toppings does Wolfgang Schulz prefer on his burger?,Cheese and bacon,"Based on the conversations recorded, Wolfgang Schulz prefers a classic cheeseburger. He mentions his preference for a simple combination of lettuce, tomato, and pickles. However, he also seems open to trying different toppings occasionally, as evidenced by his interest in a spicy jalapeño burger or BBQ sauce. In summary, Wolfgang's preferred toppings on a classic burger are lettuce, tomato, and pickles, though he is open to experimenting with additional toppings."
What books does Jennifer recommend to LiHua for deepening understanding of fitness nutrition?,"The New Rules of Lifting and ""Precision Nutrition""","There is no mention of Jennifer recommending specific books to LiHua for deepening understanding of fitness nutrition in the provided conversations. The discussions revolve around maintaining a healthy diet, protein intake, and various workout-related topics, but there is no explicit reference to book recommendations."
Why are Wolfgang and LiHua going to the local music store?,check out some new gear and get inspired for our next jam session,"According to the conversation, WolfgangSchulz mentioned to LiHua that they planned to go to the local music store for a music-related activity. Specifically, Wolfgang suggested visiting the local music store ""this weekend"" to check out some new gear and get inspired for their next jam session. LiHua enthusiastically agreed, indicating their interest in the idea. Therefore, Wolfgang and LiHua are heading to the local music store to explore new musical instruments and equipment, as well as to be inspired by the music scene and potential collaborations within the community."
What is the main theme of game group's discussion on 20260901_13:00?,Dutch van der Linde's character and leadership,"There doesn't appear to be any specific theme or detailed discussion outlined in the entry for 20260901_13:00. The timestamp alone does not provide sufficient context for identifying a main theme. However, based on the other entries, it seems the group is engaging in conversations related to video games and various games like Witcher 3, Call of Duty: Warzone, and The Last of Us. These discussions typically revolve around game mechanics, character interactions, story elements, and player experiences. Without additional details from the entry in question, it's not possible to determine a specific main theme for this particular timestamp."
Who is the most hateable character in Game of Thrones in Orion's opinion?,Ramsay Bolton,"In Orion's opinion, among the characters in Game of Thrones, Joffrey and Ramsay Bolton are considered the most hateable. Orion expressed this view during a discussion about the show, highlighting the cruel and manipulative behaviors exhibited by these characters."
Who is the most hateable character in Game of Thrones in Merrick's opinion?,Cersei Lannister,"Based on the information provided, Merrick expresses his dislike for Cersei Lannister, citing her manipulative and arrogant traits. There is no mention of Merrick expressing dislike for any other character specifically. Therefore, according to the data, Cersei Lannister is the character Merrick considers the most hateable in Game of Thrones."
What is the common interest between Li Hua and Jake Watson?,Soccer,"The primary common interest between Li Hua and Jake Watson is their shared enthusiasm for classic matches between FC Barcelona and Bayern Munich. This is evident from their discussions about various aspects of these matches, including the drama and emotion in the games, notable players, and specific moments. They frequently refer to these matches as ""classic matches"" and express admiration for the performances of players like Neymar, Messi, and others. Their conversations revolve around analyzing the historical context of these games, discussing individual player contributions, and speculating on future developments in the sport."
What kind of songs are Li Hua and Chae Song-hwa considering adding to their playlist for babies?,Lullabies,"Based on the conversations provided in the data, Li Hua and Chae Song-hwa are discussing plans for future jam sessions rather than specific songs for a baby's playlist. The context suggests they are focusing on planning upcoming musical sessions, including deciding on songs for future jamming nights. There is no mention of songs specifically tailored for babies in these discussions. Therefore, based on the information given, there is no indication that Li Hua and Chae Song-hwa are considering songs for a baby's playlist."
What makes Wolfgang feel under a lot of pressure according to his conversation with LiHua on 20260905?,this new software project,"According to the conversation recorded on 20260905, Wolfgang seems to be feeling under a significant amount of pressure. This is indicated by his statement, ""I just can't seem to shake this feeling of being weighed down by responsibilities. It's hard to find a balance between work and personal life."" Wolfgang expresses frustration and a sense of being overwhelmed by his commitments and obligations, suggesting he is experiencing considerable stress and pressure. LiHua reassures him, encouraging him to seek a better work-life balance, which Wolfgang acknowledges he needs to improve."
Why does AdamSmith ask LiHua about the basement on 20260907?,check in and see how the basement held up after the storm,"There is no mention of AdamSmith asking LiHua about the basement on February 7th, 2026 (20260907). The transactions and interactions detailed in the provided data table primarily revolve around rent payments, maintenance requests, and social plans related to AdamSmith and LiHua. There is no specific interaction regarding the basement on the date mentioned."
How is the basement after the storm?,The basement is all good no water leakage at all,"The provided data does not contain any specific details regarding the condition of the basement after a storm. There are multiple entries discussing various aspects of living in the apartment, including maintenance requests, rent payments, and social events, but none mention the aftermath of a storm affecting the basement. Therefore, we cannot determine the current state of the basement based on the information available."
What is the latest good news from Wolfgang as of 20260908?,software project finally made some significant progress,"Based on the information provided, the latest good news related to Wolfgang Schutz before September 8, 2026, comes from an event on July 25, 2026, at 10:00 AM for a training session. No subsequent positive developments or good news are mentioned specifically for Wolfgang after this event. However, Wolfgang is frequently referenced in the context of music jam sessions and other social events."
What new songs are LiHua working on lately on his guitar as of 20260908?,"Blackbird and ""Hotel California""","As per the data provided, LiHua has been working on two specific songs on his guitar as of September 8, 2026. These songs are ""Blackbird"" and ""Hotel California."" Both of these songs have been noted as ones he has been practicing to improve his strumming skills."
What mission does Gavriel mention that shows Arthur's growth in the game?,the scene where Arthur tells John to take care of his family,"In the discussion about the character and storyline, Gavriel mentions a particular mission involving Arthur that showcases his character development. Specifically, Gavriel refers to a moment where Arthur confronts his past mistakes and tries to help John and his family. This mission highlights Arthur's journey towards redemption and his efforts to make amends for the harm he caused earlier in the game. This moment is significant as it illustrates Arthur grappling with morality and the choices he makes, which deeply resonated with many players."
What does Aisling find emotionally impactful about Red Dead Redemption 2's ending?,Arthur's realization of his fate and the music during the last ride,"Based on the content shared, Aisling's reaction to the ending of Red Dead Redemption 2 appears to be conflicted. While acknowledging the power of Arthur's sacrifice, Aisling expresses a bittersweet sentiment, indicating a mix of emotional resonance and perhaps a sense of sadness. This suggests that despite the impactful conclusion, Aisling finds the aftermath of such a significant event to be both profoundly moving and somewhat melancholic. Her conflicted feelings highlight the depth and complexity of the game's narrative and emotional impact."
What side mission in Red Dead Redemption 2 resonated with Jareth?,the side mission with the widow in the honor system,"Based on the conversation, Jareth highlighted several enjoyable aspects of the game, particularly the immersive nature of the camp interactions and the opportunity to engage with the characters. However, Jareth specifically mentioned spending hours fishing and hunting, enjoying the little details like weather changes and wildlife interactions. He also noted the realism and how it made the game feel like a lived-in world. Regarding side missions, there isn't a particular side mission that Jareth mentioned resonating with. The focus of his discussion was more on the gameplay immersion and the experience of exploration and interaction within the game's vast open world. Therefore, without additional information, we cannot pinpoint a specific side mission that resonated deeply with Jareth."
What was ThaneChambers' favorite horse-related side quest in Red Dead Redemption 2?,the “troubled” horse,"Based on the conversation snippets provided, Thane Chambers did not mention any horse-related side quests in Red Dead Redemption 2. The dialogue focuses primarily on discussions about the game's story, characters, and gameplay mechanics such as the open-world nature of the game, the Van der Linde gang's storyline, and various quests and interactions within the game world. There is no indication that Thane Chambers discussed any specific horse-related side quests."
What funny glitch did Fionnuala experience in the game Red Dead Redemption 2?,Arthur ended up floating in mid-air after a cutscene,"In the conversation, Fionnuala mentioned experiencing a humorous glitch during a mission in Red Dead Redemption 2. Specifically, she recounted a scenario where Arthur, her companion, ended up floating in mid-air unexpectedly. This glitch led to a comedic situation that added to the lighthearted and entertaining nature of the gameplay experience. No further details were provided about this glitch, but it clearly contributed to the memorable moments and enjoyable aspects of the game."
What was the final showdown that Elara found unforgettable in Red Dead Redemption 2?,with Dutch and Micah,"Based on the conversation provided, there doesn't appear to be any specific mention of a particular final showdown that Elara found unforgettable in Red Dead Redemption 2. The discussion centers around various video game experiences and strategies, particularly focusing on Octopath Traveler. Therefore, there isn't enough information to determine which final showdown Elara found particularly noteworthy in Red Dead Redemption 2."
How does Bronwyn describe the epilogue of the game Red Dead Redemption 2?,captivating after seeing John try to make a life for himself,"Based on the discussions provided, Bronwyn describes the epilogue of Red Dead Redemption 2 as particularly impactful and emotionally resonant. She mentions that she found the quiet campfire nights to be special, noting that ""those quiet moments really connected her to the characters and made her feel more invested in their relationships."" Additionally, Bronwyn highlights the balance of seriousness and humor in the storytelling, which she feels made the narrative engaging. Specifically, Bronwyn emphasizes that the interactions at the campfire can lead to ""unforgettable moments,"" suggesting that these interactions add significant depth to the story beyond the main narrative. Overall, Bronwyn seems to appreciate how the game allows for both dramatic and lighthearted moments, which contribute to a richer and more immersive gaming experience."
Has LiHua ever met anyone like Shedlon Cooper in his real life?,No,"Based on the conversation recorded, LiHua has not personally encountered someone as unique and brilliant as Sheldon Cooper in real life. He mentions that Sheldon is ""one of a kind"" and notes that he does meet interesting people, but finds no one quite like him. This suggests that while LiHua has interacted with intellectually stimulating individuals, he has not met anyone who matches the specific characteristics of Sheldon Cooper from the television show ""The Big Bang Theory."""
Has EmilyBurnett ever met anyone like Shedlon Cooper in her real life?,No,"According to the conversation, Emily Burnett expressed that she has not encountered anyone as quirky and brilliant as Sheldon Cooper (likely referring to the character from the TV show ""The Big Bang Theory""). She mentioned, ""Not exactly! I've met some really smart folks, but none with that level of... shall we say, eccentricity?"" This indicates that while Emily has met intelligent individuals, none have matched the unique and eccentric traits associated with Sheldon Cooper."
What games are LiHua and ThaneChambers planning to check out during their shopping trip according to their discussion on 20260911?,"Spider-Man: Miles Morales and ""Demon's Souls""","Based on the conversation recorded on 20260911, LiHua and ThaneChambers discussed their plans for a shopping trip and included several games they were interested in checking out. Initially, they mentioned that WolfgangSchulz would be joining them, indicating that the shopping trip was a social event involving WolfgangSchulz as well. During their conversation, LiHua proposed that they either watch a new movie everyone was talking about or play some classic multiplayer games for nostalgia. ThaneChambers suggested that they could start with the movie and then transition to games later. LiHua agreed with this idea and mentioned that she would get snacks ready for both activities. Therefore, the games they planned to check out during their shopping trip included a new movie that was generating excitement among their friends and possibly some classic multiplayer games that they would play later in the evening. No specific names of the movies were mentioned, but they agreed to start with something they could watch together and then move on to games."
Who is the best midfielder in the past decade in JakeWatson's opinion?,Luka Modrić,"Based on the discussions in the provided data, JakeWatson has expressed opinions on various aspects of football, including managers, teams, and players. However, JakeWatson has not specifically mentioned who he believes is the best midfielder in the past decade. The conversations revolve around figures like Sir Alex Ferguson, Pep Guardiola, Jürgen Klopp, Lionel Messi, and Neymar, among others, but there is no direct mention of ranking midfielders within a specific decade. Therefore, without additional context or a more detailed discussion, it is not possible to definitively state JakeWatson's opinion on the best midfielder in the past decade."
How many servings of vegetables should LiHua aim for each day to keep body in good shape according to Jennifer?,at least 5 servings of veggies a day,"According to Jennifer, LiHua should aim for at least 5 servings of vegetables each day to keep her body in good shape. Jennifer emphasized the importance of vegetables for energy and recovery, suggesting that mixing different types of leafy greens like spinach and kale, along with bell peppers and broccoli, could enhance the benefits."
What does LiHua ask Jake about soccer?,the best strategies for soccer players to avoid injuries during games,"In one of the conversations, LiHua asks Jake about the best defender in the history of FC Barcelona. Specifically, LiHua inquires, ""Hey Jake! Just wondering who, in your mind, is the best defender in the history of the soccer club FC Barcelona? The club just keeps producing good defenders throughout their history!"" LiHua seems to be interested in identifying standout defenders who have contributed significantly to the club's success over the years."
What is Jake's first tip for avoiding soccer injuries?,proper warm-up and stretching,"Based on the conversations provided in the data, Jake Watson does not explicitly mention any tips for avoiding soccer injuries. The discussions revolve around classic matches, emotional aspects of soccer, and team dynamics rather than injury prevention strategies. Therefore, no specific injury prevention advice can be derived from the given information."
What does Jake suggest to improve flexibility and prevent muscle issues?,staying hydrated,"Jake Watson emphasizes the importance of flexibility in his conversation with Li Hua. During their discussion, Li Hua inquires about strategies to improve flexibility and prevent injuries, to which Jake responds that flexibility is indeed an area of focus that needs further development in Li Hua's fitness routine. Jake suggests that Li Hua should incorporate more strength training, particularly to build muscles around her joints, which can reduce the risk of injuries. He also recommends strength training to improve overall stability and endurance. Additionally, Jake suggests including specific exercises like squats, lunges, and planks, which are simple yet effective for building core and leg strength. Furthermore, he recommends adding balance exercises such as single-leg stands to enhance flexibility and balance."
Why is wearing the right footwear important in soccer?,to avoid slips or sprains,"In soccer, wearing the right footwear is crucial for several reasons. Proper footwear provides essential support and comfort, which can significantly enhance performance and reduce the risk of injuries. As mentioned in the conversation, Jake Watson emphasized the importance of wearing the right footwear, stating, ""wearing the right footwear can make a huge difference to avoid slips or sprains."" Comfortable shoes are recommended for practical reasons during the drills, and they are also essential for preventing injuries, particularly sprains and slips, which can occur due to improper footing or lack of traction. Therefore, choosing the right type of shoe is vital for soccer players to ensure safety and optimal performance."
How does strength training help prevent soccer injuries?,It builds muscles around joints & reduces injury risk & improves stability and endurance,"Strength training is a key component in preventing soccer injuries, as it builds muscles around joints and enhances overall stability and endurance on the field. According to Jake Watson, strength training helps build the muscles around your joints, which can reduce the risk of injuries. This is because strong muscles provide better support and protection for joints, making them less susceptible to strain or damage. Additionally, strength training improves your overall stability, which can reduce the likelihood of falls and sprains. By engaging in strength training exercises such as squats, lunges, and planks, athletes can build their core and leg strength, contributing to a more resilient and injury-resistant body."
What type of exercises does Jake recommend for strength training?,squats & lunges & planks & balance exercises like single-leg stands,"In the conversation, Jake Watson, who discussed classic matches between Barcelona and Bayern Munich, also provides tips on how to prevent injuries through strength training. During his interaction with Li Hua, Jake recommends several exercises that can help build muscles around joints and improve overall stability and endurance on the field. Specifically, he suggests squats, lunges, and planks as effective bodyweight exercises for building core and leg strength. Additionally, he advises including some balance exercises like single-leg stands to enhance stability. These exercises are described as simple but effective for beginners and are recommended to start with a few reps and gradually increase as one gets stronger."
What is the purpose of starting with bodyweight exercises?,for those who are new to strength training,"The purpose of starting with bodyweight exercises is emphasized as a starting point for beginners in strength training, according to the data provided. These exercises are versatile and can be performed without any equipment, making them accessible and convenient for individuals who are just beginning their fitness journey. They serve as a foundational element that helps build a strong base of strength and endurance before moving on to more complex forms of exercise."
Who does EmilyBurnett think is a standout character in the Game of Thrones series?,Tyrion Lannister,"In the discussion about the Game of Thrones series, Emily Burnett expresses admiration for Tyrion Lannister, highlighting his wit and intelligence, as well as his engaging character development from the beginning of the series. Specifically, she mentions that Tyrion's moments of clever dialogue and his transformation from being viewed as a ""Kingslayer"" to someone who values honor are particularly noteworthy. This indicates that Tyrion stands out as a standout character in the Game of Thrones narrative, not only due to his strategic intellect but also because of the depth and complexity of his character arc."
What does Lachlan appreciate about Arya Stark's character development?,Her transition from an innocent girl to a fierce assassin,"Lachlan appreciates Arya Stark's character development immensely, particularly focusing on her transformation from an innocent girl in Winterfell to a fierce assassin. This journey showcases her resilience, skill, and the growth of her character through various challenging experiences. One of the most notable moments highlighted by Lachlan is Arya's confrontation with the Night King, which was described as ""mind-blowing"" and ""really showcased her growth and skills."" This moment not only exemplifies her character development but also underscores her prowess and bravery. Additionally, Lachlan points out the intriguing and memorable aspects of Arya's character, including her list of names and the theme of revenge, which adds depth and intrigue to her story."
What moment does Rowan find mind-blowing in Arya's storyline?,When Arya confronts and takes down the Night King,"Rowan finds Arya Stark's confrontation with the Night King during the finale of Game of Thrones to be a mind-blowing moment. This significant moment showcases Arya's growth and skills, as she successfully defeats the Night King, an adversary that had previously defeated several of the Seven Kingdoms' greatest warriors. This achievement was particularly surprising and impactful, highlighting Arya's remarkable journey from an innocent girl in Winterfell to a fierce assassin."
Which moment involving Tyrion is Merrick's favorite?,When Tyrion blows up the Wildfire to save King's Landing,"Based on the information provided, Merrick has shared two memorable moments involving Tyrion Lannister. The first one is Tyrion blowing up the wildfire to save King's Landing, which Merrick considers a particularly impactful moment. The second is Tyrion saying the famous line, ""I drink and I know things."" This quote perfectly encapsulates Tyrion's wit and intelligence. Given this context, it seems Merrick appreciates Tyrion's strategic brilliance and his sharp, insightful remarks. Without more specific details, it's clear that Merrick holds Tyrion's character in high regard due to his wit, intelligence, and pivotal moments in the series."
What memorable quote is mentioned by Phaedra?,"Jon Snow's ""You know nothing"" scene with Ygritte","Phaedra is a character who engages in discussions about various aspects of the HBO series ""Game of Thrones."" One notable discussion revolves around memorable quotes from the show. In one of the conversations, Phaedra mentions a specific quote that stands out. However, the provided data does not contain the exact quote mentioned by Phaedra. Given the context, Phaedra likely discussed a significant quote from the show, possibly one that encapsulates the theme of free will or the consequences of ambition, but the precise quote is not specified in the available information."
"What does Rowan love about Tyrion's ""I drink and I know things"" line?",It captures his cleverness,"According to the discussions provided, Rowan particularly loves the line ""I drink and I know things"" spoken by Tyrion Lannister. This line encapsulates Tyrion's wit, intelligence, and the depth of his character. Rowan finds this quote to be a classic example of Tyrion's cleverness and adds it to their list of favorite Tyrion lines, noting its significance in capturing the essence of his character."
What aspect of Jaime Lannister's storyline does Rowan find intriguing?,His transformation after meeting Brienne of Tarth,"Rowan finds Jaime Lannister's storyline intriguing, particularly his transformation from an initially arrogant knight into someone who evolves with depth and complexity. This evolution is notable as it includes his relationship with Brienne of Tarth, who plays a significant role in shaping his character and values. Through their journey, Jaime undergoes a profound change, moving from a self-centered knight to someone who prioritizes honor and integrity, even if it means facing difficult choices and consequences. Rowan appreciates how this journey showcases the character's internal conflict and the moral dilemmas he faces, which adds to the richness and relatability of his portrayal."
How does Phaedra view Jaime's character arc?,"Fascinating as he goes from ""Kingslayer"" to someone who values honor","Phaedra appears to be quite engaged with the character of Jaime Lannister and his evolving journey throughout the series. Based on the provided data, Phaedra is a participant in discussions about Jaime Lannister's transformation, noting his growth from a ""villain"" to a ""complex and emotionally vulnerable figure."" Phaedra seems to appreciate and value this transformation, as evidenced by comments indicating enthusiasm and interest in observing his evolution. Specifically, Phaedra is observed to be excited about setting up the vote related to Jaime Lannister's character arc and is curious about the outcomes, suggesting a keen interest in understanding and discussing the narrative developments surrounding Jaime."
What does Lachlan think about Jaime's final decision to protect Cersei?,It complicates his redemption and leaves mixed feelings,"Lachlan expresses mixed feelings about Jaime's final decision to protect Cersei. He notes that while it showed Jaime's loyalty to Cersei, it also seemed like a regression back into his old ways. This choice complicated Lachlan's view of Jaime's character arc, as it left him with a sense of mixed feelings. Lachlan believes that Jaime had a path towards becoming a better character, but that this final choice left him questioning whether it was the right path."
How does Saffron feel about Jaime's choice to protect Cersei?,Conflicted because it seems like he was slipping back into old ways,"Saffron expresses a sense of conflict regarding Jaime's final decision to protect Cersei. She notes that this choice demonstrates his loyalty to her, which was a significant part of who he was. However, Saffron also points out that it seemed to revert him back into his old ways, suggesting that this choice overshadowed the character development he had shown throughout the series. This sentiment indicates that Saffron sees Jaime's final choice as a regression rather than a step towards genuine redemption."
What does Kieran wish Jaime had done differently?,Chosen a different path after his character development,"Based on the discussion, Kieran expresses a desire for Jaime to have chosen a different path that would have been more aligned with his growth and development throughout the series. Specifically, Kieran suggests that if Jaime had stayed true to the lessons he learned from Brienne, he could have ended up being a true protector of the realm. Kieran believes that if Jaime had chosen to step away from Cersei completely, it would have showcased his growth more effectively and potentially led to a more fulfilling life for him. Kieran sees their relationship as having so much potential, especially given their mutual respect and the connection they formed, and wishes they could have worked together to rebuild Westeros in a way that was more beneficial for everyone."
How does Niamh think Jaime could've ended up differently?,By staying true to the lessons he learned from Brienne,"Niamh expresses that if Jaime had stayed true to the lessons he learned from Brienne, he could have ended up being a true protector of the realm. She suggests that staying away from Cersei completely could have showcased his growth more, allowing him to honor his character development. Niamh believes that if Jaime had chosen a different path, he might have been happier and had a more fulfilling life. This scenario involves him working with Brienne, possibly forming a partnership that would have inspired others and helped rebuild Westeros. By distancing himself from Cersei, Jaime could have avoided falling into the same tragic cycle of loyalty and betrayal. However, Niamh acknowledges that the ending of the series leaves a bitter taste, as Jaime ultimately returns to Cersei, leading to a heart-wrenching conclusion."
What could Jaime and Brienne have done to rebuild trust according to Merrick?,Worked on rebuilding trust through actions rather than just words,"According to Merrick, if Jaime and Brienne had worked on rebuilding trust through actions rather than just words, it could have significantly impacted their relationship and possibly their legacy. Merrick suggests that Jaime could have shown his dedication to honor and duty, while Brienne's reputation as a noble warrior could have helped to foster mutual respect. Specifically, Merrick proposes several actions that could have contributed to a more united front in Westeros:- **Engaging in Justice Reform:** Jaime could have focused on implementing reforms to ensure that the innocent weren't unjustly punished. This would have demonstrated his commitment to fairness and justice.  - **Forming a Council:** Together, they could have established a council to hear the grievances of the common people. This initiative would have been revolutionary, as it would have engaged directly with the populace and potentially inspired others to support them.- **Empowering Others:** They could have rallied the remaining houses under a shared banner, working collaboratively to rebuild Westeros. This collaborative effort would have shown a commitment to unity and collective strength.- **Overcoming Prejudice:** By working together, they could have tackled the remnants of prejudice against Jaime, such as the lingering hatred associated with his past. Their partnership would have helped to reshape their image and gain the respect of the people.In essence, Merrick believes that if Jaime had embraced a more inclusive and collaborative approach, it could have led to a more stable and successful reign, potentially reshaping their legacy positively."
"What is LiHua curious about regarding the ""Man in Black"" in Westworld?",The motive behind his character,"LiHua is particularly interested in understanding the motivations behind the ""Man in Black"" character in Westworld. Specifically, he is intrigued by the main motive driving this complex character, which appears to be a search for deeper meaning and fulfillment within the world of Westworld. LiHua notes that this character is driven by a quest for truth and experiences that push boundaries. Additionally, he emphasizes how this quest is intertwined with the character's own past and personal experiences, adding significant depth and complexity to his portrayal. LiHua finds this character particularly intriguing due to the layers of meaning and the emotional weight these elements carry."
"What does EmilyBurnett think is the main motive for the ""Man in Black""?",To find deeper meaning and fulfillment in Westworld	20260916_16:00,"According to the discussions provided, Emily Burnett identifies the primary motive for the character ""Man in Black"" as seeking deeper meaning and fulfillment in the world of Westworld. She posits that this quest for deeper meaning is intertwined with his past experiences and feelings of guilt. This perspective aligns with the character's journey of self-discovery and his search for truth and experiences that push boundaries. Emily also notes that his past plays a significant role in shaping his current actions and motivations."
"How does LiHua feel about the ""Man in Black's"" search for meaning?",Intrigued as it adds depth to the story,"Based on the conversation, LiHua shares a deep appreciation for the character ""Man in Black."" In their discussion with Emily Burnett, LiHua expresses that the character is ""really intriguing"" due to his search for meaning and his pushing of boundaries in Westworld. LiHua elaborates on the complexity of the character, noting how his past influences his actions, adding significant depth to the narrative. LiHua particularly likes a moment where the character confronts his truth, describing it as ""such a turning point for his character."" Overall, LiHua seems to find the character's quest for meaning both captivating and emotionally engaging."
"What is EmilyBurnett's favorite moment of the ""Man in Black""?",When he confronts the truth about himself and his choices,"Based on the discussion, Emily Burnett expresses a particular fondness for a moment involving the Man in Black. Specifically, she mentions that she loved the moment when he finally confronted the truth about himself and his choices. This moment was described as a turning point for his character, indicating a significant and memorable moment within the series. However, since the primary focus of Emily's comments appears to be on the complexity and depth of the character rather than specific moments, her favorite moment of ""Man in Black"" likely encompasses the pivotal revelation that marked this turning point."
"Which moment does LiHua find memorable for the ""Man in Black""?",When he shows vulnerability,"Based on the dialogue provided, LiHua finds the moment when the ""Man in Black"" confronts the truth about himself and his choices particularly memorable. This moment serves as a pivotal turning point for his character, adding significant depth to the narrative. No other specific moment is highlighted as being particularly memorable for LiHua regarding the ""Man in Black."""
What does LiHua think about the themes of Westworld?,They are thought-provoking by diving into consciousness and free will and what it means to be human,"LiHua seems to appreciate the themes explored in Westworld, which include consciousness, free will, and what it means to be human. These themes delve deeply into the ethical debates surrounding the creation of sentient beings and the nature of reality versus fiction. LiHua finds the show particularly engaging due to its thought-provoking exploration of these topics. Additionally, LiHua is intrigued by the show's examination of the relationship between humans and technology, noting its relevance to current societal concerns. Overall, LiHua views Westworld as a series that pushes boundaries and challenges viewers' perceptions, making it a compelling and intellectually stimulating viewing experience."
Which theme of Westworld resonates the most for LiHua?,The exploration of free will and choice,"Based on the discussions provided, LiHua is particularly drawn to the exploration of free will and choice within the themes of Westworld. This theme resonates deeply with her because it challenges her to consider how her decisions shape her identity and aligns closely with the ethical dilemmas and questions about human nature that the show delves into. LiHua finds this aspect of the show particularly thought-provoking and relevant, reflecting a common sentiment among viewers who appreciate the show's ability to provoke introspection on fundamental concepts of consciousness, identity, and the nature of humanity."
What does EmilyBurnett think about the future relevance of Westworld's themes?,They will become even more crucial as technology advances,"EmilyBurnett expresses that the themes explored in Westworld are highly relevant and will continue to be so as technology evolves. She believes that the discussions around consciousness, free will, and the ethical considerations surrounding AI and artificial intelligence will become increasingly important. Her enthusiasm for the show underscores its lasting impact and its ability to provoke thought-provoking conversations about fundamental aspects of humanity."
What does WolfgangSchulz suggest incorporating into practice sessions according to the discussion on 20260916?,Improvisational solos,"There is no discussion listed under the date 20260916 in the provided data. The discussions available pertain to various topics including pizza preferences, musical jam sessions, web design seminars, medical lectures, and hobbies such as pottery and painting. Given the absence of the specific date mentioned, there is no information regarding what WolfgangSchulz suggests incorporating into practice sessions."
How does LiHua feel about the idea of improvisation based on the chat on 20260916?,It will make sessions more fun and creative,"Based on the information provided in the table, there isn't a specific mention of LiHua expressing feelings or opinions regarding improvisation on the event marked as 20260916. The events listed seem to focus on various conversations and plans involving WolfgangSchulz and LiHua, but there is no direct statement related to LiHua's stance on improvisation. Therefore, we cannot derive LiHua's feelings about the idea of improvisation from the given data."
Who does JakeWatson consider the best defender in the history of FC Barcelona?,Carles Puyol,"Based on the conversation, JakeWatson considers Carles Puyol and Gerard Piqué to be among the best defenders in the history of FC Barcelona. Jake mentions that both players had unique strengths—Puyol's leadership and dedication, and Piqué's combination of skill and intelligence in defense. Jake Watson highlights that choosing just one is difficult, emphasizing the exceptional qualities of both players. He further supports his point by mentioning that during their playing days, these defenders inspired the entire team and contributed significantly to the team's success."
What does LiHua think about Gerard Piqué as a defender?,He deserves a mention for his skill and intelligence,"Based on the conversation between LiHua and JakeWatson, LiHua holds Gerard Piqué in high regard as a defender. LiHua mentions that Piqué has ""that combination of skill and intelligence in defense"" and praises his ability to read the game. LiHua also highlights that Piqué was ""solid at the back, making those key interceptions."" Furthermore, LiHua emphasizes that both Carles Puyol and Gerard Piqué deserve recognition as they brought ""something special to the team."" Overall, LiHua seems to appreciate Piqué's contributions to FC Barcelona's defense."
Who are JakeWatson's and LiHua's favorite defenders?,Carles Puyol and Gerard Piqué,"Based on the conversations shared, JakeWatson and LiHua have different perspectives on the best defenders in the history of FC Barcelona. JakeWatson mentions Carles Puyol as a standout defender, highlighting Puyol's leadership and fighting spirit, which were indeed significant qualities during his career. Puyol was known for his defensive prowess and his ability to make crucial tackles and clearances.On the other hand, LiHua expresses admiration for Gerard Piqué, praising his combination of skill and intelligence in defense. While Puyol was a legendary figure for Barcelona, Piqué has also been instrumental in the team, contributing not only defensively but also scoring important goals. Their differing opinions reflect the diverse talents within the club's defense and the evolving nature of defensive roles in modern soccer."
What is JakeWatson's favorite memory of Puyol and Piqué playing together?,The comeback against PSG in the Champions League,"According to JakeWatson, one of his favorite memories of watching Puyol and Piqué play together involves an epic comeback against Paris Saint-Germain (PSG) in the Champions League. Jake mentions that Carles Puyol's leadership was evident, and Gerard Piqué was solid at the back, making key interceptions. Jake describes this match as ""insane,"" highlighting the intense drama and emotion involved in these classic Barça matches. No specific details about a particular moment are provided, but the overall atmosphere and significance of the match featuring Puyol and Piqué is emphasized."
What match does JakeWatson cherish from the Champions League final against Manchester United?,The 2009 final,"In a discussion about the best moments from the Champions League final against Manchester United, JakeWatson mentions one of his favorite goals, specifically the one scored by Lionel Messi. JakeWatson recalls, ""That match was legendary! I also loved the match against AC Milan in the 2013 Champions League. The way they turned things around was just brilliant! What about you? Any specific player moments you cherish from the matches?"" JakeWatson then proceeds to recount a memorable goal by Messi, saying, ""For me, it's got to be when Messi scored that header in the Champions League against Manchester United in 2011. It was so unexpected and showcased his versatility. Such a beautiful moment!"" He further elaborates, ""That goal was insane! For me, it's got to be when Messi scored that header in the Champions League against Manchester United in 2011. It was so unexpected and showcased his versatility. Such a beautiful moment!"" This indicates that the match against Manchester United in the 2011 Champions League Final holds a special place in JakeWatson's heart due to Messi's unexpected header goal."
What is LiHua's favorite match involving Barcelona?,The 2013 Champions League match against AC Milan,"Based on the conversation, LiHua expresses her favorite memories of Barcelona matches, mentioning several memorable encounters. She mentions two specific matches that stood out to her: the 2014 Champions League match where Barcelona defeated Real Madrid 4-3, which she describes as a ""rollercoaster"" game with Messi's ""insane goal at the end"" being particularly memorable. Additionally, she fondly recalls the 2013 Champions League match where Barcelona drew 2-2 with Real Madrid, noting the drama and intensity of the clash between the two top clubs. Given these preferences, it seems that the 2014 Champions League match against Real Madrid holds a special place in LiHua's heart as her favorite match involving Barcelona."
Which goal does JakeWatson never forget from Messi?,Messi's solo goal against Getafe in 2007,"JakeWatson mentions several memorable moments involving Lionel Messi, but one of the standout moments he highlights is Messi's solo goal against Getafe in 2007. According to the conversation, JakeWatson describes this goal as ""pure genius"" and states, ""Oh, that goal was insane! For me, it's got to be when Messi scored that header in the Champions League against Manchester United in 2011. It was so unexpected and showcased his versatility. Such a beautiful moment!"" However, another goal that JakeWatson distinctly remembers is the one Messi scored against Getafe in 2007. JakeWatson recalls, ""Messi's solo goal against Getafe in 2007 is one I'll never forget! It was like a scene from a movie—he dribbled past a bunch of defenders like they were cone drills. Pure genius!"" So, the goal JakeWatson never forgets from Messi is the solo goal Messi scored against Getafe in 2007."
What is LiHua's favorite player moment from Messi?,When Messi scored a header against Manchester United in 2011,"In the conversations shared, LiHua expresses her favorite moments involving Messi. She mentions several highlights, but one of the most cherished memories she shares is the header goal Messi scored in the 2011 Champions League match against Manchester United. LiHua describes this goal as ""so unexpected and showcased his versatility."" This particular moment stands out as a significant and memorable achievement for Messi, demonstrating his unpredictability and skill."
What does LiHua think makes Messi the best?,His ability to create chances as well as his vision and work ethic and humility,"In the conversation, LiHua expresses admiration for Lionel Messi's abilities, noting that he is inspired by Messi's work ethic, humility, and overall approach to the game. LiHua points out that Messi's ability to create chances out of nothing and his vision on the field are standout qualities. LiHua also emphasizes Messi's consistent performance and his role as a role model for young players, highlighting that Messi's dedication and consistency set a high standard for future generations of soccer players. Overall, LiHua sees Messi as the best because of his multifaceted skill set and his ability to inspire and lead the team."
How does JakeWatson view Messi's impact on future generations of players?,His dedication and consistency set the bar high for young players,"Based on the discussions in the provided conversations, JakeWatson clearly emphasizes the significant impact that Lionel Messi has had and continues to have on the future of football. He highlights several aspects of Messi's influence, including his skills, work ethic, and approach to the game. JakeWatson mentions that Messi's dedication and consistency serve as a benchmark for aspiring young players. Specifically, JakeWatson points out that Messi's ability to create chances out of nothing, his vision on the field, and his incredible work ethic inspire younger generations of footballers. He also notes that Messi's humility and the respect he commands among peers contribute to his enduring influence. In essence, JakeWatson sees Messi as a player who not only excels in technical skills but also instills a deep sense of professionalism and determination in the sport."
Who suggests hitting Starbucks after work on 20260918?,WolfgangSchulz,"Based on the information provided in the data tables, there is no mention of Starbucks or any discussion about going to Starbucks after work on 20260918. The events listed do not specify any plans to visit Starbucks after work."
What is JenniferMoore's reminder to LiHua about on 20260919?,Getting enough protein after workouts,"There doesn't appear to be any communication involving Jennifer Moore and Li Hua on September 19th, 2026, based on the data provided. The interactions listed are dated June 15, June 23, January 6, August 21, and April 28. Therefore, no reminder from Jennifer Moore to Li Hua on September 19, 2026, can be derived from the given information."
Why is protein important according to JenniferMoore?,For keeping the body in shape,"According to JenniferMoore, protein is crucial for supporting fitness goals, particularly in aiding muscle recovery and building lean mass. She emphasizes the importance of including sufficient protein in one's diet, suggesting a range of about 1.6 to 2.2 grams of protein per kilogram of body weight, especially for individuals who are training hard. Jennifer also highlights the significance of timing protein consumption, recommending it post-workout to maximize absorption by the muscles. She further stresses the importance of hydration alongside proper protein intake, advising to drink water before, during, and after workouts to ensure optimal performance."
What is ThaneChambers' question to LiHua on 20260920?,LiHua's favorite first-person shooter game,"There doesn't appear to be any conversation recorded on the date 20260920 in the provided data. The conversations detailed in the sources are dated from 20260219 through 20261228. Therefore, there is no question asked by ThaneChambers to LiHua on the specified date."
Which game does LiHua mention he's been playing on 20260920?,Call of Duty: Warzone,"In the conversation dated 20260920_16:00, LiHua and Thane Chambers discussed a specific event where they had a conversation. No details regarding a particular game LiHua was playing were mentioned in this conversation. The discussion was centered around their plans to meet up for dinner and potential future events, but there was no reference to a game LiHua was currently playing."
"What does ThaneChambers say about ""Warzone""?",It's a blast,"In the conversation, ThaneChambers expresses enthusiasm for the game ""Warzone."" He mentions that he has been playing ""Apex Legends"" recently and finds the characters and abilities in ""Apex Legends"" exciting. ThaneChambers also shares his opinions on ""Warzone,"" highlighting the fun aspects of the battle royale mode. Specifically, he praises the strategy involved, such as planning approaches and teamwork, and notes the exhilarating adrenaline rush during the final circle. Additionally, ThaneChambers reminisces about a memorable moment in ""Warzone"" where they managed to win after being in a tough spot, describing it as a ""clutch moment"" that felt ""amazing."" This indicates that ThaneChambers finds ""Warzone"" to be a highly engaging and enjoyable game with strategic depth and thrilling gameplay."
"What does LiHua like most about ""Warzone""?",The strategy involved and the adrenaline rush,"Li Hua enjoys the strategic aspects of ""Call of Duty: Warzone"" most. He finds it particularly appealing to plan one's approach and work effectively with teammates. Additionally, he appreciates the adrenaline rush experienced during the final circle of the game. Li Hua's enthusiasm for ""Warzone"" extends beyond the gameplay mechanics, as he also values the teamwork and strategic planning required to succeed in the game."
"What is ThaneChambers' memorable ""Warzone"" experience?",Coming back from a tough spot to win at the last second,"ThaneChambers recalls a particularly thrilling moment during a match in ""Call of Duty: Warzone."" He mentions that they came back from a tough spot and managed to secure the victory at the last second. This shows the intensity and excitement that the game generates, culminating in a highly satisfying moment for the players. Specifically, ThaneChambers highlights a clutch moment where their team fought back against the opposing team to achieve the win, which was described as an ""amazing team effort"" and filled with ""unbeatable"" excitement."
"What was LiHua's unforgettable match in ""Warzone""?",Being down to the last two and outsmarting the last team,"In one of LiHua's memorable matches in ""Call of Duty: Warzone,"" he recounted a situation where they were down to just two players, yet they managed to outsmart the last team. The match was described as a great team effort, and the excitement reached a peak. LiHua highlighted the importance of strategy and the adrenaline rush during the final circle. While the exact details of this match aren't provided, it underscores LiHua's appreciation for the game's strategic elements and the thrilling moments that occur in the competitive battle royale mode."
"How does ThaneChambers feel about upcoming ""Warzone"" updates?",He's looking forward to them,"Based on the conversation, ThaneChambers expresses enthusiasm and anticipation for the upcoming updates in ""Warzone."" He mentions, ""Sounds epic! I’m looking forward to the updates! Hopefully, they’ll shake things up and bring some fresh maps and modes. It’ll be exciting to see what new features they add."" Additionally, when AdamSmith asks about LiHua's interest in diving back into ""Warzone"" after the updates, ThaneChambers agrees, saying, ""Got it! I’ll keep you posted on the schedule for the repairs. Should be straightforward, but I'll make sure to minimize any disruption."" This indicates that ThaneChambers is supportive of the upcoming changes and believes they will bring fresh content and excitement to the game."
"Does LiHua plan to play ""Warzone"" after the updates?",Yes because he loves exploring fresh content,"Based on the conversation provided, Li Hua expresses enthusiasm for the upcoming updates in ""Call of Duty: Warzone"". Specifically, during their discussion, Li Hua mentions, ""Absolutely! I'm always up for something new in the game. I love exploring fresh content and teaming up with friends! Let’s hop on together when the updates roll out!"" This indicates that Li Hua plans to play ""Warzone"" once the updates are released."
"What does ThaneChambers propose to do with the ""Warzone"" updates?",Hop on together and tackle the new stuff,"Based on the dialogue provided, ThaneChambers suggests that they should join Li Hua when the ""Warzone"" updates drop. Specifically, ThaneChambers expresses enthusiasm about the upcoming updates, stating, ""Can't wait to squad up and tackle the new stuff together!"" He further elaborates that he hopes the updates will bring new maps and modes, and he looks forward to diving back into the game with Li Hua. This indicates that ThaneChambers proposes to participate in the updates by engaging in the new content alongside Li Hua and potentially other gamers."
Who initiated the discussion about the community garden renovation and its benefits to local businesses?,Turalyon,"The discussion about the community garden renovation and its benefits to local businesses was initiated by Stormrage, who expressed excitement about the garden project and the potential for collaboration with local vendors. This was followed by MalfurionStormrage, who emphasized the importance of supporting local businesses as an essential aspect of the garden project. Both participants highlighted the win-win scenario of improving the garden and boosting local businesses, indicating that the idea was brought forth collaboratively by the community members involved in the project."
What idea did IllidanStormrage propose to help involve the community in supporting local businesses?,Putting together a flyer with a list of local businesses,"IllidanStormrage proposed covering basic first aid, emergency response protocols, and communication strategies in training sessions, and suggested roles such as team leader, medic, communication officer, and someone to manage logistics for the community emergency response team. However, the specific proposal regarding involving the community in supporting local businesses is not detailed in the provided data. It seems the focus here is more on preparing the community for potential emergencies rather than directly involving them in supporting local businesses."
How does GromHellscream believe the local shops will benefit from the completed garden?,More foot traffic means more customers for them,"There isn't direct information provided about how GromHellscream believes local shops will benefit from the completed garden. However, based on the context, the garden is likely to improve the overall ambiance and appeal of the area, which could indirectly benefit local shops by attracting more foot traffic and potentially increasing sales. Additionally, the garden may serve as a gathering space for community events, which could draw shoppers and customers from neighboring establishments. Nonetheless, GromHellscream does not explicitly mention the potential benefits to local shops in the recorded exchanges."
What does ArthasMenethil describe the outcome of the garden project and supporting local vendors as?,A win-win,"According to the conversations, ArthasMenethil expresses enthusiasm for the initiative, describing the combined efforts of the garden project and supporting local businesses as a ""win-win"" situation for everyone involved. He highlights the passion and energy that the group is bringing to the project, indicating his excitement for seeing both the garden and local vendors benefit from their collaborative efforts."
What does Thrall suggest they create to support local businesses?,A list of businesses they love to support,"In one of the discussions, Thrall suggests that the group should focus on supporting local businesses while enhancing their garden project. Specifically, during a conversation about how to proceed with the garden renovation, Thrall states, ""Everyone's enthusiasm is contagious! I'm thrilled about our plans for the garden and how they intertwine with supporting local businesses. Let's keep brainstorming!"" This indicates that Thrall sees a connection between the garden renovation project and the involvement of local businesses, suggesting that they aim to create a mutually beneficial relationship between the two."
How does TirionFordring emphasize the importance of balancing the garden renovation with supporting local vendors?,By stating that both aspects are important for the best outcome,"TirionFordring plays a significant role in the community garden renovation efforts, demonstrating a strong commitment to both the garden's enhancement and the involvement of local businesses. During one of the conversations, TirionFordring highlights the importance of keeping the community informed about any particularly noisy work, noting that ""A heads-up for residents would be helpful. Maybe we can post updates in the chat or put up a notice board at the entrance of the garden? It keeps everyone in the loop about what's happening."" This emphasis on transparency and communication is crucial for maintaining the garden's appeal and ensuring that the community feels involved and supported throughout the renovation process.Additionally, TirionFordring mentions the value of supporting local vendors by saying, ""Our garden renovation is key, and supporting local businesses is essential."" He further reinforces this by suggesting, ""We can definitely look into some native plant species! They usually adapt better and require less maintenance, plus they support local wildlife. What do you all think about creating a specific area for native plants?"" This statement underscores the significance of fostering a sense of community through local business involvement and showcases TirionFordring's dedication to balancing the garden's improvement with the economic benefit to local vendors. By integrating local businesses into the garden project, TirionFordring ensures that the community benefits economically while enhancing the environmental and aesthetic aspects of the garden."
What does AdamSmith agree is crucial to align with the garden project schedule?,Support for local businesses,"Based on the conversations, AdamSmith emphasizes the importance of maintaining flexibility in the rehearsal schedules for the garden renovation project. Specifically, he mentions that the project is ongoing at the time of the conversation and requires adaptability to accommodate any changes or adjustments needed to ensure its success. Additionally, in another context, AdamSmith suggests limiting certain noisy activities during key hours to manage noise effectively, indicating a commitment to ensuring the project remains smooth and enjoyable for all participants."
Who does LiHua ask for help with installing a curtain?,AdamSmith,"In the interactions documented, LiHua asks Adam Smith for help with installing the curtains she received. This is evidenced in the conversation recorded under ID 3, where LiHua initiates the request for a time to install the curtains together. Specifically, LiHua says, ""How about we set a time this week to install it together?"" and Adam Smith responds, ""Sure, I’m free most evenings. Let me know what works for you!"" LiHua then suggests a Wednesday at 5 pm, to which Adam Smith agrees, saying, ""Wednesday at 5 pm sounds perfect. Looking forward to it!"" Thus, Adam Smith is the person LiHua seeks help from for the curtain installation."
When does AdamSmith say he is available to help with the curtain installation?,Wednesday or Thursday afternoon,"According to the conversation recorded on October 12, 2026 at 10:00 AM, AdamSmith states that he is ""free most evenings"" and suggests setting a time this week to install the curtains together with LiHua. LiHua proposes Wednesday at 5 PM, and AdamSmith confirms this time as ""perfect."" Therefore, AdamSmith is available to help with the curtain installation on Wednesday at 5 PM."
On which day do LiHua and AdamSmith agree to install the curtain?,Thursday afternoon,"In the conversation recorded on March 9th, 2026 at 12:00, LiHua mentions that she has received the curtains and expresses her appreciation for them. Adam Smith confirms that she has received the curtains and offers to help with the installation. LiHua then proposes a specific time for the installation and asks Adam if he is available, stating, ""How about this Wednesday at 5 pm? Does that work for you?"" Adam responds positively, saying, ""Wednesday at 5 pm sounds perfect. Looking forward to it!"" Thus, LiHua and AdamSmith agreed to install the curtain on a Wednesday at 5 pm."
Who will bring the tools for the curtain installation?,AdamSmith,"Based on the conversation, it appears that Adam Smith will assist Li Hua with the installation of the curtains. Li Hua initiated the request for assistance, stating, ""How about we set a time this week to install it together?"" and Adam responded positively, saying, ""Sure, I’m free most evenings. Let me know what works for you!"" Therefore, Adam Smith will be responsible for bringing the necessary tools for the curtain installation."
Who suggests exploring the PS5 settings for accessibility features and Game Help?,ThaneChambers,"Based on the information provided in the tables, there is no specific mention of someone suggesting to explore the PS5 settings for accessibility features or Game Help. The data focuses on various topics related to gaming, such as recommended games, gameplay aspects, and discussions about different games and their narratives. No particular individual or group is highlighted as the source of advice regarding these specific settings."
What feature on the PS5 does Ileana praise for making switching between games smoother?,Control Center,"In the conversation, Ileana mentions the Control Center as a feature that makes switching between games and apps much smoother. Specifically, she notes that the Control Center allows for easy adjustments to audio settings without needing to pause the game, which is described as a ""convenient"" feature when in the middle of gameplay. This indicates that the Control Center is the accessibility feature praised by Ileana for enhancing user experience on the PS5."
How does Fionnuala describe the convenience of the Control Center's audio settings adjustment?,You can adjust audio settings on the fly without having to pause the game,"Fionnuala appreciates the convenience of being able to adjust audio settings on the fly without having to pause the game. This feature allows users to make necessary adjustments, such as volume changes or sound effects modifications, seamlessly during gameplay, which she finds particularly useful when the situation demands it. This capability enhances the player's immersion and flexibility within the game, making it a handy tool for managing the audio aspects of the gaming experience."
What aspect does ThaneChambers enjoy about sharing clips on the PS5?,It's a great way to relive intense moments with friends,"Based on the conversation, ThaneChambers appreciates the ability to share clips and highlights directly from the Control Center on the PS5. He finds this feature particularly useful for reliving intense moments with friends and for showing off their epic gameplay achievements. This sharing capability enhances the gaming experience by allowing players to share their victories and memorable moments, creating a sense of community and replay value within the gaming space."
Which game is LiHua currently obsessed with for its graphics and storytelling?,God of War,"Based on the conversation, LiHua has recently become very interested in ""Spiritfarer"" for its exceptional art style and emotional storytelling. She describes how the game beautifully combines gameplay with powerful themes of loss and letting go, making players reflect on their own connections and the importance of saying goodbye. The art style and soundtrack amplify this sense of warmth and sorrow, leaving a profound emotional impact. LiHua finds it particularly impressive how the game conveys such deep themes through gameplay alone without relying heavily on text. This indicates that ""Spiritfarer"" is currently what LiHua is most engaged with regarding its artistry and narrative elements."
What game is Helios currently playing and finds the world and gameplay mechanics stunning?,Horizon Forbidden West,"Based on the information provided, Helios is currently discussing ""Horizon Forbidden West"" and offering combat advice. This game stands out as one that Helios finds the world and gameplay mechanics stunning. He emphasizes the dynamic nature of the environments and the variety of combat strategies available, indicating a high level of appreciation for the game's design and content."
"How does Dyllan describe the combat in ""Horizon Forbidden West""?",It can be tricky sometimes,"Dyllan describes the combat in ""Horizon Forbidden West"" as being challenging due to the presence of flying machines, which require careful handling to avoid destruction. He suggests using a bow equipped with elemental arrows as a strategy to stun the flying machines, allowing for easier defeat. Additionally, Dyllan mentions the importance of using the focus feature to track the movements of these aerial threats, ensuring they are avoided. His comments indicate that the combat mechanics are both demanding and engaging, requiring strategic thinking and precise maneuvers to overcome."
"What strategy does Helios recommend for dealing with flying machines in ""Horizon Forbidden West""?",Using a bow with elemental arrows and focus to track their movements,"In the discussion regarding the game ""Horizon Forbidden West,"" Helios provides a couple of strategies for handling flying machines. He suggests using a bow with elemental arrows to stun the flying machines, which makes them easier to take down. Additionally, Helios recommends making use of the player's focus to track the movements of the flying machines, which helps in dodging their attacks. These tactics seem to help manage the challenging encounters with flying machines effectively."
Which game does Helios suggest for tactical fun with a great story and character development?,Fire Emblem,"Helios suggests Fire Emblem as a game that offers great strategic gameplay and also boasts a compelling story and rich character development. This recommendation aligns with the points made in the conversation, where Helios previously highlighted Fire Emblem as a title that combines RPG elements with a strong narrative and character progression."
What type of combat does Gavriel prefer in games?,Turn-based combat,"Based on the conversation, Gavriel expresses a preference for turn-based combat. He enjoys the strategic nature of turn-based games, stating that it allows him time to think and plan his moves without feeling rushed. Additionally, he appreciates the satisfaction of outsmarting opponents and the depth it offers in battles. This aligns with his enthusiasm for games like ""Persona 5 Royal,"" which he describes as having a blend of RPG elements and social simulation, making every battle feel strategic due to the elemental weaknesses and the art style. Therefore, Gavriel seems to favor turn-based combat for its strategic depth and the opportunity for thoughtful decision-making."
What game has Gavriel been hooked on recently for its blend of RPG elements and social simulation?,Persona 5 Royal,"Gavriel has been particularly interested in the game ""Persona 5 Royal"" since it has garnered a lot of positive reviews. This game is known for its blend of RPG elements and social simulation, which Gavriel finds really well done. The game offers strategic battles with elemental weaknesses and features a beautiful art style. Gavriel enjoys the blend of RPG and social simulation aspects, as well as the satisfaction of outsmarting opponents and the depth it provides in battles. Additionally, Gavriel appreciates the unique vibe of ""Persona 5 Royal,"" noting that the characters and their development are very engaging."
Which game does Dyllan recommend for turn-based combat and art style?,Octopath Traveler,"Based on the provided entities table, there is no specific recommendation made by Dyllan for either turn-based combat or art style. However, Dyllan does suggest playing """"The Legend of Zelda: Skyward Sword HD"""" due to its ""eerie environments, making every boss encounter feel even more epic."" Without additional context, it's not possible to determine if this game includes turn-based combat or a particular art style. For a definitive answer, more details about Dyllan's recommendations would be necessary."
"Who is ThaneChambers' favorite character in ""Octopath Traveler""?",Primrose,"Based on the conversations provided, ThaneChambers does not explicitly state a favorite character in ""Octopath Traveler"". However, ThaneChambers does express admiration for the game's storytelling and pixel art style, describing it as a ""game that combines RPG elements and social simulation, praised for its unique storytelling and pixel art style."" This indicates that ThaneChambers appreciates the game's narrative and visual aspects rather than any particular character within it."
"What is Aisling's opinion on using traps in ""Octopath Traveler""?",They are a game changer,"In the discussion regarding strategies in ""Octopath Traveler,"" Aisling expresses enthusiasm for traps, describing them as ""such a game changer!"" She mentions that setting up ambushes has worked well for her and finds the strategy involved in these tactics very enjoyable. This indicates that Aisling appreciates the added layer of complexity and creativity that traps bring to the gameplay, making battles more engaging and strategic."
"How does Dyllan describe the importance of a balanced party in ""Octopath Traveler""?",It allows for more flexibility in battles and helps adapt to different challenges,"In ""Octopath Traveler,"" Dyllan emphasizes the importance of a balanced party composition, stating, ""I like to mix it up! I usually go for a tank, a healer, and two damage dealers so I'm prepared for anything. Ensuring that I have someone who can take hits while also distributing damage and healing keeps battles interesting!"" This indicates that a balanced party provides versatility, allowing players to adapt to different challenges they might face throughout the game. Dyllan's preference for a tank-healer-damage-dealer setup suggests that such a configuration ensures resilience and offensive capabilities, which are crucial for navigating through varied and often challenging battles."
"What is Bronwyn's experience with going full support in tough fights in ""Octopath Traveler""?",It can be risky but totally viable,"Based on the conversation shared, Bronwyn expressed interest in using stealth and patience in various games, particularly mentioning ""Horizon Zero Dawn."" However, there is no specific mention of her experience with a full support role in tough fights within ""Octopath Traveler."" The discussion primarily revolves around stealth mechanics and environmental interaction, rather than support roles in combat. Therefore, we cannot provide details on Bronwyn's experience with going full support in ""Octopath Traveler"" based solely on the information available."
"Which boss did Gavriel struggle with the most in ""Octopath Traveler""?",The final boss,"Based on the discussion, Gavriel expressed interest in ""Octopath Traveler"" and shared insights into the game's combat system. However, the conversation does not specifically mention which boss Gavriel struggled with the most. The dialogue primarily revolves around the general enjoyment and strategic aspects of the game rather than detailing specific battles or challenges faced by the players. Therefore, there isn't enough information provided to determine which boss Gavriel found particularly difficult in ""Octopath Traveler."""
What does Elara enjoy doing to unwind after intense battles in games?,Wander around and collect items or side quests,"Based on the conversation, Elara does not provide specific details about her preferred activities to unwind after intense battles in games. However, we can infer some preferences based on her comments. Elara appreciates the storytelling and character development in games like ""Fire Emblem,"" suggesting she enjoys narratives that go beyond gameplay mechanics. Additionally, her mention of enjoying ""God of War"" indicates that she finds immersive worlds and compelling stories appealing. Without more direct statements from Elara about her relaxation methods, it is challenging to pinpoint exactly what she enjoys to unwind after intense gaming experiences."
What type of gameplay does Jareth enjoy after a big challenge?,Relaxing gameplay,"Based on the discussion, Jareth enjoys a more relaxed experience after intense gameplay, particularly after beating challenging boss fights. This suggests that he prefers moments of relaxation and exploration, possibly engaging in side quests or collecting items to unwind after the adrenaline rush of a tough battle. This indicates that Jareth appreciates a balanced approach to gaming, combining intense and immersive experiences with moments of calm and discovery."
Who asks Emily if she has read The Lord of the Rings novels?,LiHua,"In the conversation, LiHua asks Emily Burnett if she has read The Lord of the Rings novels. LiHua expresses curiosity about how the novels relate to the series ""The Rings of Power."" LiHua initiates this inquiry by saying, ""Hey Emily! Just wondering, have you ever read The Lord of the Rings novels? I'm really curious about how they tie into the series The Rings of Power!"""
What TV series does LiHua mention that they are curious about in relation to The Lord of the Rings?,The Rings of Power,"In the conversations provided, there is no mention of LiHua expressing curiosity about The Lord of the Rings or any TV series related to it. The discussions revolve around various TV series including Brooklyn Nine-Nine, The Office, Succession, Silicon Valley, The White Lotus, The Bear, Game of Thrones, Chernobyl, and The Last of Us. Therefore, based on the information available, there is no TV series that LiHua mentions being curious about that is related to The Lord of the Rings."
"What aspect of ""The Rings of Power"" does Emily appreciate in terms of visuals?",How they are bringing Middle-earth to life,"In one conversation, EmilyBurnett expressed admiration for the visual aspects of ""The Rings of Power."" Specifically, she highlighted the stunning visuals as a notable feature of the series, which contributes significantly to its overall appeal. This comment aligns with the information provided in the data table, where ""Stunning visuals are a notable aspect of 'Gris', contributing to its overall appeal,"" suggesting that Emily may draw parallels between the visual quality of ""The Rings of Power"" and the game ""Gris."" This appreciation for visuals indicates that Emily finds the series visually captivating, adding depth and richness to the storytelling and world-building."
Which character does LiHua mention as their favorite and describe as inspiring?,Galadriel,"Based on the conversations provided, LiHua mentions several characters that inspire her, but she specifically describes one character as particularly inspiring. In the discussion about the television series ""The Last of Us,"" LiHua highlights the character of Ellie. She notes that Ellie's character development from a self-centered genius to a hero who sacrifices for others is remarkable and adds depth to the whole superhero vibe. LiHua expresses admiration for Ellie's character growth, stating that it makes the movies even more compelling. Therefore, the character that LiHua mentions as inspiring and worth mentioning is Ellie from the series ""The Last of Us."""
What aspect of Elrond's character does Emily appreciate?,His mix of wisdom and vulnerability,"Based on the information provided, Emily appears to appreciate several aspects of Elrond's character. Specifically, she highlights his wisdom and experience, noting that he is a character well-known for these traits, particularly within the context of ""The Lord of the Rings."" No other specific qualities or characteristics of Elrond's are mentioned in her statements."
"What does LiHua predict will happen in ""The Rings of Power""?",Epic battles and alliances forming,"In the discussions shared, LiHua expressed his enthusiasm for the series ""The Rings of Power"" and highlighted several aspects that he found intriguing. He particularly enjoyed the visual elements and how they were exploring the rich lore of Middle-earth. LiHua commented on the character development and backstories, which he found particularly appealing. While he hasn't delved deeply into the specifics of the plot, he did express a sense of anticipation for the series, predicting an increase in tension and the possibility of epic battles and alliances. LiHua also hinted at the potential for some significant character arcs and the ways in which the story might unfold, indicating a positive outlook for the series."
What does Emily think will happen next in the series in terms of story development?,The stakes will rise and alliances will evolve,"Based on the conversations provided, EmilyBurnett expresses enthusiasm for the future of the Westworld series, particularly regarding the potential for character development and new storylines. In the discussions, she shows interest in the ethical and philosophical questions surrounding AI and consciousness, as well as the intricate relationships and moral dilemmas presented in the world of Westworld. EmilyBurnett’s comments suggest that she is looking forward to exploring the complex narratives and character arcs that could arise as the series progresses. She mentions enjoying the show’s exploration of themes such as identity, free will, and the nature of humanity versus artificial intelligence. Given her involvement in discussing potential future developments, it seems likely that she is excited to see how these themes are further developed and how the characters continue to evolve.EmilyBurnett also discusses her own viewing habits and recommends sci-fi shows, indicating her engagement with the genre and her anticipation for new content. This indicates that she is interested in following the series and may look forward to future episodes that delve deeper into the rich narrative universe created by Westworld. Overall, EmilyBurnett’s comments point to a desire for continued story development that delves into the deeper aspects of the series, including character growth and the exploration of philosophical and ethical questions."
What do LiHua and Emily agree on regarding the anticipation for the next episode?,They both can't wait for the next episode,"Based on the conversations provided, LiHua and Emily Burnett express excitement about upcoming episodes, particularly regarding the potential developments in Westworld. Emily mentions that she wants to explore more options beyond Westworld, suggesting an interest in new content. LiHua initiates a discussion about the rapid development of AI and the idea of Westworld becoming a reality in the near future. Emily then elaborates on the potential consequences of this development, including the ethical considerations surrounding AI and consciousness. She further discusses the show's themes of differentiation between humans and robots and the ethical dilemmas that arise from this. Both seem eager to delve into the potential future developments and the ethical implications of artificial intelligence, indicating a shared anticipation for the next episode of Westworld."
What does LiHua suggest they should do as the series unfolds?,Keep sharing their thoughts,"In their conversations, LiHua suggests that they should continue to engage in discussions about the series as it progresses. Specifically, LiHua mentions looking forward to sharing thoughts and theories about the next episode together, indicating that they should stay enthusiastic and maintain their excitement for upcoming content. LiHua also expresses a desire to keep the group chat lively and to keep the theories flowing, suggesting that they should continue to speculate and discuss the unfolding plot and characters. Overall, LiHua emphasizes the importance of keeping the conversation going and staying engaged with the series as it continues to develop."
What does Emily say about the series making her feel like she is really getting to know the characters?,The emphasis on character development and their backstories,"In the conversations provided, EmilyBurnett does not explicitly state that she feels like she is really getting to know the characters. However, based on her interactions, particularly when discussing shows like ""Silicon Valley"" and ""Westworld,"" it appears that she enjoys delving deeply into the nuances of these characters. When talking about ""Silicon Valley,"" Emily expresses admiration for the show's dynamic characters and their development over the course of the series, noting the fun and relatability of their banter and the character growth. Regarding ""Westworld,"" she mentions enjoying the exploration of consciousness and free will through the characters like Dolores and Maeve, highlighting the show's ability to provoke thought and understanding. While specific statements about feeling deeply acquainted with the characters are not directly mentioned, Emily’s engagement with and appreciation for these shows suggest that she is indeed becoming familiar with and connected to the characters within them."
Who initiates the suggestion to go to the grocery store after work on 20260923?,WolfgangSchulz,"There is no mention of a grocery store or a suggestion to go there on any of the provided timestamps. The events listed pertain to conversations and activities such as pickup deliveries, social gatherings, fitness sessions, and discussions about hobbies and nutrition. Therefore, no one initiates a suggestion to go to the grocery store after work on 20260923 based on the information given."
What is the purpose of going to the grocery store on 20260923 according to WolfgangSchulz?,To grab some snacks for their next jam,"Based on the information provided in the table, there is no mention of WolfgangSchulz planning to go to the grocery store on 20260923. The entries listed pertain to various activities including dining out, attending events, checking out a photography exhibition, and purchasing items such as a new fridge or attending a concert. Therefore, without additional context, it is not possible to determine the purpose of going to the grocery store on that specific date based solely on the data given."
What time does WolfgangSchulz propose for going to the grocery store on 20260923?,Around 5:30,"There are no records in the provided data mentioning WolfgangSchulz proposing a time for going to the grocery store on 20260923. The conversation snippets available cover various topics including movie nights, pizza, and music, but there is no mention of a grocery store trip. Therefore, based on the information given, it is not possible to determine the proposed time for this activity."
How does LiHua feel about the bench press challenge proposed by JenniferMoore?,LiHua feels pretty strong and is up for the challenge,"In the conversation between Jennifer Moore and Li Hua, Li Hua expresses enthusiasm for the challenge. Specifically, Li Hua states, ""I feel pretty strong lately, so yeah, I'm up for the challenge! Let's do it! 🏋️‍♂️"", indicating a willingness to accept the challenge. This demonstrates that Li Hua is looking forward to the upcoming workout session and is ready to face the increased weight proposed by Jennifer Moore."
What exercises does JakeWatson recommend for leg strength?,Squats and lunges,"JakeWatson recommends squats and lunges as key exercises for improving leg strength, particularly for soccer players. He also advises including these exercises in the routine to enhance power on the field. Additionally, he stresses the importance of stretching after workouts, specifically mentioning hamstring and quad stretches, which he suggests holding for about 30 seconds each to promote flexibility and recovery."
What additional advice does JakeWatson give for maintaining muscle flexibility?,Stretch after workouts,"In his previous interactions, JakeWatson has emphasized the importance of flexibility and balance for overall fitness, particularly in the context of soccer. He suggests incorporating yoga and dynamic stretching techniques into LiHua's routine to improve flexibility and balance. Specifically, JakeWatson mentions that LiHua should focus on hamstring stretches and quad stretches, as these target the key areas for soccer. He recommends holding each stretch for about 30 seconds, which he believes will help LiHua feel great afterward. This advice aligns with the broader recommendation made by JenniferMoore, who suggested adding yoga and dynamic stretching techniques to LiHua's routine. Additionally, JakeWatson emphasizes the importance of proper warm-up and stretching before any game to improve flexibility and prevent injuries. His advice highlights the significance of maintaining flexibility not only through targeted stretches but also through consistent and structured exercise routines."
Which stretches does JakeWatson recommend for soccer-specific areas?,Hamstring stretch and quad stretch,"Based on the conversations provided, there is no specific mention of JakeWatson recommending particular stretches for soccer-specific areas. However, given his active involvement in soccer practices and drills, it's likely that he would suggest common stretches that help prepare for soccer activities, such as dynamic warm-up stretches for the legs, hips, and core. These might include hamstring stretches, quad stretches, calf stretches, hip flexor stretches, and ankle rotations. For a more detailed list, it would be beneficial to ask JakeWatson directly about his specific recommendations for stretches to enhance performance and prevent injury during soccer practice sessions."
How long should each stretch be held according to JakeWatson?,About 30 seconds,"According to JakeWatson, each stretch should be held for about 30 seconds. He recommended the hamstring stretch and quad stretch specifically, which he said target key areas for soccer and help keep muscles flexible."
When and where does JakeWatson propose to meet for the practice session according to the conversation on 20260925?,Saturday at 4 PM at the usual spot,"Based on the conversation provided, there is no mention of JakeWatson proposing a meeting time or location for a practice session on 20260925. The last interaction involving JakeWatson regarding a practice session was on 20260903, where he suggested meeting at the park on Saturday at 10 AM. Thereafter, there is no further discussion about a practice session until 20260914 when JakeWatson asked LiHua about strategies to avoid injuries during games. Therefore, the proposed meeting time and location for a practice session on 20260925 cannot be determined from the given information."
What is LiHua's response to the suggestion of taking a warm shower before bed?,LiHua plans to try it tonight,"In the conversation recorded, LiHua responds positively to ChaeSong-hwa's suggestion about taking a warm shower before bed to improve sleep quality. Specifically, LiHua says, ""I haven’t done it yet, but I’m definitely going to try it tonight! Sounds like a great way to relax before bed. Thanks for the tip! 😌✨"" This indicates that LiHua is receptive to ChaeSong-hwa's advice and plans to implement the practice."
Who asks LiHua to measure the window in the basement?,AdamSmith,"Based on the information provided in the tables, there is no mention of anyone asking LiHua to measure the window in the basement. The available conversations do not contain any details related to LiHua being asked to measure windows or perform any measurements in the basement."
Why does AdamSmith want the window measured?,To get some curtains made,"Based on the information provided in the conversation, there is no mention of Adam Smith wanting the window measured. The interactions involve Adam Smith arranging for repairs, such as coordinating with a repair service for a squeaky door hinge and scheduling a repair for a broken water tap in an apartment. There is no reference to measuring a window. Therefore, it seems there may be a misunderstanding or misinterpretation of the context."
What are the dimensions of the window that LiHua measures?,150 cm wide and 120 cm high,"There is no information provided in the given data about LiHua measuring a window. The content discussed in the conversations revolves around reminders, plans for activities, and inquiries related to various personal matters such as picking up items, arranging meetings, handling maintenance issues, and sharing insights about soccer matches and yoga classes. There is no mention of measuring windows or any measurements related to windows."
Who initiates the discussion about binaural tones?,ChaeSong-hwa,"The discussion about binaural tones begins with ChaeSong-hwa, who shares his recent research findings on the topic. He suggests experimenting with binaural tones during their next jam session, prompting LiHua to express enthusiasm and interest in the idea. ChaeSong-hwa and YurikoYamamoto both support the notion, expressing their excitement about how the tones could enhance their music. LiHua adds to the conversation by emphasizing the potential for the binaural tones to introduce a new and unique dimension to their music."
What does ChaeSong-hwa suggest binaural tones could enhance?,The sound and listening experience for their audience,"In the discussion regarding binaural tones, ChaeSong-hwa suggests that these tones could enhance the sound and create a unique listening experience for their audience. He posits that experimenting with binaural tones during their next jam session could add a new dimension to their music, potentially giving their original compositions a fresh feel. ChaeSong-hwa believes that blending the binaural tones with their existing musical styles could result in an exciting and innovative musical experience."
How does YurikoYamamoto feel about adding a new dimension to their music with binaural tones?,Excited to give it a try,"Based on the conversations shared, Yuriko Yamamoto and her friends have primarily discussed their musical jam sessions and the positive impacts these sessions have on their mental health and overall experience. There is no mention of them exploring or adding a new dimension to their music with binaural tones. Therefore, there is no specific information provided regarding Yuriko Yamamoto's feelings or experiences with binaural tones in music."
Who congratulates LiHua on pushing their limits with the bench press?,JenniferMoore,"In the conversations provided, Jennifer Moore congratulates Li Hua for being up for the challenge of pushing her limits with heavier weights in the bench press sessions. This is evident from the following exchange:- **Time: 20260924_20:00**: Jennifer Moore says, ""That's awesome to hear! 👍 Focus on your form first, and maybe do some mobility exercises before we start. It’s all about getting your body ready! Let’s crush it together next week!"" Li Hua responds positively, saying, ""Awesome! I'm feeling pretty good, just looking forward to the challenge. Always up for some growth! 😄""Additionally, Jennifer Moore encourages Li Hua further by saying, ""You got this! Can't wait to see your progress. Just remember, it's all about consistency and pushing your limits a little each time. Let’s keep the momentum going! 💪✨"" This indicates her support and belief in Li Hua's ability to continue pushing her limits.Therefore, Jennifer Moore is the one who congratulates Li Hua on pushing her limits with the bench press."
What does LiHua express feeling after the encouragement from Jennifer?,Strong and motivated,"Based on the conversation provided, there is no explicit expression of how LiHua feels after receiving the encouragement from Jennifer. However, the interaction does show appreciation and motivation from LiHua. Jennifer congratulates LiHua on her progress and suggests sharing her story with others to inspire them. In response, LiHua expresses gratitude and willingness to share her story, indicating she feels motivated and inspired by Jennifer's words."
What is the focus for the next session suggested by JenniferMoore on 20260930?,Form and control,"Based on the conversation, there is no specific mention of a session scheduled for 20260930. The recorded messages only provide details for sessions dated 20260610, 20260204, 20261117, 20260615, 20260623, 20261206, and 20261213. Therefore, there isn't enough information to determine the focus for the next session suggested by JenniferMoore."
What technique does JenniferMoore suggest to gradually increase weight of the bench press exercise?,Progressive overload,"In the discussion regarding JenniferMoore's encouragement to Li Hua for the upcoming bench press exercise, she suggests gradually increasing the weight. Specifically, JenniferMoore recommends that Li Hua should ""gradually increase the reps and sets each week to ensure you're building strength."" She adds that it's important to ""listen to your body"" and adjust the plan if necessary. This gradual increase in weight over time is a common strategy to prevent injury and allow the body to adapt to the increased demands of the exercise."
Who suggests going out for hot pot?,LiHua,"In the conversation recorded on Time: 20260930_16:00, LiHua initiates the suggestion for going out for hot pot dinner, saying, ""Hey man! Wanna go have hot pot for dinner tonight? Let me know!"" This indicates that LiHua is the one who proposes the idea of going out for a hot pot dinner."
What type of hot pot does WolfgangSchulz prefer?,Sichuan,"Based on the conversation provided, WolfgangSchulz prefers a hot pot that originates from Sichuan, as he explicitly states, ""Sichuan is my fave."" This indicates that he enjoys the spicy and flavorful cuisine associated with Sichuan province in China."
What time does LiHua propose for dinner on 20260930?,7 pm,"On the date of 20260930, WolfgangSchulz suggested having dinner at a location known as ""Hot Pot"" where they would enjoy Sichuan cuisine, which is his favorite. However, regarding the exact time LiHua proposed for dinner, the table doesn't provide this specific detail. Instead, it mentions a conversation about dinner plans taking place at 16:00 (which translates to 4:00 PM), but it does not explicitly state that this is the time LiHua proposed. Thus, based on the information available, the proposed time for dinner on 20260930 is 16:00 (4:00 PM)."
Who comes up with the idea of picking up drinks on the way to hot pot?,LiHua,"The idea of picking up drinks on the way to the hot pot dinner is brought up by LiHua. In their conversation with WolfgangSchulz, LiHua mentions, ""Should we pick up some drinks on the way?"" This indicates that LiHua is the one suggesting they buy drinks to accompany the hot pot dinner."
What type of drink does LiHua suggest to have with hot pot?,Cold beer,"In the conversation recorded on August 29, 2026 at 14:00, LiHua suggests having a cold beer with the hot pot. Specifically, LiHua says, ""How about some cold beer to go with the hot pot? Sounds like a good combo!"" WolfgangSchulz agrees, stating, ""Beer it is! 🍻 Perfect match for hot pot."" Therefore, based on this interaction, LiHua recommends a cold beer to complement the hot pot meal."
Who reminds everyone to drink water before and during the match?,JakeWatson,"In the provided conversations, no single entity is explicitly identified as reminding everyone to drink water both before and during the match. However, several individuals and entities contribute to discussions about hydration and its importance. Jennifer Moore emphasizes the significance of staying hydrated during workouts and mentions taking small sips during her breaks in between sets to recover faster and keep her energy levels up. Breach suggests using a big jug to keep hydrated throughout the day and setting a timer to remind himself to drink water. Additionally, Sova uses a water bottle with measurements to stay aware of how much she has consumed throughout the day and sets reminders on her phone to keep hydrated. While these individuals contribute to the conversation about hydration, no one is specifically noted as reminding everyone to drink water both before and during the match. Therefore, based on the information available, it cannot be conclusively determined who, if anyone, specifically reminds everyone to drink water before and during the match."
What does Ivor do the day before a game to help with hydration?,Hydrate well,"Based on the conversations provided, there isn't explicit mention of what Ivor does specifically the day before a game to help with hydration. However, the context suggests that hydration is emphasized across various discussions, including ones related to soccer matches. In particular, Jake Watson, who discusses soccer player strategies, mentions that staying hydrated is crucial before and during games. Therefore, it can be inferred that the day before a game, Ivor likely focuses on maintaining proper hydration, perhaps through drinking water or other hydrating beverages, in line with the advice given by Jake and others."
What drink does JakeWatson recommend for hydration after a match?,Coconut water,"In the conversation shared, JakeWatson provides a recommendation for hydration after an intense game. Specifically, he suggests grabbing a snack with carbohydrates and protein, like a banana with peanut butter, alongside emphasizing the importance of staying hydrated. He mentions that water or an electrolyte drink will help with hydration. Therefore, JakeWatson recommends using a combination of a hydrating drink (like water or an electrolyte drink) and a snack rich in carbohydrates and protein for post-game recovery."
What does Giselle emphasize about passing drills?,Accuracy is key in games,"Giselle emphasizes several points regarding passing drills. She mentions the importance of maintaining stamina, highlights the excitement for the upcoming practice session, and stresses the need for accuracy in passing. Additionally, she looks forward to improving their skills and having fun while practicing together."
What practice idea does Dacey suggest to improve passing skills?,Target practice with cones,"Dacey suggests setting up cones for target practice during the passing drills. This approach aims to make the practice more engaging and interactive, helping participants sharpen their passing skills in a fun way."
What does Briar remind everyone to bring to practice?,Water bottles,"In one of the conversations, Briar mentions the importance of bringing water bottles to practice. Specifically, Briar suggests bringing water bottles to ensure that everyone stays hydrated during the practice session. Additionally, Briar brings up the idea of adding quick one-twos to the practice session to keep stamina up, indicating that these elements are crucial aspects of the practice."
What does Giselle remind everyone to do before practice?,Stretch,"In the discussions regarding the upcoming soccer practice session, Giselle reminds everyone to bring a ball and their water bottles. This advice is given to ensure that participants are adequately prepared for the practice session, emphasizing the importance of bringing necessary equipment to make the practice session more productive and enjoyable."
Who is considering buying Sekiro: Shadows Die Twice and asks for ThaneChambers' opinion?,LiHua,"LiHua is the individual considering purchasing Sekiro: Shadows Die Twice and seeks the opinion of ThaneChambers, who highly recommends the game. According to their conversation, Sekiro is described as a challenging but rewarding title with a unique combat system and a rich, engaging story. LiHua appreciates the game's complexity and is eager to try it out given ThaneChambers' positive feedback."
What does ThaneChambers think about Sekiro: Shadows Die Twice?,It's amazing and worth grabbing,"Based on the conversation, ThaneChambers highly recommends Sekiro: Shadows Die Twice. He describes it as a game with a unique combat system that emphasizes timing and strategy, making it challenging and enjoyable. ThaneChambers notes that the game is suitable for those who enjoy a tough challenge, emphasizing its worth for gamers looking to expand their repertoire of titles. Specifically, he mentions that the game's atmosphere and story are engaging, and he believes that players will quickly become invested in the narrative."
What aspects of Sekiro: Shadows Die Twice does ThaneChambers highlight?,Unique combat system & timing & strategy & world design,"ThaneChambers highlights several aspects of Sekiro: Shadows Die Twice. Firstly, he commends the game's unique combat system, describing it as ""unique"" and emphasizing its strategic and timing-based nature. Additionally, ThaneChambers appreciates the game's world design, calling it ""super cool."" He also mentions that the game offers a challenging experience, noting it is ""challenging"" and ""worth grabbing"" for fans of difficult games. Furthermore, ThaneChambers emphasizes the game's engaging story, stating that the narrative is ""rich"" and has a ""great atmosphere."" He suggests that players will be ""hooked pretty quickly"" by the story. Overall, ThaneChambers presents Sekiro: Shadows Die Twice as an exciting and challenging game with a captivating storyline, recommending it to those interested in immersive and challenging gameplay experiences."
Does ThaneChambers recommend Sekiro: Shadows Die Twice to those who love a challenge?,Yes,"ThaneChambers recommends Sekiro: Shadows Die Twice to those who love a challenge. He describes the game as having a unique combat system that requires strategic thinking and timing, emphasizing that it can be very challenging. ThaneChambers notes that if you enjoy games with strong narratives like The Witcher 3, you will likely enjoy Sekiro as well. He encourages those interested to ""be ready for some tough battles"" but assures them that it is ""Definitely worth grabbing!"""
What game is ThaneChambers currently playing?,Black Myth: Wukong,"Based on the conversation, there is no explicit mention of ThaneChambers currently playing a specific game. However, he has discussed several games, including The Last of Us, God of War, Horizon Forbidden West, and Octopath Traveler. Additionally, he has expressed interest in games like Civilization VI and XCOM 2, which are known for their strategy elements. Given his engagement with various titles, it seems ThaneChambers might be exploring multiple games simultaneously, but there is no definitive indication of his current active play."
What does LiHua think about the graphics and gameplay of Black Myth: Wukong?,The graphics look insane and the gameplay seems really fluid,"LiHua has expressed very positive sentiments about the graphics and gameplay of Black Myth: Wukong. Specifically, he highlights the game's impressive visuals and describes the gameplay as ""fluid."" Additionally, LiHua appreciates the blend of unique mechanics in the combat style with the storyline, finding it highly immersive. He also mentions enjoying the exploration aspect of the game, noting that it offers various areas and secrets to discover. Overall, based on his feedback, LiHua finds the game to be a delightful experience, combining stunning visuals with engaging gameplay."
What part of Black Myth: Wukong does ThaneChambers like the most?,The fresh take on the classic tale and the unique combat mechanics,"Based on the conversations shared, ThaneChambers has expressed enthusiasm for Black Myth: Wukong, particularly praising its visuals and storytelling. In a previous discussion, ThaneChambers mentioned that the game has ""stunning visuals and compelling storytelling,"" indicating that these aspects are his favorites. Additionally, he highlighted the game's immersive combat system and the unique mechanics that make it engaging. ThaneChambers' positive feedback suggests that the most appealing part of Black Myth: Wukong for him involves the visual spectacle and narrative depth, along with the interactive and strategic combat elements."
Which aspect of Black Myth: Wukong does LiHua find immersive?,The combat style and how it blends with the storyline,"Based on the interactions shared, it appears that LiHua finds the exploration aspect of Black Myth: Wukong particularly immersive. This is evidenced by LiHua mentioning how enjoyable it is ""finding new areas and secrets."" Additionally, LiHua expresses excitement about the ""immersive story"" and the ""compelling storytelling,"" suggesting that the narrative is engaging and draws the player in deeply. While the visuals are described as ""stunning"" and the combat as ""fun,"" with LiHua enjoying the ""unique mechanics,"" it seems that the exploration and story are the aspects of the game that LiHua finds most immersive."
What does ThaneChambers love about the boss battles in Black Myth: Wukong?,The thrill of strategizing how to take them down and the breathtaking scenery,"ThaneChambers expresses a particular appreciation for the boss battles in Black Myth: Wukong, highlighting that they are intense and require careful consideration of strategies. He mentions that these battles offer a high degree of engagement and satisfaction, as overcoming them feels particularly rewarding. Additionally, ThaneChambers notes the unique mechanics in the combat system, which contribute to the overall enjoyment of the game. He also points out the immersive and visually captivating aspects of the boss encounters, emphasizing how the eerie environments and accompanying music enhance the experience."
Who informs LiHua that the new software is almost done?,WolfgangSchulz,"In the conversation recorded on 20261002_13:00, WolfgangSchulz informs LiHua that the new software he has been working on is almost complete. He expresses his excitement about LiHua being one of the first users and mentions that LiHua will ""really like the features."" This indicates that WolfgangSchulz is the one who updates LiHua about the progress of the software project."
What is LiHua's reaction to the news about the new software?,LiHua is excited to check it out,"In the conversation recorded on December 16th, 2026 at 16:00, LiHua discusses the news of necessary repairs in the basement with Adam Smith. LiHua expresses gratitude for the heads-up and reassures Adam that the repairs won't cause too much inconvenience. She also mentions her concern about whether the work will interfere with their jam sessions, to which Adam assures her that he will ensure the repairs are carried out in a manner that minimizes disruption. LiHua is hopeful and looks forward to continuing their jam sessions despite the potential disturbance. There is no explicit mention of LiHua's reaction to the new software project specifically. However, she seems generally supportive of Wolfgang Schultz's endeavors, encouraging him to stay focused and taking his feelings seriously."
Who asks Jake to play as the goalkeeper for soccer training?,LiHua,"Based on the conversations provided, there is no mention of Jake being asked to play as a goalkeeper during training sessions. All interactions discussed involve Jake as a player and spectator, but specifically as someone who plays midfield positions and enjoys watching and discussing matches, rather than participating in training practices. Therefore, no one asks Jake to play as the goalkeeper for soccer training based on the information given."
Does Jake agree to play as the goalkeeper?,Yes,"Based on the conversation, Jake Watson expresses interest in playing soccer, but does not explicitly state whether he plays as a goalkeeper or another position. Throughout the discussions, he frequently mentions watching matches, discussing matches, and even offers to practice with others. However, he does not indicate any desire to play as a goalkeeper himself. Therefore, based on the provided information, we cannot conclude that Jake agrees to play as the goalkeeper."
Who discusses classic matches between Barca and Bayern with Jake?,LiHua,"Jake Watson discusses classic matches between Barcelona (Barca) and Bayern Munich with LiHua. Specifically, LiHua asks Jake about the best defender in FC Barcelona's history, to which Jake mentions Carles Puyol and Gerard Piqué. Additionally, LiHua shares his appreciation for the dramatic comebacks in the UEFA Champions League (UCL) matches between Barca and Bayern, highlighting the 2015 match as one for the books. Jake expresses his admiration for these matches, noting the emotional intensity and teamwork displayed during these encounters."
In which year did Barca lose 4-0 against Bayern as mentioned in the conversation?,2013,"According to the conversation, the year when Barcelona (Barca) lost 4-0 against Bayern was 2013. This significant loss occurred during a UEFA Champions League (UCL) match, which is noted as being one of the epic and dramatic matches between the two clubs."
Which goal does Jake consider incredible from the 2015 match?,Neymar's goal,"Jake Watson considers Neymar's goal in the 2015 match to be incredibly impressive. Specifically, he mentions that this goal was ""just incredible! The way he finished it and sealed our place in the final was epic!"" This goal is highlighted due to its significance in the match, particularly in the context of Barca's performance and their eventual success in the UEFA Champions League (UCL) final."
Who does Jake believe has the potential to be a game-changer for Barca?,Pedri,"Based on the conversations, Jake Watson expresses strong belief in Pedri as a player who can be a game-changer for Barca. Specifically, Jake mentions, ""Totally! Pedri has that spark, and I think he can be a game-changer for us. His vision and control remind me of the greats! If he keeps developing, who knows what he could achieve in big matches?"" This indicates that Jake believes Pedri has the potential to significantly impact Barca's performance, especially in high-stakes matches."
What is LiHua looking forward to in the upcoming matches?,Seeing how Pedri and the team perform and if they can go far in the UCL,"LiHua is enthusiastic about the upcoming matches, particularly those involving Barcelona. In the conversation, she expresses her eagerness to watch more Barca games this season, indicating that she looks forward to seeing how Pedri and the rest of the team perform. Additionally, she mentions being eager to see Barca compete in the UEFA Champions League again, suggesting that she is excited to witness their performances in major competitions. Her excitement extends beyond just the matches themselves; she also looks forward to the camaraderie that comes with watching these games with friends, such as enjoying snacks and celebrating with them. LiHua's anticipation is further highlighted when she suggests organizing a watch party for a specific match, showing her desire to immerse herself in the experience of watching Barca play. Overall, LiHua is looking forward to the matches as a source of entertainment and as a way to bond with friends, all centered around her support for Barcelona."
What are Jake's go-to snacks for match days?,Chips and dip & pizza,"Based on the conversations shared, Jake Watson does not explicitly mention his go-to snacks for match days. However, in one of the discussions, Jake mentions that he tries to hit the field at least twice a week with friends, focusing on shooting drills and game tactics. While he doesn't specify snacks, it can be inferred that he might consume typical sports-related snacks such as fruits, energy bars, or perhaps a protein shake to fuel his practices. Without more detailed information about his match-day snack preferences, it's not possible to provide a definitive list."
What are LiHua's favorite snacks for the game?,Nachos with cheese and spicy salsa,"Based on the conversations provided, LiHua does not explicitly mention her favorite snacks for the game. However, she does express enthusiasm about bringing snacks to their jam sessions, indicating that they are important for maintaining energy levels during such events. During a discussion about the garden project, LiHua mentions that they bring drinks to their jam sessions, suggesting that beverages are also part of their usual setup for these gatherings. Without specific details about the snacks she prefers for a game, we cannot pinpoint her exact favorite snacks, but it appears that snacks, including both food items and beverages, are a common part of their activities together."
Who does LiHua pick as the best football manager of all time?,Pep Guardiola,"In the discussion about the best football manager in the Premier League history, LiHua asked her friends for their opinions. JakeWatson suggested that Sir Alex Ferguson tops the list due to the trophies he brought to Manchester United, emphasizing Ferguson's success and the impact of his teams. However, he also respected other managers like Pep Guardiola, who made significant impacts with Manchester City, and Klopp, who transformed Liverpool into a powerhouse. LiHua did not explicitly state her choice among these or any other manager."
What aspect of Guardiola's career does JakeWatson admire?,The transformation of the teams he's managed,"Based on the conversation, JakeWatson admires Pep Guardiola's approach to coaching, particularly his ability to lead Barcelona to success. Jake expresses admiration for how Guardiola led Barcelona to numerous victories, noting that during his tenure, ""Barça went all out"" and that the team's pressing was ""on point."" Additionally, Jake highlights the quality of players Guardiola had at his disposal, mentioning Xavi and Iniesta as ""unplayable"" during a particular match. Jake also mentions that under Guardiola, Barcelona exhibited ""ruthless"" counters and ""insane"" possession play. Overall, Jake's appreciation seems to center around Guardiola's tactical acumen and his ability to utilize the talents of the players he had at his disposal to create a successful team."
"Which team's style of play does Farrah remember as ""Total football""?",Barcelona,"Based on the information provided, there is no mention of Farrah remembering a specific team's style of play as ""Total football."" Farrah discusses Pep Guardiola's style of play with admiration and mentions Barcelona's tiki-taka style, but not Total football. Total football refers to a style of play pioneered by Dutch clubs in the 1970s, characterized by fluid movements, constant changing of positions, and overlapping full-backs. While Farrah expresses appreciation for Pep Guardiola's style, it does not align with the description of Total football."
What playing style is associated with Guardiola's Barcelona team?,Tiki-taka,"Based on the discussions in the provided data, there isn't a direct statement about the playing style associated with Guardiola's Barcelona team. However, it's clear that during Guardiola's tenure, Barcelona was known for their possession-based approach to the game. The conversations indicate that Guardiola emphasized possession play, which allowed Barcelona to dictate the tempo of the match. Additionally, Guardiola's teams were noted for their counter-attacking abilities, as evidenced by the discussion about Lionel Messi's skills and the emphasis on quick counter-attacks. While Guardiola's tactical approach evolved, his focus on creating and maintaining possession, combined with effective counter-attacking, was a hallmark of Barcelona's style under his leadership. This style helped them achieve success in both domestic and international competitions."
Which player's development under Guardiola does Jasper mention?,Phil Foden,"According to the data, Jasper comments on Pep Guardiola's player development specifically mentioning Phil Foden's growth. This indicates that under Guardiola's management, Phil Foden has shown significant progress and development in his career."
What player's midfield importance does Aurora highlight?,Rodri,"Aurora discusses Pep Guardiola's player development and mentions Phil Foden's progress. This indicates that Aurora highlights the importance of Phil Foden, who is likely a player developed under Pep Guardiola's guidance. However, since the specific player is not explicitly named, we can infer that Aurora emphasizes the role of a player who has benefited from Guardiola's tactical approach and player development philosophy."
Who will bring cones for drills at the match?,Farrah,"In the discussion about upcoming soccer practice, Farrah proposed meeting at the local park around 3 PM on Saturday to work on passing drills. She mentioned that they would bring cones and have fun practicing their shots. Therefore, Farrah will bring the cones for the practice session."
What type of passes does Briar suggest adding to the practice?,Quick one-twos,"Based on the data provided, Briar suggests adding ""quick one-twos"" to the practice session to keep stamina up. However, the exact type of pass Briar recommends isn't specified beyond this general suggestion."
What will LiHua bring for everyone to enjoy after the match?,Snacks,"Based on the conversation, it seems that LiHua will be responsible for organizing the snacks and drinks for the watch party. Specifically, she mentioned, ""I can take care of the pizza order! Just let me know everyone's favorite toppings, and I'll make sure to get a variety."" Additionally, she noted, ""For sure! I’ll bring a couple of packs of water bottles. Can't wait to see everyone on Sunday!"" Therefore, LiHua will likely bring pizza, drinks, and water for the watch party after the match."
Which match does Jasper mention that Manchester City played recently?,Against Chelsea in the Premier League,"In the conversation, Jasper mentions a specific match involving Manchester City and Real Madrid, describing it as a ""famous Champions League comeback against Manchester City in 2022!"" This match featured a stoppage-time goal by Rodrygo, helping Real Madrid to recover from being down by two goals and ultimately securing a 3-1 victory. This particular comeback match was noted for its dramatic nature and the resilience shown by Real Madrid despite being in a precarious position at halftime."
Who scored a stunner in the Manchester City vs. Chelsea match as mentioned in the conversation?,Phil Foden,The conversation does not provide specific details about a particular goal scored in the Manchester City vs. Chelsea match. The participants are discussing various aspects of the teams' performances and strategies without mentioning a standout goal scorer in this specific match.
What aspect of Rodri's performance does Henley praise?,His interceptions and passing,"Henley does not directly praise Rodri's performance. Instead, Henley talks about the Manchester City vs Chelsea match, where she commends Pep Guardiola's control of the game and highlights Rodri's standout performance in the midfield. Specifically, Henley states, ""Rodri is highlighted for his standout performance in the midfield, contributing significantly to City's momentum and strategy."" Therefore, based on Henley's comments, the aspect of Rodri's performance that is praised is his significant contribution to the team's midfield play and overall performance during the match."
What does Farrah admire about Rodri's play?,His ability to break up opposition plays and transition the ball,"According to the data, Farrah admires Rodri's standout performance in the midfield, highlighting how significant it is to City's momentum and strategy. Specifically, Farrah commends Rodri for his contributions in breaking up opposition plays and transitioning the ball quickly, which are crucial aspects of City's gameplay. Farrah emphasizes Rodri's importance to City's success, noting that he effectively anchors the midfield and is a vital part of their system."
Who checks in with LiHua about their arm muscles after the bench press session?,JenniferMoore,"In the discussion about the bench press session, Jennifer Moore is the one who checks in with Li Hua about her arm muscles after the workout. Jennifer specifically asks how Li Hua feels about her arm muscles following their bench press session. This interaction highlights the supportive relationship between Jennifer and Li Hua, emphasizing their dedication to each other's fitness progress and well-being."
How does LiHua feel about the soreness in their arm muscles?,It feels good and they are ready for the next session,"Based on the conversations provided, LiHua expresses concern about the soreness in their arm muscles after their workout sessions. In one instance, LiHua asks Jennifer Moore for tips on relieving arm muscle soreness, indicating that the soreness is a topic of discussion and concern for LiHua. Additionally, in another conversation, LiHua mentions being ""a bit sore"" after their bench press session, showing that the soreness is a recurring issue for LiHua. The responses from Jennifer Moore suggest that the soreness is a common occurrence following intense workouts, and several strategies are recommended to alleviate the discomfort, such as hydration, active recovery, stretching, and foam rolling."
What snack does LiHua agree to bring for the movie?,Chips,"In one of the conversations, WolfgangSchulz suggests grabbing snacks for the movie, and LiHua responds with, ""For sure! I can bring some chips!"" Therefore, LiHua agrees to bring chips as a snack for the movie night."
What drinks does WolfgangSchulz want to have while watching the movie?,Soda and juice,"Based on the conversation between WolfgangSchulz and LiHua regarding their movie night, WolfgangSchulz indicated his preference for soda and juice as the drinks he wants to have. Specifically, WolfgangSchulz said, ""I usually go for a nice cold drink, maybe a soda or even some craft beer if I'm in the mood. Perfect combo!"" and ""Just some soda and juice will be perfect."" Therefore, it can be concluded that WolfgangSchulz desires soda and juice to accompany his movie-watching experience."
Who will pick up the snacks and drinks on their way before the movie?,LiHua,"In the conversation, it is mentioned that WolfgangSchulz and LiHua are planning to go to the new burger place for dinner before catching a movie. WolfgangSchulz suggests that they grab some food there, which includes ordering a burger and drinks. However, there is no explicit mention of who will specifically pick up the snacks and drinks on their way to the cinema. LiHua mentioned she can bring some chips, but WolfgangSchulz recommended a nice soup or a sandwich for WolfgangSchulz. Therefore, it is likely that WolfgangSchulz will pick up the snacks and drinks on their way to the cinema. LiHua will likely bring the chips she mentioned."
Who initiated the discussion about Cersei's journey in Game of Thrones?,EmilyBurnett,"The discussion about Cersei's journey in Game of Thrones appears to have been initiated by Emily Burnett. This can be inferred from the content of EmilyBurnett's messages, which detail her reflections and insights regarding Cersei's character development and transformation throughout the series. EmilyBurnett expressed fascination with Cersei's evolution from a vulnerable young woman into a power-hungry queen, noting the complexity and depth of her character. Her comments suggest that she was reviewing Cersei's journey to gain a deeper understanding of her motivations and the pivotal moments that shaped her destiny."
How does Rowan describe Cersei's transformation throughout the series?,From vulnerable to ruthless,"Rowan describes Cersei's transformation throughout the series as one that starts from a ""love-struck girl"" to a ""power-hungry queen."" He notes how Cersei evolves, becoming increasingly ruthless and calculating, especially after losing her children. Rowan emphasizes that Cersei's journey is one of deep layers and complexity, highlighting how her relationship with power changes over time. He points out that Cersei's ruthless pursuit of power is evident throughout the series, even as she appears confident. Rowan believes that Cersei's character arc is captivating and thought-provoking, reflecting on how her personal struggles and ambitions play out in a manner that resonates with real-life situations."
What significant event in Cersei's life does Saffron highlight as a turning point?,Losing her kids,"Saffron highlights Cersei's loss of children as a significant turning point in her character development. This event drives Cersei to become more ruthless and power-hungry, emphasizing the harsh realities of Westeros that shape her character. Specifically, Saffron points out that losing her children pushes her over the edge, allowing her to embrace cruelty to secure her power. This loss is a critical factor that influences her transformation throughout the series."
Which character's dynamic with Cersei is mentioned as complicated?,Jaime,"The dynamic between Cersei and Jaime Lannister is described as complicated, featuring a significant transformation in Jaime's character arc throughout the series. Initially portrayed as the ""Kingslayer,"" Jaime undergoes a profound transformation moving from a villainous figure to one with depth and complexity. This journey is particularly notable because it reflects the intricate interplay of power, loyalty, and personal growth within the narrative. The contrast between Jaime's initial portrayal and his eventual redemption and emotional vulnerability serves to highlight the complexity of their relationship, which is intricately tied to Cersei's character and choices."
What does Lachlan find haunting about Cersei's end?,How much she fought to hold onto her power,"Lachlan finds Cersei's end haunting due to the complexity of her character and the themes of power, loss, and love that permeate throughout the series. Despite her tumultuous and often morally questionable actions, Lachlan appreciates how Cersei's story is deeply intertwined with the overarching narrative of power and ambition versus personal connections. The fact that Cersei's downfall is portrayed as tragic and reflective of the struggles faced by many individuals resonates with Lachlan, highlighting the multifaceted nature of human motivations and the consequences of one's choices. Lachlan notes that Cersei's legacy is super complicated, encompassing her ferocity as a leader alongside her darker aspects and the personal sacrifices she made. This mix of traits and the resulting outcomes create a compelling and relatable narrative that Lachlan continues to ponder."
What idea does Rowan say Cersei represents?,Power comes at a cost,"According to the sources, Rowan mentions that Cersei's character represents the idea that power comes at a cost. This is a reflection of the overarching themes explored in the show, particularly focusing on the human experience and the choices we make to achieve power. Rowan emphasizes how Cersei's relentless pursuit of power leads to significant personal losses and consequences, suggesting that her character serves as a cautionary tale about the trade-offs associated with holding such immense authority."
What aspect of Cersei's character does Quillan say often shadows her vulnerability?,Her desperation for control,"Based on the information provided, Quillan frequently mentions Cersei's character, highlighting her embodiment of human emotion and ambition. Specifically, Quillan points out that Cersei's character represents the complex interplay of power, ambition, and emotional depth in Game of Thrones. This suggests that while Cersei is often portrayed as vulnerable due to her emotional nature and the depth of her character, her ambition and the power she wields often overshadow her vulnerability, making her a multifaceted and complex figure."
What relationship could have potentially changed Cersei's path according to Phaedra?,Her relationship with Tyrion,"According to Phaedra, there are several pivotal moments and relationships that could have potentially changed Cersei's path. One such moment is Cersei's relationship with Tyrion Lannister. Phaedra suggests that if Cersei had listened to Tyrion and formed a stronger bond with him, it could have influenced her decisions. Tyrion, with his understanding of the family dynamics and his own experiences, might have offered insights that could have prevented Cersei from taking the more ruthless paths she did. This relationship could have helped Cersei see the importance of genuine connections and alliances over the pursuit of power alone. Additionally, Phaedra notes that Cersei's relationship with her father, Tywin Lannister, was another significant factor. Tywin's influence taught Cersei to fight for power at all costs, instilling a survival mentality that may have driven her choices. However, this independence also made her more isolated and vulnerable, leading to her eventual downfall."
How does Kieran describe Tywin's influence on Cersei?,He taught her ruthless methods,"Kieran describes Tywin's influence on Cersei as significant, noting that Tywin's methods were ""ruthless"" and that Cersei ""learned a lot from him."" However, Kieran points out that Tywin also instilled a ""toxic idea of power as something you have to fight for at all costs,"" which set up a mindset of constant struggle for Cersei. This approach, according to Kieran, created a pressure that kept Cersei ""on edge,"" leading her to act in ways that sometimes felt driven by a desire to prove herself rather than by genuine affection or loyalty. Kieran concludes by stating that while Tywin's influence certainly contributed to Cersei's character, it also fostered a sense of independence and a strong, sometimes isolating, drive for power in her."
What does Orion say about Cersei's mix of loyalty and fear towards Tywin?,It was a mix of both,"Based on the provided data, Orion does not explicitly mention specific details about Cersei's mix of loyalty and fear towards Tywin. However, Orion is a character who engages with discussions related to the show, including various aspects of the characters' motivations and relationships. Given Orion's participation in discussions about leadership, justice reform, and the moral complexities within the narrative, it is reasonable to infer that Orion likely delves into these themes, including the interactions between Cersei and Tywin. Without direct quotes, we cannot provide specific insights, but Orion’s involvement suggests a thoughtful engagement with these nuanced character relationships."
What does Rowan say about Cersei's independence?,It made her stronger but also more isolated,"Rowan, in a discussion about Cersei's character, emphasizes the complexity of her independence and its effects on her. Rowan notes that while Cersei's independence certainly gave her strength and a sense of control, it also left her isolated. This independence seems to have come at the price of meaningful connections, as she pushed away those who cared about her in favor of her ambition. Rowan suggests that Cersei's journey illustrates the struggle between love and ambition, and how one can affect the other. Rowan comments that Cersei's independence ""definitely made her a lot stronger! She carved her own path, but at the same time, it turned her into such a fierce and isolated figure."" Rowan believes that her independence made her more complex and intriguing, as it highlights the tragic flaw of her fierce protectiveness over her children. However, Rowan also acknowledges the irony of her strength leading to her isolation, suggesting that her choices ultimately led to her downfall."
What does LiHua say Cersei's power came at the price of?,Meaningful connections,"According to LiHua, Cersei Lannister's power came at the price of meaningful connections. This statement aligns with the broader narrative of Cersei's character arc, where her pursuit of power and ambition often resulted in isolation from others, particularly from her family members. LiHua emphasizes the detrimental impact of Cersei's choices on her relationships, highlighting how her need for control and strength sometimes led her to push away those who cared about her."
What relationship could have shown Cersei a different perspective on power according to Lachlan?,Her relationship with Tyrion,"According to Lachlan, a relationship that could have shown Cersei a different perspective on power would have been one that emphasized genuine connections and mutual support over fear and isolation. Lachlan suggests that Cersei had multiple opportunities to build such relationships, particularly with characters like Olenna Tyrell, who could have provided her with valuable support and guidance. Lachlan emphasizes that Cersei's choices often prioritized her own ambitions and fears over forming meaningful alliances, which likely contributed to her isolation and eventual downfall. Had Cersei embraced these relationships, she might have had a more balanced approach to power, one that included support and understanding from others, potentially leading to a different legacy and a more stable rule."
What does Tamara say Cersei's love led to?,Her downfall,"According to the discussions, Tamara suggests that Cersei's love for her family, particularly her children, drove her to make ruthless choices and ultimately led to her downfall. This intense protective instinct, which turned into an obsession, caused her to make decisions that were harmful to her relationships and ultimately destroyed her power. Tamara posits that if Cersei had found a balance, she could have achieved both power and meaningful connections. However, the focus of her love became a weapon that destroyed her, highlighting the clash between ambition and the emotional depth required for a balanced life."
What could have changed everything for Cersei if she had embraced it according to Tamara?,Her family ties,"According to Tamara, if Cersei Lannister had embraced her family ties without letting ambition overshadow them, her life and reign could have taken a very different direction. Specifically, Tamara suggests that Cersei could have worked more closely with her family members, particularly Tyrion Lannister and her children. This embrace of genuine connections and collaboration could have helped Cersei achieve a more balanced life, avoiding the pitfalls of isolation and conflict that plagued her. Tamara believes that by nurturing her relationships, Cersei might have created a more stable rule and avoided the destructive consequences of her relentless pursuit of power. This approach could have aligned with her deep-seated love for her family, potentially leading to a more fulfilling and less tumultuous reign."
What does EmilyBurnett say Cersei's choices led to?,Her isolation,"EmilyBurnett emphasizes the importance of resilience, adaptability, and practical training for the peacekeepers. However, in discussions related to the character of Cersei Lannister from Game of Thrones, she focuses on the consequences of her choices. Specifically, EmilyBurnett points out that Cersei's relentless pursuit of power and her inability to balance it with meaningful connections led to her isolation and downfall. She notes that Cersei's choices resulted in her becoming a figure so consumed by ambition that she lost touch with her humanity and her ability to form genuine bonds. As a result, her power felt empty and hollow, and her legacy is complex—remembered as a fierce and cunning leader but also as someone who let her ambition destroy her relationships and ultimately herself. EmilyBurnett suggests that understanding the ""what ifs"" in Cersei's story can provide insight into the broader themes of power, loss, and love in the narrative."
What does Quillan suggest could have been a game-changer for Cersei?,Accepting Tyrion's advice,"Quillan suggests that if Cersei had accepted Tyrion’s advice over her internal pride, it could have been a significant turning point. This advice likely pertained to how she handled power dynamics, suggesting a potential collaboration that could have altered her perspective. Quillan emphasizes the complexity of Cersei's character, noting that her journey is rich with such pivotal moments where different choices could have led to drastically different outcomes."
What does Saffron say Cersei was blinded by?,Her need for control,"Saffron discusses Cersei Lannister's character and her journey in the show, highlighting the complexities and motivations behind her actions. Specifically, Saffron notes that Cersei Lannister was ""blinded by her need for control."" This statement suggests that Cersei's pursuit of power and her inability to let go of her ambition led her to isolate herself from others, including her family members. As a result, her actions and decisions were driven primarily by her desire for control and dominance, which ultimately contributed to her downfall. Saffron seems to be emphasizing the theme of how ambition can lead to isolation and the importance of balancing ambition with genuine connections."
Who initiates the discussion about game storytelling?,ThaneChambers,"The discussion about game storytelling begins with Gavriel, who mentions that ""Gris"" is a game that fits the description of having a story that reveals emotional layers as you progress. This is followed by Aisling sharing her experience with ""Journey,"" a game she found to be emotionally impactful despite its simple gameplay. Li Hua then adds ""Spiritfarer"" and ""The Last of Us"" to the list of games that effectively convey emotions through storytelling. Therefore, Gavriel initiates the conversation about game storytelling by bringing up ""Gris."""
What game does ThaneChambers consider their top choice for storytelling?,The Last of Us,"Based on the conversations shared, ThaneChambers highly recommends ""The Last of Us"" as a game with exceptional storytelling. He describes it as a masterpiece with a gripping and emotional narrative. The characters, particularly Joel and Ellie, undergo significant character growth and face moral dilemmas that deeply resonate with the player. ThaneChambers emphasizes that the game's ability to showcase the complexities of human relationships, especially in challenging circumstances, makes it stand out. Additionally, he mentions that games like ""The Last of Us"" push boundaries by exploring deep character arcs and complex moral struggles, which he believes will continue to influence future gaming narratives."
Which game's narrative does Bronwyn appreciate for its father-son dynamic?,God of War,"Based on the conversations provided, it doesn't appear that any specific game's narrative is mentioned by Bronwyn or related to a father-son dynamic. The interactions discussed revolve around character development, emotional storytelling, and the impact of storytelling on player experiences across various games. Therefore, no single game stands out for having a particular father-son dynamic that Bronwyn appreciates."
What game does Gavriel mention for its characters and plot twists?,Final Fantasy VII Remake,"Gavriel mentioned ""Persona 5 Royal"" as a game that combines RPG elements and social simulation, which he finds very well done. He particularly enjoys the blend of strategic battles and the unique characters and their development within the story. Additionally, he appreciates the art style, noting that it is ""gorgeous."" This game seems to align with the type of game Gavriel likes, featuring turn-based combat, deep character relationships, and compelling storylines that evolve over time."
Which game does ThaneChambers recommend for its choice-based storytelling?,Life is Strange,"ThaneChambers recommends ""XCOM 2"" as a game that offers choice-based storytelling, noting that it provides a mix of tactical gameplay and strong narrative elements. He mentions that the game requires thoughtful strategic decisions, which can lead to various outcomes and story developments, making it an excellent choice for those interested in deep and varied storytelling. Additionally, he points out that ""XCOM 2"" offers a rewarding experience with its tactical gameplay and customization options for the player's squad."
What game does Elara mention for making her emotional?,Bioshock Infinite,"In the conversation, Elara mentions ""Persona 5 Royal"" as a game that she loves due to its blend of RPG elements and social simulation, which she finds to be very well done. She appreciates the strategic nature of battles, noting that every move counts, and the art style is described as ""gorgeous."" Therefore, ""Persona 5 Royal"" is the game that Elara refers to as making her emotional."
Which game does Jareth praise for its storytelling in side quests?,The Witcher 3,"Based on the conversation, Jareth praises ""Octopath Traveler"" for its storytelling in side quests. Jareth mentions that he has experimented with character skills and character setups, indicating an appreciation for the variety and depth of the game's content beyond the main storyline. Specifically, Jareth and his group discuss various strategies they've employed within the game, showcasing their engagement with and enjoyment of the side quests. This further supports the idea that ""Octopath Traveler"" excels in delivering compelling and emotionally resonant side quests."
What game does Dyllan describe as epic for its samurai culture?,Ghost of Tsushima,"In the discussion, Dyllan mentions ""Black Myth: Wukong,"" but it is not explicitly stated that this game features epic samurai culture. Instead, it appears to be a game centered around the Chinese mythological figure Monkey King, known for his martial arts prowess. Without further context provided in the given conversation, it seems there might be a misunderstanding regarding which game Dyllan refers to as having an epic samurai culture. However, based on the content, Dyllan seems to be enthusiastic about ""Black Myth: Wukong,"" praising its blend of traditional Chinese instruments with modern orchestration, which adds to its epic storytelling. This game likely incorporates elements of Chinese mythology and culture rather than featuring traditional samurai culture."
Which game does Helios call a masterpiece for making players feel connected to the characters?,Red Dead Redemption 2,"Based on the information provided, Helios expresses admiration for several games and discusses their ability to engage players emotionally. However, the specific game that Helios calls a masterpiece for making players feel connected to the characters is not mentioned directly. From the context given, we learn that Helios shares insights on various games and their emotional impact, particularly focusing on how they evoke strong feelings and connections with the player.One notable instance where Helios shares his thoughts on emotional storytelling involves ""Returnal."" In this conversation, Helios praises ""Returnal"" for its visual storytelling, atmosphere shifts, and constant tension. Additionally, Helios reflects on the storytelling aspects of ""Call of Duty"" games and suggests future directions for the franchise. These points suggest that Helios values games that offer immersive and emotionally resonant experiences.While Helios does not explicitly call any game a ""masterpiece"" for connecting players to characters, his appreciation for ""Returnal"" indicates that he believes certain games excel in creating deep emotional bonds with the audience. Therefore, based on the available information, ""Returnal"" appears to be the game Helios might consider a masterpiece in terms of character connection."
"What scene from ""Red Dead Redemption 2"" does Bronwyn mention as emotional?",The scene with Arthur and John on the mountain,"Bronwyn mentions an emotional scene in the game that she particularly enjoyed, describing it as quiet campfire nights where she felt deeply connected to the characters due to the dialogue and interactions. She notes that these moments brought in a sense of camaraderie and helped her feel more invested in the world and the relationships within it. This intimate interaction at the campfire seems to be a significant part of the game's storytelling, providing players with a personal and immersive experience that enhances their connection to the characters and the narrative."
What game does Ileana say made her question the morality of her actions?,Red Dead Redemption 2,"Based on the information provided in the tables, there is no mention of a game or situation where Ileana questions the morality of her actions. The conversations and data available pertain to various characters and their narratives across different series and stories, but there is no specific reference to a game that prompts Ileana to reflect on ethical considerations. Therefore, it is not possible to determine which game she might be referring to based solely on the given information."
Which game does Caelum mention for encouraging emotional engagement with the narrative?,Red Dead Redemption 2,"Based on the conversation, Caelum mentioned ""Persona 5 Royal"" as a game that encourages emotional engagement with the narrative. This game is noted for its blend of RPG elements and social simulation, offering a unique and emotionally rich experience with its strategic battles and character development. Caelum particularly appreciates the art style of ""Persona 5 Royal,"" which is described as ""just gorgeous."" The game also allows players to make choices that significantly impact the story and characters, creating a deep and engaging narrative experience."
What game does Bronwyn say mixes daily life with deep story arcs?,Persona 5,"Based on the discussion, Bronwyn mentions that ""Undertale"" is a game that surprises her with its emotional depth despite seeming lighthearted at first. She highlights that the game plays with RPG mechanics and expectations, and the way your decisions can affect the characters and outcomes is unique. Additionally, the characters feel alive and personal, which makes the emotional beats resonate throughout the game. This suggests that ""Undertale"" is a game that mixes daily life with deep story arcs, as it combines the typical RPG elements with profound themes and emotional resonance."
Which game does Ileana mention for its unique world and storytelling?,Horizon Zero Dawn,"Ileana mentions ""The Last of Us"" as a game that focuses on deep storytelling and character relationships, highlighting the unique world and narrative aspects that make it stand out. This game is known for its compelling character arcs, particularly the relationship between Joel and Ellie, which showcases complex human connections in challenging circumstances. The emotional depth and moral dilemmas faced by the characters contribute significantly to the game's rich storytelling and immersive experience."
What game does LiHua mention for exploring themes of choice & consciousness & humanity?,Detroit: Become Human,"LiHua mentions ""Detroit: Become Human"" as a game that explores themes of choice, consciousness, and humanity. She highlights the game's ability to let players experience different perspectives through its branching narratives and thought-provoking moral dilemmas."
Which game does Dyllan say raised interesting questions and moral dilemmas?,Detroit: Become Human,"Based on the discussion provided, Dyllan did not specifically mention a game raising interesting questions and moral dilemmas. The conversation focuses primarily on discussing strategies and character choices within ""Octopath Traveler,"" particularly regarding character combinations and unique paths. There is no indication that Dyllan brought up a particular game that provoked thought-provoking ethical or moral considerations."
What game does Dyllan recall for its intimate feel and dialogue?,Firewatch,"Based on the conversation, Dyllan mentions ""Journey"" as a game that evokes an intimate and emotional feel through its gameplay and lacks dialogue, focusing instead on player interactions to convey the story. This suggests that ""Journey"" stands out for its ability to create a deep emotional connection without relying heavily on verbal communication. Dyllan elaborates on how the art and music of ""Journey"" enhance the feelings of intimacy and emotional depth, highlighting the game's unique approach to storytelling."
Which game does LiHua mention for playing with various storytelling tropes?,The Stanley Parable,"LiHua mentions ""The Stanley Parable"" as a game that plays with various storytelling tropes, leaving her both amused and deeply reflective. This game is noted for its clever manipulation of player choice and narrative structure, effectively twisting expectations and keeping players engaged with multiple paths and endings."
When did Li Hua receive the curtains?,Yesterday (implied to be 20261011),"According to the conversation, Li Hua received the curtains ""yesterday."" This statement is made by Li Hua herself when Adam Smith asks her if she has received the curtains. Specifically, the dialogue reads, ""LiHua: Yep, I have received it yesterday! Thanks so much, Adam!"""
What does Li Hua like about the curtains?,the patterns,"Based on the conversations provided, there is no explicit mention of Li Hua expressing preferences about the curtains. However, we do learn that Li Hua has received the curtains and seems pleased with them. Specifically, Li Hua mentions, ""And by the way, I really like the patterns!"" This indicates that she appreciates the design and aesthetic of the curtains. Beyond that, there is no additional detail about what Li Hua likes specifically about the curtains themselves."
Who offers to help with the installation of the curtains?,AdamSmith,"According to the conversation, AdamSmith offered to help with the installation of the curtains. Specifically, AdamSmith expresses willingness to assist LiHua with the installation of the curtains, suggesting a meeting time this week to complete the task together."
What does Turalyon want to hear everyone's thoughts on?,the new benches,"In one of the conversations, Turalyon expressed interest in hearing everyone's thoughts on limiting noisy activities during the early afternoon hours. Specifically, he suggested that the group might consider putting up temporary barriers or using quieter tools during that time frame. Additionally, Turalyon proposed the idea of notifying residents a day in advance about any particularly loud work to help them plan around it. He encouraged others to share their thoughts on these potential solutions."
What does MuradinBronzebeard think about the cushions idea?,It sounds like a nice idea,"Based on the conversations provided, MuradinBronzebeard did not specifically mention his thoughts on the cushions idea. He did discuss shading options with pergolas or umbrellas and mentioned the importance of having a shaded area to make the garden more enjoyable and suitable for community events. Additionally, he proposed a small water feature that could enhance the garden and attract wildlife. However, there is no direct mention of cushions or their integration into the garden plans."
What does MalfurionStormrage suggest for sunny days?,umbrellas for shade,"In the conversations provided, MalfurionStormrage specifically mentions a suggestion related to communication during emergencies. He proposes having a dedicated group chat as a means of ensuring efficient coordination among all the volunteers. However, there is no mention of any specific advice or preparation for sunny days. Therefore, based on the information given, there is no suggestion by MalfurionStormrage related to sunny days."
Who proposes the idea of adding tables near the benches?,RexxarRemar,"Based on the information provided in the conversation snippets, Muradin Bronzebeard suggests adding a seating area with benches to the garden. He mentions, ""I think having benches is a great idea! It'll be nice for people to sit and enjoy the garden."" Therefore, Muradin Bronzebeard is the entity proposing the idea of adding seating areas with benches near the garden."
What does GromHellscream suggest to brighten the area in the evening?,lanterns or string lights,"In the discussions about enhancing the garden, GromHellscream suggests incorporating tall shrubs or trees along the perimeter to serve as a natural barrier and provide both aesthetic appeal and noise reduction. Additionally, GromHellscream proposes planting hardy native plant species, which not only contribute to reducing noise but also support local wildlife. This idea includes the creation of a specific area for native plants that could serve as an educational point for residents. Furthermore, GromHellscream suggests including signs that explain the benefits of each plant and its role in the local ecosystem, making the garden more interactive and informative."
What type of lanterns does MalfurionStormrage recommend?,solar-powered lanterns,"Based on the information provided, there is no mention of MalfurionStormrage recommending any specific type of lanterns. The data focuses on his proposals related to community emergency response team training and aspects of the garden renovation, such as suggesting roles within the team and ideas for the types of plants and flowers to include in the garden. Therefore, we cannot determine from the given data what type of lanterns MalfurionStormrage recommends."
Who is excited to see how the garden evolves?,Thrall,"Several individuals expressed excitement about the evolving garden. AdamSmith and Turalyon both mentioned looking forward to seeing the garden take shape, with Turalyon stating, ""It's true! Once everything is set up, it’ll really change the vibe of the place. Just keep being careful around the flowers for now!"" Additionally, LiHua echoed this sentiment, saying, ""It's really exciting! I can't wait to see how everything turns out in the garden. We'll all enjoy the new vibes together!"" Furthermore, IllidanStormrage reinforced the sentiment, noting, ""You all have some amazing ideas! The more we collaborate, the better our garden will be. Let's keep up this great energy!"" Overall, multiple contributors showed anticipation for the garden's development and the potential for community enjoyment."
What does Turalyon think about the suggestions?,They are going to make the garden a fantastic community spot,"In the discussion regarding the garden renovation, Turalyon shows enthusiasm and actively engages with the suggestions proposed by others. Specifically, during the planning stages for the noise control measures, Turalyon suggests posting updates in the chat or placing a notice board at the garden's entrance to inform residents about any particularly loud work. He also proposes using sound-absorbing materials for benches and play areas, emphasizing that these improvements would not only reduce noise but also enhance the aesthetic appeal of the garden. Additionally, Turalyon advocates for including plants that thrive in their climate, suggesting the inclusion of native plant species which he believes would be beneficial for the local ecosystem. During the sports day planning, Turalyon expresses excitement about the community sports day and encourages participation. He suggests fun activities like team sports, children's games, and refreshments, and notes the importance of having a schedule to keep the event organized and enjoyable. Overall, Turalyon plays a significant role in providing thoughtful and constructive feedback, showing his commitment to ensuring the garden renovation project meets the community's needs and enhances everyone's experience."
What does ChaeSong-hwa suggest for the garden once everything is set up?,a little gathering,"ChaeSong-hwa suggests organizing a little gathering in the garden once it's fully set up. This gathering could involve a variety of activities designed to bring everyone together and enhance the communal aspect of the garden. ChaeSong-hwa proposes a potluck meal, where participants can share their favorite dishes. Additionally, they mention thinking about including fun games for children and possibly hosting flower planting workshops for the community. Furthermore, a live music performance could be arranged to create a lively and enjoyable atmosphere. Overall, ChaeSong-hwa aims to make the garden not only a beautiful space but also a welcoming and interactive community hub where residents can come together to enjoy and celebrate their shared project."
What kind of activities does MalfurionStormrage suggest for the gathering?,games for kids & flower planting workshops & good food,"According to the discussions, MalfurionStormrage suggests that a community gathering could be a great way to celebrate the completion of the garden. He proposes activities such as games for children, possibly flower planting workshops for everyone, and also mentions the possibility of having good food, likely in the form of a potluck. Additionally, he suggests adding some live music or entertainment to enhance the atmosphere. Overall, MalfurionStormrage is enthusiastic about creating a fun and inclusive gathering that brings the community together."
Who offers to check with friends for live music performance?,ArthasMenethil,"In the conversation recorded on 20260302_18:00, WolfgangSchulz suggests that he and LiHua might want to catch up and enjoy some live music by attending a concert on March 7th at 6 PM. WolfgangSchulz proposes that they ""got an extra ticket for a concert on March 7th at 6 PM. Wanna join me? Would be awesome to catch up and enjoy some live music!"" This indicates that WolfgangSchulz is the one who offers to check with friends for a live music performance opportunity."
What does MuradinBronzebeard think about live music?,It would really enhance the experience,"In the discussion regarding the upcoming community sports day, MuradinBronzebeard expressed enthusiasm and excitement about the event, highlighting the potential for the community to come together in the renovated garden. He mentioned looking forward to seeing everyone involved in the festivities and noted that the sports day would be a fantastic opportunity to celebrate the community's efforts and new additions to the garden. While no specific comments were made about live music, his positive outlook suggests that he would likely appreciate any form of entertainment that could contribute to a joyful and inclusive atmosphere."
Who suggests doing a group purchase of the new games?,ThaneChambers,"In the conversation, Thane Chambers suggests doing a group purchase of the new games. This suggestion comes up in the context of him seeing killer discounts on PS5 games at the local game store and inviting Li Hua to shop together this weekend. Specifically, Thane says, ""Hey Li Hua! It's really good to get to know a new game fan! And it's also nice for you to join our game fan group chat! I heard you played Witcher 3 as your first PS5 game. What character from The Witcher 3 do you like the most? What do you dig about them?"" Li Hua responds by mentioning his interest in Geralt and the complex character development in The Witcher 3. Thane then follows up, ""Hey Li Hua! Are you up for some shopping together this weekend? Just saw that the local game store has some killer discounts on PS5 games! Let me know!"" This clearly indicates that Thane is suggesting the idea of doing a group purchase of the new games."
What does ThaneChambers think about the new games?,excited and interested,"In the conversation, ThaneChambers expresses interest in new games that explore deep character relationships and moral struggles. He mentions hearing buzz around several RPGs that aim to delve into these themes, which suggests he is actively seeking out such games. Specifically, he highlights a new open-world game focusing on choice and consequence, particularly around leadership roles, as one title that seems promising. ThaneChambers notes that this type of game could potentially feature characters like Dutch, who struggle with ideals versus reality and face significant personal challenges. His interest in such games indicates that he is looking forward to new narratives that can offer rich, emotionally resonant experiences."
What feature are they hoping for in the new game?,co-op missions and shared loot system,"In the discussions provided, there are multiple references to features that players or enthusiasts might hope for in a new game. Specifically, within the context of the PS5 Game Enthusiasts group, LiHua expresses interest in open-world games, mentioning ""Skyrim,"" ""The Witcher 3,"" ""Red Dead Redemption 2,"" and ""Ghost of Tsushima."" These are all examples of open-world games, which offer expansive worlds for exploration, allowing players to interact with the environment and engage in a variety of activities. The group also discusses the importance of engaging activities, suggesting that games should be a way to keep everyone entertained during gatherings and picnics. This indicates a desire for interactive and immersive experiences that cater to a wide range of interests."
What does Helios want to know about the game?,whether it will feature crossplay,"Based on the information provided in the data, Helios expresses interest in various aspects of games and discussions related to them. Specifically, Helios is eager to learn more about intense moments in the game ""Final Fantasy XVI"" and the focus on action-oriented gameplay. Additionally, Helios looks forward to participating in gaming chats and sharing updates, suggesting a keen interest in staying connected with fellow gamers and possibly offering insights into the latest developments within the gaming community. Furthermore, Helios discusses his enjoyment of combat in games such as ""Horizon Forbidden West,"" offering combat advice and highlighting the importance of environmental advantages like luring enemies to cliffs or explosive areas. Helios also shares his appreciation for dynamic non-player characters (NPCs) in games like ""Oxenfree,"" noting how these NPCs can significantly impact the player's experience by adding depth and personalization to the game. Lastly, Helios praises ""Returnal"" for its visual storytelling, atmosphere shifts, and constant tension, indicating a broad interest in the narrative and immersive elements of games."
What does Dyllan think about crossplay?,it was awesome and makes playing together much easier,"There is no information provided in the given data tables regarding Dyllan's opinion on crossplay. The conversations and topics discussed are related to various video games, community events, and personal plans rather than discussing crossplay or any multiplayer features. Therefore, based on the available data, it is not possible to determine Dyllan's stance on crossplay."
What does Ileana think is essential for the new game?,a robust matchmaking system,"Based on the conversation, Ileana emphasized the importance of communication and collaboration in leadership, which she sees as crucial for the success of any game. Specifically, she noted that leaders need to be open and willing to listen, especially in high-stress situations. This aligns with the broader discussion about the value of fostering open dialogue to prevent conflicts and misunderstandings. Her perspective suggests that new games should include narrative elements that highlight the significance of communication and collaboration in leadership, aiming to create more realistic and engaging character arcs."
What does Fionnuala think about matchmaking systems?,they can make or break the experience,"There isn't any information provided regarding Fionnuala's thoughts on matchmaking systems in the given conversation. The dialogue focuses on discussions about video game narratives, gameplay mechanics, and strategies within games like ""Horizon Forbidden West,"" ""God of War,"" and ""Octopath Traveler."" No mention is made of matchmaking or its importance to users. Therefore, based on the content available, it is not possible to determine Fionnuala's opinion on matchmaking systems."
What does Helios think would be awesome for character development?,a deep skill tree or upgrade system,"Helios expresses enthusiasm for various elements that could contribute to character development within games. Specifically, Helios mentions drones as an idea for scouting and creating distractions, highlighting their strategic value. This idea aligns with Helios's broader interest in enhancing the narrative and gameplay experiences, suggesting that these tools could offer new dimensions to character interactions and story progression. Additionally, Helios is particularly interested in dynamic NPC (Non-Player Character) responses, noting how these can be engaging and impactful on player choices and experiences. These comments indicate a keen awareness of how interactive elements can foster deeper and more personalized character development within gaming environments."
What does Gavriel think about crafting systems?,they offer a chance to create unique weapons and gear,"In the discussion about potential features for the game, Gavriel expressed interest in a crafting system that could add strategic depth to the gameplay. Specifically, he mentioned that he thought it would be cool to have a variety of consumables, such as health potions, buffs, or crafting ingredients. Gavriel highlighted how these additions could enhance the game by adding another layer of strategy, as players would need to consider when and how to use them effectively. This indicates that Gavriel sees crafting systems as an opportunity to increase player engagement and decision-making within the game, thereby enriching the overall experience."
What does Elara think about resource management?,it always makes it feel more immersive,"Based on the discussion, Elara primarily focuses on the theme of balancing a party composition rather than directly discussing resource management. However, during the conversation, Elara mentions the importance of having a balanced party, which includes having a strong defense alongside damage dealers and healers. This implies an understanding of resource management, as ensuring a strong defense allows the team to survive and adapt to different challenges. Elara believes that a strong defense is equally important as dealing damage, suggesting that she appreciates a balanced approach to team composition, which inherently involves effective resource management."
What does Fionnuala think about potions and temporary boosts?,they are always helpful,"There isn't any direct mention of Fionnuala discussing potions or temporary boosts in the provided conversation. However, she does talk about the Control Center and its various features, such as adjusting audio settings and sharing clips directly from the Control Center. Given this context, it seems likely that Fionnuala views the Control Center as an essential tool for enhancing the gaming experience rather than specifically discussing potions or temporary boosts."
What does ThaneChambers think about stealth boosts?,they add a whole new layer to gameplay,"During the discussions regarding stealth mechanics, Thane Chambers expressed enthusiasm for adding stealth boosts to the game. Specifically, he suggested that stealth boosts could offer an additional layer of strategy, allowing players to sneak past enemies or get ahead of them, adding a fresh dimension to gameplay. He emphasized that these stealth boosts could provide unique opportunities for strategic maneuvers and create memorable, surprising moments. Thane Chambers believes that integrating stealth elements could significantly enrich the game experience, offering players different ways to approach challenges and enhancing the overall narrative and immersion."
What does Bronwyn think about the idea of stealth missions?,it will be all about timing and communication,"Bronwyn expresses enthusiasm for the stealth missions, indicating that she believes they could be a significant and enjoyable addition to the gameplay. She suggests that stealth missions would require careful planning and communication among the team members, emphasizing the need for strategic thinking and teamwork. Bronwyn mentions that stealth missions might involve assigning roles, such as having one player distract enemies while others remain stealthy, highlighting the importance of coordination and cooperation in achieving success. Her excitement underscores her anticipation for the stealth features and the unique challenges and strategies they may introduce to the game."
What does LiHua think about the potential for stealth in the game?,it could lead to some really engaging and strategic gameplay,"During the discussions about potential features for the game, LiHua expressed excitement and enthusiasm about the possibility of including stealth elements. Specifically, LiHua was keen on seeing a variety of resources and consumables, such as health potions, buffs, and crafting ingredients, which would add layers of strategy to the gameplay. Additionally, LiHua was interested in the idea of having stealth mechanics, such as speed boosts, defense boosts, and stealth boosts, which could offer unique gameplay experiences. LiHua also suggested that stealth mechanics could benefit from stealth boosts, which would provide an adrenaline rush and allow for quick and unexpected movements. Overall, LiHua was optimistic about the inclusion of stealth features, viewing them as an engaging and strategic aspect that could keep players on their toes."
What team does JakeWatson admire for their comebacks?,Real Madrid,"In the conversation, LiHua mentions that JakeWatson admires Barca for their comebacks, particularly highlighting a match in 2015 where Barca lost 4-0 before coming back to win the game. LiHua agrees that the dramatic turn of events and the teamwork displayed during these comebacks are what make the sport of soccer so thrilling. Therefore, JakeWatson admires the comebacks of Barca."
What is one characteristic of Real Madrid that JakeWatson mentions?,they thrive under pressure,"JakeWatson emphasizes several characteristics of Real Madrid, but one prominent trait he highlights is their ""never-say-die"" attitude, particularly when the team is facing adversity. He uses the example of a match where Real Madrid was down by two goals but managed to come back and score two goals in quick succession, demonstrating their resilience and ability to turn things around under pressure. This resilience and determination are qualities that JakeWatson believes contribute significantly to Real Madrid's success."
Which match does JakeWatson remember for Real Madrid's comeback?,Champions League against Manchester City in 2022,"JakeWatson mentions a specific match involving Real Madrid where the team pulled off a comeback, but he doesn't specify the year or the exact details. According to the conversation, Jake Watson recalls a Champions League match against PSG, describing it as ""epic"" and highlighting Carles Puyol's leadership and Gerard Piqué's solid defensive performance. However, this particular match isn't explicitly labeled as a comeback, so it's not clear if this was the comeback Jake is referring to. Without more context or a specific match mentioned, it's challenging to pinpoint the exact comeback Jake is remembering."
What was special about the match against Manchester City in 2022 according to the group discussion?,Rodrygo's stoppage-time goal,"According to the group discussion, the match against Manchester City in 2022 stands out due to its dramatic finish, particularly in the second half of the game. The conversation mentions that the match ended in stoppage time with Manchester City needing to score two goals to overturn a two-goal deficit. JakeWatson vividly describes the stoppage-time goal by Rodrygo, stating that it ""just epic!"" This moment is highlighted as a testament to Manchester City's resilience and ability to turn the game around, showcasing their ""never-say-die attitude."" The group also points out the significance of players like Benzema and Bellingham, emphasizing the impact of their performances and decision-making under pressure. Overall, the match is remembered for its dramatic conclusion and the display of Manchester City's fighting spirit, making it a standout example of their comeback capabilities."
What does Aurora say about the atmosphere at the Bernabéu during tough games?,It was electric,"Aurora expresses that the atmosphere at the Bernabéu during tough games is electric, highlighting the strong connection between the players and their passionate fans. Aurora emphasizes how this supportive environment plays a significant role in boosting the team's morale and pushing them to perform their best, particularly during challenging moments. Aurora also mentions that the Bernabéu has a strong home advantage, which contributes to the incredible energy and spirit that often characterize games played there."
What does Evangeline say about Real Madrid's history in the Champions League?,They have a legendary history and a winning culture,"According to the data provided, Evangeline expresses enthusiasm for Real Madrid's history in the Champions League. She highlights the legendary match against Manchester City in 2022 where they came back from two goals down to win the game, demonstrating their resilience and ability to turn things around under pressure. Evangeline also points out Real Madrid's dominance in the Champions League, mentioning their victories against notable opponents like Manchester United in 2009 and AC Milan in 2013, which showcased their exceptional performance and strategic brilliance. Additionally, she notes the club's ability to control the game and the remarkable contributions of key players such as Xavi and Iniesta during the 2011 Champions League final. These comments reflect Evangeline's admiration for Real Madrid's historical achievements and their impressive performances in the prestigious European competition."
What does Briar think about Real Madrid's chances for the rest of the season?,They have a solid chance to challenge for every title,"Briar expresses confidence in Real Madrid's chances for the rest of the season. According to Briar, the team has a solid chance to challenge for every title due to their depth in the squad and the integration of new talent. Additionally, Briar mentions that Carlo Ancelotti, the head coach, knows how to motivate his players effectively, even in critical moments. Briar believes that maintaining their current spirited performance and controlling the midfield will be key factors in their success. Overall, Briar is optimistic about Real Madrid's prospects moving forward."
Who is Real Madrid's coach according to Ivor?,Ancelotti,"According to the information provided, Ivor is a participant in a discussion about the best football manager in Premier League history. However, Ivor does not mention any specific coach for Real Madrid. The data only indicates that Ivor discusses the topic of the best football manager in the Premier League and mentions Sir Alex Ferguson, Pep Guardiola, and Klopp among others. Therefore, we cannot determine the current coach of Real Madrid based solely on the information given about Ivor."
What does Dacey propose to practice on Saturday?,soccer shooting skills,"Dacey proposes to participate in a soccer practice session on Saturday. Specifically, she mentions a plan to work on dribbling skills. She invites others to join her for this practice session, which is scheduled for Sunday at 3 PM. Additionally, Dacey brings up the idea of setting up cones for target practice during the passing drills, suggesting a fun and interactive approach to skill improvement. Overall, Dacey is enthusiastic about the practice session and sees it as a chance to enhance their abilities collectively."
Where do they plan to meet for soccer practice?,the local park,"Based on the conversations, it appears that the group plans to meet at the local park for their soccer practice. Specifically, they agreed to meet there around 3 PM on Saturday for a practice session that will involve both passing drills and shooting practice. This arrangement allows for a variety of activities to improve their soccer skills in a social setting."
What time do they plan to meet for soccer practice?,3 PM,"For the soccer practice, multiple times were proposed. Initially, LiHua suggested Saturday afternoon at 3 PM to work on passing drills, with Farrah proposing additional shooting practice after that. Later, WolfgangSchulz mentioned meeting at 6 PM, and finally, the plan settled on Saturday afternoon at 3 PM. LiHua confirmed this time with Farrah, and they agreed to meet at the local park around 3 PM on Saturday to bring their A-game and improve their shooting skills."
Who offers to bring cones for the soccer practice?,Aurora,"In the discussion about the soccer practice, Jasper expressed interest in bringing cones along with the ball to the practice session. This was mentioned when LiHua suggested meeting up at the local park around 3 PM on Saturday to work on shooting skills, and Jasper responded positively, saying, ""I’m in! Saturday afternoon works great for me. I could also use some practice on my shooting. Where do you want to meet?"" LiHua then added, ""I'll bring a ball and some cones too. This should be a great way to improve our shooting skills while having a blast! Looking forward to it!"" Thus, Jasper volunteered to bring cones to the practice session."
What else does Henley plan to work on during the practice?,dribbling skills,"During the practice sessions, Henley looks forward to working on dribbling skills, as mentioned in the conversations. Specifically, Henley plans to attend a practice on Sunday at 3 PM, focusing on dribbling drills alongside Caspian and Evangeline. Additionally, Henley suggests having a quick chat about favorite players during practice and asks for others' opinions, indicating a desire to engage in discussions related to the sport. Overall, Henley's involvement in the practices revolves around improving her dribbling skills and engaging in team discussions."
Who suggests getting pizza for dinner?,WolfgangSchulz,"According to the timeline, WolfgangSchulz suggests getting pizza for dinner. He mentions, ""That sounds awesome! What's your favorite place for pizza?"" and then proceeds to ask LiHua what she prefers. This indicates that WolfgangSchulz is the one proposing to get pizza for dinner."
What does LiHua want to know about WolfgangSchulz's pizza preference?,his favorite place for pizza,"LiHua asks WolfgangSchulz about his favorite type of pizza and suggests trying a new place downtown since he's heard good things about it. LiHua specifically inquires about WolfgangSchulz's favorite pizza place and his preferred toppings. LiHua also expresses interest in pairing WolfgangSchulz's favorite pizza with a drink, asking him what he usually enjoys drinking with his meal. Overall, LiHua wants to learn more about WolfgangSchulz's pizza preferences and possibly plan a pizza night together."
What new pizza place does WolfgangSchulz suggest?,a new pizza place downtown,"In one of the conversations, WolfgangSchulz suggests a new pizza place downtown. Specifically, he mentions, ""I'm a fan of that new pizza place downtown. Heard they have some amazing toppings!"" LiHua agrees to check it out, stating, ""I've been wanting to try that place! Let's go there then."" Therefore, the new pizza place WolfgangSchulz suggests is located downtown and is noted for its exceptional toppings."
What time do they agree to meet for pizza?,around 7,"In the conversation, WolfgangSchulz mentions inviting LiHua for dinner after work, suggesting a meeting around 7 PM. However, there is no explicit agreement on a specific time for ordering and picking up pizza. The conversations do not specify a definitive time for the pizza meetup."
Who invites LiHua to taste a new bread recipe?,HaileyJohnson,"In the conversation dated 20261016_16:00, HaileyJohnson invites LiHua to taste a new bread recipe she has been working on. HaileyJohnson mentions, ""Hey! I’ve been trying out a new bread recipe and would love for you to taste it. Are you free to come by the bakery?"" This invitation suggests that HaileyJohnson is introducing a new product and seeks LiHua's feedback."
What does HaileyJohnson want LiHua to taste?,a new bread recipe,"In one of the conversations between LiHua and HaileyJohnson, LiHua asks Hailey if she has tried the new pastry that HaileyJohnson introduced recently. Specifically, LiHua mentions, ""I tried that new pastry you have! It was delicious. I'll definitely be coming back for more."" This indicates that HaileyJohnson wants LiHua to taste and enjoy the new pastry that she has introduced to her bakery."
What type of pizza does WolfgangSchulz prefer?,margherita,"According to the conversation, WolfgangSchulz prefers a classic margherita pizza. He describes it as ""simple but so good."" This preference is mentioned directly in the dialogue where WolfgangSchulz states, ""I'm all about that classic margherita. Simple but so good!"" No other type of pizza is specifically highlighted by WolfgangSchulz as his favorite."
What pizza does LiHua like?,pepperoni with extra cheese,"Based on the conversations shared, LiHua expresses a preference for certain types of food. Specifically, in a conversation dated 20261015_15:00, LiHua mentions her interest in trying a new pizza place downtown because she has been wanting to try it. However, the name of the specific pizza place she refers to is not provided in the given data. Therefore, we can only infer that LiHua enjoys trying new pizza places, but the particular establishment she likes is not detailed."
What drink does WolfgangSchulz usually have with his pizza?,soda or craft beer,"Based on the conversations between WolfgangSchulz and LiHua, WolfgangSchulz typically opts for a cold drink when enjoying pizza. In one conversation, WolfgangSchulz mentions, ""I usually go for a nice cold drink, maybe a soda or even some craft beer if I'm in the mood."" This indicates that he enjoys pairing his pizza with either a soda or a craft beer, though he is open to trying different types of drinks."
What is LiHua's suggestion regarding pizza places?,to check out the new downtown place,"Based on the conversations provided, LiHua has suggested several pizza places that WolfgangSchulz has shown interest in. Initially, Wolfgang expressed a preference for a new pizza place downtown that he heard has ""amazing toppings."" Later, Wolfgang invited LiHua to try a pizza place called ""The Lighthouse Cafe"" where they could grab a bite after work. Furthermore, Wolfgang mentioned an upcoming dinner date at a new burger place, which LiHua agreed to join. However, there isn't a specific suggestion from LiHua regarding pizza places other than the ones mentioned."
What do LiHua and Wolfgang plan to do together according to their conversation on 20261017?,plan a pizza night,"According to the conversation recorded on 20261017, LiHua and Wolfgang discussed plans for a future activity. Wolfgang suggested that they could engage in a new hobby together to alleviate work-related stress. He proposed two options: pottery or painting. LiHua expressed interest in painting and suggested scheduling the activity for the following weekend. Wolfgang agreed and proposed a plan to meet at LiHua's place to gather supplies and spend the day painting together. The conversation indicates that LiHua and Wolfgang intend to pursue a new hobby as a form of relaxation and enjoyment together."
What songs does ChaeSong-hwa suggest starting with according to the discussion on 20261019?,"Sweet Home Alabama or ""Let It Be""","There is no discussion mentioned on 20261019 in the provided data. The discussions seem to focus on various dates including 20260509, 20261212, 20260512, and 20261218. For the date 20261212, ChaeSong-hwa suggests bringing comfortable shoes and mentions that the lineup for the music festival will be amazing, but no specific song suggestions are made during the conversation. Therefore, there isn't a song suggestion from ChaeSong-hwa for the 20261019 date in the given information."
What type of songs does YurikoYamamoto want to try according to the discussion on 2026101?,upbeat pop songs,"Based on the discussion on 20261008_14:30, YurikoYamamoto mentioned that she wanted to try something new during their upcoming jam session, possibly a classic rock song or a fun pop tune. This suggestion came up during a conversation where LiHua proposed trying out a new song, and Yuriko expressed interest in exploring new options. No specific song was chosen, but it was agreed upon that the group would brainstorm a couple of options before the next jam session."
What songs does ChaeSong-hwa suggest adding to the mix according to the discussion on 2026101?,"Shallow or ""Shake It Off""","Based on the conversation recorded on 2026101_18:30, there is no mention of ChaeSong-hwa suggesting additional songs to add to the setlist. The discussion revolves around the possibility of playing gentle tunes, specifically mentioning the songs ""Landslide,"" ""Blackbird,"" and ""Sparks Fly."" No other new songs are proposed by ChaeSong-hwa or the rest of the group. Therefore, the information provided does not contain details about ChaeSong-hwa suggesting any new songs to add to the mix."
What does ChaeSong-hwa plan to bring to karaoke night?,snacks,"ChaeSong-hwa mentioned that he would bring some snacks to karaoke night, indicating his intention to contribute refreshments along with his singing skills. The focus seems to be primarily on the social aspect of the event, with the snacks serving as a friendly gesture to make the evening more enjoyable for everyone involved."
What does WolfgangSchulz suggest the group do before the upcoming karaoke night?,pick their songs,"WolfgangSchulz suggests that the group finalize the date and give the karaoke night a good vibe before it happens. The group decides to hold the karaoke night on Friday evening, which WolfgangSchulz is excited about and looks forward to. Prior to the event, he encourages the group to pick their songs so they are prepared for the night."
How does LiHua feel about the upcoming karaoke night?,excited and can't wait,"LiHua expresses enthusiasm and eagerness for the upcoming karaoke night, indicating she is very much looking forward to it. She agrees with ChaeSong-hwa that it would be ""fun to mix things up"" and mentions her desire to ""let loose and sing our hearts out together."" LiHua also seems open to participating in a variety of genres, suggesting she enjoys both classic and pop music. Her positive attitude and willingness to engage in different types of songs suggest that LiHua is very excited about the prospect of attending and participating in the karaoke night."
What does ChaeSong-hwa say about the karaoke night?,it's going to be a blast,"During the discussion regarding a karaoke night, ChaeSong-hwa suggests organizing one for that week. He expresses enthusiasm, stating, ""Hey everyone! 🎤 How about a karaoke night this week? It’d be fun to mix things up! What do you think? 🎶"" Additionally, he offers to provide snacks for the event, saying, ""I’ll bring some snacks too. See you all Friday!"" Furthermore, he looks forward to the event, mentioning, ""This is going to be a blast! I’ll bring some snacks too. See you all Friday! 🎤🍕✨"" ChaeSong-hwa seems excited about the idea and is willing to contribute to making the karaoke night enjoyable and memorable."
What is the current status of the curtains according to LiHua?,They are perfect and more than satisfies him,"According to the conversation, LiHua has already received the curtains. She expressed her satisfaction with the patterns and stated that she is ready for the installation. LiHua and Adam Smith have scheduled a time to install the curtains together this week."
What offer does AdamSmith extend to LiHua regarding the basement?,It can be used for extra storage whenever LiHua is ready,"In one of the messages, AdamSmith extends a request to LiHua to add some sound-insulating pads to the basement, noting that it would be a great idea as long as it's reversible and doesn't cause any damage. He further suggests that if LiHua needs any help with the installation, he would be available to assist. This offer shows AdamSmith's willingness to collaborate with LiHua in improving the living space within the apartment."
What game does ThaneChambers remember as LiHua's favorite?,Black Myth: Wukong,"Based on the conversation, LiHua mentioned she is ""kinda obsessed with the graphics and storytelling in 'God of War.'"" This indicates that 'God of War' is the game that LiHua is particularly interested in. However, the specific favorite game of LiHua wasn't explicitly named, only that she enjoys 'God of War.' Without additional details from the discussion, we cannot pinpoint exactly which game ThaneChambers remembers as LiHua's favorite."
"What aspect of ""Black Myth: Wukong"" does LiHua find the most impressive?",the visuals,"LiHua highlights several impressive aspects of ""Black Myth: Wukong."" According to the discussion, LiHua describes the game as ""enjoyable,"" noting its ""stunning visuals"" and ""compelling storytelling."" Specifically, LiHua points out that the game showcases ""impressive visuals"" and ""immersive story,"" indicating that the visual aesthetics and narrative quality are particularly noteworthy."
"What does ThaneChambers like about the game ""Black Myth: Wukong""?",the storytelling,"ThaneChambers expresses strong appreciation for ""Black Myth: Wukong."" He particularly praises the game's visuals, describing them as ""stunning,"" and highlights the compelling storytelling, noting that the game feels like a ""fresh take on the classic tale."" Additionally, he appreciates the unique combat mechanics in the game, which make it ""fun."" ThaneChambers also compliments the game's soundtrack, which blends ""traditional Chinese instruments with modern orchestration,"" adding an immersive quality to the overall experience. Overall, ThaneChambers finds ""Black Myth: Wukong"" to be an enjoyable and impressive video game, both visually and narratively."
"Who is LiHua's favorite character in the game ""Black Myth: Wukong""?",Wukong,"Based on the conversations shared, it does not appear that LiHua has explicitly stated her favorite character within the game ""Black Myth: Wukong"". However, there are some indications of her appreciation for certain aspects of the game. Specifically, she mentions enjoying the immersive story, the impressive visuals, and the fluid gameplay. Given her enthusiasm for the game, it's likely that she appreciates the characters as much as she enjoys the broader experience. Without direct statements about favorite characters, we cannot pinpoint a specific character that LiHua holds dear in ""Black Myth: Wukong""."
"What memorable moment does LiHua share from the game ""Black Myth: Wukong""?",an amazing battle scene where he had to outsmart a giant enemy,"In a recent conversation, LiHua shared her enjoyment of ""Black Myth: Wukong,"" highlighting specific moments that she particularly enjoyed. When asked about her favorite parts of the game, LiHua mentioned her appreciation for the immersive combat style and the rich storyline. She elaborated further by sharing, ""The boss battles are really intense and require a lot of focus. The first time I faced a tricky one, I was on the edge of my seat! It makes every victory feel so rewarding."" This indicates that LiHua particularly enjoys the strategic challenges and the emotional payoff that comes from successfully overcoming difficult boss battles."
"What memorable moment does ThaneChambers share from the game ""Black Myth: Wukong""?",a moment where he faced a tricky puzzle,"In a recent interaction, ThaneChambers shared a memorable moment from the game ""Black Myth: Wukong."" Specifically, ThaneChambers expressed excitement about the thrilling combat encounters in the game. He particularly enjoyed the part where the player first encounters large enemies, noting the thrill of strategizing combat tactics and the breathtaking scenery during the fight. This moment highlighted the unique combat mechanics and immersive environment of the game, which ThaneChambers found particularly engaging."
"How does LiHua describe the balance of combat and puzzles in the game ""Black Myth: Wukong""?",It's refreshing to switch between action and thinking,"Based on the information provided, LiHua describes ""Black Myth: Wukong"" as a game that focuses on impressive visuals, compelling storytelling, and immersive gameplay mechanics. In the conversation with ThaneChambers, LiHua mentions that the combat style in the game is described as unique and offers a fresh take on the classic tale. She highlights the fluidity of the gameplay and emphasizes the enjoyment derived from exploring new areas and uncovering secrets. However, the specifics regarding the balance between combat and puzzles are not detailed in the given text. Therefore, we cannot provide details on the specific balance between combat and puzzles in ""Black Myth: Wukong"" based solely on the information provided."
Does LiHua play the game solo or with friends?,Both,"In various conversations, LiHua expresses her preferences regarding multiplayer modes and playstyles in games. She mentions enjoying playing solo to fully immerse herself in the story and narrative, stating, ""I usually lean towards action and adventure games. Maybe I should give a strategy game a shot soon."" However, she also expresses a desire to play co-op with friends, saying, ""Absolutely! It’d be awesome to share the experience and tackle challenges together."" This indicates that while she enjoys playing alone, she values the social aspect of cooperative gameplay and looks forward to engaging with friends through multiplayer sessions. LiHua also suggests that she prefers to explore the world and story elements of games on her own, before potentially teaming up with friends for certain activities or challenges."
Would LiHua be interested in playing co-op with the group?,Yes,"From the conversations provided, there is no mention of LiHua expressing interest in playing co-op with WolfgangSchulz or any other members of the group. The interactions focus more on social activities such as attending concerts, jamming sessions, and planning meals, rather than discussing video game co-op experiences. Therefore, based on the information available, it appears that LiHua is not currently interested in playing co-op with the group."
What TV series does EmilyBurnett remember LiHua likes?,Chernobyl,"EmilyBurnett remembers that LiHua recently finished watching the series finale of ""Silicon Valley"" by HBO. This indicates that ""Silicon Valley"" is one of the TV series that LiHua is currently into. Additionally, EmilyBurnett suggests ""The Bear"" as a new series for LiHua to explore, which further highlights LiHua's interest in diverse television content. From the conversation, it is clear that LiHua is a fan of both science fiction and comedy series. EmilyBurnett also recommends ""Black Mirror"" and ""The Expanse"" as part of her new year's resolutions, suggesting these are among the TV series LiHua may consider watching. Therefore, based on the exchanges, LiHua seems to be engaged with a range of TV series including ""Silicon Valley,"" ""The Bear,"" ""Black Mirror,"" ""The Expanse,"" and possibly others based on EmilyBurnett's recommendations."
"What does LiHua appreciate about the series ""Chernobyl""?",the powerful storytelling and the cinematography,"Based on the conversations, LiHua appreciates several aspects of the series ""Chernobyl."" He finds the series compelling due to its powerful storytelling and its ability to capture a significant historical event with depth and emotion. Specifically, he highlights how the series portrays the confusion and bravery of the people involved in the Chernobyl disaster, making the events feel incredibly realistic. Additionally, LiHua praises the exceptional cinematography used in the series, further enhancing its immersive quality. His appreciation for the series extends beyond just its historical accuracy, as he emphasizes the gripping nature of the storytelling and the strong character development that sticks with viewers long after the final episode."
What is EmilyBurnett's favorite TV show?,Game of Thrones,"Based on the conversations shared, Emily Burnett's favorite TV show is ""The Office"". She mentions enjoying ""The Office"" and considers it ""never gets old for me!"" Additionally, she provides her favorite moment from ""The Office"", highlighting Jim's pranks on Dwight as her favorite. However, she also shares her appreciation for ""Brooklyn Nine-Nine"", describing it as ""hilarious"" and praising the show's dynamic characters and humorous situations. Emily Burnett seems to have a varied taste in television, enjoying multiple popular comedies."
"What memorable scene from ""Chernobyl"" does LiHua mention?",the scene where they're trying to contain the radiation,"LiHua mentions a memorable scene from the Chernobyl series where they depict the efforts to contain the radiation and the sacrifices made by the workers. This scene showcases the human spirit and resilience during challenging times, highlighting the profound impact of the Chernobyl disaster on the lives of the individuals involved."
"Who is LiHua's favorite actor in ""Chernobyl""?",Stellan Skarsgård as Boris Shcherbina,"Based on the information provided, LiHua's favorite actor in the TV series ""Chernobyl"" is Stellan Skarsgård, who played the role of Boris Shcherbina. LiHua found his character's journey throughout the series fascinating and appreciated his addition of a lot of emotional weight to the scenes."
What TV series is EmilyBurnett currently watching?,The Last of Us,"Based on the conversation, Emily Burnett is currently watching ""The Last of Us"". She describes it as an intense series that has been enjoyable so far, though she hasn't watched all of it yet. Emily mentions that she's looking forward to diving into it and recommends giving it a watch."
What TV show does EmilyBurnett recommend LiHua to watch?,The Last of Us,"EmilyBurnett recommends LiHua to watch ""Stranger Things."" EmilyBurnett suggests starting with the first episode, as it sets the tone perfectly, and encourages LiHua to share their thoughts after watching."
"What does LiHua's plan about wathcing ""The Last of Us""?",binge it that weekend,"LiHua expressed her interest in watching ""The Last of Us"" and appreciated Emily Burnett's recommendation, stating that she would definitely check it out as it is a must-play for those who enjoy a strong narrative. LiHua had previously watched ""Chernobyl,"" which she found gripping, and recommended ""The Crown"" for its historical drama and character depth, and ""Ted Lasso"" for a lighter comedic experience. Regarding ""The Last of Us,"" Emily Burnett suggested that it is one of the best games available, noting its compelling storytelling, well-developed characters, and intense gameplay, which is similar to games like ""Witcher 3."" LiHua confirmed her interest in the game, particularly its narrative and gameplay elements, and is planning to watch it soon."
What does JenniferMoore congratulate LiHua for pn 20261022?,for pushing his limits with the planks this week,"In the conversation dated Time: 20261022_16:00, JenniferMoore congratulates LiHua for smashing her pull-up personal record. Jennifer expresses her admiration for LiHua's progress, noting that her consistent effort is leading to significant improvements. She mentions that she has seen many clients like LiHua transform their lives through dedication and hard work, highlighting LiHua's dedication and progress. Jennifer encourages LiHua to continue pushing herself and to keep the energy up."
What does JakeWatson suggest for refueling after a soccer game?,a snack with carbs and protein and staying hydrated,"JakeWatson provides practical tips for quickly refueling after an intense soccer game. According to him, one should consume a snack that includes carbohydrates and protein. A suggestion given by JakeWatson is to have a banana with peanut butter, which is a nutritious option that contains both these elements. Additionally, he emphasizes the importance of hydration, recommending water or an electrolyte drink to replenish fluids lost during the game. JakeWatson also suggests practicing some stretches after the game to ease muscle tension and enhance recovery."
What are LiHua's usual recovery snacks after a game?,a protein shake and a fruit smoothie,"Based on the conversations shared, LiHua tends to use a variety of recovery snacks post-game. Initially, she mentions that she usually opts for a protein shake and a fruit smoothie. However, in a later discussion with Jake Watson, LiHua expresses interest in trying a banana and peanut butter combo, which she finds particularly appealing. This indicates a willingness to experiment with different recovery snacks to find what works best for her. Additionally, she appreciates hydration, which Jake Watson emphasizes as being ""super important"" and suggests water or an electrolyte drink. Therefore, while her primary recovery snack might be a protein shake and smoothie, she is open to trying new options like the banana and peanut butter combination to enhance her recovery process."
What event is the community organizing?,a weekend picnic,"The community is planning a series of events related to the community garden project. One notable event is a ""community get-together,"" which is suggested as a way to celebrate the new garden and foster a sense of unity and shared enjoyment among community members. Additionally, community meetings are planned where community members will gather to brainstorm and finalize plans for the garden. Furthermore, there is mention of a ""community gathering"" which is described as a future event where the garden will be used for social gatherings and celebrations. These events are part of the broader context of the community project, which includes various initiatives such as collaboration with freelancers, community outreach programs, and membership feedback activities."
What is the purpose of the community picnic?,to bring the community together and get to know each other better,"The purpose of the community picnic is to serve as the catalyst for a broader series of events centered around the community garden. Specifically, it is announced as an opportunity to ""start a picnic"" to kick off these community events, indicating that it is meant to inspire and facilitate future gatherings and activities within the garden. This picnic is expected to encourage social interaction and foster a sense of community around the newly developed space."
What type of food event did Turalyon suggest?,a potluck,"There is no information provided about a food event suggested by Turalyon in the given data. The conversations focus on various topics including Lunar New Year celebrations, dining out experiences, healthy eating challenges, and potlucks. Therefore, based on the available data, we cannot determine what type of food event Turalyon suggested."
What does RexxarRemar suggest for the community picnic atmosphere?,organizing some music,"During the community sports day planning, RexxarRemar suggested including a mix of active and relaxed moments to ensure the day remains enjoyable for everyone. He emphasized the importance of balancing activities and leisure time to keep everyone's spirits high. RexxarRemar highlighted that having a schedule for all the activities would help keep the day organized and fun for all participants, allowing for smooth transitions between events and providing opportunities for breaks. His suggestions aimed to create a cohesive and engaging experience for the community members, ensuring that the community picnic atmosphere was both lively and relaxing."
What does TirionFordring suggest bringing for seating?,blankets or chairs,"Based on the information provided in the table, Tirion Fordring emphasizes the importance of collaboration and encourages everyone to participate in the emergency response team. However, the specific suggestion regarding seating arrangements is not mentioned. In another discussion, Muradin Bronzebeard suggests adding benches or chairs around a seating area to provide a relaxing and enjoyable spot for visitors. Additionally, Muradin proposes that the seating area could be designed in a circular or semi-circular layout, allowing people to face each other and enjoy the view. Therefore, it appears that seating options could include benches or chairs, and the design might involve a circular or semi-circular layout."
What day did the community members decide on for the picnic?,next Saturday,"The community members decided on the picnic taking place on the following Saturday. This decision was made during a discussion about the garden renovation, where Turalyon proposed organizing a weekend picnic to bring the community together and enhance their social connections. They chose this date to ensure that everyone had enough time to prepare and bring their dishes."
What does RexxarRemar suggest for keeping everyone energized during the picnic?,a mix of snacks and drinks,"During the discussion about the picnic, RexxarRemar suggests incorporating music into the event to enhance the atmosphere and create a joyful vibe. He advises ensuring the music isn't too loud to avoid disturbing nearby individuals and recommends bringing blankets or chairs for seating to accommodate everyone comfortably. RexxarRemar's suggestion aligns with his excitement about the event, aiming to make it an ""unforgettable picnic."""
What does RexxarRemar suggest to have available to keep everyone hydrated during the picnic?,water and drinks,"During the discussion regarding the picnic organized by Turalyon, RexxarRemar suggested having a small drink station with water and some refreshments available to ensure everyone stays hydrated, especially considering the outdoor setting where they might spend some time. This aligns with the emphasis on hydration that is mentioned in the context provided, which highlights the importance of staying hydrated, particularly after intense physical activity."
What does IllidanStormrage say he will bring to keep everyone entertained during the picnic?,some epic games,"Based on the information provided, IllidanStormrage does not mention bringing anything specific to entertain the crowd during the picnic. He only expresses his enthusiasm for the event and looks forward to seeing everyone enjoy the new garden and its amenities. His role appears to be focused on ensuring that the community gets a chance to bond and have fun together, rather than bringing entertainment himself."
What places in Europe does WolfgangSchulz remember as stunning in Europe?,the fjords in Norway and the lavender fields in Provence,"WolfgangSchulz mentioned several places in Europe that he found stunning during his travels. According to the conversation, these include the fjords in Norway, the lavender fields in Provence, and the beaches in the Amalfi Coast. Additionally, he expressed a fondness for the streets of Prague, praising its magical architecture and the vibe of the old town. These places showcase diverse landscapes and cultural highlights, providing WolfgangSchulz with memorable travel experiences."
What does WolfgangSchulz like about Prague?,its architecture and the vibe of the old town,"Based on the conversation between WolfgangSchulz and LiHua, WolfgangSchulz expresses a fondness for Prague, particularly praising its magical architecture and the enchanting atmosphere of its old town. WolfgangSchulz mentions that the architecture in Prague is ""magical, especially at night,"" highlighting the romantic and visually appealing aspects of the city. Additionally, he appreciates the vibe of the old town, suggesting that it is distinctively different and noteworthy. These comments provide insight into what WolfgangSchulz likes about Prague, emphasizing its aesthetic appeal and historical charm."
What local dish did WolfgangSchulz try in Prague?,goulash,"In the conversation, WolfgangSchulz mentions trying goulash when he visited Prague. He specifically notes that the goulash was described as ""really hearty and tasty."" This dish aligns with WolfgangSchulz's fondness for the culinary offerings in Prague."
What is WolfgangSchulz's favorite risotto memory?,having seafood risotto in Venice,"In one of the conversations, WolfgangSchulz mentioned enjoying a risotto during his trip to Venice. Specifically, he shared, ""I had the best risotto when I was in Venice. It was creamy and had seafood in it, just perfection!"" This risotto stands out as a particularly memorable culinary experience for WolfgangSchulz, highlighting the vibrant and flavorful food he encountered during his travels."
What is on WolfgangSchulz's list for a future trip?,Italy,"In one of the conversations, WolfgangSchulz expressed interest in revisiting some beautiful coastal towns in Europe, particularly mentioning Cinque Terre. Cinque Terre is a picturesque area consisting of five colorful villages along the coast of the Ligurian Sea, known for their stunning views and charming old town squares. WolfgangSchulz highlighted the hiking trails between these villages, describing them as ""such a treat."" Additionally, WolfgangSchulz mentioned that the seafood in Cinque Terre is highly regarded, noting that it is fresh and delicious. Given WolfgangSchulz's enthusiasm for visiting and exploring these locations, it seems likely that Cinque Terre will be on his travel itinerary."
What does WolfgangSchulz want to check out in Italy?,Cinque Terre,"Based on the conversations, WolfgangSchulz mentions several places he would like to visit in Italy. In a discussion about his travel experiences, WolfgangSchulz expresses enthusiasm for revisiting the coastal towns, particularly mentioning Cinque Terre. This indicates that Cinque Terre, with its picturesque villages along the coast, is a destination WolfgangSchulz desires to explore again. Additionally, WolfgangSchulz also expresses interest in revisiting some beautiful coastal towns in Italy, suggesting that multiple picturesque coastal locations in the country hold special appeal for him."
What does LiHua say about the seafood in Cinque Terre?,it's supposed to be fresh and delicious,"In one conversation, WolfgangSchulz mentions his interest in visiting Cinque Terre, describing it as ""those colorful villages along the coast just look amazing."" WolfgangSchulz further elaborates on the coastal area by stating, ""Plus, the seafood there is supposed to be fresh and delicious!"" Although WolfgangSchulz does not provide detailed descriptions of the seafood in Cinque Terre, LiHua seems receptive to the idea, indicating her enthusiasm for the coastal region's charm and views."
What time will Li Hua and Wolfgang meet for breakfast on the morning of the 9th?,Insufficient information,"There isn't any information provided regarding Li Hua and Wolfgang meeting for breakfast on the morning of the 9th. The only mention of Wolfgang and Li Hua interacting involves a lunch invitation at a cozy café downtown scheduled for 12:00 on the 9th, but no details are given about their plans for breakfast."
What type of equipment does Wolfgang Schulz use when he works out at the gym?,Insufficient information,"Based on the information provided in the text, Wolfgang Schulz does not mention using any specific equipment when he works out. The descriptions refer to him participating in various types of musical sessions and suggesting songs for jams, but do not specify any workout equipment. Therefore, there is no information available regarding the type of equipment Wolfgang Schulz uses when he works out at the gym."
"What type of exercise does Li Hua prefer to do at the gym, and what time does Wolfgang usually go to the gym?",Insufficient information,"Based on the provided data, there isn't enough information to determine what type of exercise Li Hua prefers to do at the gym. The data primarily focuses on discussions about various workouts and exercises, but does not specify Li Hua's preferred activities. As for Wolfgang, the data indicates that Wolfgang is mentioned as a participant in virtual conversations and is involved in music jam sessions organized by Li Hua. However, there is no specific mention of when Wolfgang goes to the gym or what type of exercise he engages in there. Therefore, we cannot infer Wolfgang's gym habits from the given information."
What type of traditional games did Wolfgang Schulz play with Li Hua during the Lunar New Year celebration?,Insufficient information,"Based on the conversation, Wolfgang Schulz and Li Hua did not specifically mention playing traditional games during their Lunar New Year celebration. The discussion focused more on their plans for the festivities, including enjoying traditional food and possibly attending a local festival. There is no information provided regarding any traditional games they might have played together."
"What did Li Hua eat for dinner on January 20, 2026?",Insufficient information,"There isn't any direct mention of what Li Hua ate for dinner specifically on January 20, 2026, within the provided data. However, we can observe from another entry in the sources that on January 19, 2026, Li Hua wished Adam Smith a ""fantastic Lunar New Year"" and mentioned that they usually have a family dinner and exchange gifts during Lunar New Year. This indicates that on Lunar New Year's Day (January 20, 2026), Li Hua likely partook in a family dinner tradition. Given the context and the tradition associated with Lunar New Year, it can be inferred that Li Hua probably enjoyed a variety of traditional Chinese dishes, including those associated with good fortune and family reunions such as dumplings, fish (symbolizing surplus), and other symbolic foods. Unfortunately, the provided data does not specify the exact menu for that particular dinner."
What specific suggestions did Li Hua have regarding the construction schedule during the last community meeting?,Insufficient information,"During the last community meeting, no specific suggestions regarding the construction schedule were made by Li Hua. The table mentions only that the community meetings are planned events where community members will gather to brainstorm and finalize plans for the garden. Therefore, there is no information provided about Li Hua's specific input or recommendations concerning the timing or schedule for the upcoming building maintenance or any other construction projects."
What movie did Li Hua and Wolfgang decide to watch together on New Year's Eve 2026?,Insufficient information,"In the conversation recorded on Time: 20260106_20:00, Wolfgang Schulz suggests to Li Hua that they should check out a local festival downtown with food stalls and live music this weekend. However, no specific movie was mentioned or decided upon for viewing. Therefore, based on the information provided, there is no movie that Li Hua and Wolfgang decided to watch together on New Year's Eve 2026."
What dish did Li Hua order for dessert after having Sichuan hot pot with Wolfgang Schulz?,Insufficient information,"Based on the conversations provided, there is no specific mention of a dessert that Li Hua ordered after having Sichuan hot pot with Wolfgang Schulz. The interactions focus mainly on their preferences for fast food and beverages, including hamburgers, drinks, and ice cream. Therefore, we cannot determine the dessert Li Hua ordered specifically following their Sichuan hot pot meal."
What were the specific requirements that the customers modified and how did Li Hua respond to each change?,Insufficient information,"In the discussion between Yuriko Yamamoto and Li Hua, Yuriko requested modifications to the user feedback section on her studio homepage. Initially, she proposed a simple form for users to leave comments or suggestions and included a star rating system. Li Hua agreed to implement these features and also suggested adding space for testimonials. She noted that testimonials would indeed help build trust with new clients.Further, Yuriko expressed a preference for soft and calming pastel colors for the feedback section. Li Hua acknowledged this preference and ensured that the design would incorporate pastel tones to create a welcoming environment. Lastly, Yuriko set a deadline for the project completion by the end of the following week. Li Hua understood this timeline and committed to delivering the feedback section by that date, offering to provide a preview upon completion. Thus, Li Hua effectively responded to each of Yuriko's requests, ensuring that the feedback section met her aesthetic and functional preferences while adhering to the agreed-upon deadline."
"What payment method did Li Hua use to purchase groceries from the store on April 15, 2026?",Insufficient information,"There is no information provided in the given data sources regarding Li Hua purchasing groceries from a store on April 15, 2026. The transactions detailed involve deliveries of bread from Hailey's bakery, reminders about rent payments, and discussions about fitness classes and events. Therefore, we do not have sufficient details to determine Li Hua's payment method for groceries on that date."
What specific diet did Li Hua follow to achieve his fitness results that Jennifer Moore recommended?,Insufficient information,"There is no specific diet mentioned in the provided data for Li Hua. The interactions discussed revolve around general fitness advice, including workout routines, nutrition tips, and recovery methods. Jennifer Moore and Li Hua have conversations about various aspects of fitness, such as incorporating yoga for flexibility and balance, breathing techniques during workouts, and adjustments to workout routines. However, there is no detailed information about a particular diet plan that Jennifer Moore recommended to Li Hua. Therefore, based on the available data, we cannot determine what specific diet Li Hua followed to achieve his fitness results."
What alternative training sports does Li Hua consider besides the current routine mentioned in his conversation with Jennifer?,Insufficient information,"In the given conversations, there isn't any explicit mention of Li Hua considering alternative training sports besides his current routine. However, based on the context, it appears that Li Hua is focused on increasing the intensity and variety of his workouts within his existing regimen. This includes potentially adding more weight to his bench press, incorporating strength training exercises, and exploring yoga and its benefits for flexibility and balance. There is no indication of Li Hua considering entirely different sports or activities beyond these adaptations to his current routine."
What type of diet is Li Hua following to support his training regimen and sleep schedule?,Insufficient information,"Based on the conversations shared in the table entries, there isn't explicit mention of Li Hua's current dietary habits or the specific type of diet he is following to support his training regimen and sleep schedule. The interactions primarily revolve around fitness advice, encouragement, and occasional queries regarding specific workouts or exercises. While Li Hua expresses interest in improving his endurance and seeks advice from Jennifer Moore, including tips on nutrition and hydration, the details of his dietary practices are not provided in the given context. Therefore, we cannot determine the precise type of diet Li Hua is following based solely on these interactions."
What type of protein shake does Li Hua prefer to drink before his workout sessions?,Insufficient information,"There is no direct mention of Li Hua's preference for a specific type of protein shake in the provided conversations. The discussions revolve around hydration strategies and the importance of staying well-hydrated during workout sessions. No particular brand or type of protein shake is highlighted as Li Hua's choice. Therefore, based on the available information, we cannot determine the type of protein shake Li Hua prefers to consume before his workout sessions."
What specific brand of protein supplement does Jennifer recommend for Li Hua's weight loss journey?,Insufficient information,"Based on the conversation, Jennifer recommends whey protein as the best type of protein supplement for Li Hua's fitness goals. She suggests checking the ingredients for added sugars or fillers, but she does not specify a particular brand. Therefore, there is no specific brand of protein supplement mentioned for Li Hua's weight loss journey."
What specific colors of paint does Li Hua plan to use for the basement walls after decorating with potted plants?,Insufficient information,"There is no information provided about specific paint colors or decorative elements for the basement walls in the given data. The discussions revolve around garden renovations and improvements, including seating areas, seating materials, noise management, and the inclusion of native plants. There is no mention of painting the basement walls or the colors used for such an endeavor."
What color did Li Hua decide to paint the walls of the basement after completing the renovation?,Insufficient information,"There is no information provided in the given text regarding the color Li Hua chose for painting the basement walls after the renovation. The conversations focus on various matters such as rent reminders, requests for repairs, discussions about artwork placement, and occasional updates on the renovation progress. Specific details about the basement’s interior design, including wall colors, are not mentioned."
"What specific design features did Li Hua suggest for Yuriko's studio homepage during their meeting at ""Central Perk""?",Insufficient information,"During their meeting at ""Central Perk"", Li Hua suggested several design features for Yuriko's studio homepage. Specifically, Li Hua proposed a user feedback section with a simple form for users to leave comments or suggestions and a star rating system. Additionally, Li Hua suggested including testimonials to help build trust with potential clients. Regarding the color scheme, Li Hua recommended using pastel colors to create a welcoming and calming atmosphere for the studio. These design elements were intended to enhance the user experience and engagement on the website."
What is the name of the concert that Wolfgang and Li Hua will attend on March 7th?,Insufficient information,"On March 7th at 6 PM, Wolfgang and Li Hua will attend a concert. This information is derived from a conversation between Wolfgang and Li Hua in entry 1, where Wolfgang mentions, ""Hey! Got an extra ticket for a concert on March 7th at 6 PM. Wanna join me? Would be awesome to catch up and enjoy some live music!"""
What type of cake does Li Hua plan to bring to the meeting with Yuriko to celebrate her studio's homepage redesign?,Insufficient information,"There is no information provided about a cake or any food items that Li Hua plans to bring to the meetings mentioned in the data. The details provided focus primarily on planning events such as jam sessions, photography walks, and meetings to discuss homepage improvements for Yuriko's studio. There is no mention of a celebration or any food items related to those meetings. Therefore, based on the given data, it is impossible to determine what type of cake, if any, Li Hua plans to bring to the meeting with Yuriko."
What color did Li Hua paint his house before the community garden renovation began?,Insufficient information,"There is no information provided about the color of Li Hua's house or any prior painting activities before the community garden renovation began. The data focuses primarily on the ongoing renovation efforts of the garden and the discussions around its improvements, including seating areas, water features, and other amenities. There is no mention of interior decorations or painting of the house itself."
What specific dietary changes did Li Hua implement in his training regimen as a result of Jennifer's advice on endurance and flexibility?,Insufficient information,"Based on the conversations shared in the discussion thread, Li Hua did not explicitly mention any specific dietary changes he implemented as a direct result of Jennifer's advice on endurance and flexibility. The thread primarily focuses on the physical aspects of training, including the types of exercises, hydration, and recovery techniques. There are mentions of incorporating yoga and dynamic stretching into his routine to improve flexibility and endurance, but no specific dietary modifications were discussed. Therefore, the details of any dietary changes made as a result of Jennifer's advice are not provided in the given information."
"What specific feedback did Yuriko give to Li Hua about the demo website during their meeting at the cafe ""Central Perk"" on Thursday morning, and how did Li Hua respond to her comments?",Insufficient information,"During their meeting at the Central Perk café on Thursday morning, Yuriko shared her thoughts on the demo website with Li Hua. She expressed her appreciation for the progress that had been made, noting that it was showing and highlighted her efforts. However, she also suggested adding a section for community outreach programs, which she believed would effectively showcase her work and impact. Additionally, she recommended including details about the programs she offers and testimonials from participants, along with some photos from past events. Li Hua responded positively to these suggestions, expressing enthusiasm for brainstorming ideas to enhance the website. He indicated that he would help Li Hua with the layout and presentation to make the community outreach section stand out, and he also agreed to add testimonials and photos to the site. Li Hua emphasized that the goal was to make the demo website shine, and he looked forward to working on this with Yuriko."
What is the exact reason for Li Hua's unexpected work meeting on Thursday?,Insufficient information,"There isn't a direct mention of the reason for Li Hua's unexpected work meeting scheduled for Thursday afternoon. However, according to the conversation recorded in Source 9, Yuriko Yamamoto has requested Li Hua's assistance in improving the homepage of her speech therapy studio. Li Hua agreed to help and proposed setting up a meeting for Thursday afternoon. Therefore, it can be inferred that Li Hua's meeting on Thursday is due to this appointment to work on the homepage redesign for Yuriko's speech therapy studio."
"What toppings did Hailey put on the bread for Li Hua's next delivery, and what is the name of the bakery she gets her bread from?",Insufficient information,"Based on the conversations detailed in the sources, Hailey Johnson mentions several times that she bakes bread for Li Hua, including a special gluten-free bread option and regular bread deliveries. In one conversation, Hailey specifically asks Li Hua if they have any dietary restrictions and whether Li Hua would like to try the new gluten-free bread, which is part of a new line of gluten-free bread options she is launching. In terms of the bread toppings for Li Hua's next delivery, no specific toppings are mentioned for the current delivery. However, regarding the gluten-free bread, Hailey provides some suggested toppings: ""For the rosemary focaccia, you can't go wrong with a drizzle of olive oil and a sprinkle of sea salt. You could also top it with some cherry tomatoes or olives for an extra burst of flavor!""The bakery that Li Hua receives her bread from is referred to as ""Hailey's Bakery."" This is evident from the exchanges where Li Hua addresses Hailey as ""Hailey's Bakery"" and mentions receiving bread from ""Hailey's bakery."" Thus, the bakery in question is called ""Hailey's Bakery."""
What is the favorite type of music that Li Hua and Yuriko plan to play together?,Insufficient information,"Based on the discussions provided, there isn't a direct mention of Li Hua and Yuriko planning to play a specific type of music together. However, from the interactions, we can infer their preferences and activities:- In the conversation about band names, Yuriko suggests playing ""gentle tunes"" and mentions songs like ""Landslide"" and ""Blackbird,"" which are typically associated with softer, mellow genres. She also invites others to share more gentle songs.- WolfgangSchulz and YurikoYamamoto engage in discussions about mixing jazz elements with rock, suggesting they may occasionally play a fusion of these genres during their jam sessions.- LiHua and WolfgangSchulz express enthusiasm for mixing jazz and rock, indicating they enjoy a variety of musical styles.While their conversations suggest they might play a range of music, including both soft and more intense genres, there's no explicit declaration of their favorite type of music to play together. They seem open to various styles, likely depending on the context and the mood they aim to create during their jam sessions."
What are the specific reasons why Li Hua prefers classical music over pop music in their discussions?,Insufficient information,"Based on the conversations provided, Li Hua does not explicitly express a preference for classical music over pop music. Instead, the discussion revolves around various genres and the enjoyment of different types of music across various contexts. Li Hua mentions preferences for both classic songs like ""Sweet Home Alabama"" and ""Let It Be"" and upbeat pop hits like ""Shallow"" and ""Shake It Off."" They also express excitement for a variety of musical choices including indie games, remastered titles, and karaoke nights. Therefore, no specific reason for preferring classical music over pop music is given in the provided data."
What song did Yuriko and Wolfgang decide to perform together after watching the drum tutorial?,Insufficient information,"Based on the conversation, Yuriko and Wolfgang did not explicitly decide to perform a specific song together after watching the drum tutorial. However, they did mention that Wolfgang suggested a cool track for their jam session, which they were excited to explore further. There isn't a particular song named in the dialogue that they agreed to perform together. Instead, they talked about potential songs for their upcoming jam sessions, including classics like ""Hotel California"" and ""Sweet Home Alabama."" Wolfgang expressed interest in exploring new songs and suggested a medley for their next jam session."
"What type of feedback did Li Hua provide to Chae regarding the community medical knowledge lecture, and what is Wolfgang's role in the band rehearsal?",Insufficient information,"In the community medical knowledge lecture event, Li Hua provided a positive and informative feedback to Chae, emphasizing the importance of the topic. Specifically, she noted that the lecture covered basic health tips and common medical myths, which she described as ""really helpful."" Additionally, she encouraged Chae to bring curiosity to the lecture, indicating that the event would be a casual discussion without requiring any special preparations.Regarding Wolfgang's role in the band rehearsal, the data does not directly specify his role. However, based on the conversation between Wolfgang and Li Hua, it appears that Wolfgang is a regular participant in the jam sessions, suggesting he plays a key role in the band. Wolfgang's participation includes contributing to jam session planning, suggesting songs, and expressing enthusiasm for future sessions. His contributions highlight his active involvement in the musical ensemble, indicating a significant role within the band."
What is the name of the last song Wolfgang played using the new drum practice app?,Insufficient information,"The provided data does not contain specific information about the last song Wolfgang used the new drum practice app for. There is no mention of him trying out the app or playing a particular song with its assistance. Therefore, based on the information available, we cannot determine the name of the last song Wolfgang played using the new drum practice app."
What flavor of new bread products did Li Hua really enjoy at the bakery's anniversary event?,Insufficient information,"At the bakery's anniversary event, Li Hua expressed her enjoyment of the new bread products, specifically mentioning that she was excited to try the special treats Hailey Johnson had prepared. During their conversation, Hailey informed Li Hua that they were planning to create some ""fruity ice cream flavors and maybe a mango-coconut pastry!"" This indicates that Li Hua particularly looked forward to tasting the new fruit-based flavors introduced at the bakery's anniversary event."
What is the name of the song that Li Hua will sing at the karaoke on 20260425?,Insufficient information,"In the conversation, no specific song is mentioned for the karaoke activity scheduled on 20260425. The details of the songs chosen for the karaoke activities are discussed mainly for future events, including those on 20260525 and 20261019. Therefore, based on the information provided, there is insufficient data to determine which song Li Hua will sing at the karaoke activity on 20260425."
What flavor of cake did Hailey plan to bake for the bakery's anniversary celebration in February?,Insufficient information,"There is no specific mention of a cake flavor being planned for the bakery's anniversary celebration in February. The information provided focuses primarily on various events and activities at the bakery, such as the free baking class, bread-tasting events, and special promotions. The details regarding the anniversary celebration in February are limited to the fact that it will involve special sales and discounts, but no particular flavor of cake is mentioned for the anniversary event."
What type of dessert did Wolfgang plan to order for Li Hua during their dinner celebration?,Insufficient information,"Based on the conversation between Wolfgang and Li Hua, Wolfgang expressed interest in trying the risotto at Venedia Grancaffe during their dinner celebration due to its reported quality. However, Wolfgang also indicated he would be ordering pasta along with the risotto. There is no mention of Wolfgang planning to order a specific dessert for Li Hua during their dinner."
What were Raze's personal reasons for becoming a fitness coach before discussing pull-up techniques?,Insufficient information,"The given conversation does not contain information regarding Raze's background as a fitness coach or any discussion about pull-up techniques. The text primarily revolves around discussions about hydration, exercise routines, and workout strategies among friends. Therefore, no personal reasons for becoming a fitness coach can be inferred from the provided data."
"What new species of flowers will be featured in the community garden renovation, according to the feedback provided by Li Hua during the progress reports?",Insufficient information,"During the progress reports, Li Hua suggested including two types of flowers: lavender and coneflowers. Specifically, she mentioned, ""Maybe we could include a small herb section? That way, people can pick fresh herbs for their cooking. It would be nice to have some basil, mint, and rosemary! What do you think?"" and ""How about some lavender or coneflowers? They’re both beautiful and great for pollinators. Plus, they don’t require too much maintenance!"" This indicates that lavender and coneflowers are among the new species of flowers that will be introduced to the community garden as part of the renovation. Additionally, it was noted that the renovation will also include native plants, which are beneficial for attracting wildlife, as stated, ""Maybe we could include a small herb section? That way, people can pick fresh herbs for their cooking. It would be nice to have some basil, mint, and rosemary! What do you think?"" and ""Adding rocks sounds like a fantastic idea! It would give it a more organic feel and make it feel like part of the landscape."" Furthermore, the discussion touched upon the possibility of incorporating colorful annuals alongside the native plants, which would make the garden look vibrant all year round."
What specific construction projects were discussed at the meeting between Turalyon and the residents regarding noise control?,Insufficient information,"At the meeting held on October 8th, 2026, at 4:00 PM, Turalyon discussed the issue of noise control during construction with the residents. He proposed several measures to mitigate noise levels, which included limiting certain noisy activities during key hours and providing advance notifications to residents about any particularly loud work. Additionally, Turalyon suggested posting updates in the chat or putting up notices at the garden's entrance to keep everyone informed. The residents, including Malfurion Stormrage, Arthas Menethil, Muradin Bronzebeard, Rexxar Remar, Grom Hellscream, Chae Song-hwa, and Li Hua, supported these ideas and offered additional suggestions. For instance, Grom Hellscream proposed incorporating sound-absorbing materials for benches and play areas, while Muradin Bronzebeard suggested using native plant species that would not only reduce noise but also support local wildlife. The residents agreed that creating a designated area for native plants could serve as an educational point for visitors. Overall, the meeting aimed to find effective solutions to minimize noise disturbance during the construction phase of the garden renovation project."
What is the amount of rent Li Hua owes to Adam Smith for the months of April and May?,Insufficient information,"Based on the provided data, there are no entries specifically mentioning the rent owed by Li Hua for the months of April or May. The records only provide rent-related interactions for February (in January and February), March (in March and May), June (in June), and October (in October). Therefore, there is insufficient information to determine the exact amounts owed for April and May."
What song did Li Hua perform at the local music festival in 2026?,Insufficient information,"There isn't a specific song mentioned for the Local Music Festival in the provided data. The description for the Local Music Festival states that it is ""the event the band is planning to perform at, scheduled for the coming days."" However, no particular song is associated with this event. Instead, the data focuses on the musical plans and preparations for upcoming band gatherings, including a local gathering in December 2026 and a music festival. For the details of which song Li Hua performed at the Local Music Festival, there is no information available within the given context."
"What is the name of the restaurant where Li Hua and Wolfgang had dinner on the night of June 9, 2026?",Insufficient information,"There is no specific mention of a restaurant where Li Hua and Wolfgang had dinner on June 9, 2026, in the provided data. The conversations seem to revolve around various social engagements, including pizza nights, movie nights, and stand-up comedy shows, but do not detail a formal dinner date at a specific restaurant. Therefore, based on the information available, it is not possible to determine the name of the restaurant where they dined on that particular night."
What is the nutritional value of the new line of high-protein breads compared to traditional white bread?,Insufficient information,"There isn't direct nutritional data provided for the new line of high-protein breads compared to traditional white bread in the given information. However, we can infer some aspects based on the context. Jennifer Moore recommends whey protein as a great option for muscle recovery and building lean mass, which suggests these high-protein breads likely contain higher protein content than regular bread. Traditional white bread typically contains lower levels of protein compared to whole grain or multigrain varieties, which may offer additional nutritional benefits due to higher fiber and nutrient content. Without specific nutritional data for the new high-protein breads, we cannot make a precise comparison, but it's reasonable to assume they would be richer in protein than standard white bread."
What specific sleep techniques did Li Hua use to improve her study habits after reading the neuroscience article and discussing the warm shower with Chae?,Insufficient information,"In the discussion between ChaeSong-hwa and LiHua, ChaeSong-hwa shared that taking a warm shower before sleeping can enhance sleep quality. While there isn't a direct mention of LiHua using this technique specifically to improve her study habits, it aligns with the broader theme of enhancing sleep hygiene to improve cognitive functions. However, regarding the specific sleep techniques used by LiHua after reading the neuroscience article, there is no detailed information provided in the given conversation.The article mentioned that human beings form both short-term and long-term memories, highlighting the intricate processes involved in memory formation. This knowledge likely inspired LiHua to consider various methods to optimize her memory and learning capabilities. Without explicit details, it's speculative to infer specific techniques she might have employed, but she expressed appreciation for the insights gained and discussed the potential applications of this knowledge in therapy and education.Therefore, based on the available information, we can infer that LiHua likely incorporated strategies related to the enhanced sleep quality discussed by ChaeSong-hwa, such as maintaining a consistent bedtime routine, ensuring a comfortable sleeping environment, and possibly avoiding stimulating activities close to bedtime. These practices are commonly recommended to promote better sleep quality, which can indirectly support improved memory and learning abilities."
What type of special dietary restrictions does Li Hua follow when preparing meals for his family?,Insufficient information,"The data provided does not specify any particular dietary restrictions that Li Hua follows when preparing meals for his family. The conversations and interactions in the sources do not mention any specific dietary requirements or restrictions that Li Hua adheres to while cooking for his family. Therefore, based on the information available, there are no known special dietary restrictions that Li Hua applies when preparing meals for his family."
"What is the total cost of the air conditioner installation, including labor and materials, if Li Hua had previously discussed a budget of $2,000 with a different contractor?",Insufficient information,"There is no explicit information regarding the cost of the air conditioner installation or discussions about a budget involving Li Hua with a different contractor. The conversations recorded in the provided data primarily focus on scheduling, discussing various aspects of the air conditioning unit, and confirming preferences related to the type and placement of the equipment. Therefore, based solely on the information available, it is not possible to determine the total cost of the installation."
What type of fusion music does Wolfgang Schulz plan to create with Li Hua during their weekend trip to the music store?,Insufficient information,"Based on the conversations provided in the data, Wolfgang Schulz and Li Hua discuss various weekend activities and plans centered around music. During one of their discussions, Wolfgang mentions suggesting to Li Hua that they plan to go to a local music store on the weekend to explore new gear and get inspired for their next jam session. However, there is no specific mention of Wolfgang planning a particular fusion music style or creating a specific fusion genre with Li Hua. Instead, the focus seems to be on acquiring new musical equipment and being inspired by the musical offerings at the store. Wolfgang also mentions wanting to play Beatles songs, indicating that he might incorporate elements of their music, but no other fusion music types are discussed. Therefore, while Wolfgang and Li Hua may collaborate on music at the music store, there is no information provided about a specific fusion music creation between them."
What type of flowers were planted in the garden based on the residents' suggestions discussed by Turalyon?,Insufficient information,"Based on the discussions and suggestions provided, several types of flowers were considered for the garden. Turalyon suggested planting bluebells, which he described as a ""great option"" due to their beauty and charm. Additionally, residents expressed interest in having a variety of colors, mentioning camellias as another nice choice. Other residents also recommended including herbs, though these were noted as potentially for a future project rather than the primary focus for the current gardening initiative. The residents seemed enthusiastic about having a mix of flowers and herbs to create a diverse and attractive garden. The consensus was to vote on the flowers for the garden, which would allow residents to select the specific types they preferred. This inclusive approach ensures that the final garden will reflect the preferences and desires of the community."
"What type of air-conditioner did Li Hua select for Adam's living room, and how does its temperature regulation compare to the one in the basement?",Insufficient information,"There is no information provided in the given data about Li Hua selecting an air conditioner for Adam's living room or comparing its temperature regulation to that of the one in the basement. The conversations focus primarily on rent reminders, maintenance schedules, and occasional queries regarding the condition of various appliances or spaces within the apartment. Therefore, based on the details available, it is not possible to determine the type of air conditioner selected for the living room or compare its temperature regulation to that of the one in the basement."
What were Li Hua's specific fitness goals and how did Jennifer's advice on nutrition influence them during his training for a marathon?,Insufficient information,"Based on the conversations between Jennifer Moore and Li Hua, Li Hua's primary fitness goal appears to be improving his endurance, particularly for an upcoming marathon. This is evident from his discussions with Jennifer about boosting his endurance and incorporating various types of cardio and interval training into his routine. Jennifer's advice on nutrition played a significant role in supporting Li Hua's marathon training. She emphasized the importance of proper hydration and nutrition, suggesting he focus on consuming enough protein after workouts to keep his body in shape. Given that Jennifer is helping Li Hua prepare for a marathon, her nutritional guidance is crucial. Proper nutrition ensures that Li Hua has the necessary energy and recovery support to endure the long distances and maintain peak performance during the marathon. Ensuring adequate protein intake is particularly important for rebuilding muscle after intense training and competition, thus supporting Li Hua’s overall fitness goals. Additionally, staying hydrated is vital to prevent fatigue and maintain optimal physical function during the marathon."
What are the sales figures for the PS5 exclusive games released in 2026 that Thane discussed with group members?,Insufficient information,"Based on the conversations provided, there are no explicit mentions of sales figures for any PS5 exclusive games released in 2026 that Thane discussed with group members. The discussions focus more on Thane and Li Hua's opinions and preferences regarding various games, including ""Spider-Man: Miles Morales,"" ""Demon's Souls,"" and ""The Last of Us."" While they did express excitement about potential group purchases and shared some details about the games, there is no information available about the sales figures or performance of these exclusives."
"What specific techniques did Li Hua use to prepare for a marathon race that took place on September 1, 2026?",Insufficient information,"There is no specific information provided in the given data about Li Hua preparing for a marathon race on September 1, 2026. The data primarily focuses on discussions related to fitness, yoga, and workouts, with no mention of marathon preparations. Therefore, based on the available information, it is not possible to determine the specific techniques Li Hua used to prepare for the marathon race."
What food did Emily order for the group's discussion about Game of Thrones characters?,Insufficient information,"There is no information provided about Emily ordering food for the group's discussion about Game of Thrones characters. The discussion revolves around the show's characters and their stories, with no mention of food orders or preferences."
"What type of protein supplements did Li Hua use after the workout on September 19, 2026?",Insufficient information,"Based on the conversations recorded, there is no specific mention of the type of protein supplement that Li Hua used after their workout on September 19, 2026. However, Jennifer Moore suggested that Li Hua focus on post-workout protein intake to support her fitness goals, recommending whey protein due to its effectiveness in muscle recovery and lean mass building. This suggests that whey protein might be the type Li Hua used or should consider using after their workouts. Additionally, Jennifer recommended plant-based options like pea or rice protein, which could be alternatives if she prefers not to use whey. It is important for Li Hua to ensure adequate hydration alongside protein intake for optimal recovery."
What color was the curtain that Li Hua chose for his living room?,Insufficient information,"There is no information provided in the given text about the color of the curtain that Li Hua received. The conversation only mentions that Li Hua had received curtains and expressed her appreciation for the patterns, but does not specify the color. Therefore, based on the available data, we cannot determine the color of the curtain."
What specific measurements did Li Hua take for the window size before the installation of the curtain?,Insufficient information,"There is no information provided in the given conversations about Li Hua measuring the window size or any specific preparations related to the installation of the curtains. The interactions mentioned only cover discussions regarding the receipt of the curtains, plans for the installation, and some general talk about relaxation practices. Therefore, we cannot determine the specific measurements taken for the window size based on the details shared."
What is Thane's favorite type of food that he enjoys while playing video games?,Insufficient information,"There is no direct information provided in the given data about Thane Chambers' favorite type of food while playing video games. The data focuses more on conversations Thane participates in related to gaming, his preferences for games, and discussions about various aspects of gaming culture. While Thane does mention enjoying the graphics and storytelling of games like ""God of War,"" there is no explicit mention of food preferences during gaming sessions. Therefore, based on the information available, it is not possible to determine Thane's favorite type of food while playing video games."
What were the specific details of the negotiation between Jake Watson and Li Hua regarding player transfers from FC Barcelona to FC Bayern Munich?,Insufficient information,"There is no information provided in the given data tables about a negotiation between Jake Watson and Li Hua regarding player transfers from FC Barcelona to FC Bayern Munich. The conversations documented pertain to various aspects of football including discussions about managers, players, and matches, particularly those between Barcelona and Bayern Munich. There is no mention of any transfer negotiations or deals between these clubs."
What was the final match score of the 2025 UEFA Champions League final?,Insufficient information,"There is no information provided about the 2025 UEFA Champions League final in the given data. The tables contain details about various sports matches and events, including the 2011 Champions League Final and matches between Barcelona and Real Madrid, but there is no mention of the 2025 UEFA Champions League final. Therefore, we cannot determine the final match score based on the information available."
What was the exact date and time when Cersei Lannister first met Jaime Lannister in the Game of Thrones series?,Insufficient information,"Based on the information provided, there is no specific mention of the exact date and time when Cersei Lannister first met Jaime Lannister in the Game of Thrones series. The description focuses on Cersei's character development and her interactions with various characters, but does not provide details about when she first met Jaime."
What type of dessert did Wolfgang plan to have with Li Hua after their hot pot dinner on a different day?,Insufficient information,"Based on the conversation, Wolfgang and Li Hua discussed their plans for a hot pot dinner on a specific date, but no particular dessert was mentioned for their post-dinner plans. This discussion appears to be part of a broader set of casual conversations about various activities and preferences, including dining out and entertainment. Therefore, without additional context or information provided in the given data, it is not possible to determine the exact dessert Wolfgang planned to have with Li Hua after their hot pot dinner."
What did Jennifer say to Li Hua about their plan for a team swimming competition in December?,Insufficient information,"There is no mention of a team swimming competition scheduled for December in the provided conversations. The topics discussed revolve around personal fitness goals, workout plans, and general encouragement, but there is no specific reference to a December swimming competition. Therefore, based on the information given, we cannot determine what Jennifer said to Li Hua regarding their plan for the team swimming competition in December."
What strategy did Li Hua use to score a goal in the championship match against their rival team?,Insufficient information,"The provided data does not contain specific details about Li Hua scoring a goal in a championship match against the rival team. There is no information regarding a particular goal or the strategy used to score it. The conversations focus more on general topics related to soccer, such as defending strategies, player comparisons, and memorable moments in football history. For precise information about Li Hua's goal-scoring strategy in a championship match, additional data would be required."
What is Li Hua's favorite type of exercise outside of pull-ups?,Insufficient information,"Based on the conversations provided, Li Hua has expressed interest in a variety of exercises and activities. She mentioned enjoying football (soccer) matches, particularly those involving Barcelona and Real Madrid, indicating a passion for sports and athletics. However, the specific type of exercise she prefers outside of pull-ups is not explicitly mentioned in the given dialogue. Therefore, we cannot definitively determine Li Hua's favorite type of exercise beyond pull-ups from the information provided."
What time did Chae first suggest they visit the music festival in the morning?,Insufficient information,"In the conversation, Chae initially suggested visiting the music festival in the morning. Specifically, this suggestion was made during a discussion about potential activities after the festival. The context indicates that Chae was excited about the possibility of grabbing some food and soaking in the music vibe at the festival, suggesting they meet up around 2 PM. However, the precise morning time Chae first suggested for the music festival visit wasn't explicitly stated; only the morning activity of visiting the festival after the main event was mentioned."
What are the reasons behind Jennifer and Li Hua's decision to change their training routine for the following month?,Insufficient information,"In the conversations provided, there is no explicit mention of Jennifer and Li Hua deciding to change their training routine for the following month. However, we can infer some potential reasons based on the information given. In the most recent interaction (Source ID 7), Jennifer suggests adding some flexibility and balance work to Li Hua's routine, suggesting she believes these additions would complement Li Hua's current workouts and contribute to his overall fitness goals. This indicates a desire to evolve their training approach to potentially address Li Hua's evolving fitness needs and perhaps to prevent plateaus in his progress. Additionally, in Source ID 3, Jennifer encourages Li Hua to push himself further with a heavier weight on the bench press, showing her commitment to his growth and progression. These interactions suggest a continued interest in optimizing their training regimen rather than a sudden change in plans for the following month."
What specific gifts did Wolfgang buy for Li Hua during his trip to Hong Kong?,Insufficient information,"The provided data does not contain any information regarding specific gifts Wolfgang bought for Li Hua during his trip to Hong Kong. The data focuses primarily on Wolfgang's musical interests, his participation in music jam sessions, and conversations about various topics including food, gaming soundtracks, and dining experiences. There is no mention of any purchases Wolfgang made for Li Hua during their trip."
