Question,Gold Answer,minirag
Did Adam Smith send a message to Li Hua about the upcoming building maintenance schedule before the administrators announced a temporary change in the construction schedule due to weather conditions?,Yes,"There is no mention of Adam Smith sending any messages regarding the maintenance schedule to Li Hua prior to any announcements about a temporary change in the construction schedule due to weather conditions. The records provided focus primarily on Adam Smith coordinating maintenance activities and addressing various concerns raised by Li Hua, but do not include any specific communications related to a changed construction schedule. Therefore, based on the available information, it cannot be determined whether Adam Smith communicated such a change to Li Hua."
"Did Wolfgang ask Li Hua about watching ""Star Wars: A New Hope"" after he asked Li Hua about going to see ""Overwatch 3""?",Yes,"In the provided conversation snippets, Wolfgang does inquire about watching ""Star Wars: A New Hope"" with Li Hua after they discuss attending ""Overwatch 3"". Specifically, Wolfgang asks Li Hua if he wants to hang out after work and mentions, ""Hey Li Hua! Wanna hang out after work?"" Li Hua responds positively, saying, ""Yeah, absolutely!"" and Wolfgang follows up by asking, ""Hey man! Just wondering if you want to watch the classic movie Star Wars: A New Hope at my place after work today?"" This indicates that Wolfgang did indeed ask Li Hua about potentially watching ""Star Wars: A New Hope"" following their discussion about ""Overwatch 3""."
Did Li Hua agree to go out for dinner after Wolfgang first asked him if he wanted to go out for dinner?,Yes,"No, Li Hua initially declined Wolfgang's invitation to go out for dinner, stating that he had been ""super busy lately."" However, Wolfgang suggested another day and noted, ""Just let me know when you're free!"" This implies that Wolfgang was still open to the idea of dinner, but Li Hua needed more time to decide. Li Hua then agreed to meet Wolfgang for lunch at a cozy café downtown at 12:00, which occurred on a different date (20260108). Therefore, Li Hua did not agree to go out for dinner right after Wolfgang asked him to, but they did eventually plan a lunch date."
Did Li Hua send a message to Jennifer thanking her for the new training schedule before he requested a change in his training schedule for Thursday?,Yes,"No, there is no mention of Li Hua thanking Jennifer for the new training schedule before he asked to change it. The conversation regarding the new training schedule happens in the sixth message, where Jennifer offers to adjust the training plan, and Li Hua expresses excitement and readiness to start the new routine. Following this, in the seventh message, Li Hua requests to reschedule their training session from the originally planned time to a future Thursday, without indicating any prior thank you for the previous arrangement."
Did Li Hua ask Jennifer for advice on how to prevent muscle soreness after an intense workout session before he told her that he feels soreness in his arm muscles after the workout this week?,Yes,"Yes, according to the conversation records, Li Hua did inquire about preventing muscle soreness from an earlier session. Specifically, in the interaction dated 20261211_11:00, Li Hua asks Jennifer for tips to relieve soreness he experienced after their recent workout. Jennifer responds with several suggestions including hydration, active recovery, stretching, foam rolling, and resting. This indicates that prior to his complaint of soreness, Li Hua had already sought advice from Jennifer regarding muscle soreness prevention."
Did Li Hua send a message to Jennifer asking for her opinion on protein supplements before he consulted her about his daily protein powder consumption?,Yes,"Yes, Li Hua did ask Jennifer for her opinion on the best type of protein supplement to help him achieve his fitness goals. This inquiry came before he specifically asked about adjusting his protein powder servings to meet his daily protein intake needs. Specifically, in one of the conversations, Li Hua asked Jennifer, ""Hey Jennifer! What's your opinion on the best type of protein supplement that could help me with my fitness goals?"" Jennifer responded by recommending whey protein for muscle recovery and building lean mass, and suggested possible plant-based alternatives like pea or rice protein. Thus, it's clear that Li Hua sought Jennifer's advice on protein supplements before focusing on adjusting his protein powder intake."
"Did Yuriko ask Li Hua for help with her studio's homepage before she booked a seat at the ""Central Perk"" cafe?",Yes,"Yes, based on the conversations recorded, Yuriko did indeed seek help from Li Hua regarding her studio's homepage improvements before they planned to meet at ""Central Perk"" café. In one of their earlier meetings, Yuriko specifically mentioned wanting to test a new feature for automatically scheduling available time on the studio homepage. She asked Li Hua to help her with this, indicating that she had already reached out to Li Hua regarding her studio's homepage improvements prior to their meeting at ""Central Perk""."
Did Li Hua discuss his progress with the fitness plan before he shared a blog post about his recent fitness achievements?,Yes,"Based on the conversations documented in the provided data, there is no explicit mention of Li Hua discussing his progress with Jennifer Moore regarding the fitness plan before sharing a blog post about his achievements. The available exchanges primarily focus on the specifics of the workout plans, Jennifer's encouragement, and the upcoming sessions rather than detailed discussions about Li Hua's progress updates. Therefore, we cannot definitively conclude that such a discussion occurred prior to him writing the blog post. However, the interactions suggest that both parties were actively involved in monitoring Li Hua's progress and making adjustments to the plan accordingly."
Did Li Hua send a message to Jennifer asking if he can turn the Thursday class to Friday after he requested a change in his training schedule for Thursday?,Yes,"No specific message indicating a request to reschedule Li Hua's class from Thursday to Friday was found in the provided data. The only reference to a potential rescheduling was a conversation where Li Hua mentioned an unexpected work meeting on Thursday, which led him to inquire if he could move their training session to Friday. However, no confirmation or acceptance regarding the change was documented in the sources. Therefore, based on the information available, it cannot be concluded that Li Hua directly asked Jennifer to change the class from Thursday to Friday."
Did Li Hua ask Yuriko to play music together before Wolfgang proposed to pause playing musical instruments?,Yes,"Based on the information provided, there is no direct mention of Li Hua inviting Yuriko to play music together prior to Wolfgang proposing they pause Wolfgang's musical pursuits. The first interaction involving Wolfgang and Yuriko seems to be in the context of Li Hua introducing them for a jam session, where Wolfgang is described as suggesting Yuriko to contribute a track to the band's performance lineup for the Local Music Festival. However, the specific request from Li Hua for Yuriko to play music with him does not appear in the given data. It appears Wolfgang was the one to suggest to Li Hua that Yuriko should join them for their jam session, following Li Hua's introduction of Yuriko to Wolfgang. Therefore, while Wolfgang did propose to pause playing musical instruments, the invitation of Yuriko to play music together with Li Hua seems to have been Wolfgang's idea rather than Li Hua's initial request."
"Did Wolfgang Schulz recommend the band learns ""Viva la Vida"" by Coldplay after he and Li Hua discussed what song to play this Sunday?",Yes,"Yes, according to the records, Wolfgang Schulz did suggest the band learn and incorporate ""Viva la Vida"" by Coldplay into their set list for their upcoming jam session. This suggestion was made during a conversation between Wolfgang and Li Hua, where they agreed that the song would be a good addition and would elevate their performance."
Did Wolfgang's promotion announcement occur before he invited Li Hua for dinner on 20260430?,Yes,"Based on the information provided in the sources, WolfgangSchulz's promotion announcement happened on 20260430_17:00, which indicates a dinner invitation to WolfgangSchulz's favorite Italian restaurant on the same day, 20260430. This suggests that Wolfgang's promotion announcement occurred prior to his dinner invitation with Li Hua on April 30th. Therefore, Wolfgang's promotion announcement did indeed happen before the dinner invitation on 20260430."
Did Turalyon announce the construction updates and feedback from residents after Illidan Stormrage complained about the construction noise?,Yes,"In the provided conversation, Turalyon did not directly address feedback from residents regarding construction noise after Illidan Stormrage expressed his concerns. Instead, the focus was on discussing various aspects of the garden renovation and noise management strategies. After Illidan Stormrage mentioned that he was concerned about the noise, the subsequent messages primarily revolved around ideas for managing noise levels, including temporary barriers, using quieter tools, and providing advance notifications to residents. Turalyon proposed ideas such as posting updates in the chat, putting up a notice board at the entrance of the garden, and considering sound-absorbing materials for benches and play areas. Muradin Bronzebeard suggested a notice board that could also include information about the types of flowers being planted and rest area updates. Grom Hellscream proposed incorporating tall shrubs or trees along the perimeter to act as a natural barrier, which Turalyon supported as a good idea. The discussion continued with ideas for creating a specific area for native plants and adding signs to educate residents about the benefits of these plants. Additionally, suggestions were made to use eco-friendly materials for seating areas and to ensure that the garden would be inclusive, accommodating different needs with wider paths, dedicated parking, and seating areas designed to blend well with the surroundings. While Illidan Stormrage and Turalyon were involved in the conversation, there is no direct mention of Turalyon announcing construction updates or summarizing feedback from residents about the noise issue. Instead, the conversation centered around developing solutions to mitigate the noise during the construction period."
Did Hailey announce the new line of high-protein breads before inviting Li Hua to the special bakery event?,Yes,"No, there is no mention of Hailey announcing the new line of high-protein breads before inviting Li Hua to the special bakery event. The invitation to the event is detailed in entry 15, which takes place from April 15 to 17. Entry 20 indicates that the new high-protein breads were announced just before the event, stating, ""Hey Li Hua! Just wanted to let you know we're launching a new line of high-protein breads! Perfect for fitness lovers like you. Can't wait for you to try them! 🥖💪"" Following this announcement, Li Hua expresses interest in trying the new breads, saying, ""That sounds amazing! I’m definitely interested in trying those high-protein breads. When will they be available for delivery?"" This suggests that the announcement came after the event invitation but before the specific date for the new breads' availability."
Did Chae tell Li Hua that taking a warm shower before sleeping can improve the sleep quality before sharing the neuroscience article with her?,No,"In the conversation, ChaeSong-hwa does mention to LiHua that taking a warm shower before sleeping can improve sleep quality, specifically noting ""It’s amazing how much it helps!"" This discussion about the benefits of a warm shower occurs prior to ChaeSong-hwa sharing the article about human memory formation with LiHua. Therefore, Chae did indeed inform LiHua about the positive effects of a warm shower on sleep quality before moving on to discuss the neuroscience article."
Did Li Hua ask Jennifer Moore for book recommendations on fitness nutrition before she announced the special guest speaker at the gym?,No,"No, Li Hua did not ask Jennifer Moore for book recommendations on fitness nutrition before she announced the special guest speaker. According to the timeline provided, Jennifer Moore recommended books and resources for fitness nutrition earlier in the year, suggesting ""The New Rules of Lifting"" by Lou Schuler and Alwyn Cosgrove, and Precision Nutrition online courses. This recommendation occurred in a conversation dated 20260831_19:00, whereas the announcement of the special guest speaker was made in a conversation dated 20260619_08:15. Thus, there is no mention of Jennifer Moore offering book recommendations regarding fitness nutrition prior to the guest speaker announcement."
Did Jennifer remind Li Hua about proper nutrition and hydration before Jake shared his tips for staying hydrated during the match?,Yes,"In the conversation, Jennifer did not specifically mention proper nutrition and hydration before Jake shared his tips for staying hydrated during the match. Jennifer focused on reminding Li Hua about making sure she was getting enough protein after workouts and suggested a fun plan for the weekend, including a hike and possibly playing games or jamming with the band. Later, Jennifer reminded Li Hua to stay hydrated and encouraged her to focus on proper hydration and nutrition. It appears that Jennifer's focus shifted to nutrition and hydration advice after Li Hua asked about improving her endurance and receiving tips from Jennifer herself. Therefore, Jennifer did not remind Li Hua about proper nutrition and hydration before Jake shared his tips."
Did the group members talk about their favorite characters in the TV series Game of Thrones after Emily started a vote on the most hateable character?,Yes,"The conversation initiated by Emily Burnett did not specifically revolve around discussing the favorite or hateable characters in Game of Thrones. Instead, the participants engaged in discussions about individual characters, focusing on the arcs of Jaime Lannister, Tyrion Lannister, and Cersei Lannister. Emily began by talking about Jaime Lannister's journey, noting his transformation from an arrogant knight to someone with depth and vulnerability. She highlighted pivotal moments such as his confrontation with Cersei in season 7 and his bond with Brienne of Tarth, which she believed helped humanize him.Another participant, Rowan, echoed this sentiment, emphasizing how Jaime's internal conflict and growth throughout the series made him a compelling character. He discussed the significance of moments like saving Brienne during a battle and the turning point in season 6 when they were captured by Bolton soldiers, which revealed a more nuanced side of Jaime.The discussion also touched on Tyrion Lannister, whose wit and intelligence were noted as standout features by Emily. The group discussed his character development and intelligence, particularly mentioning his role in saving King's Landing by blowing up the Wildfire. Phaedra shared her appreciation for Tyrion's iconic line, ""I drink and I know things,"" highlighting his cleverness.Moving on to Cersei Lannister, the group reflected on her character arc. Emily mentioned how Cersei evolved from a love-struck girl to a power-hungry queen, driven by the loss of her children. Rowan noted the complexity of her character, including her ruthless embrace of power and the tragic end she met in the series finale. The group explored various aspects of her character, such as her relationship with power, her struggle with loyalty, and her interactions with other characters like Tyrion and Tywin Lannister.While the participants did not explicitly discuss their favorite characters or vote on the most hateable character, their discussions centered on the intricate and multifaceted characters of Game of Thrones, providing insights into the different paths they took and the emotional journeys they experienced."
Question: Did Jennifer remind Li Hua to consume enough protein after the workout before she shared tips with the group members on common mistakes to avoid after an intense workout?,Answer: Yes,"In the conversations shared, Jennifer does not explicitly remind Li Hua to consume enough protein after their workouts before sharing tips with the group members. The initial interaction between Jennifer and Li Hua regarding protein intake occurs in a private conversation where Jennifer advises Li Hua to ensure he is getting enough protein after their workouts. This recommendation is part of a broader discussion about the importance of protein for maintaining a fit body, which includes reminding Li Hua to focus on his protein intake after their sessions. However, there is no indication that this private advice was given before Jennifer shared her tips with the group members. Therefore, based on the available data, it seems Jennifer did not remind Li Hua to consume enough protein after their workout before addressing the group on common mistakes to avoid."
Did Li Hua ask Thane about his opinion on The Last of Us before he asked about Sekiro: Shadows Die Twice?,No,"No, based on the conversations provided, Li Hua did not inquire about Thane's opinion on The Last of Us before asking about Sekiro: Shadows Die Twice. In the first interaction, Li Hua directly asks Thane about Sekiro: Shadows Die Twice, stating, ""Hey Thane! What do you think about Sekiro: Shadows Die Twice? I've been thinking about getting it. Is it worth it?"" Following this, Thane provides a detailed recommendation for Sekiro: Shadows Die Twice, mentioning the game's unique combat system, challenging battles, and engaging story. Thereafter, Li Hua transitions to ask about The Last of Us. Therefore, the information given does not indicate that Li Hua had previously asked Thane about his thoughts on The Last of Us."
Did Jake Watson and Li Hua discuss the classic matches between FC Barcelona and FC Bayern Munich before the group members discussed the classic matches between FC Barcelona and Real Madrid?,Yes,"Jake Watson and Li Hua did not directly discuss the classic matches between FC Barcelona and FC Bayern Munich before the group members discussed the classic matches between FC Barcelona and Real Madrid. Instead, Jake Watson mentioned his admiration for the dramatic matches between Barça and Bayern Munich, indicating that Li Hua had previously shared her thoughts on these classic matches. Li Hua shared her enthusiasm for these matches, noting the intense drama and emotional highs in the encounters between Barça and Bayern Munich, particularly highlighting the comebacks and the overall quality of the performances. This suggests that Jake Watson had heard about these matches from Li Hua, but the specific discussion about the matches was not part of the immediate conversation among the group members."
Did the group members debate about the best football manager in the Premier League history after they debated if Pep Guardiola is the greatest soccer manager in football history?,Yes,"The group did engage in a discussion about the best football manager in the Premier League history. This discussion occurred following a conversation where Jake Watson asked LiHua and JakeWatson to share their opinions on who they believed was the best football manager in Premier League history. Farrah chimed in by suggesting Klopp, who she described as having transformed Liverpool into a powerhouse and bringing back a winning mentality. JakeWatson agreed that Klopp is definitely among the top, praising his energy and the intensity he brings to the table. Additionally, the group talked about Pep Guardiola, acknowledging his significant impact on the game with Manchester City. They noted that Guardiola's style is ""just something else"" and that his teams play ""just thrilling to watch."" This exchange indicates that the group debated the best Premier League manager, specifically comparing Klopp and Guardiola. However, they did not directly address the broader question of who is the best football manager in the history of the sport, which was not part of the initial discussion."
Did the discussion about Jaime Lannister's character occur after the discussion about Cersei Lannister's character?,Yes,"The provided discussions seem to be independent of each other, focusing on different characters and their respective arcs within the narrative of ""Game of Thrones."" There is no explicit mention of one discussion occurring immediately after the other. Therefore, based on the information available, we cannot definitively state whether the discussion about Jaime Lannister's character occurred after or before the discussion about Cersei Lannister's character. Each discussion appears to be self-contained and discusses the characters' journeys independently of one another."
Did Wolfgang ask Li Hua if she wants to have pizza for dinner after work today before he wondered if she wanted to have Sichuan hot pot for dinner tonight?,No,"Based on the information provided in the data, Wolfgang did not ask Li Hua if she wanted to have pizza for dinner after work today before he suggested having Sichuan hot pot for dinner tonight. The data shows that Wolfgang and Li Hua had a conversation about having hot pot for dinner tonight, which indicates that Wolfgang made the suggestion for the Sichuan hot pot meal without previously discussing pizza for dinner after work. This can be seen in the following conversation:```markdownTime: 20260930_16:00LiHua: Hey man! Wanna go have hot pot for dinner tonight? Let me know!WolfgangSchulz: Hot pot sounds perfect! Sichuan is my fave. What time are we thinking?LiHua: How about 7 pm? That should give us enough time to get ready!```In contrast, the discussion about having pizza for dinner after work is presented in a separate interaction:```markdownTime: 20261015_15:00WolfgangSchulz: Hey man! Wanna grab some pizza for dinner after work? 🍕LiHua: That sounds awesome! What's your favorite place for pizza?WolfgangSchulz: I'm a fan of that new pizza place downtown. Heard they have some amazing toppings! What do you think?LiHua: I've been wanting to try that place! Let's go there then. What time do you want to meet?```Therefore, Wolfgang did not consult Li Hua about having pizza for dinner after work before suggesting Sichuan hot pot for dinner tonight."
Did Jennifer challenge Li Hua to do 60 pull-ups in a training session after she challenged him to do 100 pushups?,Yes,"Yes, Jennifer did challenge Li Hua to do 60 pull-ups in a training session after he had already accepted her challenge to complete 100 push-ups. This challenge occurred in a training session mentioned in Source 11, where Jennifer asked Li Hua if he was ready for this week's challenge, specifically mentioning, ""Hey Li Hua! Are you ready for this week's challenge? How about 60 pull-ups in a row? I know you can crush it! 💥💪 Let's aim high!"" Li Hua responded positively, stating, ""Wow, 60 pull-ups? That sounds intense! I'm up for the challenge! Just gonna need to get my mind focused and maybe some extra protein shakes this week. Let’s do this! 💪😄"" Thus, following their agreement to complete 100 push-ups, they proceeded with a new challenge for 60 pull-ups."
Did Jake share common knowledge about offside in soccer with Li Hua before he passed practical techniques to Li Hua on how to avoid offside for a forward?,Yes,"In the conversation, Jake Watson did provide common knowledge about the offside rule in soccer to Li Hua. Specifically, Jake explained that ""offsides refers to a rule in soccer where an attacking player must not be ahead of the last defender when receiving the ball."" He further elaborated that it is ""basically when an attacking player is ahead of the last defender (excluding the goalie) at the moment the ball is passed to them."" This explanation aligns with the definition found in the provided data table, indicating that Jake shared basic understanding of the rule with Li Hua before moving on to practical techniques. However, it is important to note that the data does not explicitly state that Jake proceeded to teach Li Hua specific methods to avoid being in an offside position. Instead, the interaction suggests that Jake's initial explanation was followed by a request for a practical demonstration of the concept, which Li Hua agreed to. Thus, while Jake did provide common knowledge about the offside rule, the specific technique for avoiding offside was not covered until after Jake proposed a practical demonstration."
Did Wolfgang arrive in Hong Kong after he informed Li Hua about his upcoming trip?,Yes,"Based on the information provided in the conversation records, Wolfgang informed Li Hua about his upcoming trip to Hong Kong on two occasions: one on December 19th at 19:00 (Source 1) and another on June 27th at 12:00 (Source 3). There is no explicit mention of Wolfgang arriving in Hong Kong after these notifications. Therefore, we cannot confirm that Wolfgang arrived in Hong Kong after informing Li Hua about his trip. However, the dates suggest that Wolfgang likely arrived in Hong Kong sometime between June 27th and December 19th, during which he was presumably en route to his destination."
"What time does Li Hua watch the movie ""Overwatch 3""?",20260122,"There is no mention of a movie titled ""Overwatch 3"" in the provided conversation. The context revolves around various events such as movie screenings, stand-up comedy shows, and social gatherings. Therefore, no specific time is given for Li Hua to watch ""Overwatch 3""."
"Who does Li Hua go to watch the movie ""Overwatch 3"" with?",Wolfgang,"In the provided conversations, there is no mention of Li Hua watching ""Overwatch 3."" Instead, conversations revolve around various topics including a Marvel clip, the TV series ""Chernobyl,"" the video game ""The Last of Us,"" and Wolfgang Schulz's opinion on ""Sekiro: Shadows Die Twice."" There is also a casual conversation about a jam session featuring Wolfgang Schulz, Li Hua, and Yuriko Yamamoto, but no details are given regarding the movie ""Overwatch 3."" Therefore, based on the available data, we cannot determine who Li Hua goes to watch ""Overwatch 3"" with."
Has Wolfgang ever been to Hong Kong?,Yes,"Based on the information provided, Wolfgang has not previously visited Hong Kong. This can be inferred from the statements ""Wolfgang is a participant in virtual conversations, sharing his musical interests and participating in jamming sessions."" and ""Wolfgang won't be able to make it to practice this week. I have a business trip to Hong Kong."" These indicate that Wolfgang is traveling to Hong Kong for the first time on a business trip."
Who knows about Wolfgang going to Hong Kong?,LiHua & Chae & Yuriko,"Based on the information provided, several individuals are aware that Wolfgang is heading to Hong Kong. Specifically, WolfgangSchulz mentions in his travel update that he is ""off to Hong Kong for a couple of days next week."" Additionally, there are two messages indicating LiHua is informed about Wolfgang's upcoming trip. The first message is a reminder from Wolfgang to LiHua that he wants to grab something while he's in Hong Kong, and the second message is a suggestion for a dinner date with Wolfgang. Therefore, WolfgangSchulz and LiHua are both aware of Wolfgang's trip to Hong Kong. Other participants in the conversation, such as Yuriko Yamamoto and Chae Song-hwa, are not specifically mentioned as being aware of Wolfgang's travel plans, though they may be indirectly aware through communication with LiHua."
Who wished Li Hua a happy Lunar New Year?,Adam Smith & Jennifer Moore & Wolfgang Schulz,"Li Hua was wished a happy Lunar New Year by both Adam Smith and Wolfgang Schulz. Specifically, Adam Smith expressed his wishes in a message sent on January 19, 2026, at 11:30 AM, wishing Li Hua a ""very happy Lunar New Year!"" and hoping she has a ""great time celebrating."" Wolfgang Schulz also wished Li Hua a happy Lunar New Year on the same date and time, expressing his excitement about the upcoming festivities and asking about her plans."
Who introduced the bread delivery service and recommend Alice for the delivery?,HaileyJohnson,"The bread delivery service was introduced by HaileyJohnson, who highlighted the convenience and quality of doorstep delivery, especially for busy individuals. HaileyJohnson also recommended Alice for the delivery role, stating that Alice is ""super friendly"" and will be handling the doorstep delivery service for milk and bread starting from Monday and Friday mornings at 8 AM. HaileyJohnson emphasized that Alice is doing an excellent job with the deliveries."
What is the opportunity that makes Wolfgang and Yuriko acquaitances?,LiHua introduce them to each other by saying that they can play music together every Sunday,"The primary opportunity that brings Wolfgang and Yuriko together is the Sunday jam session organized by LiHua. Initially, Wolfgang is introduced to Yuriko by LiHua during a conversation, where Wolfgang mentions that he thinks they would ""hit it off"" and that Yuriko is LiHua's best friend. Subsequently, LiHua invites Yuriko to join Wolfgang and him for their jam session. This interaction sets the stage for their friendship and collaboration, as evidenced by their mutual enthusiasm and excitement about the upcoming jam session. Yuriko expresses her interest in joining the jam sessions, which further cements their relationship and the shared musical experiences they look forward to."
What was the content of the first-ever delivery from Hailey to LiHua and what was LiHua's opinion about it?,a fresh sourdough loaf and a bottle of milk and LiHua praises Hailey's bread and milk,"The data provided does not contain the content of the first-ever delivery from Hailey to LiHua. However, based on the subsequent interactions, it seems that Hailey Johnson offers doorstep delivery services for fresh milk and bread, which LiHua expresses interest in utilizing. In one interaction, LiHua mentions, ""I tried that new pastry you have! It was delicious. I'll definitely be coming back for more. Your baking never disappoints! 🥳🍞"" This indicates that the previous deliveries were satisfactory, but there is no specific mention of the content of the very first delivery. In another interaction, LiHua mentions, ""Hey Hailey! The bread was amazing, as usual! I loved the freshness."" This suggests that the most recent delivery of fresh bread was appreciated. Given the lack of explicit information about the first delivery, we cannot definitively state the content of the first delivery; however, it likely included freshly baked bread, similar to the ones discussed later in the conversations."
What opportunity did LiHua create for Chae to meet Wolfgang and Yuriko?,LiHua introduced Chae to Wolfgang and Yuriko during the band's gathering on Sunday evening,"In the provided conversation, LiHua introduces Wolfgang and Yuriko to each other, describing them as ""my best buddy"" and ""an amazing speech therapist with her own studio."" LiHua also suggests that Wolfgang and Yuriko participate in a jam session together, indicating that LiHua facilitated their meeting and introduced them to each other for the purpose of creating a musical environment. However, there is no explicit mention of a specific event or opportunity created by LiHua for Chae to meet Wolfgang and Yuriko. The interactions described involve LiHua introducing Wolfgang and Yuriko to each other, but the creation of an opportunity for Chae to meet them is not detailed within the given context."
What special offerings did Hailey have for her backery shop in the month of May?,a special Mother's Day bakery promotion & a special summer promotion on ice cream & a free baking class at the end of May & banana durian cheesecake,"In the month of May, Hailey Johnson offered several special offerings at her bakery. One notable event was the free baking class that she hosted. This event attracted Li Hua, who expressed enthusiasm about attending. Additionally, in mid-May, Hailey announced a special promotion for pastries and ice cream, encouraging customers to try her new flavors like mango and coconut. There were also mentions of a community bake sale, though details regarding specific offerings from Hailey's bakery were not provided. Overall, May featured a variety of engaging events and promotions designed to enhance the customer experience and showcase Hailey's innovative baking skills."
What feedbacks does Hailey ask from LiHua in July?,feedback on the bread delivery service & customer feedback on a new line of artisanal donuts,"In July, Hailey Johnson reached out to Li Hua to gather feedback on a bread-tasting event that was scheduled to happen from April 15 to 17. Specifically, Hailey planned to have Li Hua chat with customers and collect their thoughts on the different breads. Additionally, Hailey requested that Li Hua jot down some customer favorites during these interactions. Li Hua was enthusiastic about participating and agreed to help, expressing excitement to make the event ""a fun day."""
How long does it take in total from LiHua planning on getting the air-conditioner to the air-conditioner been installed?,about 27 days,"The timeline from LiHua's initial interest in obtaining an air-conditioner for the basement until its installation is detailed across several messages. From AdamSmith's message dated 20260716_10:00, where LiHua expressed her interest in adding an air-conditioner to the basement, it took some time for the planning and decision-making process. This includes discussions about the type of air-conditioner to be chosen, whether it should be split-type or otherwise, and the size and dimensions needed. AdamSmith suggested a split-type air-conditioner as a recommendation for the basement due to its efficiency and quieter operation, and advised LiHua to aim for a split-type air-conditioner with suitable cooling capacity. However, the exact date of the installation is not specified in the provided messages.The most recent message regarding the installation is dated 20260824_19:00, where AdamSmith asks LiHua if the air-conditioner is working well. Given this, we can infer that the timeline from LiHua expressing interest in the air-conditioner to its installation spanned at least two months (from July to August), including discussions, decisions, and possibly delays in the installation itself. However, without explicit dates for the installation, the precise duration remains uncertain."
Did it take more than 3 weeks from LiHua planning on getting the air-conditioner to the air-conditioner been actually installed?,Yes,"No, based on the timeline provided, it appears that the process did not take more than 3 weeks. Initially, LiHua expressed interest in adding an air-conditioner to the basement (record 1). AdamSmith confirmed the possibility and advised LiHua to consider a split-type air-conditioner suitable for the basement (record 5). The actual installation took place on record 2, which states that the contractor team was scheduled to install the AC in the basement at 6 PM on August 12th. Therefore, from the initial discussion to the installation, it seems the process was completed within a week, which is less than three weeks."
Did it take more than a week from Adam asking LiHua about the ideal installation date to Adam reminding LiHua about the contractor team installing air-conditioner at 18:00?,Yes,"No, it did not take more than a week for Adam to coordinate the air-conditioner installation with the contractor team. The initial inquiry took place on August 3rd at 13:00, when Adam reached out to the contractor regarding the details of the air-conditioner installation. Following this, there were several subsequent communications, including reminders and discussions about the ideal installation date. On August 9th at 12:00, Adam followed up to check if LiHua had had a chance to review the warranty and maintenance plans for the air conditioner, which LiHua responded to the following day on August 10th at 18:00. This timeline shows that the process from Adam's initial contact to the final reminder about the installation was completed within a week."
Who does LiHua want to invite to the photo exhibition and who goes with him (during August)?,Wolfgang,"LiHua mentioned planning to attend a photography exhibition in August, but no specific invitees were mentioned. The user provided a series of conversations involving LiHua and WolfgangSchulz, indicating plans for various activities, but there is no explicit mention of an invitation to the photography exhibition. Therefore, based on the available data, we cannot determine who LiHua wants to invite to the photo exhibition in August."
Is the time interval between LiHua asking JakeWatson to help him with dribbling skills and Li Hua asking the group about classic must-watch UCL matches more than 2 days (restrict your search within August)?,Yes,"To determine if the time interval between LiHua asking JakeWatson to help him with dribbling skills and Li Hua asking the group about classic must-watch UCL matches is more than 2 days, we need to examine the timestamps for these interactions.Firstly, LiHua asks JakeWatson to help him with dribbling skills on August 19 at 10:00. Secondly, LiHua asks the group about classic must-watch UCL matches on October 5 at 10:05. Let's calculate the difference between these two timestamps:- The first interaction occurred on August 19 at 10:00.- The second interaction occurred on October 5 at 10:05.The time difference between August 19 and October 5 is more than 2 days. Therefore, the time interval between LiHua asking JakeWatson to help him with dribbling skills and Li Hua asking the group about classic must-watch UCL matches is indeed more than 2 days."
Is the time interval more than 3 days between LiHua asking Adam to help him install a curtain on the basement window and Adam asking LiHua to measure the size of the window?,Yes,"To determine if the time interval between LiHua asking Adam to help install the curtain and Adam requesting to measure the window size is more than three days, we need to review the timestamps of these interactions.From the records:- The interaction where LiHua asks Adam to help install the curtain in the basement window occurred on **20260921_16:00**.- The interaction where Adam requests to measure the size of the window for the curtain occurred on **20260928_10:00**.Calculating the difference between these two timestamps:- From 20260921_16:00 to 20260928_10:00 is approximately 7 days and 14 hours.Since the difference is more than 3 days, the answer is yes, the time interval between LiHua asking Adam to help install the curtain and Adam requesting to measure the size of the window is indeed more than 3 days."
Is the time interval more than 7 days between Adam asking LiHua to measure the size of the window and Adam informing Li Hua that he has booked the curtain of the right size?,Yes,"No, the time interval between Adam asking Li Hua to measure the size of the window and Adam informing Li Hua that he has booked the curtain of the right size is less than 7 days. According to the conversation, this sequence of events took place within a single day. Specifically, the interaction occurred on 20260106_13:00, where Li Hua requests Adam to measure the size of the window, and on the following day (20260107), Adam informs Li Hua that he has booked the curtain in the correct size. Therefore, there is no more than a 7-day gap between these two actions."
Is the time interval more than 3 days between LiHua confirming that he has received the curtain and Adam asking LiHua if the curtain is all good?,Yes,"Based on the information provided in the conversation, there is a time interval of approximately 3 days between LiHua confirming receipt of the curtains on October 12th and Adam asking if the curtains are still good on October 19th. Specifically:1. On October 12th, LiHua informs Adam that he has received the curtains, saying ""Yep, I have received it yesterday!"" (content from Source 1).   2. On October 19th, Adam asks Li Hua if the curtains are still good, stating ""Hey Adam! Just wondering if you want to watch the classic movie Star Wars: A New Hope at my place after work today?"" (content from Source 6).Therefore, the answer is yes; there is indeed a time interval of more than 3 days between LiHua confirming receipt and Adam asking if the curtains are still good."
Is the time interval more than 3 days between LiHua first asking Adam if he can buy a small fridge for the basement and Adam asking LiHua about the size of the fridge?,Yes,"The time interval between LiHua first asking Adam if he could get a small fridge for the basement and Adam asking about the size of the fridge is exactly 14 days. This can be determined from the following timestamps:- LiHua asks Adam about the small fridge on November 10, 2026 (Time: 20261110_11:00).- Adam asks about the size of the fridge on November 23, 2026 (Time: 20261123_23:00).Since the difference between these two dates is exactly 14 days, the time interval is not more than 3 days. Therefore, the statement in the question is incorrect."
Is the time interval more than 7 days between Adam asking LiHua about the size of the fridge and Adam informing LiHua that the fridge will be delivered at 4pm next day?,Yes,"The time interval between Adam asking LiHua about the size of the fridge and Adam informing LiHua that the fridge will be delivered at 4 pm the following day is less than 7 days. Specifically, the first interaction occurred on November 10, 2026, at 11:00 AM, and the second occurred at 23:00 on November 23, 2026. Therefore, the time gap is only 13 days, which is significantly shorter than the 7-day threshold mentioned in the question."
Wolfgang suddenly becomes very concerned about good body shape and healthy food choices in December. What are the two conversations he had with LiHua in December that reflect this?,20261202_14:00 & 20261209_19:00,"In December, Wolfgang expressed a newfound concern for his body shape and healthy food choices through two interactions with LiHua. The first conversation occurred on December 28th at 10:00 AM, where Wolfgang shared his desire to showcase some pictures he took in Hong Kong. He mentioned that he was thinking about Thai food for dinner that evening and asked LiHua what she thought of the idea. This conversation highlights Wolfgang's interest in maintaining a healthy lifestyle and possibly exploring new cuisines. The second significant interaction was on December 23rd at 17:00 PM, where Wolfgang invited LiHua to watch a classic movie ""Star Wars: A New Hope"" at his place after work. Wolfgang specifically requested that LiHua bring some snacks for the movie, indicating his preference for healthy, homemade options over fast food or convenience foods. These two instances demonstrate Wolfgang's growing awareness of the importance of a nutritious diet and mindful eating habits, reflecting his commitment to improving his body shape and overall health in December."
Did Li Hua agree to have dinner with Wolfgang after he told Wolfgang about the lunch arrangement?,Yes,"Based on the information provided in the conversation logs, there is no explicit mention of Li Hua agreeing to Wolfgang's lunch invitation. However, Wolfgang does remind Li Hua about the lunch at the cozy café downtown at 12:00, and Li Hua responds positively, stating, ""Thanks for the reminder! I'm really looking forward to it too! What do you feel like eating?"" This indicates that Li Hua is receptive to the idea of having lunch with Wolfgang at the specified time and location. There is no subsequent confirmation or disagreement noted regarding this lunch arrangement. Therefore, we cannot definitively conclude that Li Hua agreed to the lunch with Wolfgang based solely on the given information."
Did Li Hua ask Wolfgang Schulz for a recommendation on a gym or fitness center before asking Jennifer Moore for book recommendations on fitness nutrition?,Yes,"Based on the information provided in the entities table, there is no mention of Li Hua asking Wolfgang Schulz for a recommendation regarding a gym or fitness center. The entries in the entities table focus on Wolfgang Schulz participating in various musical sessions and providing suggestions, but they do not indicate any interaction with Li Hua regarding fitness resources. In contrast, Li Hua does inquire about fitness nutrition book recommendations directly with Jennifer Moore in multiple instances. Therefore, we cannot conclude that Li Hua asked Wolfgang Schulz for a recommendation before asking Jennifer Moore for book recommendations."
Did Li Hua ask Wolfgang Schulz if he wants to go to the gym together before Jennifer reminded Li Hua to participate in the gym's membership feedback activity?,Yes,"No, Li Hua did not inquire about going to the gym with Wolfgang Schulz prior to Jennifer reminding Li Hua about the gym's membership feedback activity. The conversation regarding the gym membership feedback activity took place on June 5th at 11:00 AM, while the discussion about Wolfgang Schulz wanting to join Li Hua for a workout occurred on January 12th at 10:00 AM. These two events were separate and unrelated."
Did Li Hua send a message to Wolfgang Schulz saying that he has prepared all the delicious food for tonight's Chinese Lunar New Year before Wolfgang sent a message to Li Hua wishing him a happy Lunar New Year?,Yes,"Based on the conversations provided, Wolfgang Schulz did not send a message to Li Hua wishing him a happy Lunar New Year prior to Li Hua preparing all the delicious food for the upcoming celebration. Instead, the sequence of events indicates that Wolfgang Schulz first arrived in Hong Kong, which appears to be his destination for a couple of days according to the message he sent to Li Hua on December 19, 2026, at 19:00. This message included a reminder about delivering fresh bread to Li Hua. Later, on January 13, 2026, at 11:00 AM, Li Hua invited Wolfgang Schulz to her place on January 18th for a celebration of Chinese Lunar New Year, expressing that she would prepare traditional dishes and decorations. She also asked Wolfgang Schulz if he had any favorite dishes or drinks he would like to try. This indicates that Wolfgang Schulz did not express any interest in preparing food before Li Hua initiated the invitation. Therefore, the sequence of events does not support the claim that Wolfgang Schulz wished Li Hua a happy Lunar New Year before Li Hua prepared all the food for the celebration. Li Hua seems to have planned the Lunar New Year celebration independently and informed Wolfgang Schulz about it."
Did Li Hua provide feedback to Jennifer Moore on his new meal plan before he asked her for advice on a healthy meal plan?,No,"Based on the conversations detailed in the provided data, there is no mention of Li Hua providing feedback to Jennifer Moore on his previous meal plan before he requested additional suggestions for a healthy meal plan. The conversation starts with Li Hua expressing interest in a healthier meal plan, seeking advice from Jennifer Moore, and she promptly offers tips and recipe ideas. Therefore, it appears that Li Hua initiated the discussion by requesting help rather than waiting for feedback on his existing meal plan."
Did Li Hua's complaint about the customer who modifies their requirements occur before Wolfgang comforted him?,No,"Based on the information provided in the conversation data, there is no mention of Li Hua complaining about a customer modifying their requirements or Wolfgang offering comfort. The available entries primarily cover Adam Smith's inquiries regarding warranty and maintenance plans for an air conditioner, Wolfgang Schulz inviting Li Hua to a stand-up comedy show, Wolfgang suggesting dinner plans, Adam Smith addressing rental payments, and a humorous exchange about software development. Therefore, there is insufficient information to determine whether Wolfgang comforted Li Hua before or after Li Hua expressed a complaint about a customer modifying their requirements."
Did Adam Smith send Li Hua a reminder about the upcoming rent due date before Li Hua sent a message about having already transferred the rent on 20260301?,Yes,"No reminders were found in the messages between Adam Smith and Li Hua regarding the rent due dates. The first rent transfer mentioned in the records (from 20260301) came without a prior reminder from Adam Smith. This suggests that the rent was paid without any specific communication from Adam Smith about the due date. However, there are multiple reminders and updates about the rent throughout the recorded messages, indicating that regular communication regarding payments was a part of their relationship."
Did Li Hua share a blog post about his recent fitness achievements after Jennifer sent him a motivational message?,Yes,"The provided data does not contain any information about Li Hua sharing a blog post about his recent fitness achievements following Jennifer Moore's motivational message. The data primarily consists of motivational messages exchanged between Jennifer and Li Hua regarding their fitness journey, including updates on their workouts, progress, and plans for future sessions. There is no mention of a blog post in the given records."
Did Li Hua send a follow-up message to Jennifer before she asked him about his latest sleeping schedule?,Yes,"There is no mention of a message from Li Hua to Jennifer regarding his sleeping schedule or any follow-up communication between them. The interactions detailed in the conversations involve Jennifer expressing her pride in Li Hua's progress and offering to share his success story with other clients, as well as Wolfgang inviting Li Hua to join him for stand-up comedy. Jennifer does ask Li Hua about his sleeping habits, but there is no indication that Li Hua responded with a follow-up message prior to this. Therefore, based on the information provided, it cannot be determined whether Li Hua sent a follow-up message to Jennifer about his sleeping schedule before she asked."
Did Li Hua ask Adam Smith about placing potted plants in the basement before he asked about decorating the basement?,No,"Yes, Li Hua did inquire about adding potted plants to the basement before she mentioned her idea to decorate it with sound-insulating pads. Specifically, in entry number 9, dated 20260227_14:00, Li Hua asks Adam Smith if it's possible to buy and put some potted plants in the basement. She mentions wanting to add ""a little flair"" to the space. This indicates that she had considered both decorating and landscaping the basement before discussing the sound-insulating pads."
Did Li Hua ask Wolfgang for advice on renovating the basement before he invited Adam Smith to check the progress of the basement renovation?,Yes,"No specific mention exists regarding Wolfgang advising Li Hua on renovating the basement before inviting Adam Smith to inspect the progress. The invitation to check the basement renovation progress appears to be an independent action taken by Li Hua, without any prior consultation on renovation matters. However, it does highlight Wolfgang's involvement in community activities, as he participated in a stand-up comedy night with Li Hua earlier. Adam Smith did express concern about potential pipe issues in the basement during a conversation, indicating that he had noticed these problems and was concerned enough to inform Li Hua. This suggests that Adam Smith had some direct knowledge of the basement's condition, but there is no evidence linking Wolfgang's invitation to Adam Smith's inspection to any advice Wolfgang had given Li Hua on basement renovations."
Did Li Hua tell Wolfgang about making a new friend before Yuriko reminded the group members to meet for the music festival?,Yes,"Based on the information provided in the conversation logs, Li Hua did not explicitly mention making a new friend named Yuriko prior to introducing her to the group. The logs indicate that Wolfgang was introduced to Yuriko during a Sunday jam session, where Li Hua said, ""Hey, I’ll introduce my friend tomorrow! Her name's Chae, she’s a neurosurgeon. Should be interesting!"" This introduction happened after the group had already gathered for a jam session and was not previously shared among the participants. Therefore, it seems Wolfgang did not know about Li Hua's new friend Yuriko before the music festival planning discussion."
"Did Yuriko tell Li Hua about booking a seat at the ""Central Perk"" cafe before Li Hua sent her a message to confirm the details of their next meeting?",Yes,"Yes, Yuriko did inform Li Hua about her reservation at ""Central Perk"" cafe prior to Li Hua sending a confirmation message. According to Source 1, Yuriko communicated to Li Hua: ""Hey Li Hua! 😊 Just wanted to let you know I booked a seat at 'Central Perk' café for tomorrow at 3pm. Looking forward to our chat about my studio's homepage."" This indicates that Yuriko had already scheduled her meeting at ""Central Perk"" café before Li Hua reached out to confirm the details."
What time does Li Hua check in with Adam about moving in?,5:30 PM,"Li Hua initiates her inquiries regarding the move-in arrangements with Adam on January 5, 2026, at 14:00 (2:00 PM). This is indicated in the log entry labeled ""Time: 20260105_14:00"" from the sources provided, where Li Hua contacts Adam to inquire about the timing for her visit to inspect the new place."
When was the first time Li Hua had dinner with Wolfgang this year?,20260108,"Based on the provided conversation snippets, the first instance of Wolfgang and Li Hua dining together this year occurred on January 19, 2026, at 17:00. This interaction involved Wolfgang reminding Li Hua about a lunch they were supposed to have at a cozy café downtown at 12:00. However, given the context, the earliest scheduled dinner date mentioned in the conversation is on January 19, 2026, at 17:00. Prior interactions are not explicitly linked to a specific dinner date, but this marks the earliest dining event between the two individuals in the dataset."
Where was the first time Li Hua had dinner with Wolfgang this year?,the cozy café downtown,"The first time Li Hua and Wolfgang had dinner this year according to the records is on January 8, 2026, at 12:00 PM. This is indicated in the log entry where Wolfgang reminds Li Hua about their lunch meeting at a cozy café downtown at that time."
What time is Li Hua's lunch with Wolfgang Schulz at the cozy café downtown?,20260108,"According to the record, Li Hua and Wolfgang Schulz are scheduled for lunch at the cozy café downtown at 12:00 on the day following the date specified. This interaction is noted in the content of message 0 from the sources table."
What is the Wi-Fi password at Li Hua's house?,Family123,"Sorry, I'm not able to provide an answer to that question."
What does Adam say about having friends over?,having friends over occasionally is fine,"According to the conversation, Adam Smith explicitly states that it is acceptable to have friends over occasionally, provided that the gatherings remain ""reasonable."" This is mentioned in response to LiHua's inquiry about house rules. Specifically, Adam says, ""You're welcome! Yes, having friends over occasionally is fine, just try to keep the gatherings reasonable."""
What house rule does Adam mention?,keep noise to a minimum during late hours,"In the conversation where Adam Smith arranges for a door hinge repair for LiHua, he mentions a few house rules. Specifically, Adam notes that it's important to keep noise to a minimum during late hours and to take good care of the property. These rules indicate that Adam wants to ensure that the living space remains peaceful and in good condition, reflecting a shared commitment to maintaining the house as a comfortable and orderly environment for both LiHua and himself."
What does Li Hua report to Adam on January 6th?,the water tab in the apartment is broken,"On January 6th, Li Hua reached out to Adam Smith to inform him that a plumber would be arriving at 10 AM to fix the water tap. Li Hua expressed her readiness for the plumber's visit and appreciated Adam's prompt communication about the repair. This interaction highlights Adam's role as someone who keeps Li Hua informed about important home maintenance tasks, ensuring that she is prepared and aware of upcoming events in her household."
When does Adam confirm the plumber will arrive?,tomorrow at 10 AM,"According to the conversation recorded, Adam Smith confirms that the plumber will arrive the following day at 10 AM to fix the water tap. This information is shared in a message dated 20260106_15:00, where Adam informs LiHua about the repair schedule."
What does Li Hua ask Adam about the door hinge?,a small repair,"In one of the conversations, Li Hua specifically asks Adam Smith about a potential small repair needed on the door hinge. Li Hua mentions that the door has been ""squeaking quite a bit"" and inquires whether it's possible to get a small repair done. Adam Smith agrees to arrange for the repair and offers to coordinate with the repair service, indicating that the maintenance should not take long to complete."
What is the name of the gym that Wolfgang recommended LiHua to go to?,FitZone,"In the conversation, Wolfgang suggested a gym called ""FitZone"" to LiHua. Wolfgang mentioned that this gym is located not too far from LiHua and has a variety of classes and equipment necessary for fitness. LiHua expressed interest in checking out the gym and even suggested they could work out together one day. Therefore, the name of the recommended gym is FitZone."
When does Li Hua ask Jennifer Moore about adjusting the protein in her meal plan?,20260122,Li Hua asks Jennifer Moore about adjusting the protein content in her meal plan during a conversation that takes place on January 15th at 16:45. This interaction occurs in the context of Li Hua expressing interest in a healthier meal plan and seeking advice on how to incorporate more lean proteins and vegetables.
"What time does Li Hua watch the movie ""Overwatch 3""?",20260122,"There is no mention of a movie titled ""Overwatch 3"" in the provided conversation or data. The term ""Overwatch 3"" appears to be a reference to an upcoming event or video game, possibly an event related to a video game called Overwatch, which is set for 2026. However, the specific timing of a movie ""Overwatch 3"" has not been discussed in the given context. Instead, multiple events and plans involving WolfgangSchulz and LiHua are discussed, including plans to watch a movie, hang out for food and drinks, attend a superhero clip screening, and watch the classic movie Star Wars: A New Hope. The only movie-related discussion involves WolfgangSchulz suggesting a stand-up comedy show at 8 PM, but this is not the ""Overwatch 3"" mentioned in the query. Therefore, based on the provided information, there is no definitive time for Li Hua to watch ""Overwatch 3."""
"Who does Li Hua go to watch the movie ""Overwatch 3"" with?",Wolfgang,"In the conversation, WolfgangSchulz invites LiHua to watch ""Overwatch 3"" together. Specifically, WolfgangSchulz suggests they meet at a cinema and plans to watch the movie at 7 PM, which gives them ample time to grab some food beforehand. LiHua expresses enthusiasm for the idea, indicating that WolfgangSchulz will be joining her for the movie viewing. Therefore, WolfgangSchulz is the person LiHua goes to watch ""Overwatch 3"" with."
When does Li Hua plan to celebrate Chinese Lunar New Year?,20260118,"Li Hua plans to celebrate Chinese Lunar New Year at her place on January 18th. This date is mentioned in a message where she invites WolfgangSchulz to join her for the celebration, expressing her excitement to enjoy some good food together."
What does Li Hua plan to celebrate Chinese Lunar New Year?,dumplings,Li Hua plans to celebrate Chinese Lunar New Year at her place on January 18th. She intends to have a family dinner and possibly invite WolfgangSchulz to join the festivities. Li Hua also mentions she will prepare traditional dishes and may decorate her home to create a festive atmosphere.
Who does Li Hua plan to celebrate Chinese Lunar New Year with?,Wolfgang,"Li Hua plans to celebrate Chinese Lunar New Year at her place on January 18th. She invites Wolfgang Schulz to join the celebration, indicating that he will be part of her Lunar New Year festivities. No other specific individuals are mentioned as plans for the celebrations."
Li Hua accidentally broke a light fixture once. What did Adam say about the light fixture?,I'll arrange for a professional to take a look,"In one of the conversations, Li Hua informed Adam Smith that she had accidentally broken a light fixture in the apartment. Adam responded by advising Li Hua not to attempt to fix it herself and suggested that a professional should be arranged to assess and repair it. He assured Li Hua that he would keep her updated on the situation. This indicates that Adam recommended a professional service rather than allowing Li Hua to handle the repair herself."
Li Hua has a difficult client. When did he solve that client's project?,20260209,"Based on the conversations provided, there isn't any specific mention of a challenging client or a resolution to a particular project. The dialogue revolves around various topics including entertainment (Silicon Valley), professional advice, and personal updates. Therefore, without additional context, we cannot determine when or if Li Hua solved a difficult client's project."
When did Li Hua express frustration about a client changing requirements?,20260131_14:00,"Based on the conversations recorded in the provided data, there is no mention of Li Hua expressing frustration about a client changing requirements. The interactions detailed involve various topics such as career advice, feedback on a television show, maintenance requests, financial matters, and plans for a studio's website and blog. There is no indication of any disagreements or frustrations regarding client expectations or requirements changing. Therefore, there is no specific date mentioned for such a situation in the given records."
Who suggested Li Hua keep a clear log of all the changes requested by the client?,Wolfgang Schulz,"There is no information provided in the given conversation that suggests anyone specifically recommended or encouraged Li Hua to maintain a clear log of all the changes requested by clients. The discussions focus more on handling client requests and managing changes during the course of projects rather than establishing a formal procedure for keeping such logs. Therefore, based on the details available, we cannot determine who suggested this practice."
What did Wolfgang Schulz suggest Li Hua to do when Li Hua face a difficult client?,keep a clear log of all the changes requested by the client,"In the context provided, Wolfgang Schulz did not directly suggest a course of action for Li Hua when facing a difficult client. However, Wolfgang offered some advice based on shared experiences. Specifically, during a conversation about dealing with client requirements changes, Wolfgang suggested keeping communication open with the client and setting clear expectations regarding any changes. Wolfgang also recommended taking breaks when necessary to maintain productivity and fresh perspectives. While Wolfgang did not provide a specific suggestion for the situation at hand, his advice reflects common strategies used in managing challenging client relationships, such as maintaining clear communication and prioritizing self-care."
What does Li Hua plan to do to clear their head?,go for a walk and find a new café,"From the conversation, there isn't any explicit mention of Li Hua planning a specific activity to clear their head. However, several activities and suggestions are discussed that could potentially serve this purpose. One such activity involves engaging in a yoga class, which Jennifer Moore suggests adding to the gym schedule. Another suggestion is to have a warm shower before bedtime, which Li Hua finds appealing. Additionally, Wolfgang Schulz invites Li Hua to hang out or grab coffee, indicating a social interaction that could help clear the mind. Without more context, it's difficult to pinpoint exactly what Li Hua plans to do to clear their head, but these options seem like plausible choices."
What is the name of the café Wolfgang Schulz recommends to Li Hua?,The Java Spot,"In one of the conversations, Wolfgang Schulz recommends a cozy café downtown for Li Hua to meet up. Specifically, he mentions, ""Hey! Just wanted to remind you about our lunch at the cozy café downtown at 12:00."" Therefore, the name of the café Wolfgang Schulz recommends to Li Hua is ""the cozy café downtown""."
Can Li Hua hang his artworks on the wall?,Yes,"According to the conversation, Li Hua inquired about hanging his new artwork on the walls. Adam Smith responded reassuringly, stating that Li Hua can hang his artwork as long as he does not damage the walls. He recommended using removable hooks for this purpose. Therefore, based on their conversation, Li Hua is allowed to hang his artwork on the walls provided he uses safe methods to avoid causing damage to the surfaces."
What does Adam Smith suggest Li Hua use to hang artwork without damaging the walls?,use removable hooks,"According to the conversation, Adam Smith suggests using removable hooks to hang the artwork. This advice comes from a previous discussion about Li Hua installing artwork in her new space. Adam Smith's suggestion is aimed at ensuring that the artwork can be safely and easily removed if needed, thus preventing any damage to the walls."
How many times does Li Hua train per week now?,2,"Based on the interactions between Li Hua and Jennifer Moore, it appears that Li Hua previously had a training plan but has now agreed to train twice a week. This change was discussed and agreed upon in a conversation recorded on March 4th, 2026, at 8:50 PM, where Li Hua expressed his willingness to train twice a week, with Jennifer Moore suggesting Tuesdays and Thursdays as the optimal days. Therefore, according to the information provided, Li Hua now trains two times per week."
When did Li Hua change the training plan?,20260204,"Li Hua changed the training plan during a conversation with Jennifer Moore on February 4, 2026. Initially, Jennifer proposed a training schedule that suited Li Hua's availability, suggesting training twice a week on Tuesdays and Thursdays. However, Li Hua expressed interest in adjusting the plan to better balance his work and fitness commitments. Jennifer agreed to modify the schedule and suggested training twice a week, which Li Hua accepted. This change indicates a dynamic adjustment in their training plan to better accommodate Li Hua's professional obligations."
What days does Li Hua takes for the training sessions?,Tuesdays and Thursdays,"Based on the information provided in the conversations, Jennifer Moore has mentioned several training sessions planned for Li Hua. Initially, she suggested that they could meet on Tuesdays and Thursdays. Later, when discussing rescheduling, Li Hua agreed to these days, stating ""Tuesdays and Thursdays work perfectly for me!"" Therefore, the days Li Hua takes for the training sessions are Tuesdays and Thursdays."
When did Li Hua ask Jennifer Moore for tips on dealing with muscle soreness?,20260206_16:00,"Li Hua asked Jennifer Moore for tips on dealing with muscle soreness after his workout sessions, specifically during two occasions. The first instance occurred on Time: 20261211_11:00, where Li Hua expressed that he was feeling some soreness in his arm muscles after the workout this week. Jennifer Moore provided him with several tips to help alleviate the soreness, including doing warm-up stretches, staying hydrated, and using foam rolling. The second instance took place on Time: 20260206_16:00, where Li Hua mentioned that he had been feeling sore after their workout sessions and sought advice from Jennifer Moore on managing the discomfort. In both cases, Jennifer Moore offered detailed suggestions for recovery and prevention of muscle soreness."
What are some of Jennifer Moore's tips for dealing with muscle soreness?,hydration&active recovery&stretching&foam rolling&rest,"Jennifer Moore provides several tips for dealing with muscle soreness, emphasizing the importance of hydration and proper recovery techniques. She recommends drinking plenty of water to aid in recovery, as staying hydrated helps reduce soreness and maintains energy levels. Additionally, she suggests engaging in light activities like walking or gentle yoga as forms of active recovery, which can help alleviate soreness. Jennifer also encourages her audience to spend time stretching their muscles post-workout to improve flexibility and relieve tension. Furthermore, she recommends using a foam roller on sore spots, as it can significantly help with muscle tightness and promote recovery. Lastly, Jennifer stresses the significance of rest, advising her participants to ensure they have adequate recovery days to allow their muscles to heal properly."
Why did Li Hua ask for extra exercises to do at home?,to complement his training schedule,"Li Hua requested additional exercises to do at home to further enhance his training regimen and maximize his progress. This request came after Jennifer Moore had previously shared several bodyweight exercises, including squats, planks, push-ups, lunges, and glute bridges, that he could incorporate into his routine. By seeking more exercises, Li Hua was demonstrating his commitment to a well-rounded fitness program that balanced various aspects of physical fitness, such as strength, endurance, and flexibility. This approach allows for continuous improvement and variety in workouts, which is important for preventing boredom and maintaining motivation."
What exercises did Jennifer Moore suggest Li Hua do at home?,bodyweight squats& plank holds&push-ups&lunges&glute bridges,"In one of the conversations, Jennifer Moore suggested that Li Hua perform home workouts to maintain his fitness routine while they were apart. Specifically, she recommended that Li Hua engage in a combination of resistance training and dedicated stretching or yoga sessions to enhance his strength and flexibility. This was part of a broader discussion about maintaining a balanced fitness routine during breaks, suggesting that combining strength training with flexibility exercises could be beneficial."
What is Adam Smith's condition for Li Hua to add decorations to the basement?,must be reversible and not damage anything,"According to the conversation, Adam Smith is okay with Li Hua adding sound-insulating pads to the basement, as long as they are reversible and don't cause any damage. This is mentioned specifically in a message dated 20260219_08:00, where Adam states, ""That sounds like a great idea. As long as it’s reversible and doesn’t damage anything, I’m okay with it."""
When was the first time Wolfgang went to Li Hua's basement?,20260221,"The first recorded interaction between Wolfgang and Li Hua regarding the basement took place in the timeline entry dated 20260221_15:00. At this point, Wolfgang expressed interest in coming over to play drums with Li Hua, and Li Hua suggested they meet up around 3 PM to play for a couple of hours. This indicates that this was the first time Wolfgang went to Li Hua's basement for a musical session."
What ideas did Wolfgang Schulz suggest for Li Hua's basement practice spot?,good lighting&soundproofing&a comfy chair,"In various meetings and discussions, Wolfgang Schulz suggested several musical ideas for Li Hua's practice spot. During one meeting, Wolfgang proposed playing ""Hey Jude"" and offered to help arrange the next jam session. Additionally, he reminded the group to save full rehearsals for Sunday and looked forward to the jam session. Furthermore, Wolfgang shared his enthusiasm for the therapeutic aspect of music and discussed the unwinding effects of playing. These suggestions indicate that Wolfgang is actively involved in fostering a collaborative and creative environment for Li Hua and the other participants."
Why did Adam remind Li Hua not to play guitar late at night?,a few neighbors have mentioned they're hearing guitar music late at night,"Adam reminded Li Hua to keep the noise down during late-night practice sessions, likely because he had received complaints from neighbors regarding the guitar music. This communication suggests that Li Hua had been playing late into the night, possibly disturbing the peace for some of the neighbors. Adam's reminder underscores the importance of respecting others' privacy and maintaining a reasonable volume level, especially late at night."
What type of ambiance does YurikoYamamoto want for her studio's homepage?,more welcoming and engaging,"Based on the discussions and conversations detailed in the provided data, YurikoYamamoto is aiming for a calm and welcoming ambiance for her studio's homepage. This sentiment is reflected in her desire for the color scheme to be ""soft and calming,"" specifically mentioning pastel colors. This preference aligns with the request made by LiHua, who suggests incorporating pastel colors to create a ""welcoming vibe."" Additionally, her enthusiasm for having the feedback section designed to match the overall look of the studio further supports the intention of maintaining a harmonious and inviting aesthetic for the homepage."
When did Li Hua invite Adam Smith to check the basement renovation progress?,20260223_19:00,"Li Hua invited Adam Smith to check the basement renovation progress on February 23rd at 7 PM. This interaction is documented in the log entry where Li Hua initiates the meeting, stating ""Hey Adam! Just wanted to let you know that I've already transferred this month's rent through the bank. Thanks!"" followed by Adam's response ""Hi Li Hua! Sure, I can make it at 7 PM. Looking forward to seeing the progress!"" This indicates that the renovation progress check was scheduled for that evening."
What is the name of the café where Li Hua and YurikoYamamoto first meeting to talk about Yuriko's website?,Central Perk,"The initial meeting between Li Hua and YurikoYamamoto took place at ""Central Perk"" café. This information is derived from the conversation recorded in entry 10, which states, ""YurikoYamamoto: Hey Li Hua! 😊 Just wanted to let you know I booked a seat at """"Central Perk"""" café for tomorrow at 3pm. Looking forward to our chat about my studio's homepage! See you then! LiHua: Sounds great! Central Perk is such a cozy place. Can't wait to meet up and brainstorm some ideas for your homepage. See you tomorrow! 😊""."
What is the essence of YurikoYamamoto Li Hua is helping with her homepage?,speech therapy,"YurikoYamamoto and Li Hua are collaborating on enhancing the homepage of YurikoYamamoto's speech therapy studio. Their primary goals include improving the functionality and user experience of the website, as well as increasing its visibility and engagement. Specifically, they are working on several aspects such as adding a blog section to share insights about speech therapy and connecting with potential clients, automating the scheduling process for appointments, designing a user feedback section, and integrating a ""leave a message"" feature. Through these efforts, they aim to make the studio's online presence more effective and appealing to both current clients and potential new patients."
What type of instrument does Li Hua play in the basement?,guitar,"Based on the conversation, Li Hua plays the guitar in the basement. This is evident from several interactions where she mentions playing guitar and plans to practice there. Specifically, in the interaction where she invites Wolfgang to come over to play drums, she states, ""Hey Wolfgang! 🎉 Guess what? I finally have a basement now where I can play my guitar!"" Additionally, in another message, Li Hua expresses excitement about starting to practice in the basement, saying, ""I'm excited to start practicing!"" These comments clearly indicate that Li Hua uses the basement primarily for playing her guitar."
When did Adam Smith inform Li Hua about potential issues with the pipes in the basement?,20260301_13:00,"Adam Smith informed Li Hua about potential issues with the pipes in the basement on March 1st, 2026, at 13:00. In the conversation, Adam mentioned, ""Hey Li Hua, just wanted to give you a heads up. I heard from some neighbors that there might be some issues with the pipes in the basement. Could you please keep an eye on it?"" This notification came as a precautionary measure to ensure that Li Hua was aware of the situation and could monitor the condition of the pipes."
When did Li Hua inform Adam Smith that the rent was transferred?,20260301_10:00,"According to the timeline provided, Li Hua informed Adam Smith that the rent was transferred multiple times throughout the year. Specifically, on April 29th, at 18:00, Li Hua sent a message stating, ""I've already transferred the rent through bank transfer. Let me know if you need anything else!"" This indicates that Li Hua had completed the rent transfer by April 29th, 2026. There were no other instances of rent transfers mentioned before this date in the given data."
When is the music concert that Wolfgang invites Li Hua to?,20260307_18:00,"According to the records, Wolfgang invited Li Hua to a concert on March 7th at 6 PM. The invitation was made in a conversation dated March 2nd. This concert seems to be a significant event for Wolfgang and Li Hua, as it marks their plans to catch up and enjoy some live music together."
What dish does Li Hua agree to bring to the neighborhood potluck dinner?,Homemade pasta salad,"In the conversation regarding the neighborhood potluck dinner, Li Hua mentions she will bring homemade pasta salad. She expresses that she thinks she has everything she needs to make the dish and only requires picking up some fresh ingredients. Thus, the dish that Li Hua agrees to bring to the neighborhood potluck dinner is homemade pasta salad."
Who is Li Hua meeting with to discuss homepage design updates?,Yuriko Yamamoto,"In one of the conversations, Li Hua meets with Yuriko Yamamoto to discuss homepage design updates. This discussion took place on March 6th at 2:00 PM. Li Hua had already confirmed the meeting date and time with Yuriko, expressing excitement about collaborating to refine the homepage layout and features. Li Hua mentioned that he can wrap up the improvements within two weeks, indicating a clear timeframe for the project. Li Hua and Yuriko agreed to meet at Central Perk, a café where they can brainstorm ideas for the homepage updates together."
What new feature does Yuriko Yamamoto consider adding to her studio's homepage?,A blog section,"Yuriko Yamamoto considers adding a user feedback section to her studio's homepage. She believes this would be beneficial in improving her services and wants to implement a simple form for users to leave comments or suggestions, along with a star rating system. Additionally, she envisions including a space for testimonials to help build trust with new clients. Yuriko Yamamoto also expresses a desire to incorporate a blog section on the homepage, which she hopes will serve as a platform to share insights about speech therapy and connect with a broader audience."
What time is the power outage in the neighborhood?,2 PM to 3 PM,"According to the conversations recorded, there are two instances of power outages mentioned. The first one is scheduled for 2 pm to 3 pm tomorrow (which is March 7th, 2026). The second one is set for 2 pm to 3 pm the following day (March 8th, 2026). Both events are caused by maintenance work and will disrupt the neighborhood operations and schedules."
What suggestions does Li Hua give for promoting the new scheduling feature?,Showcase it on social media platforms and include a short tutorial and send out a newsletter to clients,"In one of the conversations, Li Hua offers valuable insights on how to promote the newly implemented automatic scheduling feature on Yuriko Yamamoto's speech therapy studio homepage. Specifically, Li Hua suggests a few strategies to ensure the new feature gains visibility and is effectively utilized by clients. Firstly, she recommends leveraging social media platforms to showcase the feature prominently. By sharing visually appealing content and testimonials, the studio can create interest and excitement among potential users. Secondly, Li Hua advises sending out newsletters to current clients, detailing the benefits of the new scheduling tool. This direct communication allows clients to understand how the feature can improve their experience and convenience. Lastly, she proposes creating a short tutorial video or blog post that demonstrates how to use the feature efficiently. This educational material can be shared on the studio’s website and social media channels, helping clients feel more comfortable and confident in utilizing the new scheduling system."
Who invites Li Hua to join the community bake sale?,Adam Smith,"In the conversation provided, Adam Smith initiates the invitation for Li Hua to attend the community bake sale. This is evident from the content of the message shared in the source data entry, which states:""Time: 20260312_12:30AdamSmith: Hey Li Hua! There's a community bake sale this Sunday at 3 PM to support a local charity. It would be great if you could join. Let me know if you’re interested!""It is clear from Adam Smith's message that he is the one inviting Li Hua to participate in the community bake sale, which aims to raise funds for a local charity."
What day and time is the community bake sale taking place?,Sunday at 3 PM,"According to the message shared by AdamSmith, the community bake sale is scheduled to take place on Sunday at 3 PM. This event aims to support a local charity and provides an opportunity for attendees to purchase baked goods while connecting with the community."
When does Li Hua request a delivery from Hailey Johnson?,Tuesday,"According to the records, Li Hua has requested multiple deliveries from Hailey Johnson. Specifically, on March 14th, 2026, Li Hua expressed interest in the doorstep delivery service, saying, ""Your delivery service sounds awesome, especially since I love fresh bread. I might just take you up on that!"" Additionally, on May 16th, 2026, Li Hua confirmed her interest in the service, stating, ""Hey Hailey! The bread was amazing, as usual! I loved the freshness. No special requests this time, just keep up the great work!"" These dates indicate that Li Hua is actively requesting and utilizing Hailey's doorstep delivery service."
What is the address where Li Hua wants the bread delivery to be made?,123 Sunny Street,"There is no specific mention of an address in the provided data where Li Hua wants the bread delivery to be made. The conversations focus on reminders and confirmations about the delivery times and the quality of the bread rather than specifying the location. Therefore, based on the information given, we cannot determine an address for Li Hua's preferred delivery location."
What service does Hailey Johnson offer to Li Hua?,Doorstep delivery service for fresh milk and bread,"Hailey Johnson offers several services to Li Hua, primarily related to delivering fresh bread and milk. From the interactions provided, it's clear that Hailey regularly delivers these items to Li Hua's doorstep. In one interaction, Hailey reminds Li Hua about her bread delivery and encourages him to try something special next time. Additionally, Hailey mentions being able to prepare something special just for Li Hua when he visits. These details suggest that Hailey Johnson provides a reliable service of fresh baked goods and dairy products, tailored to Li Hua's preferences and needs."
What time does Hailey Johnson start baking?,4 AM,"Based on the data provided, there isn't a specific time mentioned for when Hailey Johnson starts baking. The conversations focus more on arrangements for deliveries, baking classes, and occasional mentions of bread being baked but without a precise start time. There are instances where Hailey Johnson invites Li Hua to a baking class or mentions upcoming events, indicating that baking activities occur around these times, but no consistent starting time for her baking routine is documented."
Where does Li Hua plan to meet Yuriko Yamamoto to show the final website?,Central Perk café,"According to the conversation, Li Hua plans to meet Yuriko Yamamoto at Central Perk café to show the final website. This meeting is scheduled for Thursday at 3 PM. Li Hua previously reminded Yuriko Yamamoto about this meeting via a reminder message sent on March 17th."
What does Li Hua suggest to Hailey regarding the frequency of bread delivery?,Twice a week on Mondays and Fridays at 8am,"In one of the interactions, Li Hua expresses interest in receiving bread more frequently. Specifically, during a conversation where Li Hua mentions that Alice is on her way to deliver fresh bread, Li Hua states, ""I’d love to try some of that fresh bread. Do you have any recommendations on the best types? Also, how often do you do deliveries?"" Hailey Johnson responds positively, saying, ""I’ve got some amazing artisanal sourdough and a chocolate chip brioche that are customer favorites! As for deliveries, I can do it a couple of times a week, depending on what you need. I can also arrange a regular schedule for you if that works better!"" This indicates that Li Hua suggests having the delivery happen a couple of times a week, though Hailey offers the option of a more flexible schedule based on Li Hua's needs."
What does Li Hua agree to bring to the bonfire singing party hosted by Chae Song-hwa?,Li Hua will bring his guitar,"In the conversation about the upcoming bonfire singing party, Li Hua agrees to bring her guitar to the event. Specifically, during the initial discussion, Chae Song-hwa mentions inviting Li Hua to join him for the gathering, stating, ""I’ll bring my guitar!"" Li Hua then enthusiastically responds, ""Sounds like a blast! I’d love to join. I’ll bring my guitar!"" Therefore, Li Hua agrees to bring her guitar to the bonfire singing party."
What is the focus of Li Hua's next month's fitness plan according to Jennifer?,Strengthening lower limbs,"According to the conversation, Li Hua's next month's fitness plan will focus on increasing her strength and potentially adding some flexibility exercises. Jennifer suggested incorporating more resistance training to enhance Li Hua's strength and added that adding some dedicated yoga or stretching sessions would help improve her flexibility. Additionally, the plan will likely include a mix of strength training and flexibility exercises to ensure a balanced approach to her fitness regimen."
What is the building's policy that Adam reminds Li Hua about?,Recycling policy,"In one of the messages shared, Adam Smith reminds Li Hua about the building's recycling policy. This reminder highlights the importance of environmental responsibility within the community. Specifically, Adam states, ""Hey Li Hua, just a quick reminder about the building's recycling policy. It's really important for us to keep the environment in mind. Let’s all do our part by participating!"""
What is the topic of the online tutorial Yuriko shares with the group?,Advanced drum techniques,"In one of the discussions, LiHua suggests sending Yuriko a link to a music theory tutorial that could help improve the group's musical skills. The exact title or content of the tutorial isn't specified, but it is clear that the tutorial focuses on enhancing musical abilities, as it is intended to help the group ""take our skills to the next level."" Yuriko expresses her excitement about learning new skills and incorporating them into their performances, indicating that the tutorial covers topics relevant to musicians aiming to develop their craft further."
What is Wolfgang looking for in his new drums?,Something versatile that sounds good for both rock and softer tunes like The Beatles,"According to the discussions between WolfgangSchulz and the other participants, Wolfgang is looking for new drums that are versatile enough to sound good for both rock and softer tunes like those by The Beatles. He aims for them to sound great in various styles without breaking the bank. Wolfgang also expressed interest in checking out specific brands like Pearl or Yamaha, as well as considering affordable options like those from PDP."
What song does Li Hua suggest for the jam session on 20260405?,Viva la Vida,"Based on the conversation, there doesn't appear to be a specific jam session mentioned on 20260405. However, from the details provided, on 20260410_11:00, Li Hua suggests trying the song ""Stand By Me"" during their jam session. This song is described as having a great rhythm and being suitable for all members to join in on. Li Hua and Wolfgang Schulz both express enthusiasm about exploring this classic tune during their practice session."
What does Li Hua think about the rosemary focaccia?,Li Hua thinks the rosemary focaccia is amazing,"Li Hua had a very positive experience with the rosemary focaccia, describing it as ""amazing"" and noting that it ""hit the spot."" This indicates that he thoroughly enjoyed the bread and found it to be a pleasant and satisfying addition to his meals. He expressed enthusiasm about the bread, saying he ""can't wait to try more,"" suggesting that he is interested in exploring further culinary experiences offered by Hailey Johnson."
When does Li Hua confirm the rent transfer to Adam?,20260331_17:00,"Li Hua confirms the rent transfer multiple times throughout the messages. On March 1st at 10:00 AM (Message ID 2), she explicitly states, ""Hey Adam, just wanted to let you know that I've already transferred this month's rent through the bank. Thanks!"" This is the most recent confirmation provided in the dataset. Prior to this, on January 29th at 16:00 (Message ID 4), Li Hua informs Adam, ""Everything's good on my end, but I appreciate the offer. Hope you're having a great evening!"" She also mentions, ""I'll make sure to get that sorted out ASAP. Thanks for letting me know!"" This indicates that the rent was likely transferred before the reminder was sent, but the exact time of the transfer isn't specified."
What joke does Wolfgang make as an April Fool's joke?,That Wolfgang bought a set of expensive drums,"On April Fool's Day, Wolfgang makes a playful joke involving a drum purchase. According to the table, Wolfgang bought a set of expensive drums as an April Fool's joke, which caught everyone by surprise. Specifically, the conversation states, ""WolfgangSchulz: Hey! I just bought a set of expensive drums! 🎉🥁 Can't wait to show them off!"" LiHua and Yuriko were initially taken aback, as evidenced by their reactions, which indicates this was indeed an April Fool's joke."
Who is delivering the bread to Li Hua on 20260403?,Alice,"On March 30th, 2026, a delivery of fresh bread was made to Li Hua's address. In this instance, Alice from Hailey's bakery was responsible for delivering the bread. Li Hua expressed her appreciation for the quality of the bread and stated that she would continue to receive deliveries from Alice."
What does Li Hua think about improvisation during the jam session?,Improvisation sounds great,"In one of the discussions, Li Hua expressed enthusiasm about improvisation, particularly during jam sessions. In the conversation dated ""Time: 20260324_12:00"", Li Hua mentioned, ""I was thinking we could have some fun with 'Here Comes the Sun' again. It's such a feel-good song! 🌞"". Wolfgang Schulz responded by suggesting that improvisation could add more creativity to the jam session. Li Hua replied, ""Sounds good! But just a reminder, Sunday is the only time we can jam together. Can't really squeeze in extra practices during the week, you know? Looking forward to it! 🤘🎶"". This indicates that Li Hua appreciates the spontaneity and flexibility of improvisation, especially during the designated jam sessions. Additionally, in the discussion about exploring fusion music, Li Hua supported the idea by saying, ""I'm excited to jam and figure out some cool transitions. I bet it will take our music to a whole new level. Can't wait for Sunday! 😄🎵"". These comments show that Li Hua values improvisation and sees it as an enriching aspect of their musical sessions."
When is ChaeSong-hwa hosting the community medical knowledge lecture?,7 PM on Saturday,"ChaeSong-hwa is hosting a community medical knowledge lecture, which is scheduled for 7 PM on Saturday, April 11th. This event is part of a series of lectures aimed at educating the community about basic health tips and common medical myths."
What topics will be covered in the community medical knowledge lecture?,Basics of common health issues and how to prevent them,"In the reminder sent by ChaeSong-hwa to LiHua, it is mentioned that the community medical knowledge lecture will cover ""some basic health issues and how to prevent them."" This indicates that the lecture aims to provide attendees with foundational knowledge about common health problems and practical advice on preventive measures. LiHua expressed enthusiasm for attending the lecture, showing interest in learning more about health-related topics."
What new song does the Jolly band decide to work on for the jam session according to their discussion on 20260410?,Stand By Me,"On April 10th, 2026, Wolfgang Schulz suggested exploring a new song for their jam session, proposing a song with a ""nice groove."" Li Hua agreed and suggested the classic hit ""Stand By Me."" Both Wolfgang and Yuriko Yamamoto were enthusiastic about the idea, finding it fun to play together and looking forward to experimenting with a new arrangement. Therefore, the Jolly band decided to work on ""Stand By Me"" for their upcoming jam session."
What is Li Hua's feedback on Chae Song-hwa's medical knowledge lecture?,It is insightful and makes complex topics easy to understand,"Li Hua expresses interest in attending Chae Song-hwa's medical knowledge lecture, describing it as ""really helpful"" and mentioning that it should be ""super informative."" Additionally, Li Hua notes that she will bring her ""curiosity"" to the event, suggesting that she plans to engage with the content actively. There is no explicit mention of Li Hua providing feedback on the lecture itself, only her intention to attend and participate."
When is the anniversary event of Hailey Johnson's bakery shop?,April 15 to 17,"The anniversary event of Hailey Johnson's bakery shop, known as ""Haileys Bakery"" in the data, is set to occur from April 15 to April 17. This event is highlighted in the conversation between Hailey Johnson and Li Hua, where Hailey mentions, ""That sounds awesome! I’m so excited to see you there! 🥳 I'll have some special treats ready just for the occasion."" This event is described as a celebration with discounts and new bread products."
What does Li Hua want to have on Hailey's bakery shop anniversary event?,Sourdough and sweet pastries,"At Hailey's Bakery's anniversary event from April 15 to 17, Li Hua expressed enthusiasm for attending the celebration. During the conversation, Hailey Johnson informed Li Hua that the event would feature discounts and new bread products. Specifically, Li Hua mentioned her fondness for sourdough bread and sweet pastries, indicating that these items would likely be featured at the event. Additionally, Hailey Johnson promised to have special treats ready for Li Hua during the occasion."
Why does Li Hua ask ChaeSong-hwa about whether neurosurgeons actually use test tubes in their work?,Li Hua is trying to get some insights for a website design,"Li Hua asks ChaeSong-hwa about whether neurosurgeons use test tubes because she is creating a website and wants accurate information about the tools and equipment used in neurosurgery. Test tubes are not typically used by neurosurgeons, as they primarily rely on surgical tools and imaging techniques for their procedures. This inquiry suggests that Li Hua is gathering detailed and up-to-date information for her website, ensuring that the content is both accurate and comprehensive."
Who proposes that the band takes a break from jamming this week?,Wolfgang Schulz,There is no instance in the provided data where the band proposes taking a break from jamming. All entries mention plans to continue jamming or upcoming jam sessions.
What suggestions does Li Hua propose to Adam Smith about the upcoming community garden renovation?,Add more seating areas for people to relax and enjoy the space and some flower beds with native plants,"In the context of the community garden renovation, Li Hua proposes several thoughtful additions and improvements that she believes would enhance the garden significantly. First, she suggests adding more seating areas to make the garden more inviting and comfortable for visitors. Additionally, Li Hua recommends incorporating flower beds with native plants such as lavender and coneflowers. These choices align with her previous suggestions and align with the goals of making the garden more attractive and beneficial for wildlife. Furthermore, Li Hua proposes including a small herb section, which would allow residents to easily access fresh herbs for their cooking, thereby increasing the utility and enjoyment of the garden. These proposals demonstrate Li Hua's keen eye for detail and her commitment to making the garden a welcoming and functional space for the community."
What kinds of flowers does Li Hua recommend to Adam Smith for the flower beds?,Lavender and coneflowers and fresh herbs,"In one of the conversations, Li Hua suggests lavender and coneflowers for the flower beds. Li Hua specifically mentions, ""How about some lavender or coneflowers? They’re both beautiful and great for pollinators. Plus, they don’t require too much maintenance!"" Therefore, according to Li Hua's recommendations, lavender and coneflowers are the types of flowers recommended for the flower beds."
What will be a gift for Li Hua if he chooses to renew the fitness contract with Jennifer Moore?,A cool fitness bag as a gift for all the gym activities,"If Li Hua decides to renew his fitness contract with Jennifer Moore, he will receive a cool fitness bag as a gift for all the gym activities he participates in. This is mentioned in one of the messages where Jennifer Moore reminds Li Hua about the possibility of renewing his contract and offers him the fitness bag as a bonus for his continued involvement and participation at the gym."
When is the karaoke activity organized by ChaeSong-hwa?,Saturday at 7 PM,"ChaeSong-hwa organizes a karaoke activity each Saturday at 7 PM. Specifically, the first instance mentioned in the data table occurred on 20260421. No other specific dates for these karaoke activities are provided within the given records."
Who is Li Hua bringing to the band's jam session according to their discussion on 20260425?,ChaeSong-hwa,"Based on the discussion dated 20260425, there is no mention of Li Hua bringing someone else to the band's jam session. The conversation focuses on the band's upcoming jam session and their plans for rehearsing and performing. There is no indication that Li Hua has invited any external individuals to join them."
What garden-related activity is Thrall planning to organize?,A community planting day,"Thrall is planning to organize a community meeting to brainstorm and finalize the plans for the garden renovation. He suggests setting up multiple meetings to bounce around ideas and ensure everyone's input is considered. Additionally, Thrall proposes a weekend meeting, specifically mentioning a Saturday morning session around 10 AM as a convenient time for most people. He emphasizes the importance of involving the community and ensuring everyone feels included in the planning process."
What is the proposed solution for making the garden more inviting on sunny days?,Adding shade with umbrellas or trees,"In the discussions, several methods are suggested to make the garden more inviting and comfortable on sunny days. One of the key proposals involves adding a shaded area, which can be achieved through the installation of a pergola or umbrellas. This suggestion aims to keep the seating area cool and comfortable during the warmer months. Additionally, the addition of plants around the seating area can enhance the ambiance by providing a natural touch and creating a more secluded and inviting environment. This multi-faceted approach addresses both the physical comfort and aesthetic appeal of the garden during sunny periods."
What is the main topic of the conversation on 2026-04-28 at 5 PM?,Breathing techniques and tips for squats during workouts,"There does not appear to be any specific mention of a conversation on 2026-04-28 at 5 PM in the provided data. The conversations listed cover various topics such as fitness, scheduling meetings, social plans, and work-related matters, but no particular event or meeting is identified for that exact time and date."
When is Wolfgang Schulz's promotion celebration dinner?,6 PM on the day after tomorrow (implied to be 2026-04-30),"According to the conversation log, Wolfgang Schulz has a promotion celebration dinner scheduled for the day after tomorrow, which is Time: 20260124_17:00. This is mentioned in a message where Wolfgang invites Li Hua to dinner at his favorite Italian restaurant to celebrate his promotion."
What is the name of the Italian restaurant where Wolfgang and Li Hua are having dinner to celebrate Wolfgang's promotion?,Venedia Grancaffe,"Based on the conversation in the provided data, Wolfgang and Li Hua are planning to dine at a favorite Italian restaurant to celebrate Wolfgang's promotion. This is evident from the second entry in the timeline, where Wolfgang initiates the conversation by suggesting, ""Hey! Just a reminder about dinner tonight at 6 PM at Venedia Grancaffe. Can’t wait to celebrate my promotion! 🎉🍝"". Therefore, the name of the Italian restaurant they are planning to visit for their celebratory dinner is Venedia Grancaffe."
What is Li Hua's suggestion for scheduling the water pipe repairs in the garden?,During off-peak hours,"In the conversation between Adam Smith and Li Hua dated 20260106_13:00, Li Hua initially informs Adam Smith that there is a broken water tap in their apartment. In response, Adam Smith offers to arrange for someone to inspect and repair the issue. However, he emphasizes that he will keep Li Hua updated once he has a repair schedule. Therefore, Li Hua's suggestion for scheduling the water pipe repairs involves waiting for Adam Smith to provide a detailed schedule which he will communicate via subsequent messages."
When is the community meeting for the garden project scheduled according to the discussion on 20260507?,Saturday at 10 am,"According to the discussion on 20260507_16:00, a community meeting is scheduled for a specific time to brainstorm and finalize the plans for the garden project. However, the exact time for this meeting is not specified in the given data. The participants discuss the importance of community involvement and setting up regular meetings to gather ideas and ensure everyone is on the same page."
What percentage discount is Hailey Johnson offering for Mother's Day pastries?,15%,"For Mother's Day, Hailey Johnson is offering a special promotion where she is providing a 15% discount on all pastries and special cakes. This discount applies to purchases made on Mother's Day, which is celebrated this weekend. Customers who purchase items during this period can enjoy a reduced price, making it a great opportunity to celebrate with thoughtful gifts."
Which two specific pastries does Hailey Johnson recommend for Mother's Day?,Raspberry-filled croissants and chocolate eclairs,"During the Mother's Day promotion, Hailey Johnson offers a 15% discount on all pastries and special cakes. Specifically, she recommends trying the raspberry-filled croissants and chocolate eclairs. These pastries are highlighted as always being a hit and are included in the special promotion for Mother's Day."
What type of stretches does JenniferMoore suggest before and after workouts?,Dynamic stretches before and static stretches after,"Based on the conversations in the provided data, JenniferMoore emphasizes the importance of warming up before workouts and recommends specific stretches to aid in recovery after workouts. During the conversation regarding the best strategies for soccer players to avoid injuries before games, she suggests proper warm-up and stretching as key elements. Specifically, she mentions that these activities help to get muscles ready and improve flexibility, which are essential for injury prevention.After workouts, JenniferMoore recommends drinking plenty of water and performing stretching, including foam rolling, to help ease tension in the muscles and speed up recovery. She also notes that staying hydrated is crucial for reducing soreness and helping muscles recover effectively.Therefore, JenniferMoore suggests both pre-workout and post-workout stretching and foam rolling, alongside hydration, to aid in recovery and prevent muscle soreness. These practices align with common fitness recommendations for maintaining muscle health and reducing the likelihood of injuries."
When is the web design seminar at Wolfgang's company happening?,Thursday at 3 PM,"The Web Design Seminar is scheduled to take place on Thursday at 3 PM, as mentioned in the conversation between WolfgangSchulz and LiHua."
What is Li Hua looking forward to trying from the summer promotion?,Fruity ice cream flavors and a mango-coconut pastry,"In the context provided, Li Hua looks forward to trying the fruity ice cream and pastry flavors offered during the summer promotion. Specifically, she mentions enjoying ""anything fruity, especially mango and coconut."" Jennifer Moore had previously shared that they were planning to create some fruity ice cream flavors and a mango-coconut pastry, which Li Hua eagerly anticipates tasting."
What did Li Hua enjoy the most about the restaurant that he and Wolfgang visited for dinner on 20260514?,The pasta dish and the dessert,"On May 14, 2026, Li Hua and Wolfgang visited a restaurant together and shared their dining experience. In their conversation, Wolfgang expressed enthusiasm about the food they had, saying, ""That pasta sounds amazing! I really liked the steak I had. Juicy and cooked perfectly. The dessert was a nice treat too! 🍖🍰"". While Wolfgang highlighted the steak as a standout dish, Li Hua mentioned what he particularly enjoyed about the meal. He responded, ""I couldn't get enough of that pasta dish! It was so rich and flavorful. And the dessert? Wow. What about you? What stood out for you? 🍰"". From this exchange, it is clear that Li Hua's favorite part of the meal was the pasta dish."
Why is Chae Song-hwa unable to join the rehearsal?,She has to attend a medical lecture,"Chae Song-hwa informed the group that she has to attend a medical lecture this Sunday evening, which means she will not be able to participate in the rehearsal. She expressed her hope that the group would have fun regardless."
What type of lighting is preferred for the seating area in the community garden?,Soft white lights,"In the discussions and planning related to the community garden, the preference for lighting was expressed through various comments. Specifically, Turalyon suggested that ""some string lights or lanterns could really set the mood for night gatherings."" Additionally, ArthasMenethil commented that ""soft white lights will definitely create a warm ambiance."" Both of these suggestions indicate a preference for soft white lights, which would provide a cozy and inviting glow suitable for relaxing evenings in the garden. Therefore, based on the feedback gathered from the community members, soft white lights are preferred for the seating area in the community garden."
When is the construction of the garden supposed to start?,This Wednesday (20260520),"According to the information provided, construction for the garden renovation is set to begin on Wednesday, as indicated in the conversation snippet dated 20260518_10:00. Specifically, Turalyon reminds AdamSmith and Thrall about the upcoming construction, stating ""Construction starts this Wednesday, so we should have everything ready before then!"" Therefore, the construction of the garden is planned to commence on a Wednesday."
Which flowers does RexxarRemar suggest for a vibrant vibe?,Bluebell and Camellia and Tulip,"Based on the discussion, RexxarRemar suggests a combination of Bluebell, Camellia, and Tulip flowers to achieve a vibrant and appealing look for the garden. He emphasizes that this selection would complement each other well and attract butterflies, making the garden more vibrant and attractive."
How does RexxarRemar plan to spend time in the garden once it's done?,For family gatherings and relaxing afternoons,"According to the conversations, RexxarRemar envisions several uses for the garden once it is completed. He expresses excitement about the possibility of hosting family gatherings and relaxing afternoons. Additionally, RexxarRemar highlights the importance of the children's play area, noting that it would keep the younger members of the community entertained while adults enjoy the garden. RexxarRemar clearly looks forward to the garden becoming a welcoming and enjoyable space for the entire community."
What does LiHua find as a perfect place to work in his conversation with Chae?,The Lighthouse Cafe,"In the conversation between LiHua and Chae, LiHua expresses that he is currently dealing with a noisy environment due to the ongoing garden renovation, which is affecting his concentration. He mentions that he might need to find a quieter location. Chae offers a suggestion, suggesting that LiHua could try working in a café or library, noting that these places can be ""pretty chill"" and can provide a change of scenery. LiHua agrees with this suggestion, indicating that a café would be a good alternative for him. Therefore, based on their conversation, a perfect place for LiHua to work, considering the noisy environment, would be a café."
What songs does Chae propose to the Jolly band to try out on Sunday according to the conversation on 20260521?,"The Yellow Wind Rises and ""To the West""","Based on the conversation on 20260521, ChaeSong-hwa proposes a few songs to the Jolly Band for their Sunday practice session. Specifically, he suggests ""Landslide"" and ""Blackbird,"" both of which are described as soothing and appreciated by Yuriko Yamamoto and LiHua. Additionally, he mentions ""Sparks Fly,"" describing it as having a nice feel to it, further indicating that these songs are intended to contribute to the upbeat and cheerful vibe that the Jolly Band aims to achieve."
What is IllidanStormrage's suggestion to the ongoing garden construction according to the discussion on 20260522?,plan some quiet hours when the kids are playing,"According to the discussion on 20260522, IllidanStormrage suggested adding some shade options to the garden. He proposed adding a few trees or larger plants to create some cool spots for relaxing during hot days. Additionally, he mentioned incorporating local wildlife-friendly plants, which would attract pollinators like bees and butterflies, thereby making the garden more lively and supporting the ecosystem."
What songs does LiHua suggest adding to the karaoke playlist in his conversation with Chae?,"I Will Survive and ""Sweet Caroline""","In the conversation about adding songs to the karaoke playlist, LiHua suggests a couple of potential options. Initially, he proposes ""I Will Survive"" and ""Sweet Caroline"" as upbeat choices. Later in the conversation, LiHua expresses a desire to incorporate some more upbeat songs, suggesting ""Shallow"" or ""Shake It Off"" as examples of pop hits. Additionally, LiHua mentions the inclusion of ""Dancing Queen"" and ""Sweet Home Alabama,"" which are described as being popular among the group. LiHua also expresses interest in adding ""Shallow"" and ""Shake It Off"" to the mix, indicating that these songs could bring variety and excitement to the karaoke night."
What time does Turalyon plan to limit noisy activities?,From 2-3 pm,"According to the discussions, Turalyon proposes limiting noisy activities from 2-3 pm. This timeframe was suggested as a way to manage noise levels during the construction phase, ensuring a more pleasant environment for the community."
Why does WolfgangSchulz inquire of the band members about health products?,Wolfgang is feeling very tired lately with the overtime and wants to boost up his energy,"There is no mention of WolfgangSchulz inquiring about health products or supplements within the provided data. The conversations focus on musical activities, personal interests, and health practices related to physical activity and nutrition, rather than inquiries about health products. Therefore, based on the information given, WolfgangSchulz does not ask the band members about health products."
What is the name of the song LiHua suggests revisiting for the band's music session according to their conversation on 20260529?,The History of Everything,"According to the conversation dated 20260529, LiHua suggests revisiting the song ""Sweet Caroline"" for the band's music session. This is evident from the dialogue where LiHua mentions, ""Maybe """"Sweet Caroline"""" or something upbeat like """"Sweet Caroline""""?"" and ChaeSong-hwa agrees, stating, ""Those are great choices! """"Sweet Caroline"""" is always a crowd-pleaser."" Therefore, ""Sweet Caroline"" is the song LiHua proposes for their band session."
Which kind of pastry does Li Hua express his interest in trying in his conversation with Hailey on 20260531?,the new banana durian cheesecake,"In the conversation between Li Hua and Hailey dated 20260531, Li Hua expresses his interest in learning how to make pastries. This indicates that pastries are the type of pastry he specifically requested to learn about in the context of the free baking class that Hailey Johnson is hosting. This aligns with the mention of pastries in the dialogue where Hailey Johnson enthusiastically mentions that pastries are ""super fun to make"" and that Li Hua's request to learn how to make pastries is a ""great choice."""
When did Li Hua inform Adam Smith that the rent for last month (implied to be May) had been transferred?,2026-06-02 at 10:00,"Based on the information provided in the conversation logs, Li Hua informed Adam Smith that the rent for last month (May) had been transferred on January 5, 2026, at 14:00. This is evident from the log entry:```Time: 20260105_14:00LiHua: Hey Adam! Hope you’re doing well. I wanted to check in about the details for the move-in. When’s a good time for me to come by? Thanks!AdamSmith: Hi Li Hua! I'm doing well, thanks. You can come by anytime after 5 PM today. Just let me know when you're on your way. Looking forward to it!LiHua: Awesome! I'll be there around 5:30 PM then. Can't wait to see the place! Thanks for the quick reply!AdamSmith: Great! I’ll be here to welcome you. Feel free to ask if you have any questions about the house when you arrive. Safe travels!LiHua: Will do! See you soon!```In this context, the mention of checking in about ""details for the move-in"" likely refers to the completion of the May rent payment. Li Hua was asking about the move-in date, which implies she had already settled her obligations for that month. Therefore, the transfer of the May rent was communicated to Adam Smith earlier, specifically on January 5, 2026."
What is the name of Hailey Johnson's new weekly flavor cheese?,Hazelnut Basque Roasted Cheese,"There isn't a specific mention of a new weekly flavor cheese in the provided conversations. However, Hailey Johnson does introduce various new items including ice cream flavors, pastries, and breads. In one conversation, she mentions planning to ""whip up some fruity ice cream flavors and maybe a mango-coconut pastry!"" This indicates that she may have a seasonal or rotating selection of flavors, but the exact weekly flavor cheese isn't explicitly stated."
Why can't people sit on the benches when Turalyon informs the community that the benches have been installed on 20260604?,the paint isn't dry yet,"In the communication dated 20260604, Turalyon informs the community that the benches have been installed but does not mention any issues or concerns regarding sitting on them. It appears that the installation process was completed successfully, and no immediate issues were reported at that time. However, subsequent communications indicate that some additional features might be added to enhance the benches' usability, such as cushions for comfort and perhaps a small table for drinks or snacks. Therefore, it seems that people can indeed sit on the benches, though enhancements may be planned to improve their functionality further."
What is the phone number for the maintenance worker that Adam Smith provided to Li Hua for the broken streetlight?,314159,"In the conversation recorded on June 5th at 18:45, Li Hua asks Adam Smith for the contact number of the maintenance worker who can address the broken streetlight. Adam Smith provides this number, which is 314159. Therefore, the phone number for the maintenance worker that Adam Smith gave to Li Hua for the broken streetlight is 314159."
What breathing technique does Jennifer Moore suggest for running?,Inhaling for 3 steps and exhaling for 2 steps,"Jennifer Moore suggests a specific breathing technique for running, which involves inhaling for 3 steps and exhaling for 2 steps. This technique is intended to help runners improve their stamina during long runs."
When is the Freelancer Group Meeting scheduled for according to the conversation between LiHua and Yuriko?,This Wednesday at 3 pm,"The Freelancer Group Meeting is scheduled for a Wednesday at 3 pm. According to the conversation, LiHua initiates the meeting by inquiring whether Yuriko plans to attend the Freelancer Group Meeting this Wednesday at 3 pm. Yuriko confirms that she will be there, expressing enthusiasm about the upcoming event and looking forward to the discussions. Therefore, the Freelancer Group Meeting is set for a Wednesday at 3 pm."
What suggestions does Jennifer give to LiHua to help boost his endurance?,try incorporating longer cardio sessions and interval training into your routine,"In one of the recorded conversations, Jennifer provides specific advice to LiHua to help him improve his endurance. Jennifer suggests incorporating longer cardio sessions and interval training into LiHua's routine. She recommends mixing different types of cardio activities such as cycling, running, or swimming. Additionally, Jennifer emphasizes the importance of proper hydration and nutrition. This information aligns with the description provided in the ""Endurance"" entity, which states that ""Endurance is the focus of LiHua's desire to improve."" Jennifer also encourages LiHua to try these strategies to see if they help enhance his endurance."
What new pastry does Hailey think is perfect for a fitness lover like Li Hua?,high-protein breads,"In the conversation, there is no specific mention of a pastry being tailored for a fitness lover. However, Hailey Johnson has been experimenting with new flavors and has mentioned that she plans to include some techniques in upcoming baking classes. Given this context, it seems likely that she might introduce a healthier pastry option for fitness enthusiasts. While the exact pastry isn't specified, her focus on innovation and providing variety suggests that she may create a new pastry that caters to health-conscious individuals. Since the table contains two entries related to new pastries, one of which is labeled ""NEW PASTRY,"" it is reasonable to infer that this might be the pastry Hailey is referring to, though there is no direct indication of its specific attributes."
Who proposes adding some outdoor games or a small water feature to the children's play areain the community discussion?,Thrall,"In the community discussion, several proposals are made regarding enhancing the play area for children. Regarding outdoor games, Adam Smith suggests playing games as an activity for the weekend, emphasizing the importance of engaging activities. This proposal aims to keep everyone entertained and active during the community gathering. For the addition of a water feature, Turalyon mentions the idea of adding one. He suggests a fountain, which he believes would ""bring some character to the garden"" and ""create that relaxing sound of flowing water."" Additionally, Muradin Bronzebeard suggests adding rocks around the fountain to create a natural touch and attract wildlife. These elements would contribute to making the play area more inviting and enjoyable for children.Thus, both Adam Smith and Turalyon (through Turalyon's comments) propose adding outdoor games and a small water feature to the children's play area."
Who proposes adding picnic tables for families to enjoy some snacks after playing?,Li Hua,"In the discussions regarding the picnic, Rexxar Remar suggests bringing blankets or chairs for seating, indicating that the goal is to ensure everyone has a comfortable spot to relax during the event. However, there is no specific mention of proposing picnic tables for families to enjoy some snacks after playing games. Instead, the emphasis seems to be on providing comfortable seating options for everyone to enjoy the food and music. It appears that the focus was more on having a pleasant environment for socializing and enjoying communal activities rather than proposing specific amenities like picnic tables."
Who proposes creating a little garden area where kids can help plant flowers or vegetables?,GromHellscream,"Based on the information provided, there isn't a specific entity mentioned who directly proposes creating a little garden area for kids to help plant flowers or vegetables. However, multiple entities express interest in including features that benefit children and families. For example, Muradin Bronzebeard suggests adding ""some plants around the area for extra noise dampening,"" Rexxar Remar proposes adding ""a small herb section,"" and Turalyon mentions the possibility of a ""kids' play area."" These proposals indicate that there is a focus on creating a space that includes elements beneficial for children, though none explicitly states creating a designated garden area specifically for them."
Why does LiHua bring up Adam Smith in the band's conversation on 20260616?,LiHua thinks it is really nice for Mr. Smith to rent this basement to us for practice,"In the conversation dated 20260616_16:00, LiHua brings up Adam Smith, referencing a previous interaction where Adam Smith offered his skills in data analysis and planning as a potential volunteer for the community emergency response team. This context highlights Adam Smith's contributions beyond the band setting, emphasizing his versatility and willingness to assist in various capacities. LiHua seems to acknowledge and appreciate these additional aspects of Adam Smith's capabilities."
What event does LiHua think is an opportunity for the Jolly band to perform in front of the crowd?,the poster saying that the town is holding a local music festival,"LiHua mentions a local music festival that is taking place in their town and believes it offers a great opportunity for the Jolly Band to showcase their music in front of a larger audience. Specifically, she notes, ""Did you see the poster saying that our town is holding a local music festival? It looks like it can be an opportunity for our band to perform in front of the crowd!"" This suggests that the local music festival is the event that LiHua sees as potentially beneficial for the Jolly Band's performance opportunities."
What dietary restrictions does LiHua have in his conversation with Hailey?,No dietary restrictions,"In the conversations between LiHua and Hailey, there is no explicit mention of LiHua having any dietary restrictions. Throughout their interactions, LiHua consistently expresses enjoyment of the various baked goods offered by Hailey, including items like bread, pastries, and donuts. LiHua frequently thanks Hailey for delivering fresh bread and mentions that he enjoys the products, indicating that he does not have any specific dietary requirements. Therefore, based on the information provided, LiHua does not appear to have any dietary restrictions when interacting with Hailey."
What will special guest speaker be talking about as Jennifer mentions to LiHua?,about nutrition for athletes,"JenniferMoore informed LiHua that there is a special guest speaker coming up who will be discussing nutrition for athletes. The event is scheduled for next Wednesday at 6 PM, and it will cover several key topics including great tips for performance and recovery. LiHua expressed interest in attending and requested that Jennifer Moore reserves a spot for him."
What is the survey that Jennifer wants LiHua to fill out about?,the experience with our training sessions so far,"Jennifer Moore has asked Li Hua to fill out a quick survey about their experience with the training sessions they have been attending. Jennifer emphasizes that her feedback is crucial for improving the training program, and she hopes Li Hua will provide valuable insights to help enhance future sessions."
When does the special event at Hailey's bakery start according to Hailey and LiHua's conversation on 20260622?,The event starts at 10 AM this Saturday,"According to the conversation between HaileyJohnson and LiHua on 20260622_13:30, the special event at Hailey's bakery starts at 10 AM on Saturday. This information is explicitly stated in the first exchange where Hailey invites LiHua to a special event at the bakery that will launch a new line of healthy bread options and includes a tasting session."
What video does LiHua send to the band group chat on 20260624?,"a video of himself playing the intro to ""Stairway to Heaven""","There is no information provided about a video LiHua sending to the band group chat on 20260624. The data only contains timestamps for various conversations and events, but does not specify any video transmissions. Therefore, based on the given data, we cannot determine what video, if any, LiHua sent."
Waht song does Wolfgang propose adding to the band's practice set on 20260625?,Viva la Vida by Coldplay,"Based on the information provided, there is no specific song that Wolfgang proposes adding to the band's practice set on 20260625. The data table only mentions a training session scheduled for July 25, 2026 at 10:00 AM, but does not detail any specific song suggestions. Therefore, we cannot determine which song Wolfgang proposes for that particular practice session."
What is the main topic of the conversation between LiHua and ChaeSong-hwa on 20260626?,Chae and her team making a breakthrough in the research study and LiHua congratulating her,"On June 26th, 2026, LiHua and ChaeSong-hwa discussed the upcoming community medical knowledge lecture scheduled for the following Saturday at 7 PM. This lecture aimed to cover basic health issues and prevention strategies, which were expected to be informative and beneficial for the attendees. LiHua expressed her enthusiasm for attending and learning more about health topics, indicating her interest in participating in the educational session. The conversation revolved around the importance of such events in providing valuable health insights and fostering knowledge among the community members."
Waht songs does Chae recommend in the band's group discussion on 20260629?,"Uptown Funk or ""Happy""","In the group discussion on June 29, 2026 (20260629_18:00), ChaeSong-hwa mentions a few potential songs for the band to consider. Specifically, he suggests Fleetwood Mac and The Beatles as possible choices. He also proposes a medley of classic rock songs, which includes ""Hotel California"" and ""Blackbird."" These suggestions align with the group's interest in classic rock and their desire to create a unique and engaging performance."
What tip does Jennifer give to the gym members on 20260630?,Staying hydrated during workout is very important,"There doesn't appear to be any entry for June 30th in the provided data. The most recent entry is dated June 29th, suggesting that the tip Jennifer gives on 20260630 might not exist within the dataset. Please check the provided entries for the correct date."
Why deoes the construction have to be postponed according to Tirion Fordring?,the storm and the rain have been going on for days,"According to the conversation, the construction has to be postponed due to the ongoing storm and rain. Specifically, Tirion Fordring mentions, ""As everyone can see, the storm and the rain have been going on for days! As a result, our construction has to be postponed, and hopefully, it will resume soon once the weather gets better!"" This indicates that the current weather conditions, including the persistent storm and rain, necessitate a delay in the construction schedule."
What kinds of Thai food does Wolfgang want to try out at the Thai restaurant on 20260702?,pad thai and maybe some spring rolls,"According to the conversation recorded under the time reference 20260702_15:00, WolfgangSchulz mentions he is thinking of trying the Thai restaurant's pad thai and maybe some spring rolls. Pad Thai is a popular Thai dish consisting of stir-fried rice noodles, bean sprouts, garlic chives, crushed peanuts, lime wedges, and a mixture of eggs, shrimp, or tofu. Spring rolls, on the other hand, are savory vegetable rolls wrapped in dough and often filled with vegetables, herbs, and sometimes meat. These dishes are representative of the diverse and flavorful cuisine offered at a Thai restaurant."
What song does Yuriko propose that the band can practice this weekend according to the band's discussion on 20260703?,Take Me Home Country Roads by John Denver,"According to the conversation on 20260703, Wolfgang Schulz proposed experimenting with electronic beats and asked if Yuriko had any suggestions for a bass-heavy track to incorporate into their repertoire. Yuriko expressed enthusiasm for the idea, indicating she might suggest a particular song to blend with their acoustic styles. However, no specific song was ultimately proposed or agreed upon during this discussion."
What is the name of the song that Yuriko recommend to the band on 20260706?,Rolling in the Deep by Adele,"Based on the provided conversation, there is no mention of a specific song recommendation made by Yuriko on July 6th, 2026. The data focuses primarily on discussions related to band practices, jam sessions, and band name brainstorming rather than song recommendations. Therefore, no song name can be definitively attributed to Yuriko's recommendation on that particular date."
Why are LiHua and Adam concerned about the basement in their conversation on 20260707?,They want to check if there were any issues in the basement after those rainstorms,"In the conversation dated 20260707, LiHua expresses concern about adding an air conditioner to the basement because it is becoming quite warm during the summer season. She specifically mentions that ""it's getting pretty warm now that summer's here!"" This indicates that the temperature in the basement is becoming uncomfortable, prompting her to ask Adam if it would be possible to install an air conditioner there. Adam responds positively, noting that ""An air-conditioner would be great for the basement"" and agrees to check with the maintenance team for a solution. This exchange highlights LiHua and Adam's shared concern about maintaining a comfortable environment in the basement during the warmer months."
Why is Jennifer checking in in the gym group chat on 20260708?,She wants to hear how the members are all doing and offer some personalized advice.,"There is no entry in the provided data for a conversation on 20260708. All the events listed involve times such as 20260725_10:00, 20260728_18:00, 20260712_16:00, and 20260601_16:00, none of which includes the date 20260708. Therefore, based on the available information, Jennifer did not check in in the gym group chat on 20260708."
What is the article that Chae shares with LiHua about?,how to fall asleep faster at night,"The conversation between LiHua and ChaeSong-hwa does not explicitly mention an article that Chae shares with LiHua. They discuss various topics such as Chae's opinion on people walking their dogs without leashes, their mutual interests in video games and music, and upcoming events and plans. There is no specific reference to an article in their exchange."
What is LiHua's feeback on Hailey's new artisanal donuts?,The flavors are so unique and delicious,"In the conversation between HaileyJohnson and LiHua dated July 12, 2026, LiHua expressed her positive opinion about the artisanal donuts HaileyJohnson had created. Specifically, LiHua stated that she ""really loved the chocolate hazelnut one!"" and noted that it had a ""perfect balance of sweetness."" This feedback indicates that the chocolate hazelnut flavor stood out positively among the artisanal donuts, showcasing that it was a standout option among HaileyJohnson's creations. Additionally, LiHua expressed enthusiasm for trying future offerings, saying, ""I'm always looking for feedback to improve even more."" Her feedback is particularly valuable as it provides direct insight into the taste preferences and overall satisfaction of potential customers, which can guide HaileyJohnson's future product development efforts."
What new flavor is LiHua looking for as he mentions to Hailey in their conversation on 20260714?,a matcha flavor,"In their conversation dated 20260714 at 12:00 PM, LiHua expressed his interest in trying a new flavor. Specifically, he said, ""Maybe a matcha flavor next time? That could be fun!"" This indicates that LiHua is seeking a matcha-flavored item, possibly a cake, donut, or another baked good, which Hailey would consider adding to her lineup."
Which performance does Chae want the band members to check out in their discussion on 20260715?,"the amazing live performance of ""Bohemian Rhapsody"" by Queen","There isn't any mention of a performance that Chae wants the band members to check out in the discussion on 20260715. The content provided focuses on a conversation between ChaeSong-hwa and LiHua about planning their next jam session, including song ideas and potential collaborations. There is no reference to a performance or a need to check out a show."
Why is LiHua praising Chae in their conversation on 20260717?,LiHua was really amazed by Chae's performance in the band last Sunday because Chae's singing has really leveled up,"In the conversation on 20260717, there isn't any mention of LiHua praising Chae. The provided data table only contains conversations between LiHua and other individuals, but no specific praise from LiHua to Chae is noted. Therefore, there is insufficient information to determine why LiHua is praising Chae in this particular context."
What cool thing does Wolfgang find that he wants to share with LiHua?,this awesome guitar Wolfgang found online,"In one of the conversations, Wolfgang expresses his excitement about finding unique snacks and a local souvenir during his upcoming trip to Hong Kong. He specifically mentions that he plans to ""keep an eye out for some unique snacks and a local souvenir"" for LiHua, indicating that he intends to bring back something special from his trip. This shows that Wolfgang is looking to share a meaningful memento with LiHua from his travels."
What tips on balancing work and personal hobbies does LiHua give to Chae?,try setting specific hours for work and separate times for your hobbies and don't forget to schedule some fun time for yourself,"In her conversation with Chae, LiHua offers several practical suggestions for balancing work and personal hobbies. Specifically, LiHua recommends setting specific hours for work and separate times for hobbies. She suggests that even small breaks throughout the day can be beneficial, helping to maintain productivity and prevent burnout. Additionally, she advises prioritizing self-care and scheduling regular time for personal activities, emphasizing that it's essential to take care of oneself amidst the demands of work and professional commitments. LiHua further encourages Chae to keep weekends free for fun activities, such as jamming with the band, to ensure a balance between professional responsibilities and personal enjoyment. These strategies reflect LiHua's understanding of the importance of maintaining a healthy work-life balance, which is evident in her own approach to managing her multifaceted schedule."
What is the size of the basement?,The basement is approximately 15 feet by 20 feet,"The size of the basement is not explicitly mentioned in the provided conversations. Specific measurements such as width and height are given in a couple of instances (10, measuring 150 cm wide and 120 cm high; 9, mentioning the basement is approximately 15 feet by 20 feet), but these are not the total size of the room. Without additional data, it's not possible to provide an accurate overall size of the basement based solely on the information available."
What is Wolfgang's favorite superhero?,Iron Man,"According to the information provided, Wolfgang's favorite superhero is Iron Man. This preference is mentioned in the conversation between Wolfgang and Li Hua, where Wolfgang states, ""I have a soft spot for Iron Man though. The tech and personality are just cool."""
What is LiHua's favorite superhero?,Spider-Man,"Based on the conversations provided, LiHua expresses a strong preference for Spider-Man as their favorite superhero. Specifically, during one interaction, LiHua states, ""I think Spider-Man is my fave! Love his story and all the web-slinging action."""
What sports would LiHua like to see on the community sports day?,some team sports like soccer or basketball,"Based on the conversation, LiHua expressed a preference for seeing team sports like soccer or basketball at the community sports day. She believed that team sports would ""really bring people together"" and suggested organizing friendly competitions among participants. Additionally, LiHua proposed adding some fun games specifically for children, indicating her interest in diverse and inclusive activities."
What activities are being discussed for the community sports day?,Soccer and basketball and tug-of-war and sack race are mentioned as potential activities for the community sports day,"For the Community Sports Day, there is an emphasis on various team sports activities that aim to bring the community together. The conversation revolves around organizing team sports like soccer and basketball, which are expected to engage participants and create a fun and competitive atmosphere. Additionally, the event will likely feature some fun games designed specifically for children, ensuring that everyone in the community can participate and enjoy themselves. The organizers hope to create a memorable day filled with outdoor activities and communal bonding experiences."
What new hobbies does Wolfgang Schulz propose to Li Hua?,Wolfgang Schulz proposes pottery or painting as a hobby to Li Hua,"In one of the conversations, Wolfgang Schulz suggests a new hobby to Li Hua to unwind from work stress. Specifically, Wolfgang proposes picking up a new hobby together, stating, ""Hey Li Hua! 😊 I was thinking we could pick up a new hobby together to unwind a bit from work stress. How about pottery or painting? Sounds fun, right? 🎨✨"". This indicates that Wolfgang proposes either pottery or painting as a new hobby to engage in with Li Hua."
What brands of air-conditioners does LiHua recommend to Wolfgang?,Mitsubishi and Daikin,"In the conversation, Wolfgang expressed interest in the air-conditioners for the basement. LiHua recommended inverter AC units from brands like Mitsubishi and Daikin, which are known for being quiet and efficient. Specifically, LiHua suggested these brands because they are effective in terms of energy efficiency and noise reduction."
Who is recommended by Jennifer to share some fitness tips in the gym group chat on 20260730?,LiHua,There is no specific recommendation made by Jennifer in the provided data regarding a fitness tip sharing in the gym group chat on 20260730. The available entries do not contain details about such a recommendation.
What does Hailey Johnson want Li Hua to help with at the bakery according to their discussion on 20260731?,Hailey Johnson wants Li Hua to help gather feedback from customers at the bread-tasting event,"According to their conversation on July 31, 2026 (20260731), Hailey Johnson is planning a bread-tasting event at the bakery and would like Li Hua's assistance in gathering feedback from their customers. Hailey specifically mentions, ""Hey Li Hua! I'm planning a bread-tasting event at the bakery and would love your help gathering feedback from our customers. Do you think you could assist with that? It would mean a lot!"" This indicates that Li Hua is needed to participate in the event and provide feedback on the various bread varieties that will be presented."
What day do Li Hua and Wolfgang Schulz plan to visit the photography exhibition?,Li Hua and Wolfgang Schulz plan to visit the photography exhibition on Friday evening,"Li Hua and Wolfgang Schulz plan to visit the photography exhibition on Friday evening, as discussed during their conversation on Time: 20260801_19:00. Li Hua suggested this date because she believed it would be less crowded compared to other times. Wolfgang Schulz agreed to this plan, expressing his enthusiasm for the event. They also confirmed that Li Hua would purchase the tickets in advance to ensure they could attend."
When is Wolfgang and LiHua going to the photography exhibition on 20260805?,19:00,"According to the conversation, Wolfgang and LiHua are planning to attend the photography exhibition at 19:00 (or 7:00 PM) tonight, which is noted in the entry for ""Time: 20260805_16:00"". LiHua reminds Wolfgang about the event and mentions they will grab a bite before heading to the exhibition."
What new components are being added to the garden project as Turalyon announces it on 20260806?,incorporating sustainable practices like recycling and composting into our renovation project,"On August 6, 2026, Turalyon initiates another update regarding the community garden project, though specific details about new components are not explicitly mentioned in the provided content. The updates cover scheduling changes, noise management strategies, and the inclusion of seating areas and native plant species. Given the lack of explicit information about new additions, we cannot definitively state what new components are being introduced for the garden project on this date. However, based on previous discussions, the garden is expected to feature additional seating areas, native plants to attract wildlife, and possibly some seating areas for the elderly or disabled to accommodate diverse needs within the community. Additionally, there may be plans to incorporate more herb beds to allow community members to grow fresh ingredients for their meals. These elements aim to enhance the functionality and appeal of the garden, making it a valuable resource and social hub for the community."
Why is Yuriko asking for LiHua's help on 20260807?,She has got ten logo designs for my speech therapy studio and she would love LiHua's opinion on which one stands out the most,"Based on the information provided in the conversation records, there is no record of Yuriko specifically requesting LiHua's help on August 7th, 2026. The interactions listed cover various topics such as planning jam sessions, rent payments, and discussions about upcoming events, but there is no mention of Yuriko seeking assistance from LiHua on August 7th. Therefore, we cannot determine why Yuriko might be asking for help based on the given data."
When is the installation of the air-conditioner for the basement?,It's set for Wednesday next week,"The installation of the air-conditioner for the basement is scheduled for Wednesday, as mentioned in the conversation recorded on August 9th, 2026 at 12:00 PM. Adam Smith reminded Li Hua about this date, indicating that it would be a convenient time for her work schedule."
Why does Adam reach out to LiHua on 20260810?,To check if LiHua had a chance to look over the warranty and maintenance plans for the air conditioner,"Based on the provided data, there is no entry for a communication or event scheduled on August 10, 2026 (20260810). The entries listed are for dates ranging from January to September 2026, including times like 20260128_19:00, 20260218_18:00, 20260219_08:00, 20260225_19:00, 20260429_18:00, 20260601_16:00, 20260610_16:00, 20260615_09:00, 20260627_12:00, 20260712_16:00, 20260725_10:00, 20260728_18:00, 20260810_18:00, 20260913_18:00, 20260920_16:00, and 20260924_20:00. None of these dates include August 10, 2026. Therefore, there is no reason to infer why Adam would reach out to LiHua on August 10, 2026 based on the available data."
What tips does Jennifer give to LiHua about preventing muscle soreness after a tough workout?,make sure to warm up properly before workouts and cool down afterward & Stretching & Stay hydrated and consider foam rolling post-session to help with recovery,"Jennifer provides several helpful tips for LiHua to prevent muscle soreness after a tough workout. According to Jennifer, the first step is to ensure that LiHua warms up properly before engaging in the workout. This warming up phase is essential to prepare the muscles for physical exertion. Additionally, cooling down properly after the workout is equally important. Cooling down allows the heart rate to return to normal and helps prevent sudden drops in blood pressure, which can lead to dizziness or fainting.Jennifer also emphasizes the importance of stretching. Post-workout, LiHua should spend some time stretching the muscles to improve flexibility and relieve tension. This can further aid in recovery and reduce the likelihood of experiencing soreness the following day.Staying hydrated is another crucial aspect of preventing muscle soreness. Jennifer recommends that LiHua drink plenty of water to help with recovery. Dehydration can exacerbate muscle soreness, so ensuring adequate hydration is vital.Lastly, Jennifer suggests using a foam roller to help with muscle recovery. Foam rolling can effectively release tension in the muscles, making it easier to recover from a rigorous workout.By incorporating these practices into her routine, LiHua can minimize muscle soreness and enhance her recovery process."
When is the contractor team going to install the air-conditioner?,20260812 6PM,"According to the conversation logs, the contractor team is scheduled to install the air-conditioner in the basement at 6 PM on the same day (presumably August 10th) that Adam Smith reached out to Li Hua. This can be seen from the log entry dated 20260812_11:00, where Adam Smith informs Li Hua, ""The contractor team is coming to install the AC in the basement at 6 PM today."" Therefore, the installation is planned for August 12th at 6 PM."
When is the garage sale being discussed?,20260814_15:00,"The discussion about the garage sale is taking place in the conversation recorded under timestamp ""20260814_15:00"". This conversation revolves around the idea of organizing a garage sale to declutter and connect with the community. Participants like RexxarRemar, ChaeSong-hwa, and Turalyon express their interest and enthusiasm for the event, while also suggesting ideas such as setting up a snack station to make it more engaging and enjoyable. LiHua mentions bringing some items to sell and looks forward to the event, which showcases the positive community spirit surrounding the event."
What is the reason Thrall cannot participate in the garage sale?,Thrall has a lot happening with the garden renovations,"According to the content shared in the conversation, Thrall mentioned that he was currently focused on the garden renovations and thus decided to sit out the garage sale. Specifically, Thrall stated, ""I might sit this one out though, got a lot happening with the garden renovations right now."" Despite his absence, he expressed hope that others would have a great time and enjoyed the event."
What does RexxarRemar suggest to make the garage sale more enjoyable?,RexxarRemar suggests having snacks or drinks at the garage sale,"In the conversation, RexxarRemar suggested several improvements to enhance the garden renovation process, including the following points:- Providing a heads-up to residents a day in advance about any particularly loud work to help them plan around it.- Posting updates in the chat and putting up a notice board at the garden's entrance to keep everyone informed.- Considering sound-absorbing materials for the benches or play area to mitigate noise levels during construction.- Incorporating plants around the area for additional noise reduction and aesthetic purposes.None of these suggestions specifically pertain to making the garage sale itself more enjoyable. The conversation focuses more on managing noise levels during construction to ensure the safety and comfort of the residents in the surrounding area."
Who offers to help with setting up for the garage sale?,AdamSmith,"In the discussion about the garage sale, AdamSmith offered to help with setting up if anyone needed assistance. This was expressed towards the end of the conversation:>TirionFordring: By the way, if anyone needs help with setting up for the garage sale, just let me know! I’d be happy to lend a hand.>>LiHua: Looks like everyone is really looking forward to the garage sale and all the fun ideas coming in. It’s great to see the community getting involved!>>GromHellscream: The excitement is contagious! Plus, with the garden renovations, it’ll be nice to showcase our community spirit while we work. Let’s keep this momentum going!>>AdamSmith: That’s really generous of you! I bet a lot of folks appreciate the offer. We’re all about supporting each other as always!Thus, AdamSmith volunteered to help with setting up for the garage sale if necessary."
What type of stretches does Sage prefer before hitting the gym?,Sage prefers dynamic stretches,"Based on the discussion in the conversations, Sage prefers to focus on her breathing and posture before engaging in bodyweight exercises or other forms of exercise. Specifically, she mentioned, ""I usually take a moment to focus on my breathing and posture before jumping into the exercise. Slowing it down helps me remember to engage the right muscles."" This indicates that Sage uses a mindful approach to prepare for her workouts, focusing on her breathing and posture to ensure proper form."
What does JenniferMoore suggest to improve performance and prevent injuries?,JenniferMoore suggests incorporating stretching techniques,"In her interactions with LiHua, JenniferMoore emphasizes the importance of proper warm-up and stretching routines before any game. She stresses that these activities are essential for getting the muscles ready and improving flexibility, which significantly contribute to injury prevention. Additionally, staying hydrated and wearing the correct footwear are vital factors that can make a substantial difference in avoiding injuries. JenniferMoore suggests that soccer players should implement these practices to minimize the risk of sustaining injuries during games. Furthermore, she highlights the benefits of strength training, which not only strengthens muscles around joints but also enhances overall stability and endurance on the field. Overall, JenniferMoore's advice underscores the significance of a comprehensive approach to both physical and mental preparation for athletes."
What does Viper plan to do to increase their stamina?,Viper plans to focus on cardio,"According to the conversation, Viper plans to incorporate interval training into their cardio routines. Viper mentions that this type of training is a ""great way to build endurance without overstressing your body"" and can keep workouts interesting. They suggest starting with shorter intervals and gradually increasing the intensity and duration as one becomes more comfortable with the regimen."
What does Sova plan to do to keep their cardio interesting?,Sova plans to mix it up with different types of cardio exercises,"In the conversation, Sova mentions that she tries to remind herself of the progress they are all making together and uses this as a motivational strategy. She also suggests setting gradual weight increases as a way to track progress and keep the workouts challenging. This approach aims to keep the routine fresh and engaging, ensuring that participants remain motivated and consistent in their fitness journey."
How much discount is Hailey willing to give to LiHua according to their conversation on 20260816?,15% off,"According to the conversation on 20260816, Hailey Johnson offered a special holiday sale to Li Hua with a 15% discount on orders placed by the end of the week. This indicates that Hailey is willing to provide a 15% discount to Li Hua for her bread and pastries."
Who does Li Hua mention as their favorite character from The Witcher 3?,Geralt,"In the conversation, Li Hua expresses a strong preference for Geralt as their favorite character from The Witcher 3. Li Hua describes Geralt as having a ""no-nonsense attitude"" while also highlighting his ""great sense of morality."" Additionally, Li Hua praises Geralt's ""monster-slaying skills"" as ""just epic."" Li Hua further mentions that Yennefer is another character they particularly enjoy, appreciating her backstory and dynamic with Geralt. However, when asked about their favorite scene featuring Yennefer, Li Hua points out a specific interaction from the game that stands out, suggesting they are deeply invested in Geralt and Yennefer's relationship."
Why does LiHua like Geralt from The Witcher 3?,He's such a complex character with that no-nonsense attitude but deep down he has a great sense of morality & his monster-slaying skills are just epic,"LiHua appreciates Geralt from The Witcher 3 for several reasons. Firstly, she admires Geralt's complex personality and no-nonsense attitude, which despite his rough exterior, is grounded in a strong sense of morality. Additionally, LiHua finds Geralt's monster-slaying skills to be exceptionally impressive. Furthermore, LiHua is drawn to the character development and the choices Geralt makes throughout the game, highlighting Geralt's depth as a protagonist. LiHua also emphasizes Geralt's dynamic relationships with other characters, particularly mentioning his interactions and friendships, which she finds enriching and impactful."
What is Li Hua's opinion about Yennefer's character?,Intense & fiercely independent & her relationship with Geralt evolves,"Li Hua expresses a positive view towards Yennefer, describing her as an ""intense and fiercely independent"" character with a complex backstory and dynamic relationship with Geralt. She finds the evolution of their relationship in the game particularly memorable, highlighting the memorable moments they share. Li Hua also appreciates the intensity and depth that Yennefer brings to the game, noting that her character is a standout due to her backstory and the way her relationship with Geralt adds significant depth to the narrative."
Which scene stood out for Li Hua in The Witcher 3?,"The ""Battle of Kaer Morhen""","In the conversation recorded, Li Hua mentioned several standout scenes from The Witcher 3. Specifically, she highlighted the scene in the ""Battle of Kaer Morhen,"" describing it as ""super intense"" and noting the emotional stakes for Geralt and Yennefer. Additionally, she appreciated the way the game intertwines their past and present, making it a memorable moment. While the ""Battle of Kaer Morhen"" is a significant scene, another notable scene that stood out for Li Hua was the ""Blood and Wine"" expansion, particularly the area of Toussaint. Li Hua expressed enthusiasm about the beauty of the landscapes and the storytelling, calling it ""top-notch"" and mentioning that the characters and the wine theme were both enjoyable aspects of the expansion."
Which scene in The Witcher 3 does ThaneChambers consider as one of his favorites involving Yennefer?,The scene when Geralt is looking for Yennefer in the early part of the game,"Based on the discussions provided, Thane Chambers expresses a favorite scene involving Yennefer from The Witcher 3. Specifically, he mentions a scene where Geralt is looking for Yennefer in the early part of the game. Chambers describes this scene as ""brilliantly done"" because it intertwines their past and present, setting the stage for their complex relationship. This scene is highlighted as one of his favorite moments in the game, showcasing the intricate dynamics between Geralt and Yennefer."
What is Li Hua's impression of the Blood and Wine expansion?,Incredible & new area is stunning & story feels like a mini-epic,"Li Hua expresses enthusiasm and appreciation for the Blood and Wine expansion, describing it as ""incredible."" She mentions that the new area, Toussaint, has a ""fairy-tale vibe"" with vividly colored landscapes, especially during sunset. Li Hua also highlights the immersive nature of the quests, stating that they feel like part of a storybook. Furthermore, she praises the storyline, noting that it is ""rich with lore"" and that the ending twist is described as ""just epic."" Overall, Li Hua seems impressed with the Blood and Wine expansion, valuing its beautiful visuals, captivating lore, and engaging quests."
What is Li Hua's opinion on the characters in Succession?,Intense family dynamics and business war,"Based on the conversations recorded, Li Hua seems to appreciate the complex characters in Succession, particularly focusing on Kendall and his motivations. During one discussion, Li Hua expresses that Kendall’s journey is ""really captivating"" and ""keeps us on edge."" They note the character's struggle for power and the intense family dynamics, highlighting how these elements contribute to the show's intrigue. Li Hua also mentions the show’s ability to portray intense plots and strategic twists, suggesting that they enjoy the complexity and intensity of the narrative. Overall, Li Hua appears to be engaged with and appreciative of the characters and storylines in Succession."
What TV show does EmilyBurnett recommend to Li Hua after discussing Succession?,The Crown and Ted Lasso,"After discussing the TV show ""Succession,"" Emily Burnett recommends ""The White Lotus"" to Li Hua. She explains that ""The White Lotus"" is an entertaining mix of drama and dark comedy, featuring a setting that includes hidden agendas, which she believes would be a fun watch for Li Hua. Emily suggests that the show has some great twists, and she is excited for Li Hua to enjoy it."
When does Li Hua plan to meet JakeWatson for soccer practice?,Saturday afternoon at 3 PM,"According to the conversation, Li Hua and JakeWatson have planned several soccer practices together. Initially, they discussed meeting up for practice on Saturday at 3 PM, as mentioned in the entry dated 20261106_20:00. Later, on 20260829_11:00, they confirmed their plans for another practice session, specifically stating that they would meet at the park on the following day at 3 PM. Therefore, the most recent and clear indication of their planned meeting time for soccer practice is on Saturday at 3 PM."
What are some of the upcoming PS5 exclusives discussed?,Final Fantasy XVI & Marvel's Spider-Man 2 & Ghostwire: Tokyo,"In the conversations recorded, several PS5 exclusives are mentioned, particularly in the context of potential group purchases and discussions about upcoming game releases. In one conversation, Thane Chambers mentions seeing ""bunch of new games dropping soon on both the PS digital store and physical disc."" He suggests doing a group purchase, indicating interest in multiple upcoming titles. Another example comes from the conversation about the PS5 Game Enthusiasts group, where Li Hua expresses excitement about purchasing games, suggesting that group members are interested in acquiring various PS5 exclusives. One specific game highlighted in the context of group purchases is ""Spider-Man: Miles Morales,"" which Li Hua mentions she is interested in. Additionally, Thane Chambers recommends ""Demon's Souls,"" another PS5 exclusive known for its challenging gameplay and rich narrative. These discussions point to the anticipation and enthusiasm surrounding PS5 exclusives among gaming enthusiasts."
Which upcoming PS5 exclusive game does Gavriel express curiosity about?,Ghostwire: Tokyo,"From the conversation provided, Gavriel expresses interest in a specific upcoming PS5 exclusive game. During a discussion about games, Gavriel asks Li Hua if she has any games in mind for the upcoming shopping trip. In response, Li Hua mentions several games she is interested in, including ""Spider-Man: Miles Morales"" and ""Demon's Souls."" Gavriel then asks if Li Hua has had a chance to play ""Demon's Souls,"" indicating that it is one of the games she mentioned. Therefore, based on this context, ""Demon's Souls"" appears to be the upcoming PS5 exclusive game that Gavriel expresses curiosity about."
Which UCL match does Jasper recommend as a classic must-watch?,The 2005 final between Liverpool and AC Milan,"Jasper recommends the 2005 final between Liverpool and AC Milan as a classic must-watch UCL match. He highlights the dramatic comeback that Liverpool achieved, coming back from a 3-0 deficit at halftime to win the match in penalties. This match showcases the intensity and unpredictability of European football, making it a standout classic in the UEFA Champions League."
What skill does Li Hua plan to improve with WolfgangSchulz's help?,Data analysis and coding related to AI tools,"Based on the conversations between Li Hua and WolfgangSchulz, it appears that Li Hua is planning to improve her skills in several areas with WolfgangSchulz's assistance. Initially, WolfgangSchulz suggests that Li Hua consider learning more about data analysis and coding related to AI tools, which could be beneficial in digital marketing. Additionally, WolfgangSchulz proposes that Li Hua might want to engage in strength training to prevent injuries, which would benefit her soccer playing. Later, WolfgangSchulz mentions the possibility of using AI to enhance their music composition or editing, indicating that Li Hua may also want to explore incorporating technology into their musical projects. Thus, the skills that Li Hua plans to improve with WolfgangSchulz's help include data analysis, coding, strength training, and possibly incorporating technology into their music."
Who shared a music theory tutorial with the group?,Chae Song-hwa,"In the discussion, ChaeSong-hwa shared a music theory tutorial with the group, suggesting they check it out for potential improvements in their musical skills. Specifically, he sent the link to the tutorial when he had some time available. LiHua was enthusiastic about the tutorial, indicating that it could help them elevate their sound."
Which regions in Witcher 3 did Li Hua and Thane Chambers discuss?,Skellige and Toussaint,"In the discussions shared, Li Hua and Thane Chambers specifically mentioned two regions in the Witcher 3 game: Skellige and Toussaint. Skellige is noted for its stunning cliffs and ocean views, while Toussaint is highlighted for its vibrant castles and vineyards, described as having a ""fairy-tale vibe."" Additionally, they discussed the Blood and Wine expansion, which takes place in the region of Toussaint, emphasizing the expansion's beautiful landscapes and immersive story."
What is Kendall's relationship with Logan like according to the group's discussion?,Toxic,"In the discussion regarding the TV series Succession, the group delved into the complex relationship between Kendall and his father, Logan. Kendall is portrayed as someone who struggles with proving himself, not only to his father but also to the broader world. This internal conflict is heavily influenced by the pressures and expectations tied to Logan's family legacy. The group highlighted several aspects of Kendall's situation:- **Complex Motivations**: Kendall's actions are driven by a desire to prove himself, both to his father and to the wider world. This ambition is complicated by the weight of the family's expectations, which seem to exert significant pressure on him.  - **Toxic Relationship**: The discussion indicated that Kendall's relationship with Logan is described as ""toxic."" This toxicity stems from the constant rivalry and the need for Logan's approval, creating a cycle of behavior that Kendall finds difficult to escape. - **Cycle of Betrayal**: The group noted that Kendall's actions often result in betrayals, which only serve to deepen his reliance on his father's validation. This suggests a self-destructive loop where each betrayal pushes Kendall further into his quest for power and control.- **Internal Battle**: There is an acknowledgment of Kendall's internal struggle, suggesting that he is deeply torn between his desire for independence and his attachment to his family's legacy. This internal conflict is central to his character development and the compelling narrative arc of the show.Overall, the group's discussion paints a picture of Kendall as a character whose journey is marked by intense personal conflict and a relentless pursuit of power, all while grappling with the toxic dynamics of his familial relationships."
What is the topic of discussion between Li Hua and Wolfgang Schulz on burger preferences?,Medium rare vs. well-done meat patty in a classic American,"Li Hua and Wolfgang Schulz engage in a discussion revolving around their preferences for burger toppings and their opinions on the degree of doneness for the meat patty in a classic American cheeseburger. Specifically, Wolfgang prefers a well-done patty, appreciating the safety and flavor associated with it, while Li Hua favors a medium-rare patty, valuing its juiciness and flavor. Both individuals discuss their preferred toppings, with Wolfgang favoring classic cheese and bacon, whereas Li Hua is open to adding jalapeños for an extra kick. This exchange highlights their different tastes and culinary preferences regarding burgers."
What is Li Hua's preference for a burger patty's doneness?,Medium rare,"In the conversation, Li Hua expresses a clear preference for a medium-rare patty, stating ""I just love the juicy texture of a medium rare patty. That's where all the flavor is for me!"" However, she acknowledges WolfgangSchulz's preference for a well-done patty, which he argues is safer and more flavorful. This indicates that while Li Hua personally prefers medium-rare, she respects and accommodates WolfgangSchulz's taste."
What is Wolfgang's preference for a burger patty's doneness?,well-done,"Based on the conversations recorded, Wolfgang's preference for a burger patty's doneness leans towards medium rare. In one conversation, he states, ""I get the point of medium rare, but I think well-done is just safer and more flavorful."" However, in another exchange, he further clarifies, ""Plus, I like a little char on my burger!"" This indicates that while he values safety and flavor, he also enjoys a slightly charred exterior on his burgers. Nevertheless, the primary preference for the core temperature of the patty appears to be medium rare."
Why does Wolfgang prefer a well-done meat patty in a burger?,It is safer and more flavorful & he likes a little char on his burger,"In the conversation shared, WolfgangSchulz expresses a preference for a well-done meat patty in a burger, stating that he finds the ""little char"" appealing. However, he acknowledges that LiHua prefers a medium rare patty due to the ""juicy texture."" This indicates that Wolfgang enjoys the additional cooking of the patty, likely appreciating the resulting smoky flavor, whereas LiHua values the juiciness of the meat. There isn't a direct statement explaining why Wolfgang prefers a well-done patty, but his preference aligns more with a desire for a certain level of doneness rather than a preference for the final taste of the burger."
What toppings does Wolfgang Schulz prefer on his burger?,Cheese and bacon,"From the interactions shared, Wolfgang Schulz has expressed preferences for classic burger toppings such as cheese and, occasionally, pickles. He also enjoys adding jalapeños for a spicy kick, though he prefers to keep it mild. His go-to classic cheeseburger includes lettuce, tomato, and pickles. Additionally, Wolfgang Schulz mentioned that he enjoys a little spice and suggested a spicy jalapeño burger, indicating a preference for spicy toppings. However, it's important to note that his preferences may vary depending on the occasion or his mood."
What books does Jennifer recommend to LiHua for deepening understanding of fitness nutrition?,"The New Rules of Lifting and ""Precision Nutrition""","Jennifer recommends two resources for LiHua to deepen her understanding of fitness nutrition. First, she suggests ""The New Rules of Lifting"" by Lou Schuler and Alwyn Cosgrove, which combines diet with workout strategies. Additionally, Jennifer recommends ""Precision Nutrition,"" which offers excellent online courses on nutrition. Both resources aim to provide comprehensive insights into nutrition for fitness goals."
Why are Wolfgang and LiHua going to the local music store?,check out some new gear and get inspired for our next jam session,"WolfgangSchulz and LiHua plan to visit the local music store as part of a music-related activity. According to the description provided in Entity table, the local music store is where they intend to go for a music-related activity. Their intention involves checking out new gear and being inspired for their next jam session, as indicated in their conversation where Wolfgang suggests they meet up at the music store on Saturday at 10 AM."
What is the main theme of game group's discussion on 20260901_13:00?,Dutch van der Linde's character and leadership,"The discussion on 20260901_13:00 revolves around game recommendations and upcoming releases, particularly focusing on games that explore deep character relationships and moral struggles. This aligns with the broader themes of complex character arcs and the impact of moral ambiguity within video games. Participants express interest in games that delve into the intricacies of character development and the moral dilemmas faced by characters. They discuss recent titles like ""The Last of Us"" and ""Call of Duty: Warzone,"" highlighting the emotional and narrative depth that these games offer. There is also mention of upcoming releases that aim to explore similar themes, indicating a continued interest in games that provide rich, thought-provoking narratives."
Who is the most hateable character in Game of Thrones in Orion's opinion?,Ramsay Bolton,"In Orion's opinion, among the characters discussed, Joffrey and Ramsay Bolton are identified as the most hateable. Orion expresses his dislike for these characters, highlighting their cruel and manipulative behaviors. These portrayals contribute to the intensity and drama of the show's narrative, where various characters are depicted with different levels of likability and moral complexity."
Who is the most hateable character in Game of Thrones in Merrick's opinion?,Cersei Lannister,"Based on the information provided, Merrick expresses his dislike for Cersei Lannister, citing her manipulative and arrogant traits. This indicates that in Merrick's opinion, Cersei Lannister is the most hateable character within the context of Game of Thrones. However, it's important to note that this is based solely on Merrick's personal opinion and preferences."
What is the common interest between Li Hua and Jake Watson?,Soccer,"The primary common interest between Li Hua and Jake Watson is their shared enthusiasm for discussing classic matches between FC Barcelona and Bayern Munich, particularly those involving the UEFA Champions League (UCL). Their conversation delves into various aspects of these matches, including the drama, emotions, and key moments that have made them memorable. Li Hua expresses admiration for the ""drama and emotion"" in these matches, highlighting the intensity and the thrill of comebacks, such as the 2015 match where Barça managed to defeat Bayern Munich after losing 4-0 earlier in the tournament. Jake Watson, on the other hand, emphasizes the technical brilliance of players like Neymar and Pedri, and he also praises Messi's performances, noting his natural talent and record-breaking skills. Their discussions center around these classic matches, showcasing their appreciation for the rich history and competitive spirit between these two top football clubs."
What kind of songs are Li Hua and Chae Song-hwa considering adding to their playlist for babies?,Lullabies,"In one of the discussions, Li Hua expresses interest in creating a playlist for the children that includes classic lullabies, which she believes can be beneficial for their development. Additionally, she suggests including some gentle guitar melodies to help set a calming atmosphere. Chae Song-hwa agrees with Li Hua, emphasizing that creating a playlist would be ""so fun!"" and mentions that they could even include some of their band's mellow tunes. Therefore, based on these conversations, Li Hua and Chae Song-hwa are considering adding classic lullabies and gentle guitar melodies to their playlist for babies."
What makes Wolfgang feel under a lot of pressure according to his conversation with LiHua on 20260905?,this new software project,"According to the conversation on 20260905, Wolfgang Schulz expresses feeling overwhelmed and under a lot of pressure due to the demands of his new software project. Specifically, he states, ""Just a quick reminder to pick up the key for the basement at 9am today as we agreed yesterday. Looking forward to seeing you then!"" Wolfgang goes on to say, ""I feel like I’m constantly in a pressure cooker."" This indicates that his current workload is causing him significant stress and pressure, which he acknowledges is pushing him to his limits. LiHua offers support and encouragement, reminding Wolfgang, ""I totally hear you, dude. Just remember, this pressure won’t last forever. You're super talented, and I believe in you! Just take it one step at a time. 💪✨"" LiHua's words offer reassurance and a sense of optimism, providing some relief amidst Wolfgang's expressed feelings of pressure and stress."
Why does AdamSmith ask LiHua about the basement on 20260907?,check in and see how the basement held up after the storm,"There is no entry in the provided data for a conversation between AdamSmith and LiHua on 20260907. The closest dates mentioned are 20260921 and 20261009, both of which involve requests for assistance with the basement. On 20260921, AdamSmith asks LiHua if she can help install a curtain on the basement window, while on 20261009, LiHua informs AdamSmith about a broken water tap in the apartment and asks for help. No specific request about the basement is made on 20260907."
How is the basement after the storm?,The basement is all good no water leakage at all,"After the storm, there were no reported issues with water leakage in the basement according to conversation logs from User 8. Specifically, User AdamSmith checked in with User LiHua on September 7th, 2026, at 14:00, asking if there were any issues in the basement following the rainstorms. LiHua responded affirmatively, stating that the basement was ""all good"" with ""just a bit damp, but nothing major."" AdamSmith assured LiHua that if she needed anything or decided to use the basement for storage, she should let him know. Thus, it appears the basement weathered the storm without significant water-related problems."
What is the latest good news from Wolfgang as of 20260908?,software project finally made some significant progress,"Based on the information available, the latest good news from Wolfgang as of 20260908 seems to be related to his promotion, as indicated in entry 7. In this entry, Wolfgang is congratulated on his recent promotion and invites LiHua to celebrate dinner at their favorite Italian restaurant the following day, indicating positive developments in his professional life. No further significant updates regarding Wolfgang's activities or achievements are present before 20260908."
What new songs are LiHua working on lately on his guitar as of 20260908?,"Blackbird and ""Hotel California""","As of the conversation on 20260908, LiHua has been working on two specific songs: ""Blackbird"" and ""Hotel California."" These compositions have become part of his ongoing efforts to enhance his guitar skills, particularly focusing on strumming techniques."
What mission does Gavriel mention that shows Arthur's growth in the game?,the scene where Arthur tells John to take care of his family,"In the discussion, Gavriel mentioned a specific scene where Arthur tells John to take care of his family. This moment is highlighted as a powerful and emotional part of the game, showcasing Arthur's transformation from a rough outlaw to someone who genuinely cares about his loved ones. This scene underscores the character's growth and the impact of his choices on his relationships, particularly with John. This narrative progression is indicative of Arthur's journey throughout the game, where he faces numerous challenges and learns valuable lessons about trust, loyalty, and redemption. The emotional depth and complexity of these moments contribute significantly to the overall immersive experience of the game."
What does Aisling find emotionally impactful about Red Dead Redemption 2's ending?,Arthur's realization of his fate and the music during the last ride,"Aisling expresses a deep emotional impact from the game's ending, particularly noting the bittersweet nature of it. She mentions feeling heartbroken when Arthur realizes his fate and tries to make things right with John and his family. The music playing during the final ride scene, she says, was ""just perfect."" This scene leaves a lasting impression on her, showcasing how the choices players make throughout the game define them. It seems that the emotional weight of Arthur's journey, including his final moments and the choices he makes, resonates deeply with Aisling."
What side mission in Red Dead Redemption 2 resonated with Jareth?,the side mission with the widow in the honor system,"In the conversation, Jareth mentioned that he spent time helping the townspeople, which really added depth to Arthur's character. Specifically, Jareth referred to the side mission with the widow in the honor system. This mission showcased Arthur's transformation and allowed players to feel more connected to Arthur's character and the world around him. Jareth noted that these ""little moments"" made the world feel more alive and meaningful. It seems that Jareth particularly enjoyed the impact of these side missions, which highlight the characters' growth and the bonds they form with the townspeople, adding richness to the game's narrative and gameplay experience."
What was ThaneChambers' favorite horse-related side quest in Red Dead Redemption 2?,the “troubled” horse,"Based on the information provided in the data, there is no mention of Thane Chambers participating in any horse-related side quests in Red Dead Redemption 2. The discussions revolve around his interactions with Geralt of Rivia in The Witcher 3 and other aspects of gaming experiences rather than specific side quests in Red Dead Redemption 2. Therefore, we cannot determine Thane Chambers' favorite horse-related side quest in Red Dead Redemption 2 from the given data."
What funny glitch did Fionnuala experience in the game Red Dead Redemption 2?,Arthur ended up floating in mid-air after a cutscene,"In a discussion about the funny glitches experienced in Red Dead Redemption 2, Fionnuala shared a particularly amusing incident. During a mission, Fionnuala recounted that Arthur, the protagonist, ended up floating in mid-air after a cutscene. Instead of dying, Arthur performed an epic roll and stood up as if nothing had happened, which led to Fionnuala bursting out laughing. This glitch, although unexpected, added to the humorous and unpredictable nature of the game, providing moments that players often fondly recall."
What was the final showdown that Elara found unforgettable in Red Dead Redemption 2?,with Dutch and Micah,"In the discussions about Red Dead Redemption 2, Elara mentioned that one of her memorable moments was the first time she faced off against a legendary beast in ""Monster Hunter: World."" She described the intensity of that fight and the accompanying background music as making it feel very memorable. While this moment is highlighted, it appears that Elara did not specifically mention a final showdown or a standout final battle in the game. Elara focused more on the initial duels and battles she encountered throughout the game rather than a particular final confrontation."
How does Bronwyn describe the epilogue of the game Red Dead Redemption 2?,captivating after seeing John try to make a life for himself,"Based on the discussions, Bronwyn describes the epilogue of Red Dead Redemption 2 as a moment that deeply connects her to the characters and the world they inhabit. She mentions that the quiet campfire nights, characterized by personal dialogue and banter, were particularly impactful. These moments allowed her to feel more invested in the relationships and personalities of the characters, adding a layer of intimacy and emotional investment to the narrative. This description aligns with the broader sentiment expressed about the game's ability to foster strong connections with its characters and settings, as discussed in previous comments."
Has LiHua ever met anyone like Shedlon Cooper in his real life?,No,"Based on the conversation, LiHua has not personally encountered anyone as quirky and brilliant as Sheldon Cooper in real life. He mentions that while he meets interesting people, ""nobody quite like him"" exists. This suggests that while there are certainly individuals who are intelligent and have unique personalities, finding someone who combines these traits with Sheldon's specific level of brilliance and eccentricity appears to be rare."
Has EmilyBurnett ever met anyone like Shedlon Cooper in her real life?,No,"In the conversation recorded on 20260910_12:00, Emily Burnett expresses that she has not encountered anyone quite like Sheldon Cooper, whom she mentions as one of a kind. She states, ""Not exactly! I've met some really smart folks, but none with that level of... shall we say, eccentricity?"" This indicates that Emily has not met anyone in her real life who is as unique and quirky as Sheldon Cooper."
What games are LiHua and ThaneChambers planning to check out during their shopping trip according to their discussion on 20260911?,"Spider-Man: Miles Morales and ""Demon's Souls""","According to their discussion, LiHua and ThaneChambers are planning to check out a variety of games during their shopping trip. Specifically, ThaneChambers mentions seeing ""killer discounts on PS5 games"" and suggests several potential titles based on his and LiHua's preferences:- ""Spider-Man: Miles Morales"": This game is highlighted as a great choice by ThaneChambers, who notes it's a strong narrative game similar to ""Witcher 3.""- ""Demon's Souls"": Another game suggested by ThaneChambers, which is described as challenging but rewarding.- Additionally, ThaneChambers expresses interest in ""The Last of Us,"" recommending it as a must-play due to its gripping storyline and emotional depth.While the exact list of games they intend to purchase isn't explicitly stated, these titles are discussed as potential choices based on their previous interactions and shared interests."
Who is the best midfielder in the past decade in JakeWatson's opinion?,Luka Modrić,"Based on JakeWatson's comments, Sir Alex Ferguson tops the list of the best football managers in the Premier League history according to him. However, regarding the best midfielder in the past decade, JakeWatson does not provide a clear individual choice. Instead, he expresses admiration for players who exemplify certain qualities, such as Kevin De Bruyne, Bruno Fernandes, and Mason Mount. These players are highlighted due to their vision, passing ability, creativity, and work ethic. Therefore, without a direct statement about the best midfielder in the past decade, JakeWatson's opinions lean towards recognizing individuals who significantly impact their teams and add value to the midfield through their performances."
How many servings of vegetables should LiHua aim for each day to keep body in good shape according to Jennifer?,at least 5 servings of veggies a day,"According to Jennifer, LiHua should aim for at least 5 servings of vegetables each day to keep her body in good shape. Jennifer emphasized the importance of vegetables for energy and recovery, suggesting that mixing different types of leafy greens like spinach and kale, as well as non-leafy vegetables like bell peppers and broccoli, can provide a variety of nutrients."
What does LiHua ask Jake about soccer?,the best strategies for soccer players to avoid injuries during games,"In the conversations shared, LiHua asks Jake about several aspects of soccer, particularly focusing on rules and tactics. Initially, LiHua expresses confusion about the rules of offsides, to which Jake explains that offsides occur when an attacking player is in front of the last defender (excluding the goalkeeper) when receiving the ball. Jake elaborates on this rule, noting its importance in maintaining fair play and keeping the game exciting. LiHua also inquires about the rules of handballs, finding the distinction between intentional and accidental handballs intriguing. Additionally, LiHua seeks Jake's advice on specific moments and matches involving notable players and teams. For instance, LiHua mentions wanting to know Jake's thoughts on who the best defender in FC Barcelona's history is, prompting Jake to discuss the contributions of Carles Puyol and Gerard Piqué. LiHua also inquires about Jake's favorite moments during games involving FC Barcelona, and Jake shares memories of pivotal matches such as the Champions League final against Manchester United in 2009 and the match against AC Milan in 2013. Furthermore, LiHua questions Jake about Messi's performance and asks for his opinion on Messi's role as the best soccer player ever. LiHua highlights Messi's skill in creating chances out of nothing and his consistent work ethic, appreciating how these qualities inspire future generations of players. LiHua and Jake engage in a deep discussion about Messi's impact on the sport, underscoring his significance in shaping the standards of play and the aspirations of young athletes."
What is Jake's first tip for avoiding soccer injuries?,proper warm-up and stretching,"Jake's first tip for avoiding soccer injuries is to ensure proper warm-up and stretching before any game. He emphasizes that these activities are crucial for getting the muscles ready and improving flexibility, which are essential components of injury prevention. Additionally, staying hydrated is another key point he mentions."
What does Jake suggest to improve flexibility and prevent muscle issues?,staying hydrated,"In the conversation, Jake Watson emphasizes the importance of flexibility in maintaining overall fitness and preventing injuries. Specifically, he suggests incorporating flexibility exercises into Li Hua's routine. This includes adding yoga and dynamic stretching techniques, which will help improve flexibility and balance. Jake also mentions that dedicating specific sessions to these exercises can be beneficial. He suggests focusing on areas that need more attention, such as the glutes and hamstrings, which are commonly tight after workouts. Additionally, Jake advises Li Hua to include balance exercises like single-leg stands to enhance stability and overall performance. By integrating these practices into her routine, Li Hua can enhance her flexibility, which is crucial for both physical health and athletic performance."
Why is wearing the right footwear important in soccer?,to avoid slips or sprains,"In soccer, wearing the right footwear is crucial for several reasons. Firstly, it ensures that the player's feet have adequate support and protection, which can help prevent injuries such as sprains or slips during games. Proper footwear also enhances comfort, allowing players to perform at their best during practices and matches. Additionally, the correct footwear can provide traction on various surfaces, which is essential for maintaining control and stability on the field. Therefore, choosing the right pair of shoes is a practical step in ensuring a safer and more effective performance in soccer."
How does strength training help prevent soccer injuries?,It builds muscles around joints & reduces injury risk & improves stability and endurance,"Strength training plays a significant role in preventing soccer injuries by enhancing the overall stability and endurance of players. According to the discussions, Jake Watson emphasizes that strength training builds muscles around the joints, which reduces the risk of injuries. This is further supported by Li Hua's interest in strength training to improve his stamina and skills. Additionally, strength training provides an extra boost when running for the ball, making players more resilient on the field. By incorporating exercises such as squats, lunges, and planks, which are simple yet effective, strength training can help develop core and leg strength, thereby reducing the likelihood of injuries during matches. Therefore, incorporating strength training into a soccer player's regimen can significantly contribute to injury prevention and overall performance."
What type of exercises does Jake recommend for strength training?,squats & lunges & planks & balance exercises like single-leg stands,"Jake Watson suggests several exercises for strength training. During their conversation with Li Hua, Jake recommends squats and lunges as particularly beneficial for building leg strength, which he notes can enhance power on the field. Additionally, Jake emphasizes the importance of stretching after workouts to keep muscles flexible. While the table doesn't provide a comprehensive list of exercises, squats and lunges are highlighted as key components of Jake's strength training regimen."
What is the purpose of starting with bodyweight exercises?,for those who are new to strength training,"The purpose of starting with bodyweight exercises is emphasized in the data, particularly in the context of introducing new members to strength training. The entity ""BODYWEIGHT EXERCISES"" describes these exercises as a starting point for beginners, highlighting their versatility and suitability for self-motivated training. This approach allows individuals to become familiar with basic movements and build foundational strength before potentially progressing to more complex equipment-based workouts. Additionally, the entity ""SIMPLE BODYWEIGHT EXERCISES"" underscores their role as recommended for beginners, making them a practical choice for newcomers to strength training programs."
Who does EmilyBurnett think is a standout character in the Game of Thrones series?,Tyrion Lannister,"In the discussion about Game of Thrones, Emily Burnett highlights Tyrion Lannister as a standout character. She appreciates Tyrion's wit and intelligence, noting that he ""really makes him shine in every scene."" Additionally, Emily finds his journey engaging and mentions that his quote, ""I drink and I know things,"" is a ""classic line that perfectly captures his cleverness."" While the conversation delves into various characters and aspects of the series, it is clear that Tyrion Lannister stands out as a particularly notable figure among the multitude of characters in Game of Thrones."
What does Lachlan appreciate about Arya Stark's character development?,Her transition from an innocent girl to a fierce assassin,"Lachlan appreciates Arya Stark's remarkable character development, particularly her transformation from an innocent girl in Winterfell to a fierce assassin. This evolution is described as ""epic"" and ""intriguing."" Additionally, Lachlan highlights Arya's list of names and the theme of revenge as aspects that make her character development particularly captivating. This appreciation underscores the impactful and memorable moments that Lachlan finds in Arya's journey within the narrative."
What moment does Rowan find mind-blowing in Arya's storyline?,When Arya confronts and takes down the Night King,"Rowan finds the moment where Arya Stark confronts the Night King and defeats him to be mind-blowing. This moment showcases Arya's remarkable growth and skill as a character, highlighting her transformation from an innocent girl to a fierce assassin. Rowan appreciates how this particular moment exemplifies Arya's resilience and bravery."
Which moment involving Tyrion is Merrick's favorite?,When Tyrion blows up the Wildfire to save King's Landing,"According to the data, Merrick mentions two memorable moments involving Tyrion Lannister. One of these is when Tyrion blows up the Wildfire to save King's Landing, which Merrick describes as a ""memorable moment."" The other is when Tyrion Lannister uses his wit and intelligence to shine in every scene, as noted by Emily Burnett. Since Merrick specifically highlights the moment where Tyrion saves King's Landing, this appears to be his favorite memorable moment involving Tyrion. However, Merrick also expresses appreciation for Tyrion's overall character development and intelligence, which contributes to his overall positive view of the character."
What memorable quote is mentioned by Phaedra?,"Jon Snow's ""You know nothing"" scene with Ygritte","Phaedra mentions several memorable quotes from the show, including Tyrion Lannister's famous line, ""I drink and I know things."" This quote encapsulates Tyrion's sharp wit and wisdom. Additionally, Phaedra references Jon Snow's declaration, ""You know nothing,"" which highlights the tension and relationship between Jon and Ygritte. These quotes are significant not only for their content but also for the roles they play in advancing the narrative and character arcs of the respective characters."
"What does Rowan love about Tyrion's ""I drink and I know things"" line?",It captures his cleverness,"Rowan appreciates the wisdom and cleverness encapsulated in Tyrion's famous line ""I drink and I know things."" This quote highlights Tyrion's wit, intelligence, and strategic acumen, which are evident throughout his character arc in Game of Thrones. Rowan finds this line particularly memorable due to its concise yet profound nature, which perfectly captures Tyrion's multifaceted personality and the way he navigates complex situations with a keen mind."
What aspect of Jaime Lannister's storyline does Rowan find intriguing?,His transformation after meeting Brienne of Tarth,"Rowan finds Jaime Lannister's storyline particularly intriguing due to his transformation and the complexity of his character arc. Initially portrayed as an arrogant knight who commits the act known as ""the Kingslayer,"" Jaime undergoes a profound change throughout the series. This evolution includes his relationship with Brienne of Tarth, which humanizes him and forces him to confront his loyalties and values. Rowan appreciates how Jaime's journey from being known as the Kingslayer to someone who values honor by the end reveals a rich tapestry of character development and moral complexity."
How does Phaedra view Jaime's character arc?,"Fascinating as he goes from ""Kingslayer"" to someone who values honor","Phaedra appears to be engaged with Jaime Lannister's character development, expressing enthusiasm and curiosity about his transformation throughout the series. Phaedra mentions that she finds Jaime's arc fascinating, noting his transition from being known as the ""Kingslayer"" to someone who values honor by the end. This suggests that Phaedra appreciates and is invested in following Jaime's journey, particularly his relationship with Brienne of Tarth, which Phaedra describes as humanizing him. Phaedra also comments on Jaime's final decision, indicating that it left her with mixed feelings, questioning whether it overshadowed his growth throughout the series. These responses indicate that Phaedra views Jaime's character arc as a significant and compelling aspect of the narrative, worthy of close attention and reflection."
What does Lachlan think about Jaime's final decision to protect Cersei?,It complicates his redemption and leaves mixed feelings,"Lachlan expresses a poignant sentiment regarding Jaime's final decision to protect Cersei. He acknowledges the complexity of Jaime's character arc, noting that despite his growth and the sacrifices he made, the ending felt bittersweet. Lachlan notes that it seems like Jaime ""reversed a lot of his character development"" by returning to Cersei, which made him feel that true redemption was unlikely. This sentiment aligns with broader discussions about Jaime's journey and the difficulty of breaking free from toxic ties, as explored in multiple sources."
How does Saffron feel about Jaime's choice to protect Cersei?,Conflicted because it seems like he was slipping back into old ways,"Saffron expresses a sense of conflict regarding Jaime Lannister's final decision to protect Cersei Lannister. She notes that while it showed his loyalty to her, which was a significant part of who he was, it also seemed to indicate a regression into his old ways. This choice overshadowed the character development that Jaime had demonstrated throughout the series, leading Saffron to feel that it compromised his growth. Her statement highlights the complex nature of Jaime's character arc, suggesting that his loyalty to Cersei, despite his earlier efforts towards redemption, ultimately hindered his journey towards becoming a better person."
What does Kieran wish Jaime had done differently?,Chosen a different path after his character development,"Based on the discussions, Kieran expressed a desire for Jaime to have chosen a different path that aligned more closely with his character growth and values. Specifically, Kieran wished Jaime had remained true to the lessons he learned from Brienne of Tarth and not returned to Cersei, even after the tumultuous events that occurred in the series. Kieran felt that Jaime had shown significant growth and had a path towards becoming a better person, but his final decision to return to Cersei seemed to reverse much of that progress. Kieran believed that if Jaime had chosen a different course, he could have had a more fulfilling life and a chance for redemption. This sentiment highlights the complex nature of Jaime's character arc and the challenges he faced in navigating his loyalty and moral compass."
How does Niamh think Jaime could've ended up differently?,By staying true to the lessons he learned from Brienne,"Niamh speculates on how Jaime Lannister's character could have evolved differently if he had maintained his growth and values learned from Brienne of Tarth. Specifically, Niamh suggests that if Jaime had stayed true to the lessons he learned from Brienne, he could have ended up being a true protector of the realm. This scenario implies that Jaime might have chosen to step away from Cersei, thereby avoiding the tragic ending he ultimately faced. By staying loyal to his principles and distancing himself from Cersei, Niamh believes Jaime would have been able to honor his growth and achieve a more fulfilling life. However, the question remains whether such a choice would have been possible given the circumstances and Jaime's past actions."
What could Jaime and Brienne have done to rebuild trust according to Merrick?,Worked on rebuilding trust through actions rather than just words,"According to Merrick, one of the pivotal steps Jaime and Brienne could have taken to rebuild trust in Westeros would have been to focus on actions rather than just words. Specifically, Merrick suggests that Jaime could have demonstrated his dedication to honor and duty through tangible efforts, such as leading by example and working towards justice reform. This could have involved forming a council or other governance body that engaged with the common people, thereby fostering a sense of unity and shared purpose. Additionally, Jaime could have helped rebuild trust by showing compassion and leading with integrity, qualities that would have earned respect and admiration from the populace. By taking such actions, Jaime could have honored his character development and contributed positively to the stability of Westeros, potentially creating a more positive legacy for both of them."
"What is LiHua curious about regarding the ""Man in Black"" in Westworld?",The motive behind his character,"LiHua is particularly interested in understanding the motive behind the character known as ""Man in Black"" in the Westworld series. Specifically, he wants to know what drives the character's behavior and actions within the show. LiHua believes that the character of ""Man in Black"" is deeply complex and intriguing, driven by a quest for deeper meaning and fulfillment in the world of Westworld. This quest includes a search for truth and experiences that push boundaries, which is connected to his own past and the guilt associated with it. LiHua finds this character’s journey and the layers of his motivations very compelling and wants to understand more about the specific moments that stand out in his character arc."
"What does EmilyBurnett think is the main motive for the ""Man in Black""?",To find deeper meaning and fulfillment in Westworld	20260916_16:00,"EmilyBurnett suggests that the primary motive for the character of Man in Black in Westworld is to find deeper meaning and fulfillment in the world of Westworld. This character is described as someone who is searching for truth and experiences that push boundaries, though these actions are also influenced by his own past and his sense of guilt. EmilyBurnett elaborates on this idea, emphasizing the complexity and intrigue of Man in Black's character, noting that his journey and the layers of his past add significant depth to the story. She further explains that he is akin to a character lost in his own personal quest for meaning and purpose."
"How does LiHua feel about the ""Man in Black's"" search for meaning?",Intrigued as it adds depth to the story,"LiHua expresses admiration and intrigue towards the ""Man in Black's"" character in Westworld. He finds the character's quest for deeper meaning and fulfillment in the world of Westworld both intriguing and compelling. LiHua emphasizes the layers of depth added to the story through the character's search, including the influence of his past, which seems to drive his actions. He particularly highlights a significant moment where the character confronts the truth about himself and his choices, noting it as a pivotal turning point in his character arc. Overall, LiHua appreciates the multifaceted nature of the ""Man in Black,"" viewing it as a character rich in complexity and depth."
"What is EmilyBurnett's favorite moment of the ""Man in Black""?",When he confronts the truth about himself and his choices,"According to Emily Burnett's discussion with Li Hua, her favorite moment featuring ""Man in Black"" in Westworld is when he finally confronts the truth about himself and his choices. This moment is described as a significant turning point for his character, indicating a profound realization that impacts the narrative."
"Which moment does LiHua find memorable for the ""Man in Black""?",When he shows vulnerability,"Based on the dialogue provided, LiHua finds several moments memorable for the character ""Man in Black."" Specifically, LiHua mentions two pivotal moments: the confrontation where ""Man in Black"" finally confronts the truth about himself and his choices, which is described as a turning point for his character; and the moment when ""Man in Black"" shows vulnerability, which adds a new perspective to his character. These moments highlight the character's depth and the layers that influence his actions and decisions."
What does LiHua think about the themes of Westworld?,They are thought-provoking by diving into consciousness and free will and what it means to be human,"LiHua shares a deep appreciation for the themes explored in the television series ""Westworld."" He highlights the show's profound examination of fundamental concepts such as consciousness, free will, and human identity. LiHua emphasizes the series' thought-provoking nature, noting how it delves deeply into these issues, which challenge traditional understandings of reality and morality. Additionally, he points out the relevance of the show's exploration of the relationship between humans and technology, particularly in light of current technological advancements and societal shifts. LiHua believes the themes in ""Westworld"" are not only intellectually stimulating but also timely, given the increasing concerns around artificial intelligence and its potential impact on society."
Which theme of Westworld resonates the most for LiHua?,The exploration of free will and choice,"Based on the discussion between Li Hua and Emily Burnett, it appears that Li Hua is particularly drawn to the exploration of free will and choice in Westworld. This theme seems to resonate deeply with Li Hua due to the character's search for deeper meaning and the ways in which his past influences his actions. Specifically, Li Hua highlighted the pivotal moment when the character confronts the truth about himself and his choices, noting that this moment serves as a significant turning point for the character. Additionally, Li Hua appreciated the interactions the character had with other characters, describing them as intense and gripping. These observations indicate that Li Hua finds the exploration of free will and choice to be a particularly compelling aspect of the show."
What does EmilyBurnett think about the future relevance of Westworld's themes?,They will become even more crucial as technology advances,"Emily Burnett expresses interest in how the themes explored in Westworld remain relevant in the future, particularly regarding issues of consciousness, free will, and human-machine relations. In a discussion with LiHua, Emily mentions the increasing relevance of these themes as technology advances. She notes, ""As technology advances, those questions about free will and ethics will become even more crucial. It's like we're on the brink of a lot of moral dilemmas just like they explore in Westworld. It’s a pretty fascinating conversation to have!"" This statement highlights Emily’s belief that the ethical and philosophical inquiries posed by Westworld continue to resonate and influence contemporary discourse, especially concerning artificial intelligence and the nature of consciousness and humanity."
What does WolfgangSchulz suggest incorporating into practice sessions according to the discussion on 20260916?,Improvisational solos,"Based on the conversation on 20260916, WolfgangSchulz suggested trying out a new song during the practice sessions. Specifically, he proposed playing ""Summer of '69"" by a classic rock band, indicating that they could incorporate something new and different into their rehearsals. LiHua agreed, expressing enthusiasm for playing new songs and experimenting with different genres to keep the sessions fresh and engaging."
How does LiHua feel about the idea of improvisation based on the chat on 20260916?,It will make sessions more fun and creative,"Based on the conversation on 20260916, there isn't a direct mention of LiHua expressing feelings about improvisation. However, the discussion seems to focus on the feasibility and potential benefits of improvising during jam sessions, particularly in relation to mixing different musical styles. WolfgangSchulz suggests that they could incorporate electronic sounds and synth sounds to create a unique blend, which indicates a willingness to experiment and improvise within the constraints of their existing musical styles. There is no explicit indication of LiHua's personal feelings towards improvisation; he appears to be supportive of the idea as long as it maintains their current sound."
Who does JakeWatson consider the best defender in the history of FC Barcelona?,Carles Puyol,"In the conversation, JakeWatson expresses his view on the best defender in the history of FC Barcelona. Initially, he agrees with LiHua that it's difficult to single out just one player, and suggests that Carles Puyol is one of the standout defenders. However, Jake also mentions that Gerard Piqué deserves a mention due to his combination of skill and intelligence in defense. This indicates that Jake considers both Carles Puyol and Gerard Piqué among the best defenders in the club's history."
What does LiHua think about Gerard Piqué as a defender?,He deserves a mention for his skill and intelligence,"In the conversation, LiHua expresses her admiration for Gerard Piqué, highlighting his combination of skill and intelligence in defense. She mentions that Piqué has a unique strength and that he deserves recognition alongside Carles Puyol, another notable defender in FC Barcelona's history. LiHua emphasizes Piqué's ability to read the game and scores crucial goals for the team, which she believes adds to his exceptional qualities as a player."
Who are JakeWatson's and LiHua's favorite defenders?,Carles Puyol and Gerard Piqué,"Based on the conversation shared, Jake Watson and Li Hua both express admiration for two notable defenders from FC Barcelona's history. Jake Watson mentions Carles Puyol and Gerard Piqué as defenders who bring a unique quality to the team. Specifically, Jake Watson states, ""Puyol was a beast! His commitment and fighting spirit really stood out. But I also think Gerard Piqué deserves a mention. He had that combination of skill and intelligence in defense. What are your thoughts on him?"" In response, Li Hua agrees, stating, ""Yeah, Puyol was a beast! His commitment and fighting spirit really stood out. But I also think Gerard Piqué deserves a mention. He had that combination of skill and intelligence in defense."" This indicates that both Jake Watson and Li Hua consider Gerard Piqué and Carles Puyol as their favorite defenders from FC Barcelona's illustrious history."
What is JakeWatson's favorite memory of Puyol and Piqué playing together?,The comeback against PSG in the Champions League,"Based on the conversation, JakeWatson has several favorite memories involving Puyol and Piqué. One of the most vivid ones he shared is the Champions League comeback against Paris Saint-Germain (PSG) in 2017. Jake mentions that Puyol's leadership was evident during this match, and Piqué was solid at the back, making key interceptions. This match was described as ""insane"" by Jake, highlighting the intense and dramatic nature of these encounters between Barça and Bayern. Another memorable moment he recalls is from the 2009 UEFA Champions League final, where both Puyol and Piqué were significant figures in lifting the trophy. Overall, Jake expresses admiration for both players' contributions to Barça and the emotional depth of their performances together."
What match does JakeWatson cherish from the Champions League final against Manchester United?,The 2009 final,"In the conversation, JakeWatson shares a cherished memory from the Champions League final against Manchester United in 2009. He mentions that the match was ""such a proud moment"" for him, highlighting the lifting of the trophy by Carles Puyol and Messi's goal, which he describes as ""pure magic."" This memorable match encapsulates the excitement and significance of the final, showcasing both the team's achievement and the individual brilliance of Messi, who scored a decisive goal that night."
What is LiHua's favorite match involving Barcelona?,The 2013 Champions League match against AC Milan,"During the conversations, LiHua shared her favorite matches involving Barcelona. She mentioned that she particularly cherished the match against Manchester United in the 2011 Champions League final. She described it as a ""brilliant"" moment where Messi scored a goal that was ""pure magic."" This goal, along with Barcelona's overall performance in the match, was remembered fondly by LiHua as an unforgettable and significant event in the history of the club."
Which goal does JakeWatson never forget from Messi?,Messi's solo goal against Getafe in 2007,"Based on the conversation, JakeWatson mentions several memorable moments from Messi's career, including a solo goal against Getafe in 2007, which he describes as ""pure genius."" Additionally, he highlights Messi's performance in the 2014 World Cup against the Netherlands, noting that it was ""unforgettable"" due to his leadership and a ""stunning run leading to the assist for the winning goal."" However, the specific goal that JakeWatson consistently refers to as one of his favorite memories is the one scored during the 2014 World Cup against the Netherlands. This goal showcases Messi's exceptional dribbling skills and leadership, which are key aspects of his playing style and legacy."
What is LiHua's favorite player moment from Messi?,When Messi scored a header against Manchester United in 2011,"Based on the conversation provided, LiHua expresses several favorite player moments involving Lionel Messi. Among these, her favorite seems to be the goal Messi scored during the 2011 Champions League final against AC Milan. LiHua describes this goal as ""so unexpected and showcased his versatility."" This particular moment stands out as a memorable and impressive achievement for Messi, demonstrating his ability to perform in critical situations and his unpredictability on the field."
What does LiHua think makes Messi the best?,His ability to create chances as well as his vision and work ethic and humility,"Based on the conversations recorded, LiHua considers Lionel Messi's ability to create chances out of nothing and his vision on the field as significant factors that make him the best. Additionally, LiHua points out Messi's incredible work ethic and humility, which he views as qualities that inspire others. LiHua also mentions that Messi's overall impact on future generations of players is substantial, noting how he sets a high standard through his dedication and consistency."
How does JakeWatson view Messi's impact on future generations of players?,His dedication and consistency set the bar high for young players,"Based on JakeWatson's comments, it is clear that he holds Messi in very high regard and believes his impact extends far beyond just his own career. In a discussion about the greatest player of all time, JakeWatson notes that Messi's playmaking ability is ""on another level"" and that his ""dribbling is just mesmerizing."" He further emphasizes the influence Messi has had on the younger generation of players, stating that ""their rivalry has inspired a whole new wave of talent. Players like Mbappé and Haaland are definitely looking up to them."" This indicates that JakeWatson sees Messi as a role model and someone whose achievements and style of play have inspired and motivated other players to strive for excellence. Additionally, JakeWatson points out the influence Messi has had on the game, describing his performances as ""epic"" and noting the ""brilliant game"" of his performance against the Netherlands in the 2014 World Cup. Overall, JakeWatson views Messi as a towering figure in soccer whose legacy will continue to inspire players long after his playing days are over."
Who suggests hitting Starbucks after work on 20260918?,WolfgangSchulz,"On the date 20260918, it is noted that WolfgangSchulz suggests hitting Starbucks after work. Specifically, WolfgangSchulz proposes this suggestion along with the time, stating ""Hey Li Hua! Wanna hit Starbucks after work? ☕️""."
What is JenniferMoore's reminder to LiHua about on 20260919?,Getting enough protein after workouts,"There is no entry for June 19th (20260919) in the provided data sources. The reminders and interactions detailed in the records pertain to dates from June 15th, June 23rd, October 6th, January 5th, November 10th, October 15th, August 21st, November 23rd, and various conversations about football, movies, and practices. Therefore, Jennifer Moore did not leave any reminder for Li Hua on June 19th."
Why is protein important according to JenniferMoore?,For keeping the body in shape,"According to Jennifer Moore, protein is crucial for maintaining and improving one's physical condition. She emphasizes its importance for keeping the body in shape, which suggests that adequate protein intake contributes to overall health and fitness. Specifically, she highlights the role of protein in muscle recovery and growth, recommending whey protein as a top choice for these purposes. Additionally, she mentions that protein sources are something she offers tips on, indicating her interest in educating others about various types of protein. This underscores her commitment to helping individuals understand the significance of protein in their dietary habits and exercise routines."
What is ThaneChambers' question to LiHua on 20260920?,LiHua's favorite first-person shooter game,"There appears to be no interaction recorded between ThaneChambers and LiHua on September 20th, 2026. The available records do not contain a specific question from ThaneChambers to LiHua on that date. Therefore, no information can be provided regarding ThaneChambers' question to LiHua on September 20th, 2026."
Which game does LiHua mention he's been playing on 20260920?,Call of Duty: Warzone,"On 20260920, LiHua and Thane Chambers discussed their plans for a shopping trip. However, there is no mention of a specific game that LiHua was playing on that date. The conversation focuses on their plans for a shopping day at a local game store, where they intend to look for PlayStation 5 games."
"What does ThaneChambers say about ""Warzone""?",It's a blast,"In the conversation, ThaneChambers expresses enthusiasm for the game ""Call of Duty: Warzone."" He describes it as a ""blast"" and highlights the strategic elements of the battle royale mode, noting that it involves planning approaches and working with teammates. ThaneChambers also mentions the exhilarating ""adrenaline rush"" experienced during the final circle of the game. He recalls a particularly memorable moment where their team managed to turn around a tough situation and secure victory at the last second. ThaneChambers is looking forward to upcoming updates for ""Warzone,"" hoping they will introduce new maps and modes, and he suggests that playing together with friends will be enjoyable once the updates are released."
"What does LiHua like most about ""Warzone""?",The strategy involved and the adrenaline rush,"Based on the conversation, Li Hua expresses several key aspects of what he likes most about ""Call of Duty: Warzone"". He particularly appreciates the strategic element involved in the game, noting the importance of planning approaches and teamwork. Additionally, Li Hua highlights the exhilarating feeling he experiences during the final circle, describing it as an ""adrenaline rush"" that he finds unbeatable. This suggests that the fast-paced nature and intensity of the game, along with the strategic gameplay and collaborative elements, are central to Li Hua's enjoyment of ""Warzone""."
"What is ThaneChambers' memorable ""Warzone"" experience?",Coming back from a tough spot to win at the last second,"In the conversation recorded on 20260920_16:00, ThaneChambers shares a particularly memorable moment from his ""Warzone"" gameplay experience. He mentions a time when they were in a tough situation and were nearly defeated, but managed to come back and secure the victory at the last second. This moment is described as a ""clutch moment"" that felt ""amazing."" Specifically, ThaneChambers highlights that such exhilarating and nerve-wracking moments in the game are what make it so captivating. Additionally, ThaneChambers and LiHua discuss updates coming to ""Warzone"" and their anticipation for new maps and modes that they believe will introduce fresh challenges and excitement. They express enthusiasm about the potential for the updates to enhance the gameplay experience and look forward to diving back into the game once the updates are released."
"What was LiHua's unforgettable match in ""Warzone""?",Being down to the last two and outsmarting the last team,"In the recorded conversation, LiHua shared details about a memorable match in ""Call of Duty: Warzone"". Specifically, LiHua mentioned an unforgettable match where they were down to just two players, yet managed to outsmart the last team. The match was described as an exhilarating team effort with an intense and adrenaline-pumping final circle. This match exemplified the strategy and teamwork required in the game, highlighting LiHua's enjoyment of the competitive and strategic aspects of ""Warzone""."
"How does ThaneChambers feel about upcoming ""Warzone"" updates?",He's looking forward to them,"Based on the conversation recorded, ThaneChambers expressed enthusiasm and excitement for the upcoming updates in Call of Duty: Warzone. Specifically, he mentioned that he is looking forward to the updates, hoping that they will introduce new maps and modes, thereby providing fresh and exciting content. ThaneChambers also indicated a willingness to participate in the updates by joining a group purchase with Li Hua, suggesting that he is eager to experience whatever new features the developers might add. His anticipation for the updates and his eagerness to engage with the community indicate a positive sentiment towards the upcoming changes in the game."
"Does LiHua plan to play ""Warzone"" after the updates?",Yes because he loves exploring fresh content,"According to the conversation, Li Hua expressed enthusiasm about diving back into ""Call of Duty: Warzone"" when the updates drop. Specifically, Li Hua stated, ""Absolutely! I'm always up for something new in the game. I love exploring fresh content and teaming up with friends! Let’s hop on together when the updates roll out!"" Thus, it is clear that Li Hua plans to play ""Warzone"" after the upcoming updates."
"What does ThaneChambers propose to do with the ""Warzone"" updates?",Hop on together and tackle the new stuff,"In the conversation recorded, ThaneChambers expresses enthusiasm about the upcoming updates for Call of Duty: Warzone. Specifically, he mentions looking forward to the updates and hopes they will bring fresh maps and modes, which he believes will be exciting to try. Additionally, he expresses optimism about the possibility of crossplay, stating, ""Hopefully, they’ll shake things up and bring some fresh maps and modes. It’ll be exciting to see what new features they add. You think you'll dive back in when they drop?"" This indicates that ThaneChambers is anticipating new content and features in the game, particularly those that may include changes to map design, new game modes, and the potential for cross-platform play."
Who initiated the discussion about the community garden renovation and its benefits to local businesses?,Turalyon,"The discussion about the community garden renovation and its benefits to local businesses was not explicitly initiated by any single entity mentioned in the provided data. However, the content indicates that the topic is brought up during conversations regarding the garden renovation projects. Specifically, during one of the discussions, AdamSmith mentions that supporting local businesses is highlighted as a key aspect of the garden project, suggesting a shared goal among users (Source 5). Therefore, while the specific initiator is not named, it is clear that the idea of incorporating local businesses into the garden renovation efforts was discussed and recognized as beneficial by multiple parties involved in the project."
What idea did IllidanStormrage propose to help involve the community in supporting local businesses?,Putting together a flyer with a list of local businesses,"IllidanStormrage proposed the idea of putting together a flyer or similar promotional material that includes a list of local businesses that could be supported through the garden project. This flyer would help spread awareness about the local vendors and encourage community involvement in the project. Additionally, this flyer could highlight the benefits of supporting local businesses, which could foster a stronger sense of community and unity around the garden project."
How does GromHellscream believe the local shops will benefit from the completed garden?,More foot traffic means more customers for them,"The provided data does not contain any information regarding how the local shops will specifically benefit from the completed garden. The conversations focus mainly on the planning and execution of the community garden, including discussions about the types of plants to be used, seating arrangements, and the inclusion of native plant species to attract wildlife. There are no mentions of how the completion of the garden will impact local businesses or commerce. Therefore, based on the available information, it cannot be determined how local shops will benefit from the completed garden."
What does ArthasMenethil describe the outcome of the garden project and supporting local vendors as?,A win-win,"In the discussion regarding the community garden renovation, ArthasMenethil expresses enthusiasm about the project, describing its outcome as ""amazing."" He looks forward to seeing the garden come to life and notes that supporting local businesses is equally exciting. Specifically, he mentions, ""It’s amazing how much energy we’re all bringing to this project! I’m really looking forward to seeing our ideas turn into reality!"" This statement encapsulates his sentiment about the combined effort and the potential success of the garden project alongside the support for local businesses."
What does Thrall suggest they create to support local businesses?,A list of businesses they love to support,"In the discussions provided, Thrall emphasizes the importance of supporting local businesses as part of the community garden renovation project. Specifically, Thrall mentions that everyone should be thinking about how to integrate local vendors into the garden project. This includes gathering ideas and resources to create a solid plan for the garden and ensuring that local business support is woven into the project. Additionally, Thrall highlights the significance of spreading the word about local vendors, suggesting the creation of flyers or similar promotional materials to highlight the businesses and their contributions to the garden."
How does TirionFordring emphasize the importance of balancing the garden renovation with supporting local vendors?,By stating that both aspects are important for the best outcome,"In the conversations, Tirion Fordring emphasizes the importance of balancing the garden renovation with supporting local vendors. Specifically, during one discussion, he mentions the need to keep residents informed about any particularly loud work, suggesting the creation of a notice board at the entrance of the garden (Source 1). Additionally, he proposes including information about the types of flowers being planted and updates on seating areas and other amenities (Source 1). This ensures that the garden renovation not only focuses on improving the physical space but also considers the economic impact and community engagement aspects. By involving local businesses and ensuring transparency about the renovation progress, Tirion Fordring underscores the importance of fostering a collaborative and supportive local ecosystem."
What does AdamSmith agree is crucial to align with the garden project schedule?,Support for local businesses,"Based on the interactions detailed in the conversations, AdamSmith emphasizes the importance of adhering to the garden project schedule. Specifically, he mentions the need to limit noisy activities during certain times of the day, such as from 2-3 PM, suggesting that flexible scheduling is necessary to accommodate such constraints. Additionally, AdamSmith advocates for informing residents about particularly loud work ahead of time, which implies a commitment to keeping noise levels manageable and transparent to the community. These points highlight AdamSmith's alignment with the garden project's schedule and his efforts to balance community involvement with practical considerations regarding noise levels and transparency."
Who does LiHua ask for help with installing a curtain?,AdamSmith,LiHua reaches out to Adam Smith to assist with installing a curtain on the basement window. This request is made during a scheduled meeting where LiHua informs Adam that she needs help setting up a curtain for improved privacy in the basement area. Adam agrees to help and suggests setting a time this week to complete the installation together.
When does AdamSmith say he is available to help with the curtain installation?,Wednesday or Thursday afternoon,"According to the conversation records, AdamSmith indicates he is available on both Wednesday and Thursday afternoon. Specifically, he mentions, ""I'm free on Wednesday or Thursday afternoon. Which one is better for you?"" and ""Sounds good! I’ll bring the tools, and we’ll get it done. Looking forward to it!"" This suggests that he is flexible and willing to accommodate LiHua's schedule. LiHua ultimately chooses Thursday afternoon as the best time for her, as she states, ""Thursday afternoon works for me! Let’s plan for that."""
On which day do LiHua and AdamSmith agree to install the curtain?,Thursday afternoon,"Based on the conversation provided in the table entries, LiHua and AdamSmith initially discussed scheduling a curtain installation for a time this week. In the conversation recorded under entry number 4, LiHua suggests setting up a time this week and proposes Wednesday at 5 pm. AdamSmith agrees to this suggestion, stating, ""Wednesday at 5 pm sounds perfect. Looking forward to it!"" Therefore, LiHua and AdamSmith agree to install the curtain on Wednesday at 5 pm."
Who will bring the tools for the curtain installation?,AdamSmith,"In the conversation, it is mentioned that Adam Smith will bring the tools for the curtain installation. This detail is highlighted in a dialogue where Adam Smith reminds Li Hua about the upcoming installation of the curtain on the basement window, stating, ""Just let me know when you're free to get it done."" He further clarifies, ""I'll bring the tools, and we'll get it done. Looking forward to it!"" Therefore, Adam Smith will be responsible for bringing the necessary tools for the installation."
Who suggests exploring the PS5 settings for accessibility features and Game Help?,ThaneChambers,"Based on the information provided in the data tables, there is no mention of anyone suggesting to explore the PS5 settings for accessibility features or Game Help. The data focuses primarily on gaming communities, preferences for games, and discussions related to various aspects of gaming. Specific recommendations for accessibility features or Game Help are not included in the given information."
What feature on the PS5 does Ileana praise for making switching between games smoother?,Control Center,"According to the conversation, Fionnuala mentioned that the Control Center makes switching between games and apps so much smoother. This aligns with Ileana's comment, which praises this feature."
How does Fionnuala describe the convenience of the Control Center's audio settings adjustment?,You can adjust audio settings on the fly without having to pause the game,"Fionnuala describes the Control Center as ""super convenient"" for adjusting audio settings on the fly without having to pause the game, highlighting its utility for users who want to customize their gaming experience easily. This indicates that Fionnuala appreciates the flexibility and ease of access provided by the Control Center feature."
What aspect does ThaneChambers enjoy about sharing clips on the PS5?,It's a great way to relive intense moments with friends,"ThaneChambers mentions that sharing clips on the PS5 is a great way to relive those intense moments with friends and to see what others are doing in their games. This feature allows players to showcase their accomplishments and achievements, fostering a sense of community among gamers. Additionally, ThaneChambers notes that it can make players want to level up their gameplay, as they can be inspired by the actions of others. This highlights the social aspect of the PS5's sharing clips feature, which enables players to engage more deeply with the gaming community."
Which game is LiHua currently obsessed with for its graphics and storytelling?,God of War,"LiHua is currently highly engaged with the game ""God of War,"" praising its immersive graphics and powerful storytelling. She finds it particularly moving due to its ability to evoke deep emotional responses and create a compelling narrative."
What game is Helios currently playing and finds the world and gameplay mechanics stunning?,Horizon Forbidden West,"Helios is currently playing ""Horizon Forbidden West"" and finds the world and gameplay mechanics stunning. This game stands out for its visually rich and engaging world, along with top-notch gameplay mechanics. Helios particularly enjoys the innovative combat system and the compelling narrative, which keeps him deeply invested in the game's storyline."
"How does Dyllan describe the combat in ""Horizon Forbidden West""?",It can be tricky sometimes,"Based on the discussion, Dyllan describes the combat in ""Horizon Forbidden West"" as challenging, particularly due to the encounters involving flying machines. He mentions that the combat can be tricky sometimes, especially when dealing with those flying machines. Dyllan suggests handling these situations by sticking to using a bow with elemental arrows, which can stun the flying machines and make them easier to defeat. Additionally, he recommends using the focus to track the movements of the flying machines, which helps in dodging their attacks. Dyllan also notes that using traps can be a game-changer for combat scenarios, adding a strategic layer to the battles."
"What strategy does Helios recommend for dealing with flying machines in ""Horizon Forbidden West""?",Using a bow with elemental arrows and focus to track their movements,"Helios recommends using a bow with elemental arrows to deal with flying machines in ""Horizon Forbidden West"". He suggests that by stunning these machines, you can then take them down more easily. Additionally, Helios advises using the focus mechanic to track the movements of the flying machines, which helps in dodging their attacks. This strategic approach allows players to effectively engage with the challenging aerial foes."
Which game does Helios suggest for tactical fun with a great story and character development?,Fire Emblem,"Helios recommends ""Fire Emblem"" as a game with great strategy elements and a fantastic story that intertwines with character development, which he finds very appealing. This aligns with his previous interest in games that offer both tactical gameplay and rich narratives."
What type of combat does Gavriel prefer in games?,Turn-based combat,"Based on the discussion, Gavriel expresses a preference for a challenge in combat systems that require strategic thinking and adaptation. He mentions enjoying seeing a mix of different types of enemies, each requiring distinct strategies to defeat, and looks forward to seeing epic boss battles. Additionally, he expresses enthusiasm for systems that allow players to combine abilities in creative ways, which he believes can add another layer of enjoyment to the gameplay. Gavriel seems to value combat encounters that are varied and require players to be both tactical and inventive in their approaches."
What game has Gavriel been hooked on recently for its blend of RPG elements and social simulation?,Persona 5 Royal,"Based on the conversation, Gavriel has been particularly interested in the game ""Persona 5 Royal."" This game stands out for its unique blend of RPG elements and social simulation, offering a rich storyline and deep character development. Additionally, the game features strategic battle systems where players must balance tactical decisions with social interactions, making it a rewarding experience. Gavriel enjoys the blend of these elements, which includes turn-based combat that allows thoughtful planning alongside the social dynamics within the game."
Which game does Dyllan recommend for turn-based combat and art style?,Octopath Traveler,"Dyllan did not specifically recommend a game for turn-based combat and art style in the conversation. However, Dyllan mentioned enjoying ""Persona 5 Royal"" due to its blend of RPG elements and social simulation, and praised its unique character development and visual art style. Given Dyllan's preference for turn-based combat and appreciation for the art style, ""Persona 5 Royal"" would seem to align well with these criteria. Additionally, Dyllan expressed enjoyment of ""Octopath Traveler"" for its turn-based combat and pixel art aesthetic, though he did not personally recommend it."
"Who is ThaneChambers' favorite character in ""Octopath Traveler""?",Primrose,"Based on the conversations shared, ThaneChambers did not explicitly state a favorite character in ""Octopath Traveler."" However, it appears that ThaneChambers appreciates the game and engages in discussions about various characters within it. In the Witcher 3 chat, ThaneChambers expresses fondness for characters like Geralt, Yennefer, and Dandelion. While ThaneChambers did not mention a favorite character in ""Octopath Traveler"" specifically, it's possible that he might have preferences that we do not have information about from these chats."
"What is Aisling's opinion on using traps in ""Octopath Traveler""?",They are a game changer,"In the discussions about strategies and gameplay techniques within ""Octopath Traveler,"" Aisling expressed enthusiasm for the use of traps. She mentioned that she had set up several ambushes which proved effective, highlighting the strategic value of traps. This aligns with the broader discussion where players emphasized the importance of combining various characters' strengths to optimize their battles, including the inclusion of traps for added effectiveness."
"How does Dyllan describe the importance of a balanced party in ""Octopath Traveler""?",It allows for more flexibility in battles and helps adapt to different challenges,"Dyllan emphasizes the importance of a balanced party in ""Octopath Traveler,"" suggesting that a strong defense is equally important as dealing damage. According to Dyllan, having a balanced party allows for more flexibility in battles and helps in adapting to different challenges one faces. This implies that a well-rounded party composition, including a tank, a healer, and two damage dealers, is preferable as it ensures that the party can survive tough encounters and maintain offensive capabilities."
"What is Bronwyn's experience with going full support in tough fights in ""Octopath Traveler""?",It can be risky but totally viable,"Based on the conversations shared, Bronwyn's experience with stealth and patient approaches in ""Horizon Zero Dawn"" stands out, where she found using stealth and strategic planning to manage encounters effectively. However, the specific details regarding her experience with going full support in ""Octopath Traveler"" are not mentioned within the provided data. Therefore, we cannot provide specific insights into Bronwyn's experiences with that particular aspect of the game."
"Which boss did Gavriel struggle with the most in ""Octopath Traveler""?",The final boss,"In the conversation, Gavriel mentioned facing off against the big bosses in ""Bloodborne"" and described it as an ""unforgettable experience."" Specifically, he highlighted the thrill of battling Artorias, saying it felt like a ""dance of death"" due to the challenge and the satisfaction of dodging attacks and finding openings. No specific mention of a boss that Gavriel struggled with the most in ""Octopath Traveler"" was provided. However, the conversation indicates that Gavriel enjoys the intensity of boss fights and appreciates the challenge, suggesting he likely encountered several tough bosses."
What does Elara enjoy doing to unwind after intense battles in games?,Wander around and collect items or side quests,"Elara enjoys several activities to unwind after intense battles in games. She mentions that after experiencing the adrenaline rush of boss fights, she likes to wander around and collect items or engage in side quests to help herself reset and relax. This downtime allows her to recharge and prepare for future challenges. Additionally, Elara spends time leveling up her characters or experimenting with different party compositions, further indicating her preference for activities that complement her engagement with the game's narrative and gameplay mechanics."
What type of gameplay does Jareth enjoy after a big challenge?,Relaxing gameplay,"After encountering a significant challenge, Jareth enjoys exploring the intricacies of the combat system and experimenting with different abilities. This is evident in his enthusiasm for discussing potential combinations of powers that could lead to unique and satisfying outcomes. He is particularly interested in how abilities can be combined to create new and powerful effects, adding another layer of complexity and excitement to combat scenarios. Jareth seems eager to delve deeper into the gameplay mechanics, especially those related to balancing the use of powers with strategic combat approaches, suggesting he relishes the opportunity to refine his skills and discover new strategies."
Who asks Emily if she has read The Lord of the Rings novels?,LiHua,"In the conversation recorded at Time: 20260922_17:00, LiHua initiates the query to EmilyBurnett regarding whether she has read The Lord of the Rings novels. LiHua expresses curiosity about the series and inquires if Emily has read the books, as she has seen the movies. LiHua suggests that the novels might provide a rich background and lore that could be beneficial for understanding ""The Rings of Power."" EmilyBurnett hasn't read the novels yet but has seen the movies and shares her thoughts on the visual aspects and character development in ""The Rings of Power."""
What TV series does LiHua mention that they are curious about in relation to The Lord of the Rings?,The Rings of Power,"LiHua mentions being curious about a series called ""The Rings of Power"" in relation to The Lord of the Rings. This series appears to be a spin-off or continuation of the original narrative, focusing on events taking place in Middle-earth before and after the events detailed in J.R.R. Tolkien's works. LiHua expresses enjoyment of the visual aesthetics and the way the series explores the lore, which is likely inspired by the rich background and character development found in The Lord of the Rings. LiHua and Emily Burnett seem to be particularly interested in the character development and backstory within this series."
"What aspect of ""The Rings of Power"" does Emily appreciate in terms of visuals?",How they are bringing Middle-earth to life,"In the conversation, EmilyBurnett expresses appreciation for the visual aspects of ""The Rings of Power."" Specifically, Emily mentions that the series brings Middle-earth to life through stunning visuals, which she finds captivating. This indicates that the striking and immersive visual elements of the series are a significant highlight for Emily."
Which character does LiHua mention as their favorite and describe as inspiring?,Galadriel,"In the conversation, LiHua expresses admiration for several characters, but mentions one specifically as inspiring. According to the conversation, LiHua states, ""I really like Wukong himself! His personality is so dynamic, and I love the way they’ve given him such unique abilities. It’s fun experimenting with them in the game!"" From this statement, it becomes clear that LiHua's favorite character in ""Black Myth: Wukong"" is Wukong. LiHua finds Wukong's dynamic personality and unique abilities inspiring."
What aspect of Elrond's character does Emily appreciate?,His mix of wisdom and vulnerability,"Emily appreciates the combination of wisdom and vulnerability in Elrond's character. She finds it particularly fascinating how these qualities add depth to the narrative. In the discussions around the series ""The Rings of Power,"" Emily highlights Elrond's mix of wisdom and vulnerability, noting that these elements make his interactions with other characters particularly compelling. Her admiration for Elrond underscores the importance of multifaceted characters in enriching storytelling and providing viewers with relatable and complex personalities."
"What does LiHua predict will happen in ""The Rings of Power""?",Epic battles and alliances forming,"In the discussions provided, LiHua expresses several predictions about the future of ""The Rings of Power."" He mentions that he is particularly interested in the potential for epic battles and the formation of alliances, which he finds intriguing given the series' exploration of Middle-earth's lore. LiHua is looking forward to seeing how the story unfolds, noting that the series' ability to delve deeply into character development and their backstories is what makes it appealing. He looks forward to the next episode and anticipates more intense storylines and character developments. LiHua's excitement is evident, as he believes the series will continue to captivate audiences with its visually stunning production and rich storytelling."
What does Emily think will happen next in the series in terms of story development?,The stakes will rise and alliances will evolve,"Emily Burnett is enthusiastic about the potential for story developments and character evolutions in the series. In her conversations, she expressed excitement about the possibility of new plotlines and character arcs that could introduce fresh dynamics and philosophical questions. Emily particularly highlighted the idea of introducing new factions or groups with differing agendas, which could lead to intense conflict and provide new opportunities for character growth and development. This would add layers of complexity to the narrative and keep the audience engaged with the ongoing philosophical debates and moral dilemmas. Additionally, Emily mentioned the intrigue of exploring the origins of the robots and their creators, as well as the consequences of the humans' actions. These elements could offer rich emotional depth and further enrich the storyline. Overall, Emily is looking forward to seeing how the writers weave these various aspects into the action-packed plot, ensuring that the series remains both engaging and thought-provoking."
What do LiHua and Emily agree on regarding the anticipation for the next episode?,They both can't wait for the next episode,"In their discussions, LiHua and Emily Burnett both express their excitement and anticipation for the upcoming episode. Emily highlights the suspense and thrilling nature of the series, noting that each episode leaves them wanting more and that the anticipation just makes it all the more exciting as they dive deeper into the complex lives of the characters. LiHua agrees, stating that the suspense makes it ""so much more thrilling"" and that the more they share their thoughts and theories, the better it becomes. Both participants seem to appreciate the rollercoaster-like nature of the series, with Emily emphasizing the ""epic moments"" and Kieran agreeing that ""the more we share, the more insights we get."" LiHua and Emily are looking forward to dissecting the new twists and turns once they've seen the episode, indicating a shared enthusiasm for the upcoming content."
What does LiHua suggest they should do as the series unfolds?,Keep sharing their thoughts,"In the discussions provided, LiHua expresses interest in exploring the main character Kendall's motivations within the TV series Succession. Specifically, LiHua suggests taking a closer look at Kendall's complex desires, which involve proving himself to both his father and the world, as well as the immense pressure of the family legacy. LiHua notes that Kendall seems to be stuck in a perpetual cycle of seeking validation from his father, Logan, and that this cycle may be contributing to his ongoing quest for power. While LiHua acknowledges the intensity of Kendall's journey and the difficulty in rooting for him due to the constant betrayals and his overall challenging situation, she also speculates on the ultimate goal of Kendall's character arc. LiHua posits that Kendall's motivations likely intertwine between a desire for power and a yearning for an independent identity. Additionally, LiHua mentions the importance of self-reflection and awareness for Kendall's character development. She believes that a significant turning point, where Kendall recognizes his worth beyond his familial role, would be crucial for his growth. LiHua's comments indicate a keen interest in analyzing Kendall's journey as the series progresses, suggesting that she and the group will continue to engage in thoughtful discussions about the character's evolving motivations and the broader narrative implications."
What does Emily say about the series making her feel like she is really getting to know the characters?,The emphasis on character development and their backstories,"Based on the conversations provided, Emily Burnett expresses her appreciation for the characters in the shows she watches. In the discussion about ""Silicon Valley,"" Emily mentions enjoying the ""character growth"" that she found ""fun to watch."" This indicates that she feels like she is indeed getting to know the characters and appreciates how their development is portrayed over the course of the series. Furthermore, when discussing ""The Bear,"" Emily expresses a similar sentiment, stating that she finds the ""characters have this raw, relatable humor that makes it feel real."" This suggests that she feels a connection with the characters in ""The Bear"" and is able to relate to their experiences, which contributes to her enjoyment of the show. Overall, Emily seems to value shows that allow her to engage deeply with the characters, fostering a sense of familiarity and investment in their journeys."
Who initiates the suggestion to go to the grocery store after work on 20260923?,WolfgangSchulz,"According to the conversations provided, WolfgangSchulz initiates the suggestion to go to the grocery store after work on 20260923. He proposes, ""Hey! Wanna hit the grocery store after work today? We can grab some snacks for our next jam! 🥳"" LiHua then agrees, stating, ""Sounds great! I could use some snacks for the weekend."" Thus, WolfgangSchulz is the one who suggests the outing to the grocery store."
What is the purpose of going to the grocery store on 20260923 according to WolfgangSchulz?,To grab some snacks for their next jam,"According to the conversation, WolfgangSchulz invited LiHua to the grocery store on 20260923 to grab some snacks for their next jam session. This indicates that the primary purpose of the trip was to purchase items for their musical activities."
What time does WolfgangSchulz propose for going to the grocery store on 20260923?,Around 5:30,"On September 23, 2026, WolfgangSchulz suggested meeting at the grocery store after work at approximately 5:30 PM. LiHua responded positively to this proposal, indicating she would be available at that time."
How does LiHua feel about the bench press challenge proposed by JenniferMoore?,LiHua feels pretty strong and is up for the challenge,"In the conversation with JenniferMoore, LiHua expresses enthusiasm for the bench press challenge. She indicates that she feels ""pretty strong lately"" and is ""up for the challenge."" This suggests that LiHua is willing to accept the challenge and is confident in her current physical abilities. Specifically, JenniferMoore proposes a new challenge for the following week, suggesting an increased weight on the bench press. LiHua responds positively, stating, ""I feel pretty strong lately, so yeah, I'm up for the challenge! Let's do it! 🏋️‍♂️."" This indicates that LiHua is ready to accept the challenge and looks forward to the workout session ahead."
What exercises does JakeWatson recommend for leg strength?,Squats and lunges,"Based on the conversations, JakeWatson suggests several exercises to enhance leg strength. Initially, he recommends squats and lunges as effective ways to improve leg power. Later, during another conversation, he specifically mentions the importance of strength training for soccer players, noting that it helps build muscles around joints, which can reduce the risk of injuries. Additionally, JakeWatson provides a detailed list of exercises he recommends for leg strength, including squats, lunges, and planks, which are effective for building core and leg strength. He also includes balance exercises like single-leg stands to further enhance overall stability and endurance."
What additional advice does JakeWatson give for maintaining muscle flexibility?,Stretch after workouts,"In the conversation, JakeWatson provides several pieces of advice for maintaining muscle flexibility. He emphasizes the importance of proper warm-up and stretching before any game to prepare the muscles and enhance flexibility. Additionally, he stresses the significance of staying hydrated, noting that it plays a crucial role in muscle recovery and performance. Furthermore, JakeWatson suggests wearing the right footwear, which can prevent slips or sprains and maintain foot flexibility during gameplay. He also recommends strength training exercises, such as squats, lunges, and planks, which are beneficial for building core and leg strength, thus indirectly contributing to overall flexibility. Lastly, JakeWatson recommends including balance exercises like single-leg stands in the workout routine to improve flexibility and balance, further enhancing the player's performance."
Which stretches does JakeWatson recommend for soccer-specific areas?,Hamstring stretch and quad stretch,"Based on the conversation, JakeWatson does not explicitly list specific stretches for soccer-specific areas. However, he does mention the importance of proper warm-up and stretching before any game. Given that he emphasizes the importance of warm-up and stretching, it can be inferred that a combination of dynamic stretches would be beneficial for soccer players. Dynamic stretches involve movements that mimic the actions of the sport and can help improve flexibility, range of motion, and prepare the muscles for activity. Examples of dynamic stretches for soccer include leg swings, arm circles, walking lunges, and high knees. For a more targeted approach, strength training exercises such as squats, lunges, and planks, as well as balance exercises like single-leg stands, are recommended by JakeWatson. These exercises help build muscle strength and stability, which can prevent injuries. While these exercises aren't traditional stretches, they play a crucial role in maintaining and enhancing athletic performance in soccer."
How long should each stretch be held according to JakeWatson?,About 30 seconds,"According to JakeWatson, each stretch should be held for about 30 seconds. He recommended the hamstring stretch and quad stretch as favorites for targeting key areas beneficial for soccer."
When and where does JakeWatson propose to meet for the practice session according to the conversation on 20260925?,Saturday at 4 PM at the usual spot,"There doesn't appear to be any mention of a practice session involving JakeWatson on the provided conversations. The conversations focus primarily on soccer training, web design seminars, work meetings, and various social gatherings. Specifically, JakeWatson is mentioned in conversations related to soccer training sessions, a web design seminar, and a meeting with JenniferMoore regarding her fitness trainer's session. There is no indication of any practice sessions involving JakeWatson."
What is LiHua's response to the suggestion of taking a warm shower before bed?,LiHua plans to try it tonight,"LiHua responded positively to ChaeSong-hwa's suggestion about taking a warm shower before bed to improve sleep quality. Specifically, LiHua stated, ""I haven’t done it yet, but I’m definitely going to try it tonight! Sounds like a great way to relax before bed. Thanks for the tip! 😌✨"" This indicates that LiHua was receptive to the advice and intends to follow through with it."
Who asks LiHua to measure the window in the basement?,AdamSmith,"In the conversation recorded under timestamp 20260928_10:00, AdamSmith asks LiHua to measure the size of the window in the basement for curtain-making purposes. Specifically, AdamSmith states, ""Hey Li Hua, could you please measure the size of the window in the basement for me? I want to get some curtains made. Thanks!"""
Why does AdamSmith want the window measured?,To get some curtains made,"According to the conversation, AdamSmith requested that LiHua measure the size of the window in the basement because he wants to get some curtains made for it. This indicates that AdamSmith intends to improve the privacy in the basement area by installing new curtains."
What are the dimensions of the window that LiHua measures?,150 cm wide and 120 cm high,"In a previous interaction, LiHua mentioned that she had measured the window in the basement and shared the dimensions with AdamSmith. Specifically, LiHua stated, ""Just measured it! The window is 150 cm wide and 120 cm high."" Therefore, the dimensions of the window LiHua measured are 150 cm in width and 120 cm in height."
Who initiates the discussion about binaural tones?,ChaeSong-hwa,"The discussion about binaural tones begins with ChaeSong-hwa, who mentions his recent research on the topic. He proposes experimenting with binaural tones to enhance their sound and create a unique listening experience for their audience. This suggestion is enthusiastically welcomed by LiHua and YurikoYamamoto, who both express excitement about the possibility of incorporating binaural tones into their music. Specifically, ChaeSong-hwa suggests incorporating binaural tones into their music during their next jam session, to which LiHua agrees and looks forward to testing it out."
What does ChaeSong-hwa suggest binaural tones could enhance?,The sound and listening experience for their audience,"ChaeSong-hwa suggests that binaural tones could enhance the sound and create a unique listening experience for their audience. He expresses interest in experimenting with binaural tones during their next jam session, believing it could add a new dimension to their music. His enthusiasm is shared by his fellow band members, who are excited about the potential for innovation and new possibilities in their performances."
How does YurikoYamamoto feel about adding a new dimension to their music with binaural tones?,Excited to give it a try,"YurikoYamamoto expresses great enthusiasm about experimenting with binaural tones, seeing it as a unique opportunity to add a new layer to their sound. She imagines the possibilities and looks forward to testing out the new approach in their upcoming jam sessions. YurikoYamamoto believes that binaural tones could enhance their music and create a more immersive and captivating listening experience. She is excited to blend the binaural tones with their existing instruments and see how they transform their usual songs."
Who congratulates LiHua on pushing their limits with the bench press?,JenniferMoore,"In the conversations documented, Jennifer Moore congratulates Li Hua multiple times on her performance, particularly on her recent bench press achievements. Initially, Jennifer encourages Li Hua to aim for even more weight on the bench press, praising her strength and capability. Later, she congratulates Li Hua on her impressive progress, noting, ""Wow, that's intense! But I'm up for the challenge! Let’s do this!"" and emphasizing her dedication with, ""I want to say congratulations on pushing your limits with the bench press this week! You've been making awesome progress! Keep it up!"" This indicates that Jennifer Moore is the one who congratulates Li Hua on her bench press efforts."
What does LiHua express feeling after the encouragement from Jennifer?,Strong and motivated,"After receiving encouragement from Jennifer, LiHua expresses appreciation for her support and looks forward to their upcoming session, indicating a positive sentiment. Specifically, LiHua says, ""Thanks a lot! Your encouragement really means a lot to me. I'm feeling great about the journey ahead! Let’s keep pushing! 💥"" This response clearly shows that she is feeling inspired and motivated following Jennifer's words of encouragement."
What is the focus for the next session suggested by JenniferMoore on 20260930?,Form and control,"There doesn't appear to be any session scheduled on 20260930 based on the information provided. The last session mentioned in the data is on 20260623, where JenniferMoore congratulated LiHua on their progress and encouraged continued effort during the upcoming session. If you have any additional details or a specific date in mind, please provide it, and I will assist you further."
What technique does JenniferMoore suggest to gradually increase weight of the bench press exercise?,Progressive overload,"In one of the conversations, JenniferMoore suggests a gradual approach to increase the weight for the bench press. Specifically, she recommends that LiHua should aim to increase the number of repetitions (reps) and sets each week to build strength progressively. She states, ""We can gradually increase the reps and sets each week to ensure you're building strength."" This technique ensures that LiHua doesn't overexert herself and allows her to adapt to the increased weight safely and effectively."
Who suggests going out for hot pot?,LiHua,"In the conversation, LiHua initiates the suggestion for going out for hot pot. Specifically, the dialogue states:```LiHua: Hey man! Wanna go have hot pot for dinner tonight? Let me know!WolfgangSchulz: Hot pot sounds perfect! Sichuan is my fave. What time are we thinking?```Therefore, LiHua suggests going out for hot pot dinner."
What type of hot pot does WolfgangSchulz prefer?,Sichuan,"Based on the conversation, WolfgangSchulz expresses a preference for Sichuan-style hot pot. Specifically, he mentions that he enjoys hot pot and that Sichuan is his favorite place to eat, indicating that he particularly likes the cuisine from Sichuan province. This aligns with the description given in the first entity record, where it is noted that ""Hot Pot"" is the planned dinner activity involving LiHua and WolfgangSchulz. Therefore, the type of hot pot WolfgangSchulz prefers is Sichuan-style hot pot."
What time does LiHua propose for dinner on 20260930?,7 pm,"According to the conversation recorded under the time reference 20260930_16:00, LiHua suggests having dinner at 7 PM. This is indicated when LiHua says, ""How about 7 pm? That should give us enough time to get ready!"" and WolfgangSchulz responds with, ""7 pm works for me! Can’t wait for all that spicy goodness!"" Therefore, the proposed time for dinner is 7:00 PM on 20260930."
Who comes up with the idea of picking up drinks on the way to hot pot?,LiHua,"In the conversation between LiHua and WolfgangSchulz regarding their planned hot pot dinner, LiHua suggests picking up drinks on the way. This suggestion comes from LiHua, who states, ""Yeah, me too! Should we pick up some drinks on the way?"" WolfgangSchulz then agrees with her, saying, ""Good idea! Let’s grab some drinks."" Thus, it is LiHua who initiates the idea of purchasing drinks on the way to the hot pot dinner."
What type of drink does LiHua suggest to have with hot pot?,Cold beer,"In one of the conversations recorded, LiHua suggests having cold beer to go with the hot pot. This preference aligns with WolfgangSchulz's enthusiasm for the combination of hot pot and cold beer, indicating that LiHua enjoys this pairing as well."
Who reminds everyone to drink water before and during the match?,JakeWatson,"In the conversation, there isn't a direct mention of someone reminding everyone to drink water both before and during the match. However, several individuals provide tips on how to stay hydrated, including Sova who uses a water bottle with measurements and sets reminders on her phone to stay hydrated. JenniferMoore also emphasizes the importance of hydration during workouts and mentions taking small sips during breaks to recover faster. While these are helpful suggestions, there is no explicit indication that someone is specifically tasked with reminding everyone to hydrate before and during the match."
What does Ivor do the day before a game to help with hydration?,Hydrate well,"There is no direct mention of Ivor's hydration practices the day before a game in the provided data. However, based on the context and the emphasis on hydration throughout the interactions, it can be inferred that he likely follows the general advice given for staying hydrated, such as drinking water or an electrolyte drink. Without specific details from the conversations, it's not possible to provide Ivor's exact hydration routine for the day before a game."
What drink does JakeWatson recommend for hydration after a match?,Coconut water,"Based on the conversation, JakeWatson emphasizes the importance of hydration after an intense game. He suggests grabbing a snack with carbs and protein, such as a banana with peanut butter, alongside drinking water or an electrolyte drink. While he doesn't specifically mention a particular beverage, he does highlight the importance of hydration, which includes both water and electrolyte drinks. This aligns with the broader emphasis on hydration in his tips provided to Li Hua."
What does Giselle emphasize about passing drills?,Accuracy is key in games,"In the discussions, Giselle emphasizes the importance of accuracy in passing drills. She also looks forward to improving their passing skills and having fun while doing so. Additionally, Giselle suggests adding quick one-twos to the practice session, highlighting the importance of maintaining stamina. Throughout the various interactions, Giselle consistently promotes the idea of practicing passing drills to enhance overall performance and enjoyment."
What practice idea does Dacey suggest to improve passing skills?,Target practice with cones,"In the discussions provided, Dacey suggests setting up cones for target practice during the passing drills. This proposal aims to make the practice more engaging and interactive, thereby helping participants to sharpen their passing skills. The use of cones would add a fun element to the drill, making it more enjoyable and potentially more effective in terms of skill improvement."
What does Briar remind everyone to bring to practice?,Water bottles,"In the conversations provided, Briar does not explicitly remind everyone to bring anything specific to practice. However, she does mention her excitement for the upcoming practice session and expresses her enthusiasm for the team bonding and skill improvement that comes from participating in these practices. Briar suggests adding quick one-twos to the practice session to keep stamina up, indicating that she believes in the importance of maintaining physical fitness during these sessions. Additionally, she brings up the idea of bringing water bottles to ensure everyone stays hydrated, although this is not stated directly as a reminder but rather as a suggestion based on her experience."
What does Giselle remind everyone to do before practice?,Stretch,"In the given data, Giselle reminds everyone to bring a ball and their water bottles for the practice session. Specifically, she suggests that it would be more fun if they come prepared. This reminder aligns with the context of the practice session where participants gather to improve their skills and engage in drills."
Who is considering buying Sekiro: Shadows Die Twice and asks for ThaneChambers' opinion?,LiHua,"The user LiHua is the one who considers buying Sekiro: Shadows Die Twice and seeks ThaneChambers' opinion on the game. LiHua initiates the conversation by asking ThaneChambers about the game, seeking recommendations and insights based on his experience with the title. LiHua specifically inquires about whether the game is worth purchasing and asks for suggestions on pacing and preparation for the challenging battles."
What does ThaneChambers think about Sekiro: Shadows Die Twice?,It's amazing and worth grabbing,"In the conversation recorded on October 1, 2026 at 20:00, LiHua inquires about ThaneChambers' opinion on ""Sekiro: Shadows Die Twice,"" a game that LiHua has been considering purchasing. ThaneChambers enthusiastically recommends the game, describing it as ""amazing"" and highlighting its unique combat system, which emphasizes timing and strategy. He also compliments the game's world design as ""super cool."" Moreover, ThaneChambers notes that the game is particularly appealing to those who enjoy challenging games, suggesting that it offers an engaging and rewarding experience. While acknowledging that the game can be tough, he assures LiHua that this is part of the appeal, adding that players will improve as they progress. Overall, ThaneChambers strongly endorses the game, recommending that LiHua should purchase it to embark on an ""epic adventure."""
What aspects of Sekiro: Shadows Die Twice does ThaneChambers highlight?,Unique combat system & timing & strategy & world design,"ThaneChambers provides several key points about Sekiro: Shadows Die Twice. He emphasizes the game's unique combat system, which he describes as strategic and requiring precise timing. Additionally, he highlights the game's world design, noting that it is ""super cool."" ThaneChambers recommends the game for those who enjoy challenging games, emphasizing the difficulty level and the satisfaction one gets from overcoming tough battles. He also mentions the engaging story, describing it as ""rich and has a great atmosphere,"" and suggests that players will likely become ""hooked pretty quickly"" due to the compelling narrative. Overall, ThaneChambers presents Sekiro: Shadows Die Twice as a game that offers both technical depth in its combat and a captivating storyline."
Does ThaneChambers recommend Sekiro: Shadows Die Twice to those who love a challenge?,Yes,"ThaneChambers highly recommends Sekiro: Shadows Die Twice to those who enjoy a challenge. He describes it as a game with a unique combat system that requires players to think strategically and react quickly, emphasizing its emphasis on timing and precision. ThaneChambers mentions that the game is all about the challenge and that if someone is into tough games, they will certainly love Sekiro. He further recommends it, stating that it is ""definitely worth grabbing!"""
What game is ThaneChambers currently playing?,Black Myth: Wukong,"Based on the conversation, ThaneChambers is currently playing ""Black Myth: Wukong."" He expresses enthusiasm for the game, noting its stunning visuals, immersive story, and dynamic gameplay. He also mentions finding some cool features and hidden secrets within the game, indicating that he is actively engaged with it."
What does LiHua think about the graphics and gameplay of Black Myth: Wukong?,The graphics look insane and the gameplay seems really fluid,"LiHua expresses a very positive opinion about the graphics and gameplay of Black Myth: Wukong. Initially, LiHua mentions that the visuals are stunning, highlighting the vibrant art style and immersive world design. This compliments the detailed visual elements that contribute to the magical atmosphere of the game. Furthermore, LiHua praises the gameplay mechanics, describing them as ""really fresh and exciting."" This indicates that she finds the game's strategic and interactive aspects particularly appealing, suggesting that the gameplay offers a unique and engaging experience. Both aspects—the stunning visuals and the innovative gameplay—are key factors in her enjoyment of the game."
What part of Black Myth: Wukong does ThaneChambers like the most?,The fresh take on the classic tale and the unique combat mechanics,"Based on the conversations shared, ThaneChambers expresses enthusiasm for multiple aspects of the game ""Black Myth: Wukong."" Initially, he mentions that the visuals are stunning and the storytelling is top-notch. Later, he elaborates on the game's unique combat system, which he finds engaging and strategic. Additionally, he highlights the immersive story, noting that it feels like a fresh take on the classic tale. Therefore, it appears that ThaneChambers particularly enjoys the blend of impressive visuals, compelling storytelling, and innovative combat mechanics in ""Black Myth: Wukong."""
Which aspect of Black Myth: Wukong does LiHua find immersive?,The combat style and how it blends with the storyline,"Based on the discussion between LiHua and ThaneChambers, LiHua finds the exploration aspect of Black Myth: Wukong to be particularly immersive. Specifically, LiHua mentions that she enjoys ""finding new areas and secrets,"" indicating a strong appreciation for the game's exploration elements. Additionally, the immersive nature of the story and the unique combat style mentioned by ThaneChambers further contributes to the game's immersive quality according to their conversation."
What does ThaneChambers love about the boss battles in Black Myth: Wukong?,The thrill of strategizing how to take them down and the breathtaking scenery,"Based on the conversations between ThaneChambers and LiHua, ThaneChambers particularly enjoys the boss encounters in Black Myth: Wukong. Specifically, ThaneChambers notes that the boss battles in the game are intense and require a lot of focus. He highlights that these battles are ""intense and require a lot of focus"" and that they are ""super satisfying once you figure them out."" Additionally, ThaneChambers emphasizes that the ""thrill of strategizing how to take them down was awesome"" and that the ""scenery during that fight was breathtaking,"" indicating that the boss battles are not only challenging but also visually captivating. Overall, ThaneChambers finds the boss battles in Black Myth: Wukong to be an epic part of the game, adding to the immersive and immersive storytelling."
Who informs LiHua that the new software is almost done?,WolfgangSchulz,"In the conversation provided, WolfgangSchulz informs LiHua that the new software he has been working on is almost completed. Specifically, WolfgangSchulz mentions, ""Hey! Just wanted to let you know that the new software I’ve been working on is almost done. Can’t wait for you to try it out! 🎉"" This statement clearly indicates that WolfgangSchulz is the one informing LiHua about the progress of the software project."
What is LiHua's reaction to the news about the new software?,LiHua is excited to check it out,"In the conversation regarding the new software project, WolfgangSchulz mentions that LiHua is currently experiencing significant pressure due to the project, comparing it to being in a ""pressure cooker."" LiHua responds positively to this description, saying, ""Yeah, this pressure won’t last forever. You're super talented, and I believe in you! Just take it one step at a time."" This indicates that LiHua is supportive of WolfgangSchulz and believes in his capabilities despite the challenges he faces. LiHua also suggests that WolfgangSchulz should focus on the task at hand and not let the pressures overwhelm him."
Who asks Jake to play as the goalkeeper for soccer training?,LiHua,"In the conversation recorded on October 3rd, 2026 at 12:00, LiHua initiates the request for Jake to play as the goalkeeper for their upcoming soccer training session. Specifically, LiHua says, ""Hey Jake! Any chance you can play as the goalkeeper for our soccer training this weekend? I think it would be fun!"""
Does Jake agree to play as the goalkeeper?,Yes,"In the conversation, LiHua proposes that Jake play as the goalkeeper during their soccer training session, which Jake enthusiastically agrees to. Specifically, LiHua suggests playing on a particular weekend, and Jake confirms that 10 am on the following day works perfectly for him. Therefore, based on their discussion, Jake does agree to play as the goalkeeper during their upcoming training session."
Who discusses classic matches between Barca and Bayern with Jake?,LiHua,"Jake Watson discusses classic matches between Barcelona (Barca) and Bayern with LiHua in one of the conversations. LiHua mentions watching several classic matches between the two teams in the UEFA Champions League (UCL) history, highlighting the dramatic nature of the matches, particularly the comebacks. LiHua expresses admiration for the intense emotions and drama in these matches, and Jake Watson agrees, noting the ""epic"" and ""unreal"" drama in UCL games. LiHua asks Jake Watson about his favorite moment from those matches, to which Jake Watson recalls Neymar's goal in the 2015 match against Bayern Munich, describing it as ""incredible"" and ""epic."" LiHua also recalls the 2015 match as a standout due to its teamwork and skills, which they both found impressive."
In which year did Barca lose 4-0 against Bayern as mentioned in the conversation?,2013,"According to the conversation, the 4-0 loss to Bayern Munich occurred in the year 2013. This significant match is noted as one of the classic matches between Barcelona and Bayern in the UEFA Champions League (UCL) history, showcasing the intense competitiveness between these two top European clubs."
Which goal does Jake consider incredible from the 2015 match?,Neymar's goal,"Jake considers Neymar's goal in the 2015 match incredibly impressive. Jake mentions, ""For sure! That goal by Neymar in the 2015 match was just incredible! The way he finished it and sealed our place in the final was epic! Can't forget how the whole team celebrated afterwards."" This goal stands out as particularly memorable due to its importance in the match and the celebratory reaction from the team."
Who does Jake believe has the potential to be a game-changer for Barca?,Pedri,"Jake Watson expresses a belief that Pedri has the potential to be a game-changer for Barca. He notes Pedri's current spark and mentions how he reminds him of great players in the past. Jake believes Pedri's vision and control are qualities that could elevate the team, and he looks forward to seeing how Pedri progresses in the upcoming season."
What is LiHua looking forward to in the upcoming matches?,Seeing how Pedri and the team perform and if they can go far in the UCL,"In the conversations shared, LiHua expresses enthusiasm and anticipation for upcoming matches, particularly those involving Barcelona and Real Madrid. For Barcelona, LiHua looks forward to watching how Pedri performs and hopes to see the team progress in the UEFA Champions League (UCL) this season. He also mentions being eager to catch more matches to see the intensity of the comebacks that Barca is known for. In reference to Real Madrid, LiHua recalls the memorable comebacks and the team's resilience, commenting on how their ability to turn things around under pressure makes them ""something else."" LiHua is also looking forward to watching Real Madrid in their upcoming matches and appreciates their ""never-say-die"" attitude and the supportive atmosphere of their fans."
What are Jake's go-to snacks for match days?,Chips and dip & pizza,"Based on the conversations recorded, Jake Watson does not specifically mention his go-to snacks for match days. However, he does express enthusiasm for the excitement and camaraderie of match days, mentioning the enjoyment of interacting with fans and participating in watch parties. During one match day, Jake mentions organizing a watch party for the Liverpool vs. Manchester match and suggests that they should ""decide who’s bringing the drinks next"" and ""make this an epic watch party!"" This indicates that Jake enjoys match days and looks forward to gathering with friends to watch matches, likely including snacks and drinks. Without explicit mention of particular snacks, it can be inferred that Jake enjoys simple, enjoyable foods that can be shared during match days."
What are LiHua's favorite snacks for the game?,Nachos with cheese and spicy salsa,"Based on the conversations recorded, there is no specific mention of LiHua's favorite snacks for their jam sessions. However, it is noted that they do enjoy bringing snacks to their jam sessions as it helps them maintain energy throughout the practice. Specifically, LiHua mentions, ""Let's also remember to bring some snacks! Can't jam on empty stomachs, right?"" WolfgangSchulz agrees, adding, ""We'll need that energy while we rock out together!"" Therefore, while there isn't a direct statement about their favorite snacks, it is clear that snacks are an important part of their jamming sessions."
Who does LiHua pick as the best football manager of all time?,Pep Guardiola,"In the discussion recorded on November 10th, 2026 at 10:00 AM, LiHua asks Jake Watson who they consider the best football manager in the Premier League history. Jake Watson responds by saying that Sir Alex Ferguson tops his list, citing the numerous trophies Ferguson brought to Manchester United. However, he acknowledges that other managers are also highly respected and impactful. LiHua mentions some other managers like Pep Guardiola and Klopp, who have also made significant contributions to their teams. Overall, the conversation reveals a nuanced view of top managers across different eras and clubs."
What aspect of Guardiola's career does JakeWatson admire?,The transformation of the teams he's managed,"Based on the conversations provided, JakeWatson does not specifically mention Guardiola by name, but rather refers to the winning culture and mentality of teams like Barca and Real Madrid. Jake expresses admiration for the never-say-die attitude and the strong connection between the players and the fans, which he attributes to the legendary history of these clubs in the Champions League. This admiration seems to stem from Guardiola's ability to foster a winning mentality and inspire his teams to perform at their best, even in challenging circumstances. Therefore, JakeWatson appears to admire Guardiola's coaching style and his impact on building teams with a relentless pursuit of success."
"Which team's style of play does Farrah remember as ""Total football""?",Barcelona,"In the discussions shared, Farrah refers to Pep Guardiola's style of play as ""Total football"" or ""tiki-taka style."" This style emphasizes quick passing and movement, creating space for players to move and score. Farrah admires Pep Guardiola's tactical approach, particularly how it is applied to the football club known as City. However, there is no mention of Farrah recalling ""Total football"" specifically referring to Real Madrid or Barcelona."
What playing style is associated with Guardiola's Barcelona team?,Tiki-taka,"Based on the information available, it appears that Pep Guardiola's Barcelona team emphasized possession-based play, with a focus on controlling the tempo of the game and maintaining possession. This strategy often involved a high defensive line (high line) and a fluid transition from defense to attack. The team also employed a variety of attacking options, including quick counter-attacks and creative playmaking to exploit gaps in the opposition's defense. This tactical approach was characterized by the possession and distribution of the ball, leading to intricate passing sequences and opportunities for individual skillful players such as Lionel Messi. However, without specific data on the exact playing style used during Guardiola's tenure, we can infer that it leaned heavily towards a possession-oriented and technically proficient style, which would align closely with the description of ""Ruthless Possession"" and ""High Line"" strategies."
Which player's development under Guardiola does Jasper mention?,Phil Foden,"According to the data, Jasper specifically mentions the development of Phil Foden under Pep Guardiola's player development. The comment indicates that Jasper expresses enthusiasm for the practice session and mentions Phil Foden's growth, suggesting that Phil Foden is the player whose development Jasper is referring to under Guardiola's guidance."
What player's midfield importance does Aurora highlight?,Rodri,"Aurora highlights the importance of Bruno Fernandes in the 4-2-3-1 formation, praising his creative spark and ability to connect with the forwards. She notes that Bruno Fernandes is a key player in the 4-2-3-1 setup, similar to Kevin De Bruyne for Manchester City. Aurora also mentions Mason Mount, who she believes is very effective in the 4-2-3-1 when he plays for Manchester United. She emphasizes Mason Mount's work rate and ability to link up with the strikers, describing him as a ""super valuable"" player."
Who will bring cones for drills at the match?,Farrah,"The text provided does not specify who will be responsible for bringing cones for drills at the match. There is no mention of equipment preparation or allocation of responsibilities related to drills for any match, including the unspecified ""match"" referred to in the query. Therefore, based solely on the information given, it is impossible to determine who will be bringing cones for drills at the match."
What type of passes does Briar suggest adding to the practice?,Quick one-twos,"Based on the information provided, Briar suggests adding ""quick one-twos"" to the practice session to keep stamina up. No other specific types of passes are mentioned in the text."
What will LiHua bring for everyone to enjoy after the match?,Snacks,"Based on the conversation, LiHua will be responsible for ordering the pizza for the watch party. Specifically, LiHua mentioned that she can take care of the pizza order and noted that she will ensure to get a variety of toppings to cater to everyone's preferences. Additionally, she anticipates that the watch party will involve various snacks, including drinks that can be ordered separately, such as sodas and water. LiHua seems enthusiastic about organizing a fun and enjoyable watch party experience for everyone."
Which match does Jasper mention that Manchester City played recently?,Against Chelsea in the Premier League,"Jasper mentions a match between Liverpool and Manchester City, indicating that a recent match involving Manchester City took place. However, the specific details of the match are not provided in the conversations. The conversation focuses more on planning to watch the Liverpool vs. Manchester match, which is coming up. There is no mention of a recent Manchester City vs. Liverpool match that Jasper specifically references."
Who scored a stunner in the Manchester City vs. Chelsea match as mentioned in the conversation?,Phil Foden,"There is no specific mention of a Manchester City vs. Chelsea match in the given conversation or data tables. The conversation primarily discusses various classic matches between Barcelona and Real Madrid, including notable moments and players. Additionally, there are mentions of Manchester United and Manchester City in relation to the Champions League, Premier League, and other matches, but no details about a particular match between Manchester City and Chelsea are provided. Therefore, the specific question regarding a stunner in a Manchester City vs. Chelsea match cannot be answered based on the available information."
What aspect of Rodri's performance does Henley praise?,His interceptions and passing,"Henley does not directly praise Rodri's performance. Instead, Henley highlights Rodri's significant contribution to Manchester City's momentum and strategy, which is attributed to Rodri rather than Henley praising it. Henley focuses more on her own activities and thoughts related to soccer practice, mentioning that she is planning to practice dribbling skills on Friday before an upcoming football match."
What does Farrah admire about Rodri's play?,His ability to break up opposition plays and transition the ball,"Based on the provided dialogue, Farrah admires Rodri's standout performance in the midfield, noting his significant contribution to Manchester City's momentum and strategy. This indicates that Farrah appreciates Rodri's influential and strategic contributions to the team's success."
Who checks in with LiHua about their arm muscles after the bench press session?,JenniferMoore,"Jennifer Moore is the one who checks in with Li Hua about her arm muscles after the bench press session. This interaction takes place in entries such as Time: 20261008_14:00, Time: 20261211_11:00, and Time: 20260325_19:00, where Jennifer asks about Li Hua's arm muscles and offers advice related to soreness and recovery. Specifically, in the entry Time: 20261211_11:00, Jennifer asks Li Hua about soreness after the previous workout and provides tips for relieving it, including warm-up stretches and foam rolling. In the entry Time: 20260325_19:00, Jennifer suggests that Li Hua focuses on lower limb exercises, including squats and lunges, to improve overall stability and performance. Additionally, in the entry Time: 20260924_20:00, Jennifer encourages Li Hua to challenge herself with increased weights on the bench press, emphasizing the importance of proper preparation and form."
How does LiHua feel about the soreness in their arm muscles?,It feels good and they are ready for the next session,"LiHua expresses feelings of soreness after their workout sessions, particularly mentioning it after the bench press session with Jennifer Moore. In a later conversation, LiHua explicitly states that their arm muscles are ""a bit sore"" following their most recent workout, indicating a degree of discomfort. However, LiHua maintains a positive attitude towards the soreness, describing it as something to be embraced as part of the fitness journey. LiHua mentions being ""ready for our next session"" despite the soreness, showing a commitment to continuing their exercise regimen. Additionally, LiHua seeks advice from Jennifer Moore on how to manage the soreness, highlighting the importance of addressing the issue to maintain fitness levels. Overall, LiHua appears to be managing the soreness while remaining focused on their exercise goals."
What snack does LiHua agree to bring for the movie?,Chips,"In the conversation regarding the movie night, WolfgangSchulz mentions that he wants some soda and juice for the movie, while LiHua suggests bringing chips. However, LiHua also indicates she can bring some chips for the movie. Since chips are mentioned twice in the conversation, it appears that LiHua agrees to bring chips for the movie."
What drinks does WolfgangSchulz want to have while watching the movie?,Soda and juice,"In the conversation dated 20261009_17:00, WolfgangSchulz and LiHua discuss their plans for a movie night. WolfgangSchulz mentions that he wants to have a ""nice cold drink"" during the movie, and specifically asks LiHua what drinks he prefers. LiHua suggests soda and juice as a perfect combination. Therefore, based on this exchange, WolfgangSchulz wants to have either soda or juice along with his cold drink preference during the movie night."
Who will pick up the snacks and drinks on their way before the movie?,LiHua,"Based on the conversation between WolfgangSchulz and LiHua, it appears that LiHua will be the one picking up the drinks and snacks on their way to the movie night. WolfgangSchulz mentioned, ""Let’s grab some drinks. What do you feel like having?"" and LiHua responded, ""How about some cold beer to go with the hot pot? Sounds like a good combo!"" followed by WolfgangSchulz agreeing, ""Beer it is! 🍻 Perfect match for hot pot."" WolfgangSchulz also asked LiHua, ""What do you feel like having?"" indicating that LiHua will decide on the specific type of drink. Thus, it is inferred that LiHua will be responsible for purchasing the drinks and snacks on their way to the movie."
Who initiated the discussion about Cersei's journey in Game of Thrones?,EmilyBurnett,"The discussion about Cersei's journey in Game of Thrones appears to have been sparked by Emily Burnett's reflections. Specifically, Emily Burnett reviewed Cersei's journey in the series and shared her thoughts on it during a conversation with her friends, noting how captivating and complex the character's evolution was. This discussion was further fueled by the insights and perspectives shared by other participants such as Kieran, Rowan, Merrick, Phaedra, Lachlan, Saffron, Niamh, Tamara, Orion, and Quillan, who contributed to the exploration of Cersei's character through various lenses including her relationships, her motivations, and the impact of her choices."
How does Rowan describe Cersei's transformation throughout the series?,From vulnerable to ruthless,"Based on the conversation recorded, Rowan describes Cersei's transformation throughout the series as going from a ""love-struck girl"" to a ""power-hungry queen."" He notes that she starts off vulnerable but becomes extremely ruthless, particularly after losing her children. Rowan points out that her relationship with power changes significantly during her journey, emphasizing how the loss of her children drives her to embrace cruelty to secure her position. He also mentions that her dynamic with Jaime Lannister showcases the complexity of her struggle between her desires for love and her need for power. Rowan finds it fascinating how Cersei represents the idea that power comes at a cost, observing that while she achieved her goals, she lost many things along the way."
What significant event in Cersei's life does Saffron highlight as a turning point?,Losing her kids,"Saffron highlights Cersei's loss of children as a significant event that pushed her over the edge. This pivotal moment is described by Saffron as ""the way she embraces cruelty to secure her power is jaw-dropping."" This event is particularly noted for its profound effect on Cersei's character, illustrating how her vulnerability and subsequent loss of children contributed to her transformation into a ruthless and power-hungry queen. This loss is seen as a critical factor in shaping her complex and multifaceted character."
Which character's dynamic with Cersei is mentioned as complicated?,Jaime,"The dynamic between Cersei and Jaime Lannister is described as particularly complicated. This is evident from several comments and discussions, highlighting the significant transformation Jaime undergoes throughout the series, moving from a villain to a complex and emotionally vulnerable figure. Additionally, the mention of their final decision where Jaime chooses to protect Cersei despite his earlier values, adds to the intricacy of their relationship."
What does Lachlan find haunting about Cersei's end?,How much she fought to hold onto her power,"Lachlan finds Cersei's end particularly haunting, especially given how much she fought to hold onto her power. The fact that she ultimately lost control and died in a situation where she had lost it all feels poetic and tragic. Lachlan expresses a desire to see more of Cersei confronting her past choices, wondering if she ever truly faced the consequences of her actions. This underscores the complexity of Cersei's character arc, where her relentless pursuit of power led to her downfall despite her earlier vulnerabilities and love for her children."
What idea does Rowan say Cersei represents?,Power comes at a cost,"According to Rowan's comments, Cersei represents the idea that power comes at a cost. Rowan notes that despite achieving her goals, Cersei lost so much along the way, including her children, which seems to have driven her to embrace cruelty in order to maintain her power. This perspective underscores the theme of power and its consequences, highlighting how the pursuit of power can lead to significant personal sacrifice and loss."
What aspect of Cersei's character does Quillan say often shadows her vulnerability?,Her desperation for control,"Based on the information provided, Quillan frequently discusses aspects of Cersei's character that often shadow her vulnerability, specifically mentioning her complex personality and actions driven by fear and ambition. Quillan highlights Cersei's journey as someone who is deeply driven by these forces, even as she grapples with her own emotional depth and the consequences of her choices. This suggests that Quillan sees Cersei's vulnerability as intertwined with her broader narrative of ambition and fear, which often overshadows her more relatable emotional traits."
What relationship could have potentially changed Cersei's path according to Phaedra?,Her relationship with Tyrion,"According to Phaedra, a pivotal moment for Cersei could have been her forging new alliances, especially with characters like Olenna Tyrell, who Cersei had chances to build alliances with but chose her own way. This suggests that if Cersei had embraced her family ties and built meaningful connections, it might have allowed her to achieve a more balanced life without compromising her ambitions entirely. Phaedra notes that Cersei had the opportunity to have a different legacy if she had made more genuine connections, highlighting the complexity of her character and the impact of her choices."
How does Kieran describe Tywin's influence on Cersei?,He taught her ruthless methods,"According to the data provided, Kieran offers insight into Tywin's influence on Cersei. Specifically, Kieran notes that ""Tywin is a character who has a significant influence on Cersei's character and choices."" This statement highlights Tywin's role in shaping Cersei's behavior and decisions throughout the narrative. Tywin's influence on Cersei is evident in the choices she makes, particularly during critical junctures in the series. Tywin's character serves as a pivotal figure, impacting Cersei's path and decisions, thereby influencing her character and destiny."
What does Orion say about Cersei's mix of loyalty and fear towards Tywin?,It was a mix of both,"According to the discussions provided, Orion addresses Cersei's relationship with her father, Tywin Lannister. Orion notes that Tywin instilled in Cersei a survival mentality and a ruthless approach to power, which heavily influenced her character development. However, Orion also points out that this pressure from Tywin may have instilled a sense of resentment within Cersei. Specifically, Orion comments, ""There was a weird mix of loyalty and fear. Tywin definitely instilled that survival mentality in her, but I feel like she also resented it."" This indicates that while Tywin's influence gave Cersei the drive to succeed and survive, it also created a complex emotional landscape for Cersei, marked by both loyalty and fear."
What does Rowan say about Cersei's independence?,It made her stronger but also more isolated,"Rowan reflects on Cersei's independence, noting that it ""definitely made her a lot stronger! She carved her own path, but at the same time, it turned her into such a fierce and isolated figure. It’s like she had to choose between power and connection, and she chose power, which backfired. That complexity is so intriguing!"" Rowan suggests that while Cersei's independence granted her strength, it also led to her isolation, leaving her feeling alone despite her power. This observation highlights the duality of Cersei's character, emphasizing the stark contrast between her fierce independence and her desire for meaningful connections."
What does LiHua say Cersei's power came at the price of?,Meaningful connections,"According to LiHua, Cersei's power came at the price of meaningful connections. She points out that Cersei had chances to build alliances, particularly with characters like Olenna Tyrell, but she chose to pursue her own way instead. This decision seems to have left her isolated, as evidenced by her tendency to push away those who cared about her in favor of her ambition. LiHua believes that if Cersei had embraced those relationships, it might have given her the support she needed without compromising her ambitious goals. This perspective underscores the complexity of Cersei's character and the cost she incurred in her pursuit of power."
What relationship could have shown Cersei a different perspective on power according to Lachlan?,Her relationship with Tyrion,"According to the discussion, Lachlan mentioned that Cersei's relationship with Tyrion Lannister could have shown her a different perspective on power. Lachlan noted that Tyrion always seemed to understand the family dynamics better and that if Cersei had listened to him, things might have played out differently. This relationship could have provided Cersei with a more balanced view of power, possibly leading her to choose a different path that prioritized her relationships and genuine connections rather than her fear and ambition."
What does Tamara say Cersei's love led to?,Her downfall,"Based on the information provided, Tamara discusses Cersei's character and her journey throughout the series. Tamara notes that Cersei's love for her family, particularly her children, is one of the few redeeming qualities mentioned. However, this fierce protectiveness also drives her to make ruthless choices. Tamara suggests that while her love for her children makes her more human and relatable, it also leads to her downfall. She argues that her protectiveness turned into an obsession, causing her to make choices that ultimately destroyed her relationships and herself. Essentially, Tamara implies that while Cersei's love for her children may have added depth to her character, it also contributed to her inability to find a balance between ambition and genuine connections. This imbalance ultimately led to her isolation and downfall."
What could have changed everything for Cersei if she had embraced it according to Tamara?,Her family ties,"According to Tamara, if Cersei had embraced her family ties without letting ambition overshadow them, she could have had a more balanced life. This approach could have helped her avoid the pitfalls that led to her downfall and allowed her to achieve both power and meaningful connections. Tamara suggests that if Cersei had worked with her family rather than treating them as threats or obstacles, she might have created a more stable rule. This would have given her the support she needed without compromising her ambition. It's an intriguing thought that could have fundamentally altered her legacy, transforming her from a ruthless power-seeker into a leader who balanced ambition with genuine connections."
What does EmilyBurnett say Cersei's choices led to?,Her isolation,"Emily Burnett provides insights into the consequences of Cersei Lannister's choices throughout the series. In one of her discussions, she notes that Cersei's relentless pursuit of power led to her isolation and ultimately contributed to her downfall. She elaborates, ""Even though she appeared so confident, I think she must’ve had moments of doubt. Her relationship with her children was everything to her, and once they were gone, it's like she became hollow. It makes you wonder if she ever felt truly fulfilled in her quest for power."" This underscores how Cersei's choices, driven by her ambition and fear of losing control, led her to prioritize power over meaningful connections, culminating in her tragic fate."
What does Quillan suggest could have been a game-changer for Cersei?,Accepting Tyrion's advice,"Quillan suggests that if Cersei had accepted Tyrion Lannister's advice over her internal pride, that could have been a significant turning point. This suggestion indicates that Cersei, despite her ambitious and controlling nature, might have been capable of different choices if she had listened to counsel that could have helped her navigate her complex relationships and power struggles more effectively."
What does Saffron say Cersei was blinded by?,Her need for control,"According to the discussions provided, Saffron does not explicitly state what Cersei was blinded by. However, Saffron does express a sentiment related to Cersei's character development and the consequences of her choices. Specifically, Saffron notes that Cersei's need for control often led her to push people away, which left her isolated. This suggests that Saffron believes Cersei was blinded by her own ambition and desire for control, which prevented her from forming genuine, meaningful connections with others."
Who initiates the discussion about game storytelling?,ThaneChambers,"The discussion about game storytelling appears to have been initiated by Gavriel, who mentioned a few games that he thinks fit the criteria of having emotional layers conveyed through gameplay and artistry, such as ""Gris"" and ""Journey."" This sparked a broader conversation about games that use storytelling to evoke strong emotional responses, touching on various aspects like character development, moral dilemmas, and the impact of choices. The ensuing comments highlight several games that have left significant emotional impressions on the participants, including ""Detroit: Become Human,"" ""The Last of Us,"" ""Spiritfarer,"" ""Undertale,"" ""The Stanley Parable,"" ""Life is Strange,"" and ""Firewatch,"" among others."
What game does ThaneChambers consider their top choice for storytelling?,The Last of Us,"Based on the conversation, ThaneChambers expresses a strong preference for games with rich storytelling. In particular, he mentions that ""The Last of Us"" is one of the best games out there in terms of storytelling, noting its compelling narrative, well-developed characters, and the emotional journey it provides. He describes the game as setting itself apart from many others due to its strong narrative and the mix of action and stealth gameplay. Additionally, he suggests that players who enjoyed games with strong narratives like ""Witcher 3"" would likely appreciate ""The Last of Us."" Therefore, it appears that ThaneChambers considers ""The Last of Us"" as their top choice for storytelling among games."
Which game's narrative does Bronwyn appreciate for its father-son dynamic?,God of War,"Based on the discussion, Bronwyn appears to appreciate the narrative for its father-son dynamic in ""Detroit: Become Human."" This game explores themes of choice, consciousness, and humanity, presenting a compelling storyline where the relationships between characters, particularly the relationship between the protagonist and his father-like figure, are central to the plot. Bronwyn mentions enjoying how the game lets her experience different perspectives, indicating a rich and layered narrative that enhances the emotional depth of the game. The intricate father-son relationship in ""Detroit: Become Human"" seems to resonate with Bronwyn, contributing to her appreciation of the game's storytelling."
What game does Gavriel mention for its characters and plot twists?,Final Fantasy VII Remake,"In the conversation, Gavriel mentions ""Gwent"" as a game that offers moments of humor and surprise, particularly through the interactions between Geralt and the various NPCs during Gwent matches. These moments often involve unexpected banter and strategic shifts, adding an unpredictable and engaging element to the gameplay. Additionally, Gwent provides a break from the main story's tension, offering lighter and more comedic moments. This suggests that Gwent excels in delivering surprising and memorable content within its narrative structure."
Which game does ThaneChambers recommend for its choice-based storytelling?,Life is Strange,"Based on the conversation, ThaneChambers recommends ""The Last of Us"" for its choice-based storytelling and strong narrative. Specifically, ThaneChambers states, ""It's definitely one of the best out there! The storytelling sets it apart from a lot of other games. It's got this mix of action and stealth that keeps you on your toes. If you enjoyed games with strong narratives like Witcher 3, you'll love this one too!"" Additionally, ThaneChambers provides insight into why he recommends ""The Last of Us"" saying, ""The Last of Us is a masterpiece! The story is super gripping and emotional. The characters are really well developed too."" This aligns with LiHua's positive response, indicating that they both appreciate the game's compelling narrative and character development."
What game does Elara mention for making her emotional?,Bioshock Infinite,"Elara mentions ""The Last of Us"" as a game that made her emotional. Specifically, she highlights the game's ability to explore themes of hope, loss, and survival through its characters and story, leaving a profound impact on her. This resonated deeply with her emotional journey, indicating the game's skill in conveying complex themes without relying heavily on dialogue."
Which game does Jareth praise for its storytelling in side quests?,The Witcher 3,"Based on the conversation, Jareth praises ""Red Dead Redemption 2"" for its storytelling in side quests. Specifically, Jareth mentions spending hours just fishing and hunting in the game, enjoying the little things like weather changes and wildlife interactions. He also highlights the richness of the quests and side stories, noting that the game keeps him engaged with its narrative and characters. Jareth describes feeling like he was really living in the world of the game, which suggests that the side quests contribute significantly to the immersive and engaging experience."
What game does Dyllan describe as epic for its samurai culture?,Ghost of Tsushima,"Based on the discussion provided, there is no specific mention of a game that Dyllan describes as epic for its samurai culture. The conversation primarily revolves around games like ""Horizon Forbidden West,"" ""The Last of Us,"" ""God of War,"" ""XCOM 2,"" ""Fire Emblem,"" ""Persona 5 Royal,"" and ""Octopath Traveler."" Among these, ""God of War"" focuses heavily on Norse mythology rather than samurai culture, and the samurai culture is not mentioned explicitly. ""Horizon Forbidden West"" draws inspiration from Japanese folklore, featuring a world inspired by feudal Japan, but it doesn't focus specifically on samurai culture. So, there is no game described by Dyllan that stands out for its samurai culture. If you have any additional context or details about the game Dyllan was referring to, please share them, and I can provide a more accurate response."
Which game does Helios call a masterpiece for making players feel connected to the characters?,Red Dead Redemption 2,"Helios expresses a particular appreciation for the character connections and emotional depth in certain games, as evidenced by his statements. One game that he refers to as a ""masterpiece"" for its ability to make players feel connected to the characters is ""Detroit: Become Human."" Helios mentions that the game explores themes of choice, consciousness, and humanity in a thought-provoking manner, with multiple endings that keep the player guessing about the impact of their decisions. This multi-faceted approach allows for a rich and emotionally resonant experience, which aligns well with Helios's criteria for a game that effectively connects players to its characters."
"What scene from ""Red Dead Redemption 2"" does Bronwyn mention as emotional?",The scene with Arthur and John on the mountain,"In the conversation, Bronwyn mentions that she is particularly fond of Red Dead Redemption 2 due to its attention to detail and immersive world. She describes how she enjoyed spending hours riding through the snowy mountains and feeling completely immersed in the game world. While no specific emotional scene is mentioned, Bronwyn highlights the realism and the attention to detail in the game, suggesting that there are several moments that contribute to the emotional impact of the experience. This includes the attention to the weather changes, wildlife interactions, and the realistic portrayal of the characters and their relationships. The emotional depth in the game appears to stem from the player's connection with the environment and the characters, which can lead to a range of feelings including immersion, empathy, and nostalgia."
What game does Ileana say made her question the morality of her actions?,Red Dead Redemption 2,"The passage does not provide information about a game or a specific scenario where Ileana questioned the morality of her actions. The text seems to be discussing various topics related to character development and the impact of power on individuals, particularly focusing on Cersei Lannister from the TV series ""Game of Thrones."" There is no mention of a game or a character named Ileana within the provided text. Therefore, based solely on the information given, it is not possible to determine which game Ileana is referring to or what specific action made her question the morality of her behavior."
Which game does Caelum mention for encouraging emotional engagement with the narrative?,Red Dead Redemption 2,"Caelum mentions several games that encourage emotional engagement with the narrative. Specifically, he highlights ""Firewatch"" as one such game, noting that it handles the theme of isolation and connection beautifully, drawing the player in through its intimate dialogue and narrative approach. Additionally, Caelum commends ""The Beginner's Guide,"" which encourages reflection on creativity and self-discovery, suggesting that both games effectively tap into the emotional experience in unique ways."
What game does Bronwyn say mixes daily life with deep story arcs?,Persona 5,"Based on the discussion, Bronwyn mentioned that ""Firewatch"" makes her feel like she's part of the story, tapping into the emotional experience while telling a deep story. The game's narrative had an intimate feel, with the dialogue between the main characters drawing her in deeply. It felt like a real connection was formed, and the mystery kept her engaged throughout. This suggests that ""Firewatch"" is the game Bronwyn is referring to that mixes daily life with deep story arcs."
Which game does Ileana mention for its unique world and storytelling?,Horizon Zero Dawn,"In the conversation, Ileana expresses particular appreciation for the world and storytelling in a certain game, describing it as ""just stunning"" and mentioning that the combat mechanics are smooth. She also notes that the combat allows for experimentation due to different combat styles available. Based on this description, the game in question appears to be ""Ghost of Tsushima."" This conclusion is supported by the user's earlier mention of ""Ghost of Tsushima"" having those epic moments where you stumble upon unexpected fights or beautiful landscapes while just exploring, and the world feeling alive and full of surprises. Additionally, the visuals described as ""stunning"" align well with the game's known aesthetic."
What game does LiHua mention for exploring themes of choice & consciousness & humanity?,Detroit: Become Human,"LiHua mentions ""Detroit: Become Human"" as a game that explores themes of choice, consciousness, and humanity. This game is praised for its thought-provoking approach, with its multiple endings and branching narratives keeping players engaged and guessing about the impact of their decisions."
Which game does Dyllan say raised interesting questions and moral dilemmas?,Detroit: Become Human,"In the discussions regarding the fall of the Van der Linde gang, Dyllan expresses admiration for a specific storyline within the game that involves deep moral and ethical questions. Specifically, Dyllan highlights a pivotal moment in Arthur's character arc, where Arthur gives John the money for his family. This moment showcases Arthur's journey towards redemption and his efforts to help John and his family despite the chaos and betrayals within the gang. Dyllan points out that this scene resonated emotionally due to the game's soundtrack, which amplifies the emotional weight of the moment. This indicates that Dyllan is referring to the storyline concerning Arthur, the leader of the Van der Linde gang, and his internal conflict and eventual sacrifice for the benefit of others. This narrative raises important questions about trust, loyalty, and the consequences of one's choices, particularly in challenging circumstances."
What game does Dyllan recall for its intimate feel and dialogue?,Firewatch,"Dyllan mentions that the narrative in ""Firewatch"" had an intimate feel, and the dialogue between the main characters really drew him in. He describes it as a genuine connection, and the mystery kept him engaged throughout the game. This intimate storytelling approach in ""Firewatch"" appears to have left a significant impact on Dyllan, making him appreciate how a game can convey deep emotions and experiences through its narrative and dialogue."
Which game does LiHua mention for playing with various storytelling tropes?,The Stanley Parable,"LiHua mentions ""The Stanley Parable"" as a game that does something similar with various storytelling tropes, leaving a wild and unpredictable impact on players."
When did Li Hua receive the curtains?,Yesterday (implied to be 20261011),"According to the conversation, Li Hua received the curtains on the previous day, specifically mentioned in the message dated 20261011_10:00, where Adam Smith mentions, ""Yep, I have received it yesterday!"" This indicates that Li Hua received the curtains the day prior to the conversation."
What does Li Hua like about the curtains?,the patterns,"Based on the conversations, it appears that Li Hua is quite pleased with the curtains. Initially, she mentioned that she ""received it yesterday"" and that she ""really like[s] the patterns!"" This indicates her satisfaction with the design and aesthetics of the curtains. Later, she expresses enthusiasm about setting a date to have the curtains installed, stating that she ""appreciate[s] it!"" and looking forward to the completion of the installation. Overall, the interactions suggest that Li Hua is content with the curtains and is eager to proceed with their installation."
Who offers to help with the installation of the curtains?,AdamSmith,"In the conversation, AdamSmith offers to help with the installation of the curtains. This is evident from the dialogue where AdamSmith says, ""Sure, I can help with that! Just let me know when you're free to get it done."" LiHua then agrees, mentioning, ""Awesome! How about sometime this week? Just let me know what works for you."" AdamSmith follows up with, ""I'm free on Wednesday or Thursday afternoon. Which one is better for you?"" This clearly indicates that AdamSmith is offering his assistance in setting up the curtains."
What does Turalyon want to hear everyone's thoughts on?,the new benches,"Turalyon expressed his desire to hear everyone's thoughts on the types of plants they would like to see in the garden. Specifically, he stated, ""Hey everyone! I want to put together a resident vote for the specific types of plants that you want in the garden. Your input is super important, so let's get those votes in! 🌼🌷💙"" This indicates that Turalyon is seeking input from the community regarding plant preferences to ensure that the garden reflects the desires and opinions of all members."
What does MuradinBronzebeard think about the cushions idea?,It sounds like a nice idea,"According to the conversations, MuradinBronzebeard supports the idea of adding cushions to the benches. He suggests that cushions would make hanging out at the garden even cozier. He proposes colorful cushions to match the flowers that are planned to be planted, enhancing the overall aesthetic and comfort of the seating area."
What does MalfurionStormrage suggest for sunny days?,umbrellas for shade,"Based on the information provided, Malfurion Stormrage does not specifically mention any suggestions or preparations for sunny days. The text primarily discusses his views on limiting noisy activities during the early afternoon and forming a community emergency response team. Therefore, there is no direct suggestion given by Malfurion Stormrage related to sunny days in the provided data."
Who proposes the idea of adding tables near the benches?,RexxarRemar,"There isn't any specific entity mentioned who proposed adding tables near the benches in the given data. The entities related to benches and seating areas focus more on the idea of adding benches themselves rather than tables. However, if there were a suggestion for adding tables near the benches, it might be inferred from general practices of designing outdoor spaces, but no such suggestion is present in the provided data."
What does GromHellscream suggest to brighten the area in the evening?,lanterns or string lights,"During the discussion regarding enhancing the garden, GromHellscream suggests adding some lanterns or string lights to brighten the area in the evening. GromHellscream proposes solar-powered lanterns, which he believes would be a perfect addition due to their eco-friendliness and ease of maintenance. He also emphasizes the importance of selecting styles that blend in with the flowers, suggesting that solar-powered lanterns align well with the garden's theme. Additionally, GromHellscream mentions the possibility of using lanterns or string lights for a magical evening atmosphere, which would be beneficial for community gatherings."
What type of lanterns does MalfurionStormrage recommend?,solar-powered lanterns,"According to the discussions, MalfurionStormrage does not specify the exact type of lanterns to be used. However, he does mention that soft white lights would give a cozy and inviting glow, perfect for relaxing evenings in the garden. There is also a discussion about adding string lights or lanterns for evening hangouts, but no preference for the type of lanterns is given."
Who is excited to see how the garden evolves?,Thrall,"From the content provided, several individuals express excitement and enthusiasm for the garden's evolution. AdamSmith is particularly enthusiastic, stating ""It's great to hear everyone's enthusiasm!"" and expressing excitement about how the project is shaping up. LiHua also shows great anticipation, saying ""I'm looking forward to seeing what we can come up with!"" and ""I’m looking forward to seeing what we can come up with."" Furthermore, Turalyon expresses excitement by saying, ""Looks great so far! Maybe we could add some pathways to connect the benches? It could make the space more inviting. What do you all think?"" indicating his eagerness to see the garden develop. Overall, there is a palpable sense of excitement and shared enthusiasm among the participants for the garden's future development."
What does Turalyon think about the suggestions?,They are going to make the garden a fantastic community spot,"In the conversation, Turalyon expresses enthusiasm and support for various suggestions made by others regarding the garden. Specifically, Turalyon supports the idea of including a variety of colors in the garden, suggesting bluebells and camellias, which align with the desire for a visually appealing space. When ArthasMenethil mentions the inclusion of herbs, Turalyon agrees and suggests considering herbs for a future project, emphasizing the importance of keeping the current focus on flowers. Turalyon's comments indicate his commitment to ensuring the garden reflects the collective input and vision of the residents, highlighting his active engagement and willingness to participate in the decision-making process."
What does ChaeSong-hwa suggest for the garden once everything is set up?,a little gathering,"In one of the meetings, ChaeSong-hwa suggested creating a relaxing spot in the community garden for everyone. Specifically, ChaeSong-hwa proposed organizing a little gathering in the garden once everything was set up. This idea aligns with the community's goal of creating a space where people can enjoy nature and spend quality time together. Additionally, ChaeSong-hwa mentioned the possibility of hosting a potluck event, which would allow everyone to share their favorite dishes and create a communal meal. The gathering could also include activities such as flower planting workshops and perhaps live music to enhance the overall experience and atmosphere."
What kind of activities does MalfurionStormrage suggest for the gathering?,games for kids & flower planting workshops & good food,"During the conversation regarding the gathering once the flowers are settled, MalfurionStormrage expresses his enthusiasm for the idea and suggests that it would be a wonderful place for everyone to gather and enjoy nature together. He goes on to propose a few potential activities for the gathering:- **A potluck**: This would allow everyone to share their favorite dishes, providing a variety of culinary experiences.- **Live music**: Malfurion suggests that live music could enhance the atmosphere and create a lovely ambiance while enjoying the food and the garden.- **Games for kids**: To keep everyone entertained, he proposes setting up some games specifically for children.Overall, Malfurion believes that a community gathering would serve as a wonderful way to bring the community together and make the garden feel like a home for everyone."
Who offers to check with friends for live music performance?,ArthasMenethil,"There isn't any mention of someone offering to check with friends for a live music performance based on the provided data. The discussions revolve around personal activities, gatherings, and music-related events such as jam sessions, karaoke activities, and music festivals. Specifically, Wolfgang Schulz mentions an upcoming concert he would like to attend, and Li Hua agrees to join him. However, there is no indication that anyone is checking with friends for live music performances."
What does MuradinBronzebeard think about live music?,It would really enhance the experience,"Based on the provided conversations, Muradin Bronzebeard is not mentioned. However, the discussions revolve around various aspects of music, including the benefits of playing musical instruments, the importance of a supportive environment for musicians, and the role of music in enhancing the gaming experience. There are mentions of specific games and their soundtracks, such as ""The Legend of Zelda: Skyward Sword HD,"" ""Mass Effect Legendary Edition,"" and ""Ghost of Tsushima,"" indicating that these topics are discussed among the participants. There are also references to jam sessions, karaoke activities, and the impact of music on mental health and memory. Wolfgang Schulz and Li Hua frequently discuss their musical practices and experiences, emphasizing the positive effects of playing music together. Chae Song-hwa also expresses interest in organizing karaoke activities, which further highlights the group's appreciation for music. While Muradin Bronzebeard is not part of these discussions, the content suggests that the participants have a deep appreciation for live music and the communal aspects of musical performance and creation. If Muradin were to join such discussions, he would likely share similar sentiments and experiences based on the conversations documented."
Who suggests doing a group purchase of the new games?,ThaneChambers,"In the conversation, Thane Chambers initiates the suggestion for a group purchase of new games. This is evident from the following excerpt:> ThaneChambers: Hey everyone! Just saw the news about a bunch of new games dropping soon on both the PS digital store and physical disc. Who's excited? I'm thinking it might be cool to do a group purchase. What do you guys think? 🕹️Therefore, Thane Chambers suggests doing a group purchase of the new games."
What does ThaneChambers think about the new games?,excited and interested,"In the conversation, ThaneChambers expresses interest in new games that explore deep character arcs and complex narratives, much like ""The Last of Us."" He notes that games that delve into these themes are becoming increasingly popular, reflecting a trend towards more nuanced storytelling and character interactions. ThaneChambers highlights the importance of open dialogue in leadership, suggesting that communication is key to effective decision-making and conflict resolution, particularly in challenging situations. He points out that games like ""Red Dead Redemption 2"" and ""The Witcher 3"" exemplify this approach by offering rich character development and compelling narratives. ThaneChambers also mentions that games focusing on deep storytelling and relationships, such as ""The Last of Us"" and ""Witcher 3,"" are particularly resonant, as they allow players to engage deeply with the characters' struggles and emotional journeys. Overall, ThaneChambers seems excited about the direction that modern game development is taking, favoring titles that prioritize complex character dynamics and intricate narratives."
What feature are they hoping for in the new game?,co-op missions and shared loot system,"In the discussion provided, there seems to be a conversation revolving around a hypothetical new game, specifically focusing on the inclusion of a robust resource management system. This system would likely involve gathering various types of resources such as materials for crafting weapons and armor, rare items for upgrades, and even in-game currency for trading. The participants express enthusiasm for this feature, believing it could lead to engaging and strategic gameplay, as players would have to strategize about when and how to utilize these resources effectively. Additionally, they mention the inclusion of consumable items like health potions, buffs, or crafting ingredients, which would further enrich the gameplay experience. The hope is that these additions will provide a sense of discovery and challenge, making the game more dynamic and rewarding."
What does Helios want to know about the game?,whether it will feature crossplay,"Based on the information provided, Helios is engaged in several ongoing discussions about various video games, primarily focusing on their narrative depth, gameplay mechanics, and the impact of different game features. In the discussion about ""Horizon Forbidden West,"" Helios expresses enthusiasm for the game, highlighting its stunning world, top-notch gameplay mechanics, and engaging story. Helios also mentions the intensity of certain moments in the game, particularly when discussing the new machines introduced in the latest part of the story. Additionally, Helios shares combat advice and strategies, suggesting the use of bows with elemental arrows and utilizing focus to track enemy movements. This indicates that Helios wants to know more about the combat systems and strategies in ""Horizon Forbidden West."" Furthermore, Helios seems interested in the impact of NPCs on the player's experience and their role in shaping the narrative. Helios also mentions being eager to learn about the potential for intense moments in the upcoming game ""Final Fantasy XVI"" and the focus on action-oriented gameplay. Therefore, Helios appears to be seeking insights into various aspects of the games he discusses, including gameplay mechanics, storylines, and player interactions within the game worlds."
What does Dyllan think about crossplay?,it was awesome and makes playing together much easier,"Based on the dialogue provided, there is no specific mention of Dyllan discussing crossplay. The conversation focuses primarily on game narratives, character interactions, and gameplay experiences within single-player modes of various games. Therefore, we cannot infer Dyllan's stance on crossplay from the given information."
What does Ileana think is essential for the new game?,a robust matchmaking system,"In the discussion about the upcoming game, Ileana emphasizes the importance of the Game Help feature, stating that it is ""a lifesaver."" Additionally, she highlights the Control Center as a useful tool that makes switching between games and apps much smoother. Ileana also expresses enthusiasm about the ability to share clips and highlights directly from the Control Center, noting that it is a fun way to relive epic moments with friends. This indicates that Ileana values the game's accessibility features and sharing capabilities, which she believes significantly enhance the overall gaming experience."
What does Fionnuala think about matchmaking systems?,they can make or break the experience,"Fionuala believes that a robust matchmaking system is essential for a smooth gaming experience. She emphasizes that such a system can help in finding the right team with shared goals and skill levels, which can significantly enhance the gameplay. This is particularly important for avoiding frustrating moments when players are mismatched and can help ensure that the game remains enjoyable for everyone involved."
What does Helios think would be awesome for character development?,a deep skill tree or upgrade system,"Based on the information provided, Helios appears to be an enthusiastic participant in various gaming discussions and forums, particularly focusing on character development and character evolution. In one of the conversations, Helios expresses excitement about the potential for intense moments in ""Final Fantasy XVI"" and the emphasis on action-oriented gameplay. This indicates a preference for games that offer substantial character development and involve intense, emotionally charged experiences.In another instance, Helios suggests drones for scouting and creating distractions as a means to open up strategic possibilities within the game. This comment reflects an interest in how game mechanics can influence and enhance character development by providing players with tools that affect the narrative and gameplay dynamically. Additionally, Helios praises ""Returnal"" for its visual storytelling, atmosphere shifts, and constant tension, highlighting how these elements contribute to a rich and engaging character development experience.Given Helios's involvement in multiple gaming discussions and his expressed enthusiasm for character-driven narratives, it seems he would appreciate any opportunity for rich, immersive character development, whether it involves dynamic game mechanics, emotional intensity, or visually striking atmospheres."
What does Gavriel think about crafting systems?,they offer a chance to create unique weapons and gear,"Based on the discussion, Gavriel did not specifically address the crafting system in detail. However, he did talk about the inclusion of various consumables like health potions, buffs, or crafting ingredients as adding another layer of strategy to the gameplay. This suggests that Gavriel sees potential in crafting systems that can provide strategic depth and options for players to manage and optimize their resources within the game."
What does Elara think about resource management?,it always makes it feel more immersive,"Based on the discussion provided, Elara emphasizes the importance of balancing a party composition that includes both damage dealers and healers, noting that ""having a balanced party is key! It allows for more flexibility in battles and helps adapt to different challenges you face."" Specifically, Elara highlights that ""A strong defense is just as important as dealing damage!"" This indicates that Elara values effective resource management in terms of ensuring that her party can sustain itself during battles and that she believes in maintaining a balanced approach to party composition rather than focusing solely on maximizing damage output."
What does Fionnuala think about potions and temporary boosts?,they are always helpful,"Based on the conversation provided, Fionnuala does not directly express opinions or thoughts about potions and temporary boosts. The discussion focuses primarily on various aspects of gameplay, such as Dandelion's humor, the Gwent quests, and the soundtrack in multiple games. Without specific comments from Fionnuala on potions and temporary boosts, we cannot provide a detailed summary of her views on these mechanics. However, her enthusiasm for exploring the game's content and collecting Gwent cards suggests she may have an interest in various game features beyond just the core storyline."
What does ThaneChambers think about stealth boosts?,they add a whole new layer to gameplay,"According to the conversations recorded, Thane Chambers expressed a strong interest in stealth boosts. In one instance, he explicitly stated, ""I’d love to see some stealth boosts! Being able to sneak past enemies or get the jump on them adds a whole new layer to gameplay. It could lead to some epic moments with strategies and surprises."" This indicates that Thane Chambers appreciates the concept of stealth mechanics and believes they could significantly enhance gameplay by providing players with new strategic options. Additionally, he highlighted the potential for these stealth boosts to create unique and exciting experiences, emphasizing how they could transform gameplay dynamics and offer new ways to approach challenges within the game."
What does Bronwyn think about the idea of stealth missions?,it will be all about timing and communication,"Bronwyn expresses enthusiasm about the idea of stealth missions, particularly noting that they would require careful planning and communication within the team. She believes that stealth mechanics can add a significant layer of strategy and excitement to the gameplay, allowing players to approach situations in innovative ways. Bronwyn mentions that stealth missions would necessitate assigning specific roles within the team, such as one player distracting enemies while others silently move around. She also highlights the importance of utilizing the environment to conceal and position oneself effectively. Overall, Bronwyn sees the inclusion of stealth elements as a thrilling aspect that would elevate the gameplay experience, adding both challenges and rewarding moments."
What does LiHua think about the potential for stealth in the game?,it could lead to some really engaging and strategic gameplay,"In discussions about the game's potential features, LiHua expresses enthusiasm for the inclusion of stealth elements. During the conversation, LiHua mentions that they are ""optimistic"" about resource management in the game, suggesting that they believe thoughtful resource management could lead to engaging gameplay. This optimism extends to the game's stealth capabilities, indicating that they hope for a mix of resources that could include consumables like health potions and buffs, as well as in-game currency for trading. Specifically, LiHua notes, ""I'm hoping for a mix of resources! Like materials for crafting weapons and armor, maybe some rare items for upgrades, and even in-game currency for trading."" This statement suggests that LiHua sees value in having a variety of resources, including stealth-related items. Additionally, LiHua comments, ""It would be exciting to explore and find hidden treasures that surprise us,"" which further implies their interest in a rich, resource-based gameplay experience that includes elements of exploration and discovery. During another discussion, LiHua elaborates on their thoughts about stealth by saying, ""I'm excited just thinking about it! We might need to assign roles, like having one of us distracting enemies while others sneak around. Communication will definitely be key, especially in those tense moments."" This indicates that LiHua is looking forward to the stealth aspects of the game and anticipates the need for strategic planning and teamwork. Overall, LiHua appears to be supportive of the game's stealth features and looks forward to the strategic and tactical elements these features may bring to the gameplay experience."
What team does JakeWatson admire for their comebacks?,Real Madrid,"Based on the conversation, JakeWatson admires the comebacks between Barcelona (Barca) and Bayern Munich in the UEFA Champions League (UCL). Specifically, JakeWatson expresses admiration for the dramatic comebacks Barcelona experienced against Bayern Munich, highlighting two notable instances: losing 4-0 in 2013 and then coming back to win in 2015. These comebacks are described as ""epic"" and are cited as reasons why JakeWatson loves soccer, emphasizing the emotional highs and lows that make the sport so engaging."
What is one characteristic of Real Madrid that JakeWatson mentions?,they thrive under pressure,"JakeWatson mentions several characteristics of Real Madrid, but one notable feature he highlights is their ""never-say-die"" attitude. This is evident in his comment about the team's ability to recover from difficult situations, such as turning around a game that was seemingly lost, and their resilience under pressure. Another significant aspect JakeWatson points out is the team's tactical acumen and the ability of individual players like Benzema and later Bellingham to step up in critical moments. These traits contribute to Real Madrid's reputation as a formidable opponent in the Champions League and La Liga."
Which match does JakeWatson remember for Real Madrid's comeback?,Champions League against Manchester City in 2022,"JakeWatson remembers a particularly memorable comeback for Real Madrid in a Champions League match against Manchester City in 2022. Specifically, he highlights the stoppage-time goal scored by Rodrygo, which led to two goals in quick succession, turning the game around for Real Madrid. This match exemplifies Real Madrid's ability to come back from seemingly losing positions, showcasing their ""never-say-die"" attitude."
What was special about the match against Manchester City in 2022 according to the group discussion?,Rodrygo's stoppage-time goal,"In the group discussion, there was a reference to a match against Manchester City in 2022 that JakeWatson mentioned as being particularly noteworthy. Specifically, JakeWatson recalled a Champions League comeback against Manchester City, highlighting the stoppage-time goal scored by Rodrygo, which turned the game around for Real Madrid. According to JakeWatson, this goal exemplified Real Madrid's ""never-say-die"" attitude and their ability to make crucial plays under pressure. The match was described as ""pure drama"" where once Real Madrid got the first goal, the momentum shifted significantly, leading to a comeback. This particular comeback was noted for its unexpected nature and the thrilling nature of the game, showcasing the resilience and determination of Real Madrid's players."
What does Aurora say about the atmosphere at the Bernabéu during tough games?,It was electric,"Aurora expresses a significant sentiment regarding the atmosphere at the Bernabéu during challenging matches. She notes that the Bernabéu has a strong home advantage and highlights the role of the passionate fans in uplifting the team during critical moments. Aurora states, ""The atmosphere at the Bernabéu during that game was electric! Real Madrid really has a strong home advantage, and their fans play a huge role in lifting the team during those tough moments."" This indicates that the stadium is filled with an electric energy that not only benefits the players on the field but also contributes to the team's overall performance and morale."
What does Evangeline say about Real Madrid's history in the Champions League?,They have a legendary history and a winning culture,"Evangeline expresses enthusiasm for Real Madrid's participation in the Champions League, indicating a deep connection to the club's history. She highlights the club's strong presence in the competition, mentioning their involvement in various matches. Specifically, Evangeline points out the famous comeback against Manchester City in the 2022 Champions League, where Real Madrid managed to score two goals in stoppage time to secure a victory. Additionally, she references the 2011 Champions League final, where Barcelona defeated Real Madrid 3-1, a match that showcases the rivalry and dominance of both teams in the competition. Evangeline also appreciates the winning culture ingrained in the club, noting the influence of the team's success on the morale and performance of the players."
What does Briar think about Real Madrid's chances for the rest of the season?,They have a solid chance to challenge for every title,"In the conversation, Briar expresses confidence in Real Madrid's chances for the remainder of the season. Specifically, Briar believes that Real Madrid has the depth in their squad and the new talent mixed in to have a solid chance to challenge for every title. Briar also mentions that Ancelotti, the coach, is adept at getting the best out of his players, even in crucial moments. Furthermore, Briar highlights the team's winning mentality, which is deeply ingrained in the club's culture, and suggests that this resilience will likely continue to push the team to perform well even when the odds seem against them. Overall, Briar sees Real Madrid as capable of maintaining their momentum and success throughout the season."
Who is Real Madrid's coach according to Ivor?,Ancelotti,"According to the information provided, Ivor does not mention the name of Real Madrid's current coach. Instead, Ivor discusses several aspects related to Real Madrid, including their comeback capabilities and their performance in matches. Specifically, Ivor refers to Real Madrid as ""the subject of the discussion"" and notes their ""comeback capabilities,"" suggesting that they are a prominent Spanish football club known for their ability to turn things around in tough situations. However, Ivor does not provide any details about the current coaching staff of Real Madrid."
What does Dacey propose to practice on Saturday?,soccer shooting skills,"On Saturday, Dacey proposes to practice dribbling skills. Specifically, she suggests a practice session at 3 PM on Sunday, stating that it will be a great opportunity to improve their dribbling skills together. This proposal indicates that Dacey is enthusiastic about the idea of having a structured practice session to enhance their team's abilities through focused drills."
Where do they plan to meet for soccer practice?,the local park,"In the previous interactions, it is mentioned that Li Hua and Jasper plan to meet up for soccer practice on a Practice Day, specifically on a Saturday at 3 PM. Additionally, Jake Watson and Li Hua arrange a practice session on a Saturday at 4 PM at the usual spot, which implies a regular practice location. However, the exact location for the Practice Day and the Saturday practice sessions isn't specified in the conversations. Therefore, while we have details about the times and the frequency of the practices, the specific meeting point is not provided."
What time do they plan to meet for soccer practice?,3 PM,"In several instances, the users discuss plans for soccer practice. JakeWatson suggests a practice session on Saturday afternoon around 3 PM, where they will focus on passing drills for the first hour and then mixing in shooting practice. LiHua confirms her availability at this time, indicating they will meet at 3 PM on Saturday. Additionally, another mention of practice is scheduled for Saturday afternoon, with JakeWatson proposing to meet up at the usual spot at 3 PM. Therefore, the consistent time proposed for soccer practice is 3 PM on Saturdays."
Who offers to bring cones for the soccer practice?,Aurora,"In the conversations provided, no individual is explicitly mentioned as offering to bring cones for the soccer practice. While cones are noted as a type of flower that can attract pollinators and require minimal maintenance, contributing to the aesthetic and functional aspects of a garden, there is no indication that anyone offers to bring cones for the soccer practice. Therefore, based on the given data, it cannot be determined who offers to bring cones for the practice."
What else does Henley plan to work on during the practice?,dribbling skills,"During the practice Henley looks forward to working on passing drills, specifically aiming to enhance their skills in this area. Henley also mentions that they are planning to practice dribbling skills on Friday before the upcoming football match. Beyond these activities, Henley encourages the group to have a quick chat about their favorite players during practice and asks for others' opinions, suggesting that the practice might involve discussing favorite athletes and possibly sharing opinions on their performances."
Who suggests getting pizza for dinner?,WolfgangSchulz,"In the conversation where WolfgangSchulz invites LiHua for dinner after work, WolfgangSchulz suggests getting pizza for dinner. Specifically, WolfgangSchulz proposes, ""Hey man! Wanna grab some pizza for dinner after work?"" 🍕 This suggestion indicates that WolfgangSchulz wants to go to a pizza place for dinner following their workday."
What does LiHua want to know about WolfgangSchulz's pizza preference?,his favorite place for pizza,"In the conversation, LiHua expresses her own pizza preferences and asks WolfgangSchulz about his. Specifically, LiHua mentions she likes pepperoni pizza and extra cheese, while WolfgangSchulz describes his preference for classic margherita pizza, stating it's simple yet very good. LiHua further inquires about what WolfgangSchulz enjoys pairing with his pizza, to which WolfgangSchulz replies he usually opts for a cold drink, perhaps a soda or craft beer, depending on his mood. Thus, LiHua wants to know WolfgangSchulz's pizza preference, specifically what type of pizza he prefers and what he enjoys eating alongside his pizza."
What new pizza place does WolfgangSchulz suggest?,a new pizza place downtown,"In one of the conversations, WolfgangSchulz mentions a new pizza place downtown that he has been hearing good things about. Specifically, this conversation took place on October 17th, 2026 at 17:00. LiHua expresses interest in trying this new place, and WolfgangSchulz agrees to recommend it for a future pizza night. Therefore, the new pizza place WolfgangSchulz suggests is one located downtown."
What time do they agree to meet for pizza?,around 7,"Based on the conversations provided in the data, there are multiple mentions of a pizza night, but the specific agreed-upon time is not explicitly stated. In one instance, WolfgangSchulz suggests a time around 7 PM, while LiHua agrees that 7 PM works great for him. However, there is no definitive confirmation of the exact time they decide to meet for the pizza night."
Who invites LiHua to taste a new bread recipe?,HaileyJohnson,"In the conversation recorded under ID 5, LiHua invites HaileyJohnson to taste a new bread recipe. The invitation takes place at 3 PM, and LiHua expresses eagerness to taste what Hailey has prepared. Hailey responds positively and looks forward to the opportunity as well."
What does HaileyJohnson want LiHua to taste?,a new bread recipe,"In one of the conversations, HaileyJohnson asks LiHua to taste a new bread recipe that Hailey has developed. Specifically, Hailey states, ""Hey Li Hua! Just wanted to check in and see what you thought about the new pastries - the sprinkled cake donuts and red velvet New York cheesecake. Your feedback really helps!"" However, the primary request appears to be related to the new bread recipe. LiHua responds positively, saying, ""Sounds awesome! I’d love to help out. What time is good for you?"" This indicates that Hailey wants LiHua to try her new bread recipe and provide feedback on it."
What type of pizza does WolfgangSchulz prefer?,margherita,"Based on the conversations shared, WolfgangSchulz expresses a preference for classic margherita pizza. He mentions, ""Bro, I’m all about that classic margherita. Simple but so good!"" This indicates that his favorite type of pizza is the classic margherita. No other specific preferences for types of pizza are mentioned in the dialogue."
What pizza does LiHua like?,pepperoni with extra cheese,"Based on the conversations provided, there isn't a specific mention of a particular type of pizza that LiHua prefers. However, from WolfgangSchulz's comments, he mentions that LiHua is a ""big fan of pepperoni."" This suggests that pepperoni might be LiHua's preferred topping for pizza. Without additional context, this is the most detailed information available regarding LiHua's pizza preferences."
What drink does WolfgangSchulz usually have with his pizza?,soda or craft beer,"From the conversation, we can see that WolfgangSchulz typically enjoys a cold drink with his pizza. Specifically, he mentions that he usually goes for a nice cold drink, possibly a soda or craft beer depending on the occasion. In one instance, he suggests trying a new place downtown because ""it's got some amazing toppings!"" and ends with, ""Do you have any favorite places for pizza around here?"" This indicates that he appreciates having a drink alongside his meal."
What is LiHua's suggestion regarding pizza places?,to check out the new downtown place,"In one of the conversations, LiHua expresses interest in exploring different pizza places. Specifically, during a discussion about WolfgangSchulz's favorite pizza type, LiHua mentions that Wolfgang prefers a classic margherita pizza. LiHua, on the other hand, has a fondness for pepperoni pizza, appreciating its spiciness and the addition of extra cheese. Regarding WolfgangSchulz's preferred pairing for his pizza, LiHua recommends a refreshing lemonade, noting that it complements the flavors well. LiHua suggests that WolfgangSchulz and he should plan a pizza night together to try new flavors, indicating that he is open to discovering new pizza spots."
What do LiHua and Wolfgang plan to do together according to their conversation on 20261017?,plan a pizza night,"Based on the conversation recorded on 20261017 at 20:00, LiHua and Wolfgang discussed plans for a dinner outing at a restaurant. Wolfgang suggested a specific restaurant that he and LiHua both enjoyed. However, no further details about the exact location or the type of cuisine were provided in the conversation. No plans were made for additional activities beyond enjoying a meal together."
What songs does ChaeSong-hwa suggest starting with according to the discussion on 20261019?,"Sweet Home Alabama or ""Let It Be""","Based on the conversation recorded on 20261019, ChaeSong-hwa suggests starting with ""Landslide"" and ""Blackbird."" These songs were mentioned as soothing options and have been used previously in their jam sessions. Additionally, he suggests adding ""Sparks Fly"" to the setlist, noting its pleasant feel. It's important to note that these suggestions were made during a casual discussion and were not finalized as part of a planned setlist for an upcoming jam session. For specific details about the final setlist, one would need to refer to the subsequent discussions or events."
What type of songs does YurikoYamamoto want to try according to the discussion on 2026101?,upbeat pop songs,"According to the discussion on 2026101, YurikoYamamoto suggested trying out ""All You Need Is Love"" and ""Let It Be"" for the jam session. WolfgangSchulz also proposed including ""Let It Be"" which he described as having a ""nice vibe."" YurikoYamamoto expressed excitement about these songs and looked forward to the jam session. Additionally, YurikoYamamoto mentioned that she was open to other suggestions for songs to try out, indicating a willingness to explore different music options."
What songs does ChaeSong-hwa suggest adding to the mix according to the discussion on 2026101?,"Shallow or ""Shake It Off""","There appears to be no conversation or discussion related to the date 2026101 in the provided data. The discussions detailed in the sources correspond to dates 20260505, 20260509, and 20260703. In the discussions, ChaeSong-hwa expresses interest in collaborating on a medley of classic rock songs for their jam sessions. Specifically, he suggests adding ""Hotel California"" and ""Sweet Home Alabama"" to the medley, which LiHua and WolfgangSchulz both agree are suitable choices. He also mentions ""Blackbird,"" which WolfgangSchulz expresses his appreciation for as a beautiful choice to bring a nice contrast to the medley. Therefore, based on the available data, ChaeSong-hwa's suggestions for the medley do not include any song mentioned on 2026101."
What does ChaeSong-hwa plan to bring to karaoke night?,snacks,"In one of the conversations regarding karaoke activities, ChaeSong-hwa mentions his intention to bring snacks to the upcoming event. Specifically, he states, ""I’ll bring my A-game! Excited for another great session! 🎶💪"" Although he does not explicitly mention bringing snacks, it is implied that he plans to contribute positively to the gathering, which includes bringing food. No other instances of him bringing snacks to karaoke events are noted in the provided data."
What does WolfgangSchulz suggest the group do before the upcoming karaoke night?,pick their songs,"Based on the information provided, WolfgangSchulz does not specifically suggest any activities the group should do before the karaoke night. However, he does mention that they should focus on ""crowd-pleasers"" and includes several suggested songs such as ""Sweet Home Alabama"" and a track to be chosen by Yuriko. He also suggests meeting earlier than usual to go over new songs and prepare for the event. While WolfgangSchulz does not provide a detailed plan for activities leading up to the karaoke night, his suggestions revolve around ensuring the group is well-prepared for the performance."
How does LiHua feel about the upcoming karaoke night?,excited and can't wait,"LiHua expresses enthusiasm and eagerness for the upcoming karaoke night. In one of the conversations, she says, ""Next weekend sounds great! Can't wait to sing our hearts out! 🎤✨"" This indicates her positive anticipation. Additionally, in another instance, LiHua suggests fun songs for the karaoke night, showing her enjoyment of the activity and her willingness to participate actively. Specifically, she mentions, ""I'm thinking we should definitely do some classics! Maybe """"I Will Survive"""" or something upbeat like """"Sweet Caroline""""? What do you think? 🎤😊"" These remarks further demonstrate her excitement and readiness to engage in the karaoke night."
What does ChaeSong-hwa say about the karaoke night?,it's going to be a blast,"In multiple conversations, ChaeSong-hwa expresses enthusiasm for organizing karaoke activities. For instance, in one interaction, he suggests a karaoke night this week, saying, ""Hey everyone! 🎤 How about a karaoke night this week? It’d be fun to mix things up! What do you think? 🎶"" He also plans specific songs for upcoming karaoke nights, such as classics like ""Sweet Home Alabama"" or ""Let It Be."" In another instance, he discusses potential karaoke night dates, aiming for a Friday evening, saying, ""Let's aim for this Friday evening then? Should be a good way to end the week! What do you guys think? 🎤✨"" ChaeSong-hwa clearly enjoys the social aspect of karaoke and looks forward to having fun with friends."
What is the current status of the curtains according to LiHua?,They are perfect and more than satisfies him,"According to the conversations documented, LiHua has expressed satisfaction with the curtains. Initially, she mentioned that she had received the curtains and appreciated the patterns, expressing her liking towards them. Later, she confirmed that the curtains are ""perfect"" and ""excellent"" and that she is ""more than satisfied."" Additionally, she noted that she appreciates the help from Adam Smith, who helped arrange the curtains and provided additional support. There is no indication of any issues or complaints regarding the curtains' quality or installation."
What offer does AdamSmith extend to LiHua regarding the basement?,It can be used for extra storage whenever LiHua is ready,"In one of the conversations, AdamSmith extends a reminder to LiHua about the rent being due soon. Additionally, he offers a flexible payment option to LiHua, stating, ""If you need to discuss any payment options or have any questions, feel free to reach out!"" This offer demonstrates AdamSmith's willingness to assist with any financial arrangements related to the apartment."
What game does ThaneChambers remember as LiHua's favorite?,Black Myth: Wukong,"From the conversations provided, we can gather that LiHua's favorite game is ""Black Myth: Wukong."" This is evidenced in a conversation where ThaneChambers asks LiHua about her favorite game and she responds, ""Honestly, the visuals are stunning! The art style is super vibrant, and the world design is so immersive. Plus, the gameplay mechanics feel really fresh and exciting. What about you? Have you tried it?"" This indicates that ""Black Myth: Wukong"" is indeed LiHua's favorite game among those mentioned."
"What aspect of ""Black Myth: Wukong"" does LiHua find the most impressive?",the visuals,"Based on the discussion, LiHua finds several aspects of ""Black Myth: Wukong"" to be impressive. Specifically, she highlights the game's stunning visuals, which she describes as ""insane"" and mentions that the storytelling is ""really immersive."" Additionally, LiHua emphasizes the game's fluid gameplay and unique combat mechanics, noting that these elements contribute to making the game enjoyable. Therefore, it appears that LiHua appreciates multiple facets of ""Black Myth: Wukong,"" including its visual aesthetics, narrative quality, and gameplay innovation."
"What does ThaneChambers like about the game ""Black Myth: Wukong""?",the storytelling,"According to the discussions, ThaneChambers expresses his enthusiasm for ""Black Myth: Wukong."" He describes the game as having stunning visuals and a compelling storytelling. Specifically, he mentions that the visuals are impressive and the story is rich and has a great atmosphere. ThaneChambers also highlights the unique combat mechanics, which make the game engaging and challenging. His positive feedback suggests that the game provides an immersive experience, with both visually stunning graphics and an engrossing narrative."
"Who is LiHua's favorite character in the game ""Black Myth: Wukong""?",Wukong,"Based on the discussions provided, LiHua does not explicitly state their favorite character within the game ""Black Myth: Wukong"". However, she shares her enjoyment of the game, noting that the graphics are ""stunning"" and the gameplay is ""really fluid"". She also appreciates the immersion and the exploration aspect, indicating that she finds these elements appealing. While LiHua does not mention a specific favorite character, her enthusiasm for the game suggests that she likely enjoys the broader experience rather than any single character."
"What memorable moment does LiHua share from the game ""Black Myth: Wukong""?",an amazing battle scene where he had to outsmart a giant enemy,"In conversations with ThaneChambers, LiHua shares a memorable moment from ""Black Myth: Wukong,"" which is a video game known for its stunning visuals and immersive story. Specifically, LiHua mentions having an ""amazing battle scene where I had to outsmart a giant enemy!"" The thrill of strategizing how to take the giant enemy down was described as very satisfying, and the graphics made it even more epic. LiHua expresses enthusiasm about the balance between action and thinking in the game, which makes every session feel different. This battle scene exemplifies the engaging and immersive gameplay that LiHua finds particularly appealing in ""Black Myth: Wukong."""
"What memorable moment does ThaneChambers share from the game ""Black Myth: Wukong""?",a moment where he faced a tricky puzzle,"In one of the conversations shared, ThaneChambers discusses his experience with ""Black Myth: Wukong."" During this discussion, ThaneChambers expresses enthusiasm for the game, highlighting its impressive visuals and compelling storytelling. Specifically, ThaneChambers mentions a standout moment from the game where the player first encounters large enemies. He describes the thrill of strategizing how to take these enemies down, emphasizing that the encounter felt exhilarating due to the high level of detail and immersion provided by the game's visuals and gameplay mechanics. This moment underscores the game's ability to create engaging and immersive experiences for players."
"How does LiHua describe the balance of combat and puzzles in the game ""Black Myth: Wukong""?",It's refreshing to switch between action and thinking,"Based on the conversation, LiHua describes ""Black Myth: Wukong"" as a game that focuses on both impressive visuals and a compelling storyline. Specifically, she mentions that the combat in the game is described as ""unique mechanics that make it fun."" While she doesn't explicitly mention puzzles, the context suggests that the game is engaging in ways beyond just combat, implying that there may be some interwoven elements of puzzle-solving as well. This aligns with the broader description of the game as a video game with an immersive story and visually stunning presentation."
Does LiHua play the game solo or with friends?,Both,"Based on the conversations, LiHua tends to play games solo. For example, in one interaction, LiHua mentions, ""I've been diving into some video games lately! Just got a PS5, and I can't get enough of ''Black Myth: Wukong.'' It's such a blast!"" However, she does indicate a preference for co-op play, saying, ""I love teaming up with friends too! It’s super fun sharing those moments and strategies together."" LiHua also expresses interest in co-op gaming, mentioning, ""How do you usually play? Solo or with friends?"" and ""How about you? Anyone you’re vibing with?"" In another interaction, LiHua and ThaneChambers discuss playing ''Black Myth: Wukong'' together, with ThaneChambers suggesting, ""I mostly play solo to soak in the story, but I love teaming up with friends too!"" LiHua replies, ""Wukong is definitely a great choice! I’m really into the lore and how the other characters interact with him. The character designs are so clever too. Makes the experience even richer! Any epic moments you’ve had while playing?"" Overall, while LiHua prefers to play solo, she enjoys playing with friends and seems open to co-op gaming opportunities."
Would LiHua be interested in playing co-op with the group?,Yes,"From the conversations, it appears that LiHua is generally open to playing co-op with the group. In the discussion about potential game purchases, LiHua expressed enthusiasm for a group purchase and suggested ""Here Comes the Sun"" for their jam, indicating a willingness to play together. Additionally, in a conversation about a new game release, LiHua mentioned being a co-op player and looking forward to the opportunity to team up with friends for co-op missions. This suggests that LiHua is interested in and enjoys playing co-op with the group. However, there isn't a specific mention of LiHua participating in a co-op session, so his interest in co-op play seems to be more general rather than a recent or planned activity."
What TV series does EmilyBurnett remember LiHua likes?,Chernobyl,"Based on the conversations between EmilyBurnett and LiHua, it appears that LiHua has a particular fondness for several TV series. LiHua mentions that ""Brooklyn Nine-Nine"" is one of her favorites, appreciating both the humor and the well-written characters. EmilyBurnett further elaborates on her enjoyment of ""The Office,"" highlighting her appreciation for the character dynamics and the comedic elements. Additionally, LiHua expresses interest in watching ""The Crown,"" describing it as a show with historical drama and strong character development. From these interactions, we can infer that LiHua enjoys shows that offer a mix of humor, drama, and compelling character arcs."
"What does LiHua appreciate about the series ""Chernobyl""?",the powerful storytelling and the cinematography,"Based on the conversation, LiHua appreciates several aspects of the series ""Chernobyl."" First, he highlights the powerful storytelling that effectively captures the complexity and scale of the real historical event. He particularly values the series' ability to portray the confusion and bravery of the people involved in a realistic and moving manner. Additionally, LiHua commends the series' cinematography, describing it as ""amazing."" Furthermore, he points out the depth of character development and the nuanced portrayal of the human experience during a catastrophic event, noting that the series sticks with viewers long after they finish watching. LiHua finds the series compelling and leaves one wanting more, indicating its significant impact and quality."
What is EmilyBurnett's favorite TV show?,Game of Thrones,"Based on the conversations provided, EmilyBurnett expresses her preference for several television shows. She mentions liking ""The Office"" and ""Brooklyn Nine-Nine"" as standouts. Additionally, she recommends ""Stranger Things"" as a binge-worthy series. However, her overall favorite seems to be ""Game of Thrones,"" although she is still emotionally invested in the series after its conclusion. This suggests that while she enjoys multiple shows, ""Game of Thrones"" holds a special place in her heart as one of her favorites."
"What memorable scene from ""Chernobyl"" does LiHua mention?",the scene where they're trying to contain the radiation,"LiHua mentions that one of the most impactful scenes in ""Chernobyl"" involves the efforts to contain the radiation and the sacrifices made by the workers. This scene showcases the human spirit in difficult times and is described as ""super impactful."""
"Who is LiHua's favorite actor in ""Chernobyl""?",Stellan Skarsgård as Boris Shcherbina,"Based on the conversation, LiHua's favorite actor in ""Chernobyl"" is Stellan Skarsgård, who played the role of Boris Shcherbina. LiHua appreciated how Shcherbina's character's journey throughout the series was fascinating."
What TV series is EmilyBurnett currently watching?,The Last of Us,"Based on the conversations, Emily Burnett is currently watching ""The Last of Us."" This is evident from her discussion with Li Hua where she expresses her enjoyment of the character development and the emotional handling of the post-apocalyptic setting, indicating that she has recently started this series. Additionally, she mentions that it feels gripping and emotional, suggesting that she is still in the middle of watching it. Emily Burnett recommends it to Li Hua, recommending that he gives it a watch."
What TV show does EmilyBurnett recommend LiHua to watch?,The Last of Us,"In one of the conversations, EmilyBurnett recommends a TV show to LiHua titled ""The Bear."" EmilyBurnett explains that ""The Bear"" offers a different viewing experience compared to the typical comedy shows she and LiHua often discuss. She describes it as an engaging show that dives deep into the chaos of running a restaurant while also exploring the emotional aspects of the characters. EmilyBurnett emphasizes that the storytelling is gripping and that the balance of drama and comedy in the show makes it enjoyable. She encourages LiHua to give it a watch, suggesting that it has funny moments mixed in with a raw, relatable humor that resonates with the characters' emotions."
"What does LiHua's plan about wathcing ""The Last of Us""?",binge it that weekend,"Based on the dialogue provided, LiHua expressed interest in watching ""The Last of Us"". However, the details of his specific plan to watch the game were not specified. LiHua mentioned that he was considering picking up the game due to Emily Burnett's recommendation and his interest in games with strong narratives similar to ""Witcher 3"". There is no mention of any particular viewing plan such as streaming it online, purchasing it, or playing it at home. LiHua's interest is mainly focused on recommending it to his friend Thane Chambers."
What does JenniferMoore congratulate LiHua for pn 20261022?,for pushing his limits with the planks this week,"On the date noted in entry 20261015, JenniferMoore congratulates LiHua for his progress in their sessions. Specifically, JenniferMoore highlights LiHua's dedication and hard work, noting that she has seen many clients transform their lives through similar efforts. She specifically mentions that she has seen ""so many clients like you transform their lives through dedication and hard work"" and encourages LiHua to continue pushing himself. In this instance, JenniferMoore congratulates LiHua for improving his skills, particularly in the context of pulling up personal records. This aligns with her statement about seeing clients transform their lives through dedication and hard work. While the exact nature of the improvement isn't specified in the text, the overall message is one of praise and encouragement for LiHua's ongoing progress."
What does JakeWatson suggest for refueling after a soccer game?,a snack with carbs and protein and staying hydrated,"Based on the conversation between JakeWatson and LiHua, JakeWatson suggests that quickly refueling after an intense soccer game is crucial. He recommends grabbing a snack with carbohydrates and protein, such as a banana with peanut butter. Additionally, hydration is emphasized as being extremely important, suggesting water or an electrolyte drink to help with rehydration."
What are LiHua's usual recovery snacks after a game?,a protein shake and a fruit smoothie,"Based on the conversations shared, LiHua tends to use a variety of recovery snacks post-game. In one instance, she mentions her usual go-to is a protein shake and a fruit smoothie. However, she also shares a new favorite with Jake Watson, saying, ""I usually go for a protein shake and a fruit smoothie after, but I’ll definitely try the banana and peanut butter combo."" Therefore, it appears that while a protein shake and fruit smoothie are her usual go-to recovery snacks, she has also experimented with a banana and peanut butter combination which she finds particularly enjoyable."
What event is the community organizing?,a weekend picnic,"The community is organizing a variety of events, but the primary focus appears to be the Community Garden Renovation. This is indicated by the entry related to the ""COMMUNITY GARDEN RENOVATION"" event, where AdamSmith and LiHua are discussing improvements to a community garden. Additionally, there are mentions of other community-oriented events such as a Community Bake Sale, Community Sports Day, and a Community Garden Cleanup Event. However, the Community Garden Renovation seems to be the central event being discussed and planned for."
What is the purpose of the community picnic?,to bring the community together and get to know each other better,"The purpose of the community picnic, as indicated by the announcement ""SIGNATURE DISH TO IMPRESS! 😄🍽️ LET'S GET THIS PICNIC GOING!"", is to serve as a catalyst for the event. While specific details about the exact activities or the venue are not provided, the announcement suggests that the picnic will likely involve gathering food, potentially engaging in social activities, and fostering a sense of community bonding through a shared meal. The picnic is intended to be a fun and inclusive event that encourages interaction among community members."
What type of food event did Turalyon suggest?,a potluck,"Turalyon suggested organizing a weekend picnic to bring the community together. According to the content, this event would involve a variety of activities including games and a potluck style meal where everyone can bring a dish to share. Additionally, Turalyon proposed having some music for the picnic to enhance the atmosphere and create a joyful vibe."
What does RexxarRemar suggest for the community picnic atmosphere?,organizing some music,"In one of the discussions, RexxarRemar suggested adding live music to the community gathering to enhance the experience. He proposed that it could create a lovely atmosphere while everyone enjoys the food and the garden. RexxarRemar also mentioned that they could consider bringing along some talented friends to perform. This suggestion aligns with the goal of making the garden a vibrant and enjoyable community space, where everyone can gather, relax, and enjoy nature together."
What does TirionFordring suggest bringing for seating?,blankets or chairs,"Based on the conversations, Tirion Fordring suggests the community could bring various elements for seating. In one instance, he mentions the possibility of adding cushions to the benches to increase comfort, suggesting ""Maybe we could think about adding some cushions for extra comfort?"" (Source: 20261013_13:30). Additionally, in another conversation, he proposes a small table or two near the benches for people to put down drinks or snacks while relaxing, stating ""Maybe we should also think about a small table or two near the benches for people to put down drinks or snacks while they relax."" (Source: 20261013_13:30). Furthermore, in a discussion about the seating area for the sports day, he asks about refreshments, mentioning ""I think having some snacks and drinks available would keep everyone energized through all the games!"" (Source: 20260727_16:30). Therefore, Tirion Fordring suggests a variety of items including cushions, tables, and snacks to enhance the seating arrangements in the garden."
What day did the community members decide on for the picnic?,next Saturday,"The community members decided on the following Saturday for the picnic. This decision was made through a series of communications where Adam Smith reminded the group about the picnic and asked for contributions. Specifically, he mentioned, ""Let's say next Saturday for the picnic? That'll give everyone time to prepare and bring their dishes. How does that sound?"" This date was agreed upon as a suitable time for the event, considering the timing of the garden renovation and the availability of community members."
What does RexxarRemar suggest for keeping everyone energized during the picnic?,a mix of snacks and drinks,"During the discussion regarding the picnic, RexxarRemar suggested having a variety of snacks and drinks available to ensure everyone stays energized throughout the event. He proposed that the group organize a mix of snacks and drinks, including desserts, to make the picnic more engaging and enjoyable. Additionally, he emphasized the importance of having water and refreshing beverages readily available to prevent dehydration, especially considering the potential warmth of the day."
What does RexxarRemar suggest to have available to keep everyone hydrated during the picnic?,water and drinks,"During the picnic planning session, RexxarRemar suggested setting up a small drink station with water and some refreshments to ensure everyone stays hydrated, especially given the potential warmth outside. This suggestion aligns with the emphasis on hydration that has been highlighted in previous discussions regarding fitness and recovery."
What does IllidanStormrage say he will bring to keep everyone entertained during the picnic?,some epic games,"According to the provided information, IllidanStormrage mentions his intention to bring ""his signature dish"" to impress. However, the specific dish that he plans to bring is not mentioned directly in the given text. His focus is on bringing something unique and special to the event."
What places in Europe does WolfgangSchulz remember as stunning in Europe?,the fjords in Norway and the lavender fields in Provence,"According to the conversation, WolfgangSchulz remembers several places in Europe as stunning. Specifically, he mentions the fjords in Norway and the lavender fields in Provence, France. Additionally, he highlights Prague as a place with magical architecture and an enchanting old town vibe. These locations showcase the diverse and beautiful aspects of Europe that WolfgangSchulz finds memorable."
What does WolfgangSchulz like about Prague?,its architecture and the vibe of the old town,"According to the conversation, WolfgangSchulz expresses a fondness for Prague, describing it as having ""magical"" architecture and noting the enchanting atmosphere of its old town. He mentions that he particularly enjoyed wandering around the old town square and appreciates the traditional pastries there, suggesting that the city offers a charming and visually appealing experience."
What local dish did WolfgangSchulz try in Prague?,goulash,"In the conversation, WolfgangSchulz mentions that he didn't get a chance to try much when he visited Prague, but he does recall the goulash being ""really hearty and tasty."" Therefore, the local dish that WolfgangSchulz tried in Prague was goulash."
What is WolfgangSchulz's favorite risotto memory?,having seafood risotto in Venice,"Based on the conversation, WolfgangSchulz remembers having the best risotto when he was in Venice. He describes it as ""really good"" and ""perfection"" with seafood included in the dish. This experience appears to have been particularly memorable and satisfying for him."
What is on WolfgangSchulz's list for a future trip?,Italy,"Based on the conversations recorded, WolfgangSchulz expresses interest in revisiting some European locations and exploring new ones. Specifically, he mentions his enthusiasm for revisiting Prague due to its enchanting old town square, and he is particularly excited about visiting Cinque Terre, describing it as ""those colorful villages along the coast just looking amazing."" Additionally, WolfgangSchulz notes that he'd like to try more coastal towns in Italy, indicating that he has plans to further explore this region. His interest in Cinque Terre and potential trips to other Italian coastal towns suggests that he intends to continue his travel adventures in Europe."
What does WolfgangSchulz want to check out in Italy?,Cinque Terre,"Based on the conversations within the provided data, WolfgangSchulz expresses a strong interest in revisiting Italy, mentioning that there's ""so much more to explore."" Specifically, he highlights Cinque Terre as a place he'd love to visit, describing it as a ""colorful villages along the coast just looking amazing."" Furthermore, WolfgangSchulz mentions the fjords in Norway as another stunning place he has seen in Europe, indicating his appreciation for scenic and culturally rich destinations. He also expresses enthusiasm for revisiting places like Prague, where he appreciates the ""magical"" architecture and the ""vibe of the old town."" While the data doesn't provide explicit details about what WolfgangSchulz wants to check out in Italy beyond Cinque Terre, his comments strongly suggest that he is eager to explore various Italian coastal towns and possibly revisit the architectural marvels of Prague."
What does LiHua say about the seafood in Cinque Terre?,it's supposed to be fresh and delicious,"In one of their conversations, WolfgangSchulz mentions that he has seen pictures of Cinque Terre and finds the colorful villages along the coast quite appealing, particularly the hiking trails. However, the provided dialogue does not contain any specific comments or descriptions from LiHua regarding the seafood in Cinque Terre. Therefore, there isn't enough information to accurately summarize what LiHua says about the seafood in Cinque Terre based on the given data."
What time will Li Hua and Wolfgang meet for breakfast on the morning of the 9th?,Insufficient information,"There isn't any specific mention of Li Hua and Wolfgang meeting for breakfast on the morning of the 9th. The only breakfast-related interaction noted is from a conversation on January 8th (2026), where Wolfgang reminded Li Hua about their lunch at a cozy café downtown scheduled for 12:00 PM. There is no breakfast meeting mentioned between these two individuals on the 9th of any month."
What type of equipment does Wolfgang Schulz use when he works out at the gym?,Insufficient information,"There is no specific mention of the type of equipment Wolfgang Schulz uses when he works out at the gym within the provided data. The text primarily discusses Wolfgang Schulz's interests and activities related to music and fitness, such as his preference for Jimi Hendrix, Queen, and Michael Jackson, as well as his admiration for Neil Peart and Eric Clapton. Additionally, there are discussions about different types of workouts and exercises, but these pertain to Li Hua and others rather than Wolfgang Schulz's personal gym routines. Therefore, based on the information available, it is not possible to determine the specific equipment Wolfgang Schulz uses during his workouts."
"What type of exercise does Li Hua prefer to do at the gym, and what time does Wolfgang usually go to the gym?",Insufficient information,"Based on the conversations shared, Li Hua prefers to do a combination of cardio and strength training at the gym. However, the data doesn't specify the exact type of exercises Li Hua enjoys most. As for Wolfgang, he is mentioned as stopping by the gym occasionally to clear his head after coding. The data does not provide a specific time when Wolfgang usually goes to the gym; it only mentions him being present at the gym sessions organized by LiHua."
What type of traditional games did Wolfgang Schulz play with Li Hua during the Lunar New Year celebration?,Insufficient information,"During the Lunar New Year celebration mentioned in the conversations, Wolfgang Schulz and Li Hua discussed their plans for the festivities. Wolfgang expressed an interest in making dumplings, which he considered a must for the New Year celebration. There is no mention of traditional games that Wolfgang played with Li Hua during this event. Instead, the conversation focused on food preparations and the overall celebration of Lunar New Year, emphasizing the enjoyment of traditional dishes and the anticipation of spending quality time together."
"What did Li Hua eat for dinner on January 20, 2026?",Insufficient information,"On January 20, 2026, there is no explicit mention of what Li Hua ate for dinner in the provided data. The conversation revolves around plans for the following day, including Wolfgang Schulz inviting Li Hua for a family dinner during Lunar New Year celebrations. There is no detailed account of their meal plans for that evening. Therefore, based on the available information, we cannot determine what Li Hua specifically ate for dinner on January 20, 2026."
What specific suggestions did Li Hua have regarding the construction schedule during the last community meeting?,Insufficient information,"In the latest recorded interaction, dated 20260803_13:00, AdamSmith inquires about Li Hua's availability for the installation of the air conditioner. Li Hua mentions she is ""pretty flexible,"" but prefers to work at The Lighthouse Cafe during the day. AdamSmith then suggests scheduling the installation in the afternoon, which Li Hua agrees to. While no specific construction schedule is mentioned in this interaction, the dialogue indicates that Li Hua is open to a time that works for her afternoon availability, presumably aligning with her usual work hours at The Lighthouse Cafe. This suggests that her preferred time for the installation would be in the afternoon."
What movie did Li Hua and Wolfgang decide to watch together on New Year's Eve 2026?,Insufficient information,"On New Year's Eve 2026, Li Hua and Wolfgang decided to watch the classic movie ""Star Wars: A New Hope."" They discussed meeting up at 7 PM to allow ample time to enjoy their dinner beforehand and to have a more relaxed evening. Wolfgang suggested picking up some snacks, which Li Hua agreed to bring, and they planned to meet at Wolfgang's preferred new burger place near the cinema."
What dish did Li Hua order for dessert after having Sichuan hot pot with Wolfgang Schulz?,Insufficient information,"Based on the conversation recorded in the first source, Wolfgang Schulz and Li Hua had Sichuan hot pot for dinner. After the meal, Wolfgang Schulz suggested playing ""Hey Jude"" at the jam session, indicating that their dining experience was quite enjoyable. However, there is no mention of dessert specifically ordered or served after the Sichuan hot pot. Therefore, without additional details regarding their dessert choices, we cannot determine what Li Hua ordered for dessert following their meal."
What were the specific requirements that the customers modified and how did Li Hua respond to each change?,Insufficient information,"In the interactions discussed, there were two customer requests that required modifications and responses from Li Hua. Firstly, Yuriko Yamamoto requested assistance in designing a user feedback section for her studio's homepage. She envisioned a simple form for users to submit comments or suggestions and a star rating system. Li Hua agreed to help and suggested adding testimonials to the feedback section as well. Yuriko appreciated this idea and expressed that testimonials could be crucial for building trust with new clients. Li Hua responded positively, stating she would get started on the design immediately. Li Hua also asked about specific color schemes or designs for the feedback section, to which Yuriko suggested pastel colors to create a welcoming ambiance. Li Hua confirmed this preference and noted that she would incorporate it into the design. Yuriko provided a deadline of the end of the following week for the completion of the feedback section, and Li Hua assured her that she would aim to have it ready by then. Li Hua offered to send a preview once the feedback section was finalized.Secondly, in another interaction, Adam Smith reminded Li Hua about the upcoming rent payment. He mentioned that last month's rent had not been received, and he hoped Li Hua would address this issue promptly. Li Hua acknowledged the oversight and promised to resolve it quickly. She thanked Adam for the heads up and assured him that she would take care of the matter. Li Hua also expressed gratitude for his understanding and cooperation, emphasizing that she valued his consideration. Adam reassured Li Hua that he was willing to help and reiterated his availability for any additional assistance. Li Hua responded positively, expressing her appreciation for Adam's understanding and willingness to assist. In summary, Li Hua responded to both customer requests by agreeing to the modifications, showing gratitude for the customer's patience and understanding, and indicating her commitment to addressing the issues efficiently."
"What payment method did Li Hua use to purchase groceries from the store on April 15, 2026?",Insufficient information,"Based on the information provided in the tables, there is no transaction related to groceries purchased from a store on April 15, 2026 involving Li Hua. The records focus primarily on rent payments, bread deliveries, and other miscellaneous communications. There is no mention of Li Hua purchasing groceries from a store, and thus, there is insufficient data to determine the payment method used."
What specific diet did Li Hua follow to achieve his fitness results that Jennifer Moore recommended?,Insufficient information,"Based on the conversations between Jennifer Moore and Li Hua, Jennifer provided dietary recommendations aimed at supporting Li Hua's fitness goals. Specifically, Jennifer suggested that Li Hua aim for at least 5 servings of vegetables per day, emphasizing leafy greens like spinach and kale, as well as bell peppers and broccoli. Additionally, Jennifer encouraged Li Hua to focus on lean proteins, whole grains, and healthy fats in his meals. For a balanced meal plan, Jennifer suggested including foods such as scrambled eggs with spinach and tomatoes on whole-grain toast for breakfast, grilled chicken salad with mixed greens, cucumbers, and a vinaigrette for lunch, Greek yogurt with a handful of nuts and some berries as a snack, and baked salmon with quinoa and steamed broccoli for dinner. These meal ideas were designed to provide a comprehensive mix of nutrients necessary for maintaining and improving fitness. However, the exact diet Li Hua followed was not detailed beyond these general recommendations."
What alternative training sports does Li Hua consider besides the current routine mentioned in his conversation with Jennifer?,Insufficient information,"In the conversations provided, Li Hua primarily discusses strength training and flexibility exercises. Specifically, he mentions incorporating strength training and flexibility routines into his regimen. While Jennifer Moore suggests yoga and dynamic stretching to improve flexibility and balance, Li Hua also engages in bodyweight exercises with intervals, squats, lunges, planks, and other exercises like burpees and mountain climbers. No other alternative training sports are explicitly mentioned in these conversations. Therefore, based on the available information, it seems that Li Hua considers bodyweight exercises, strength training, and flexibility routines as part of his current training regimen. He is open to adding more variety and challenges, such as incorporating more weightlifting and outdoor workouts as the weather changes, as suggested by his peers in the discussions. However, no specific alternatives beyond these are highlighted."
What type of diet is Li Hua following to support his training regimen and sleep schedule?,Insufficient information,"Based on the discussions in the provided conversations, Li Hua seems to be maintaining a balanced diet that supports both his training and sleep schedules. He has mentioned several times the importance of a good diet and sleep routine. For instance, he has emphasized the significance of a balanced diet, noting that it impacts his energy levels and focus, particularly highlighting the positive effects of eating right during his workouts. Additionally, he has talked about staying hydrated and consuming fruits and nuts as part of his diet, suggesting a variety of nutrient-rich foods. Regarding sleep, Li Hua has highlighted its importance for recovery after long days and for overall health, indicating that he values a consistent sleep routine. Overall, the diet Li Hua follows appears to be one that includes a range of nutrient-dense foods, including lean meats, vegetables, fruits, and dairy products, with a focus on hydration and occasional snacking on items like Greek yogurt, nuts, and fruits. This suggests a balanced approach to nutrition that supports both his physical training and recovery."
What type of protein shake does Li Hua prefer to drink before his workout sessions?,Insufficient information,"Based on the conversation between Li Hua and Jennifer Moore, Li Hua tends to consume a protein shake post-workout or as a snack. There is no mention of Li Hua preferring a specific type of protein shake before his workout sessions. Jennifer suggests using protein powder to fill any dietary gaps, and Li Hua confirms that he will listen to his body and adjust as needed. Therefore, the preference for a particular type of protein shake before workouts cannot be definitively determined from the provided data."
What specific brand of protein supplement does Jennifer recommend for Li Hua's weight loss journey?,Insufficient information,"Based on the conversation, Jennifer does not specifically mention a particular brand of protein supplement for Li Hua's weight loss journey. Instead, she recommends whey protein as a general option for muscle recovery and lean mass building, along with plant-based alternatives like pea or rice protein. Jennifer advises checking the ingredients for added sugars or fillers and suggests taking it post-workout within 30-60 minutes for optimal absorption. There is no indication that a specific brand is recommended for weight loss purposes."
What specific colors of paint does Li Hua plan to use for the basement walls after decorating with potted plants?,Insufficient information,"There is no information provided in the given data about Li Hua planning to use specific colors of paint for the basement walls after decorating with potted plants. The conversations focus mainly on the renovation of the community garden, including additions such as seating areas, flower beds, and a water feature. There is no mention of paint colors or decoration plans for the basement specifically."
What color did Li Hua decide to paint the walls of the basement after completing the renovation?,Insufficient information,"There is no information provided about Li Hua choosing a color for the walls in the given conversations. The only mention of the basement is related to the installation of curtains and the transfer of rent. Therefore, based on the data available, we cannot determine the color Li Hua decided to paint the walls."
"What specific design features did Li Hua suggest for Yuriko's studio homepage during their meeting at ""Central Perk""?",Insufficient information,"During their meeting at Central Perk, Li Hua suggested several key design features for Yuriko's studio homepage. Firstly, Li Hua proposed adding a blog section to the studio's website. He believed this could be a great way to share insights about speech therapy and connect with a broader audience. Additionally, Li Hua suggested incorporating various sections on the homepage, including resources and success stories, to make the site more engaging and informative. For the visual elements, Li Hua emphasized the importance of using visuals that reflect the essence of speech therapy, suggesting that incorporating high-quality images and a suitable layout could significantly enhance the welcoming and professional appearance of the site. Moreover, he recommended adding testimonials and including short clips of music therapy sessions to make the site more visually appealing and relatable. To ensure the site is user-friendly, Li Hua suggested adding a call to action at the end of each blog post, encouraging readers to share their thoughts or ask questions. These suggestions were aimed at creating a dynamic and interactive platform that resonates with both existing clients and potential new ones."
What is the name of the concert that Wolfgang and Li Hua will attend on March 7th?,Insufficient information,"On March 7th at 6 PM, Wolfgang and Li Hua will attend a concert. This information is derived from the content of the conversation where Wolfgang mentions, ""That sounds amazing! I could use a break from all the coding. Got any favorite bands performing?"" Li Hua responds with, ""Not sure about the lineup, but I’m always up for discovering new music! Let’s see what surprises they have for us! 🎸✨"". It's also mentioned that Wolfgang had already suggested a potential venue, ""I could use a break from all the coding. Got any favorite bands performing?"", indicating that the concert was an event Wolfgang had planned to attend and possibly share with Li Hua. Thus, the concert Wolfgang and Li Hua will attend on March 7th is a live music event."
What type of cake does Li Hua plan to bring to the meeting with Yuriko to celebrate her studio's homepage redesign?,Insufficient information,"Based on the conversation, there is no mention of Li Hua planning to bring a cake to the meeting with Yuriko to celebrate her studio's homepage redesign. The meetings discussed in the data primarily revolve around planning a meeting at Central Perk to discuss homepage updates, setting up a call to brainstorm more ideas for the studio's blog section, and arranging a band gathering to celebrate the end of the year. There is no indication that a specific cake or dessert is planned for any of these events."
What color did Li Hua paint his house before the community garden renovation began?,Insufficient information,"There is no information provided about Li Hua painting his house or the color he chose. The focus of the conversation is on the community garden renovation and related activities, including discussions about the garden's seating area, water features, and other amenities. No details are given regarding any paint job Li Hua may have completed prior to these discussions."
What specific dietary changes did Li Hua implement in his training regimen as a result of Jennifer's advice on endurance and flexibility?,Insufficient information,"Based on the conversation between Li Hua and Jennifer Moore, Li Hua implemented two specific dietary changes related to his fitness goals. Initially, he was advised to focus on improving his endurance. Jennifer suggested incorporating longer cardio sessions and interval training into his routine, which included activities such as cycling, running, or swimming. Additionally, she emphasized the importance of proper hydration and nutrition. While the specific details regarding nutritional changes were not explicitly mentioned, it's reasonable to infer that Jennifer might have recommended a balanced diet rich in proteins, complex carbohydrates, and healthy fats to support his endurance and flexibility goals. Maintaining adequate hydration, particularly during his workouts, was also stressed as crucial for optimal performance. Overall, Jennifer encouraged a holistic approach to fitness that included both physical and nutritional aspects."
"What specific feedback did Yuriko give to Li Hua about the demo website during their meeting at the cafe ""Central Perk"" on Thursday morning, and how did Li Hua respond to her comments?",Insufficient information,"During their meeting at the café ""Central Perk"" on Thursday morning, Yuriko shared her feedback on the demo website. Specifically, she requested to include information about the therapy techniques she was developing and also suggested adding a section for community outreach programs. Li Hua responded positively to these suggestions, indicating his willingness to work on these sections during their meeting. He noted that they could collaborate on creating a version of the website that effectively showcased both the therapeutic techniques and the community outreach efforts, which he believed would help the studio stand out and provide valuable information to potential clients. Li Hua expressed excitement about the prospect of integrating Yuriko's ideas and promised to incorporate any additional ideas or changes she might have. He also offered to meet again for a coffee session to continue discussing more ideas, emphasizing that he looked forward to further collaboration."
What is the exact reason for Li Hua's unexpected work meeting on Thursday?,Insufficient information,"There is no explicit mention of an unexpected work meeting for Li Hua on a Thursday in the given data. The only reference to a Thursday involves a meeting scheduled between Yuriko Yamamoto and Li Hua to discuss homepage updates, as noted in entry number 11. There is no indication of any sudden work meetings on Thursdays. Therefore, based on the information provided, the exact reason for Li Hua's unexpected work meeting on Thursday cannot be determined."
"What toppings did Hailey put on the bread for Li Hua's next delivery, and what is the name of the bakery she gets her bread from?",Insufficient information,"Based on the records provided, the name of the bakery where Li Hua gets her bread is Hailey's Bakery. For her next delivery, the specific toppings Hailey recommended were a drizzle of olive oil and a sprinkle of sea salt. Additionally, she suggested topping the bread with cherry tomatoes or olives for an extra burst of flavor. This information is derived from multiple entries detailing the bread delivery process and the recommendations for future orders."
What is the favorite type of music that Li Hua and Yuriko plan to play together?,Insufficient information,"Based on the conversations recorded, Li Hua and Yuriko have expressed interest in playing various genres, including classic rock, gentle tunes, and even exploring fusion pieces with Chinese elements. However, specific favorite types of music have not been explicitly stated. Therefore, while their collective interests span multiple genres, we cannot pinpoint a single favorite type of music that they plan to play together."
What are the specific reasons why Li Hua prefers classical music over pop music in their discussions?,Insufficient information,"Based on the conversations shared, there isn't a direct statement from Li Hua explaining their preference for classical music over pop music. However, Li Hua expresses enjoyment and appreciation for various genres, indicating that they have a diverse taste in music. In one conversation, Li Hua mentions enjoying ""classic rock"" and ""some folk stuff,"" suggesting a balanced appreciation across different genres. Li Hua's preference leans more towards a mix of genres rather than a clear-cut preference for classical music over pop music. It appears that Li Hua enjoys a variety of music types, including classic rock, folk, and perhaps other genres, rather than having a strong inclination towards one over the other. Li Hua's openness to different musical styles indicates a broad appreciation for music rather than a strict preference for classical over pop."
What song did Yuriko and Wolfgang decide to perform together after watching the drum tutorial?,Insufficient information,"In the conversation, Wolfgang mentions that he and Yuriko decided to perform some Beatles songs after their Sunday jam session. However, the tutorial specifically referenced in the context of their plans was not a song but rather a tutorial on advanced drum techniques shared by Yuriko. Therefore, based on the information provided, it is not possible to determine which Beatles song they chose to perform together after watching the tutorial. They were planning to play Beatles songs, but the name of the specific song is not mentioned in the given data."
"What type of feedback did Li Hua provide to Chae regarding the community medical knowledge lecture, and what is Wolfgang's role in the band rehearsal?",Insufficient information,"Li Hua provided feedback on the community medical knowledge lecture, expressing appreciation for the lecture's content and its relevance to the audience. She highlighted the usefulness of the topics covered, such as basic health tips and common medical myths, which she found particularly enlightening. Regarding Wolfgang's role in the band rehearsals, the data indicates that Wolfgang participates in virtual jam sessions organized by Li Hua. He is also suggested as a potential guest for the Bakery's anniversary event and is described as someone whose ear for rhythm can suggest cool tracks for the jam sessions. These details imply that Wolfgang plays an active part in the band's rehearsals and is considered valuable for providing musical suggestions during these sessions."
What is the name of the last song Wolfgang played using the new drum practice app?,Insufficient information,"In the conversation involving WolfgangSchulz, there is mention of him trying out a new drum practice app. However, the details regarding the specific song he played using this app are not provided in the given data. Therefore, based on the information available, we cannot determine the name of the last song Wolfgang played using the new drum practice app."
What flavor of new bread products did Li Hua really enjoy at the bakery's anniversary event?,Insufficient information,"At the bakery's anniversary event, Li Hua expressed enthusiasm about the new pastries introduced. Specifically, she mentioned that she particularly enjoyed the raspberry tart, which she described as ""a hit."" This indicates that the raspberry-flavored pastry was a standout product among the new offerings at the anniversary event."
What is the name of the song that Li Hua will sing at the karaoke on 20260425?,Insufficient information,"There is no mention of a specific song Li Hua will sing at the karaoke activity scheduled for April 25th, 2026. The details regarding the songs for this particular karaoke event are not provided in the given information. The conversation focuses on planning future karaoke activities, including discussions about potential songs and the desire to have a mix of genres."
What flavor of cake did Hailey plan to bake for the bakery's anniversary celebration in February?,Insufficient information,"Based on the information provided in the data, there is no specific mention of a cake flavor being planned for the bakery's anniversary celebration in February. The details focus on various aspects of the bakery's operations, such as delivery services, special events, and product launches, but there is no clear indication of a cake being part of the anniversary celebration menu. Therefore, no particular flavor of cake can be determined for the bakery's anniversary based on the given data."
What type of dessert did Wolfgang plan to order for Li Hua during their dinner celebration?,Insufficient information,"During their dinner celebration at Venedia Grancaffe, Wolfgang mentioned he was thinking of trying the restaurant's risotto. However, there is no mention of Wolfgang planning to order a specific dessert for Li Hua. The conversation primarily focused on the menu items Wolfgang intended to try, with Li Hua expressing her excitement about Wolfgang's choice of risotto."
What were Raze's personal reasons for becoming a fitness coach before discussing pull-up techniques?,Insufficient information,"There isn't any information provided in the given text regarding Raze's personal reasons for becoming a fitness coach. The text primarily discusses a conversation about different forms of exercise, including the importance of form and recovery methods. No details about Raze's career choice or motivations are mentioned. Therefore, we cannot infer or generate any information about Raze's reasons for becoming a fitness coach based solely on the content provided."
"What new species of flowers will be featured in the community garden renovation, according to the feedback provided by Li Hua during the progress reports?",Insufficient information,"During the progress tracking updates, Li Hua expressed her preference for adding native plants to the community garden renovation. She suggested incorporating lavender and coneflowers, which are both beautiful and beneficial for pollinators. However, the feedback did not specify any particular new species of flowers that will be added beyond these native plants. Therefore, based on the information available, the new species of flowers to be featured will likely include lavender and coneflowers, along with other native plants chosen for their ecological benefits and aesthetic appeal."
What specific construction projects were discussed at the meeting between Turalyon and the residents regarding noise control?,Insufficient information,"At the meeting held on 20260527_10:00, Turalyon addressed the issue of noise control during the construction period. He mentioned that noise was indeed a concern for many residents, and he planned to adhere to their schedule while limiting noisy activities from 2-3 pm. Turalyon proposed two potential solutions: installing temporary barriers to block noise or utilizing quieter tools during that timeframe. Additionally, he suggested informing residents in advance about particularly loud work to help them plan accordingly. MalfurionStormrage agreed with these ideas, suggesting that notifications could be sent via chat updates or notices placed at the garden entrance. ArthasMenethil further elaborated on the notice board concept, proposing that it could include information on the types of flowers being planted and updates on rest areas. RexxarRemar added the idea of incorporating sound-absorbing materials for benches or play areas, which could significantly reduce noise levels. GromHellscream suggested integrating plants, particularly tall shrubs or trees, along the perimeter of the garden to act as a natural barrier. These discussions highlight the collaborative effort among residents and the committee to address the noise issue and ensure a pleasant construction experience for all."
What is the amount of rent Li Hua owes to Adam Smith for the months of April and May?,Insufficient information,"Based on the records provided, there are no explicit mentions of rent amounts specifically for April and May. The transactions detailed in the conversation cover various dates throughout 2026, including reminders about rent payments, transfers, and discussions about moving in and out of the apartment. Therefore, we cannot determine the exact amount owed for April and May based solely on the information given."
What song did Li Hua perform at the local music festival in 2026?,Insufficient information,"There is no specific song mentioned in the data provided that Li Hua performed at the local music festival in 2026. The data indicates that Li Hua participated in a planned event called ""Local Music Festival,"" which was likely a gathering for attendees to enjoy various musical activities and performances, but does not specify which particular song Li Hua performed. The focus seems to be more on the atmosphere and the enjoyment of the festival rather than individual performances."
"What is the name of the restaurant where Li Hua and Wolfgang had dinner on the night of June 9, 2026?",Insufficient information,"Based on the information provided in the conversation records, there is no specific mention of a dinner date or restaurant for June 9, 2026. The detailed conversations listed in the sources primarily cover various dining plans, including dates such as January 8, 2026, October 15, 2026, May 14, 2026, November 3, 2026, January 8, 2026, and several other dates. Therefore, without additional details, it is not possible to determine the name of the restaurant where Li Hua and Wolfgang had dinner on June 9, 2026."
What is the nutritional value of the new line of high-protein breads compared to traditional white bread?,Insufficient information,"There is no specific nutritional comparison provided for the new line of high-protein breads versus traditional white bread in the given data. However, we can infer that the new high-protein breads are likely designed to provide a higher protein content compared to regular white bread. Typically, white bread is made from refined flour and lacks many of the nutrients found in whole grains. In contrast, high-protein breads are often made from whole grain flours which retain more fiber, vitamins, and minerals. While the exact nutritional profiles are not detailed, one can assume that the new high-protein breads would offer additional benefits related to increased protein content and potentially better overall nutritional value compared to standard white bread."
What specific sleep techniques did Li Hua use to improve her study habits after reading the neuroscience article and discussing the warm shower with Chae?,Insufficient information,"Based on the discussions between ChaeSong-hwa and LiHua, there isn't a specific mention of sleep techniques directly related to improving study habits after reading the neuroscience article or after the discussion about taking a warm shower before sleep. However, it can be inferred that the insights gained from the neuroscience article might influence how LiHua approaches her studying. Specifically, understanding how memories are processed and stored over time could help her develop strategies to enhance her memory retention and recall during study sessions. Similarly, the positive effects of a warm shower on sleep quality could inspire LiHua to incorporate relaxing rituals, such as a warm bath or gentle stretching, into her evening routine to improve the quality of her sleep, which in turn could aid her in retaining information from her studies. Regarding the warm shower technique, ChaeSong-hwa suggested that taking a warm shower before sleeping can indeed improve sleep quality. This method could involve LiHua incorporating a soothing pre-sleep ritual, such as a warm bath or a series of calming stretches, to help relax her mind and body, leading to better sleep and potentially enhanced cognitive function, including improved memory and focus. Therefore, while the direct sleep techniques aren't explicitly detailed, the insights from the neuroscience article and the warm shower technique suggest that LiHua might implement practices aimed at creating a conducive environment for both sleep and subsequent learning."
What type of special dietary restrictions does Li Hua follow when preparing meals for his family?,Insufficient information,"There is no specific mention of any dietary restrictions that Li Hua follows when preparing meals for his family. The description provided focuses on the broader concept of Lunar New Year celebrations and shared meals among immediate or extended relatives within the family context, without detailing any particular dietary restrictions. Therefore, based on the information available, we cannot determine any specific special dietary restrictions Li Hua follows when preparing meals for his family."
"What is the total cost of the air conditioner installation, including labor and materials, if Li Hua had previously discussed a budget of $2,000 with a different contractor?",Insufficient information,"The data provided does not contain any specific information regarding the cost of the air conditioner installation or the budget discussed with previous contractors. Therefore, it is impossible to determine the total cost of the air conditioner installation, including labor and materials, based solely on the information given. Additional details about the costs involved would be necessary to calculate this figure accurately."
What type of fusion music does Wolfgang Schulz plan to create with Li Hua during their weekend trip to the music store?,Insufficient information,"During their conversation, Wolfgang Schulz and Li Hua discuss the possibility of exploring fusion music by combining elements of jazz and rock. Wolfgang suggests that they could experiment with different styles during their jam session on Sunday, aiming to create something that combines the unique rhythms of jazz with the powerful beats of rock. Specifically, Wolfgang mentions that they could take a rock classic, such as ""Smoke on the Water"" or ""Back in Black,"" and add jazz chords or improvisation to it. This fusion approach aligns with Wolfgang's enthusiasm for blending different genres to produce a fresh and innovative sound. Their goal is to create a musical experience that leverages the therapeutic and uplifting qualities of both genres."
What type of flowers were planted in the garden based on the residents' suggestions discussed by Turalyon?,Insufficient information,"Based on the discussions detailed in the conversation, several types of flowers were suggested by residents for the community garden. Turalyon proposed bluebells, which he described as ""a great option"" because they are beautiful and can add charm to the space. Additionally, RexxarRemar suggested camellias, describing them as ""nice to have."" IllidanStormrage mentioned colorful flowers, indicating a preference for diverse hues. Turalyon also recommended lavender and coneflowers, highlighting their beauty and suitability for attracting pollinators. Furthermore, MuradinBronzebeard suggested including a variety of flowers, while ChaeSong-hwa expressed enthusiasm for mixing in some herbs, though she also emphasized the importance of flowers. Lastly, MalfurionStormrage suggested looking into native plant species, which would adapt well and support local wildlife. Overall, the garden was envisioned to feature a range of flowers that would enhance its aesthetic appeal and ecological value."
"What type of air-conditioner did Li Hua select for Adam's living room, and how does its temperature regulation compare to the one in the basement?",Insufficient information,"Based on the interactions detailed in the conversations, it appears that Li Hua selected a split-type air-conditioner for the basement. This choice was made because Adam recommended that a split-type air-conditioner would be a great option for the basement, noting its efficiency and quiet operation. In contrast, for the living room, no specific air-conditioner model was discussed. However, it's worth noting that the temperature regulation capabilities of an air-conditioner depend on various factors such as the size of the room, the desired comfort level, and the specific model's features. Since the details regarding the air-conditioner for the living room were not specified in the conversations provided, we cannot determine whether the air-conditioner in the living room shares similar temperature regulation capabilities to the one in the basement. Therefore, while the split-type air-conditioner for the basement offers good performance, we do not have sufficient information to compare its temperature regulation specifically with the one in the living room."
What were Li Hua's specific fitness goals and how did Jennifer's advice on nutrition influence them during his training for a marathon?,Insufficient information,"During the interactions, Li Hua mentioned his goal of improving his endurance, which he felt was crucial for his upcoming marathon. He sought advice on how to enhance his cardiovascular capacity and overall fitness, emphasizing his focus on endurance. Jennifer provided valuable insights by suggesting varied cardio activities such as running, cycling, and swimming, as well as recommending interval training to boost his endurance. Additionally, she highlighted the importance of proper hydration and nutrition. Jennifer recommended books and resources like ""The New Rules of Lifting"" and ""Precision Nutrition"" to help Li Hua integrate diet with workout strategies effectively. Her advice underscored the necessity of a balanced approach to nutrition to fuel his training and ensure he had the energy needed for his marathon. Through these discussions, Jennifer supported Li Hua in refining his training regimen to align with his marathon preparation goals, ensuring that he had the endurance and overall fitness necessary to successfully complete the race."
What are the sales figures for the PS5 exclusive games released in 2026 that Thane discussed with group members?,Insufficient information,"Based on the discussions Thane Chambers had with various group members, it seems that the conversations revolve around the upcoming PlayStation 5 (PS5) exclusive games, particularly ""Final Fantasy XVI,"" ""Marvel's Spider-Man 2,"" and ""Ghostwire: Tokyo."" However, the data provided does not contain specific sales figures for these games. The discussions primarily focus on the potential of these games and the group's excitement about them rather than detailed financial or sales data. Therefore, we cannot provide the sales figures for these PS5 exclusives based solely on the information available in the given context."
"What specific techniques did Li Hua use to prepare for a marathon race that took place on September 1, 2026?",Insufficient information,"Based on the information provided, there is no specific mention of Li Hua preparing for a marathon race in September 1, 2026. The conversations revolve around various topics such as fitness goals, workout sessions, and discussions about different types of exercises and activities. The context suggests that Jennifer Moore provides advice and encouragement to Li Hua regarding her fitness journey, particularly focusing on endurance and weightlifting. Therefore, we cannot derive details about Li Hua's specific preparation for a marathon from the given data."
What food did Emily order for the group's discussion about Game of Thrones characters?,Insufficient information,There is no mention of Emily ordering food for the group's discussion about Game of Thrones characters in the provided data. The discussion seems to revolve around the characters and their stories rather than involving any specific culinary activities or orders.
"What type of protein supplements did Li Hua use after the workout on September 19, 2026?",Insufficient information,"On September 19, 2026, Jennifer Moore recommended several types of protein supplements to Li Hua. She suggested considering whey protein, which is beneficial for muscle recovery and building lean mass. Additionally, Jennifer recommended plant-based protein options such as pea or rice protein. It is noted that Li Hua should ensure these protein sources do not contain added sugars or fillers. However, there is no specific mention of which type of protein supplement Li Hua used after their workout that day."
What color was the curtain that Li Hua chose for his living room?,Insufficient information,"There is no specific mention of the color of the curtains in the provided conversations. The interactions only discuss the delivery, installation, and potential use of the curtains, but do not specify their color. Therefore, based on the given information, we cannot determine the color of the curtains Li Hua selected."
What specific measurements did Li Hua take for the window size before the installation of the curtain?,Insufficient information,"Li Hua took the measurements of the window in the basement for Adam Smith to get the curtains made. Specifically, she measured the window and reported that it was 150 cm wide and 120 cm high. These dimensions were sent to Adam Smith so that he could proceed with ordering the curtains."
What is Thane's favorite type of food that he enjoys while playing video games?,Insufficient information,"Based on the conversations detailed in the provided data, there is no specific mention of Thane's favorite type of food while playing video games. The conversations revolve around discussions about games, gaming preferences, and sometimes food-related topics such as healthy breakfast options or meal ideas. There is no direct indication of Thane's favorite food while playing games. Therefore, no conclusion can be drawn regarding Thane's favorite type of food in this context."
What were the specific details of the negotiation between Jake Watson and Li Hua regarding player transfers from FC Barcelona to FC Bayern Munich?,Insufficient information,"The provided conversation does not contain any details related to negotiations for player transfers between FC Barcelona and FC Bayern Munich. Instead, it focuses on discussions about classic matches between FC Barcelona and FC Bayern Munich, with occasional references to FC Barcelona players like Lionel Messi and Gerard Piqué. There is no mention of any transfer talks or specific players being discussed. Therefore, based on the information available, there are no specifics to report regarding a negotiation between Jake Watson and Li Hua in this context."
What was the final match score of the 2025 UEFA Champions League final?,Insufficient information,"There is no information provided about the 2025 UEFA Champions League final in the given data. The data primarily focuses on historical matches between Barcelona and Real Madrid, as well as various other sports and soccer-related topics. There is no score or details regarding the 2025 Champions League final."
What was the exact date and time when Cersei Lannister first met Jaime Lannister in the Game of Thrones series?,Insufficient information,"There is no specific mention of the exact date and time when Cersei Lannister first met Jaime Lannister in the Game of Thrones series within the provided data. The entities table does not contain this information, and the sources table discusses various aspects of their characters and transformations, but does not pinpoint the initial meeting. Without additional context from the series itself, we cannot determine the precise timing of their first encounter."
What type of dessert did Wolfgang plan to have with Li Hua after their hot pot dinner on a different day?,Insufficient information,"Based on the conversations provided, Wolfgang did not explicitly mention a specific dessert he planned to have with Li Hua after their hot pot dinner. The interactions focus primarily on their plans for the meal itself, including the type of food they will have and drinks they will consume. Therefore, there is no clear information about a dessert Wolfgang intended to have with Li Hua after their hot pot dinner."
What did Jennifer say to Li Hua about their plan for a team swimming competition in December?,Insufficient information,"There are no entries mentioning a team swimming competition in December or any related plans between Jennifer Moore and Li Hua. The provided conversations primarily revolve around personal fitness goals, challenges, and progress updates. Therefore, there is no information available to address the specific question regarding their December team swimming competition plans."
What strategy did Li Hua use to score a goal in the championship match against their rival team?,Insufficient information,"Based on the conversation provided, there isn't specific information about a particular goal Li Hua scored in a championship match against their rival team. The discussion primarily revolves around general comments about the rivalry between FC Barcelona and Real Madrid, as well as discussions about the best defenders in the history of FC Barcelona and the tactical aspects of El Clásico matches. There are no details provided regarding a specific goal scored by Li Hua in a championship match or the strategy used to achieve it. Therefore, without additional context or data related to this particular event, it's not possible to provide a detailed answer to the question."
What is Li Hua's favorite type of exercise outside of pull-ups?,Insufficient information,"Based on the conversations, Li Hua has mentioned several types of exercises she enjoys, including bodyweight squats, planks, push-ups, lunges, and glute bridges. However, the specific favorite type of exercise Li Hua mentions outside of pull-ups isn't explicitly stated in the provided conversation snippets. Li Hua does express enthusiasm for mixing things up in her workouts and tries to keep her routine fresh, suggesting she may vary her exercises rather than sticking to a single favorite. Without more direct statements about a favorite exercise type, we cannot pinpoint a specific favorite type of exercise that Li Hua has mentioned outside of pull-ups."
What time did Chae first suggest they visit the music festival in the morning?,Insufficient information,"According to the records, Chae first mentioned visiting the music festival in the morning without specifying a particular time. The interactions regarding the music festival did not provide a specific time suggestion from Chae regarding their morning visit. Therefore, there isn't enough information to determine the exact morning time Chae suggested visiting the music festival."
What are the reasons behind Jennifer and Li Hua's decision to change their training routine for the following month?,Insufficient information,"Jennifer and Li Hua decided to adjust their training routine for the following month due to Li Hua's need to balance her fitness regimen with her professional commitments. Specifically, Li Hua mentioned that she felt the previous training schedule was causing her to struggle with balancing her work schedule and her fitness goals. Jennifer responded positively to this request, offering to modify the training plan to accommodate Li Hua's availability. They agreed to reduce their weekly training sessions from three to two, specifically scheduling them for Tuesdays and Thursdays. This adjustment aimed to provide Li Hua with a stable and efficient training rhythm without significantly interfering with her work hours."
What specific gifts did Wolfgang buy for Li Hua during his trip to Hong Kong?,Insufficient information,"Based on the information provided, Wolfgang did not explicitly mention buying any specific gifts for Li Hua during his trip to Hong Kong. The interactions described primarily revolve around Wolfgang sharing updates about his trip, such as visiting certain places and experiencing local cuisine. There are no details given about Wolfgang purchasing gifts specifically for Li Hua. Therefore, there is insufficient information to determine what, if any, gifts Wolfgang bought for Li Hua during his trip."
